Campaign_ID,Campaign_Type,Target_Audience,Duration,Channel_Used,Impressions,Clicks,Leads,Conversions,Revenue,Acquisition_Cost,ROI,Language,Engagement_Score,Customer_Segment,Date
NY-CMP-24680,Social Media,College Students,8.0,YouTube,11250.0,,93.0,51.0,13005.0,5754.04,-0.96,Hindi,4.86,,13-05-2025
NY-CMP-18518,Email,Premium Shoppers,16.0,"Google, YouTube, Email",96303.0,14190.0,3258.0,2086.0,1228654.0,52.4,10.24,Tamil,20.28,Working Women,14-12-2024
NY-CMP-21274,Influencer,Tier 2 City Customers,17.0,Instagram,33559.0,2432.0,572.0,207.0,65412.0,1028.02,-0.69,,9.57,Working Women,13-12-2024
NY-CMP-20858,Influencer,Tier 2 City Customers,,"Email, YouTube",81038.0,3912.0,2061.0,1519.0,958489.0,,3.37,Hindi,9.25,Tier 2 City Customers,12-10-2024
NY-CMP-11743,Paid Ads,Tier 2 City Customers,9.0,YouTube,99148.0,3304.0,985.0,317.0,110950.0,503.68,-0.31,Bengali,4.65,Premium Shoppers,30-11-2024
NY-CMP-27487,Social Media,Working Women,14.0,"YouTube, Email, Facebook",82599.0,9619.0,,1052.0,734296.0,163.81,3.26,Tamil,15.34,Working Women,11-03-2025
NY-CMP-42645,Paid Ads,Tier 2 City Customers,20.0,,50548.0,4701.0,1142.0,830.0,169320.0,288.98,-0.29,Tamil,13.2,Working Women,03-02-2025
NY-CMP-53032,Email,College Students,7.0,"YouTube, Email, Google",18544.0,747.0,324.0,,129970.0,311.54,1.04,English,6.88,Tier 2 City Customers,11-03-2025
NY-CMP-50454,Paid Ads,Tier 2 City Customers,7.0,"Google, Instagram, Facebook",94945.0,8427.0,2817.0,2146.0,457098.0,86.88,1.45,Hindi,14.1,College Students,03-01-2025
NY-CMP-19331,Email,Youth,8.0,WhatsApp,,11190.0,2273.0,,548120.0,178.3,2.98,Bengali,17.7,Youth,16-12-2024
NY-CMP-29697,Influencer,Working Women,14.0,Email,23083.0,3181.0,,288.0,175104.0,789.97,,Hindi,18.89,Tier 2 City Customers,17-08-2024
NY-CMP-34105,Social Media,Premium Shoppers,17.0,"Facebook, Email",70382.0,4231.0,1351.0,905.0,331230.0,292.04,0.25,Hindi,9.22,College Students,02-01-2025
NY-CMP-56107,Paid Ads,Premium Shoppers,30.0,"Instagram, Google",22283.0,2490.0,1008.0,524.0,168728.0,537.63,-0.4,English,18.05,Premium Shoppers,15-11-2024
NY-CMP-34184,Email,Tier 2 City Customers,18.0,"Google, YouTube",69346.0,3744.0,2099.0,1192.0,,198.03,0.1,,10.14,Tier 2 City Customers,11-11-2024
NY-CMP-33072,Influencer,Premium Shoppers,,"Google, Facebook, YouTube",35188.0,2919.0,1173.0,710.0,397600.0,371.81,0.51,Hindi,13.65,College Students,03-09-2024
NY-CMP-24153,Paid Ads,Premium Shoppers,14.0,Google,82784.0,9646.0,2755.0,2095.0,1053785.0,84.44,4.96,,17.51,Working Women,21-10-2024
NY-CMP-30169,Social Media,College Students,21.0,"Google, WhatsApp, Facebook",24207.0,1440.0,543.0,191.0,98174.0,,-0.29,Hindi,8.98,College Students,13-03-2025
NY-CMP-18041,Influencer,College Students,,"Instagram, Facebook",15742.0,617.0,334.0,205.0,85895.0,1233.81,-0.66,,7.34,College Students,25-09-2024
NY-CMP-54416,Influencer,Youth,17.0,WhatsApp,29657.0,3877.0,1714.0,1063.0,503862.0,96.13,3.93,Hindi,,Youth,17-04-2025
NY-CMP-10149,Influencer,Youth,21.0,"Google, WhatsApp, Instagram",34421.0,3698.0,1885.0,815.0,643850.0,339.67,1.33,English,18.59,Working Women,04-12-2024
NY-CMP-14325,Paid Ads,Working Women,17.0,"YouTube, Google, Email",79606.0,,5784.0,4582.0,3633526.0,46.27,16.14,Hindi,26.65,Premium Shoppers,14-03-2025
NY-CMP-25757,SEO,Premium Shoppers,5.0,"Email, Google, Facebook",29910.0,2724.0,838.0,579.0,133170.0,492.58,-0.53,Bengali,13.84,Youth,06-01-2025
NY-CMP-39105,SEO,Premium Shoppers,27.0,"Email, YouTube",95771.0,11240.0,5400.0,1822.0,1455778.0,61.47,12.0,,19.28,Youth,
NY-CMP-20315,Social Media,College Students,27.0,WhatsApp,67716.0,6838.0,2301.0,1415.0,836265.0,,2.3,English,15.59,Working Women,14-07-2024
NY-CMP-37338,,Premium Shoppers,14.0,"Google, Facebook, Instagram",12805.0,1097.0,499.0,257.0,,1125.7,-0.78,English,14.47,College Students,24-11-2024
NY-CMP-28562,Social Media,Premium Shoppers,,Instagram,25481.0,715.0,323.0,109.0,39567.0,709.39,-0.49,English,4.5,College Students,15-11-2024
NY-CMP-53625,Paid Ads,Tier 2 City Customers,26.0,"Instagram, Facebook",75428.0,10051.0,3430.0,2257.0,1627297.0,92.14,6.83,English,20.86,Tier 2 City Customers,26-10-2024
NY-CMP-44156,Paid Ads,Tier 2 City Customers,22.0,"Facebook, YouTube, Instagram",51353.0,5237.0,2868.0,1453.0,385045.0,98.41,1.69,English,18.61,Youth,04-11-2024
NY-CMP-35662,Social Media,College Students,19.0,"Email, Google, WhatsApp",52350.0,3341.0,1603.0,647.0,371378.0,413.38,0.39,Tamil,10.68,College Students,04-12-2024
NY-CMP-3630,SEO,Premium Shoppers,27.0,"Google, Facebook, Instagram",38193.0,5176.0,2263.0,1014.0,753402.0,73.88,9.06,Tamil,22.13,Youth,22-09-2024
NY-CMP-10398,Email,Working Women,26.0,WhatsApp,55373.0,2845.0,1659.0,1160.0,504600.0,75.42,4.77,Bengali,10.23,Youth,01-09-2024
NY-CMP-7478,,Working Women,9.0,Instagram,60307.0,2327.0,521.0,414.0,312984.0,141.62,4.34,English,5.41,Tier 2 City Customers,10-11-2024
NY-CMP-25975,Influencer,Youth,22.0,Email,32809.0,3900.0,2159.0,1206.0,366624.0,188.52,,Bengali,22.14,Premium Shoppers,29-04-2025
NY-CMP-48091,Influencer,Tier 2 City Customers,15.0,"Email, Facebook, Instagram",60672.0,,4018.0,2803.0,627872.0,63.86,2.51,Hindi,25.68,Working Women,07-05-2025
NY-CMP-32020,Social Media,Youth,22.0,"WhatsApp, Facebook, Email",81695.0,2269.0,600.0,388.0,79540.0,654.37,-0.69,,3.99,Youth,01-06-2025
NY-CMP-47915,,Premium Shoppers,26.0,"YouTube, Email",97054.0,3486.0,801.0,306.0,144432.0,716.93,,Tamil,4.73,Premium Shoppers,07-01-2025
NY-CMP-30239,Email,Youth,26.0,"YouTube, Email, WhatsApp",28710.0,4184.0,1958.0,864.0,291168.0,190.34,0.77,Hindi,24.4,Premium Shoppers,20-10-2024
NY-CMP-23103,Influencer,Tier 2 City Customers,22.0,WhatsApp,73000.0,8815.0,3814.0,1150.0,688850.0,205.74,1.91,Hindi,18.88,Premium Shoppers,28-11-2024
NY-CMP-1936,Social Media,Tier 2 City Customers,13.0,,19944.0,2122.0,,479.0,131246.0,196.96,,English,16.79,Youth,20-01-2025
NY-CMP-13761,SEO,College Students,11.0,Instagram,77765.0,11011.0,4708.0,,1176387.0,64.89,3.89,Tamil,24.99,Tier 2 City Customers,03-04-2025
NY-CMP-3528,Influencer,Premium Shoppers,19.0,WhatsApp,92060.0,5262.0,,870.0,394980.0,208.55,1.18,,9.62,,19-02-2025
NY-CMP-15449,SEO,Premium Shoppers,28.0,"Facebook, YouTube, WhatsApp",,4460.0,2168.0,661.0,500377.0,303.34,1.5,Hindi,10.71,Premium Shoppers,15-09-2024
NY-CMP-56167,SEO,Tier 2 City Customers,18.0,"Google, Facebook",23874.0,2968.0,857.0,603.0,429336.0,190.15,2.74,Hindi,18.55,,18-12-2024
NY-CMP-45359,Paid Ads,Premium Shoppers,19.0,"Facebook, Email",17447.0,456.0,246.0,97.0,40255.0,834.71,-0.5,Tamil,4.58,Premium Shoppers,17-01-2025
NY-CMP-55231,Paid Ads,Tier 2 City Customers,,YouTube,83614.0,3544.0,,392.0,90552.0,686.52,,Tamil,6.04,College Students,27-05-2025
NY-CMP-29665,Social Media,Tier 2 City Customers,,"Instagram, YouTube",55002.0,4133.0,1080.0,357.0,99960.0,705.94,,Hindi,10.13,,10-09-2024
NY-CMP-4173,Paid Ads,Working Women,18.0,"YouTube, Google",57558.0,5792.0,1841.0,977.0,387869.0,,4.04,Bengali,14.96,Working Women,28-09-2024
NY-CMP-44546,Email,Working Women,19.0,"YouTube, Google, WhatsApp",32596.0,2313.0,687.0,476.0,225148.0,593.35,-0.2,English,10.66,Tier 2 City Customers,
NY-CMP-28210,Influencer,Premium Shoppers,,YouTube,50340.0,3055.0,1687.0,877.0,318351.0,281.98,0.29,Hindi,,Working Women,
NY-CMP-24445,Social Media,Premium Shoppers,5.0,"Google, YouTube, Instagram",45245.0,5789.0,1866.0,891.0,476685.0,146.11,2.66,English,18.89,Working Women,23-12-2024
NY-CMP-25965,SEO,Tier 2 City Customers,16.0,"WhatsApp, Facebook, Instagram",64506.0,9000.0,4716.0,1831.0,514511.0,119.71,,Hindi,24.1,Tier 2 City Customers,13-08-2024
NY-CMP-8984,Email,Working Women,16.0,Google,45118.0,3730.0,,421.0,276176.0,385.71,0.7,English,11.89,Premium Shoppers,14-04-2025
NY-CMP-9279,Email,,,"Email, Instagram",98012.0,5376.0,2368.0,917.0,185234.0,324.35,-0.38,Hindi,8.84,Premium Shoppers,07-04-2025
NY-CMP-32581,SEO,Working Women,23.0,"Facebook, Google, Email",41881.0,4773.0,2148.0,1121.0,865412.0,211.95,2.64,Hindi,19.2,Youth,12-02-2025
NY-CMP-12153,Influencer,Tier 2 City Customers,20.0,Google,33897.0,1900.0,1026.0,780.0,275340.0,241.62,0.46,Hindi,10.93,Working Women,15-03-2025
NY-CMP-48852,Influencer,Tier 2 City Customers,24.0,"Instagram, Email, Facebook",86168.0,6520.0,2487.0,1571.0,,161.56,3.69,Tamil,12.28,Working Women,27-01-2025
NY-CMP-21832,Influencer,Premium Shoppers,9.0,"YouTube, Email, Instagram",22456.0,1312.0,554.0,352.0,200992.0,319.41,0.79,English,9.88,Youth,04-06-2025
NY-CMP-17889,SEO,Tier 2 City Customers,13.0,,55066.0,2062.0,1020.0,570.0,217170.0,,1.0,Tamil,6.63,Working Women,29-03-2025
NY-CMP-9270,Influencer,Tier 2 City Customers,11.0,Google,46644.0,1244.0,657.0,373.0,250283.0,436.05,0.54,Tamil,4.88,Premium Shoppers,05-05-2025
NY-CMP-46263,Email,Youth,7.0,"Facebook, Email, YouTube",93736.0,9706.0,3971.0,2641.0,2017724.0,56.38,12.55,Hindi,17.41,College Students,12-01-2025
NY-CMP-28872,Paid Ads,College Students,22.0,"Instagram, Facebook",45716.0,3362.0,1004.0,723.0,,259.88,1.87,Tamil,11.13,,08-01-2025
NY-CMP-42624,Paid Ads,Working Women,30.0,"WhatsApp, YouTube, Email",44322.0,1345.0,615.0,222.0,155622.0,620.03,0.13,Hindi,4.92,Working Women,27-08-2024
NY-CMP-18210,Paid Ads,Premium Shoppers,27.0,Facebook,29571.0,4396.0,886.0,518.0,380212.0,480.03,0.53,Tamil,19.61,Premium Shoppers,21-11-2024
NY-CMP-32985,Influencer,Tier 2 City Customers,25.0,Email,61703.0,2587.0,950.0,701.0,404477.0,306.75,0.88,English,6.87,Youth,03-06-2025
NY-CMP-8785,Influencer,Premium Shoppers,5.0,"Facebook, WhatsApp",70355.0,5300.0,2983.0,1793.0,932360.0,143.41,2.63,English,14.32,College Students,19-01-2025
NY-CMP-40286,Social Media,,14.0,YouTube,48365.0,6579.0,3242.0,1096.0,233448.0,242.59,-0.12,Bengali,22.57,Premium Shoppers,03-09-2024
NY-CMP-12799,Paid Ads,,26.0,"Facebook, Email",89033.0,3779.0,1313.0,566.0,375824.0,297.61,1.23,Tamil,6.35,College Students,25-04-2025
NY-CMP-28173,,College Students,13.0,"WhatsApp, Google",75462.0,1543.0,,360.0,180360.0,475.81,0.05,Bengali,,College Students,06-02-2025
NY-CMP-53291,SEO,College Students,,WhatsApp,44475.0,6532.0,1516.0,879.0,432468.0,172.89,1.85,Hindi,20.07,Youth,02-03-2025
NY-CMP-46442,Email,Tier 2 City Customers,7.0,"Email, Instagram",50011.0,6173.0,2488.0,1653.0,580203.0,33.23,9.56,Tamil,20.62,Tier 2 City Customers,03-05-2025
NY-CMP-38315,SEO,,29.0,Instagram,28526.0,2632.0,1235.0,781.0,560758.0,341.55,1.1,English,16.29,Youth,22-02-2025
NY-CMP-46642,Email,Working Women,5.0,"Email, Instagram",,3697.0,2141.0,1477.0,868476.0,174.68,2.37,Hindi,24.93,Tier 2 City Customers,13-01-2025
NY-CMP-37462,Social Media,Working Women,29.0,"Facebook, Email",38972.0,5687.0,2822.0,2046.0,1153944.0,63.23,7.92,Bengali,27.08,Tier 2 City Customers,08-11-2024
NY-CMP-15831,Influencer,Youth,9.0,YouTube,59406.0,1876.0,952.0,459.0,306612.0,165.49,3.04,English,5.53,College Students,17-02-2025
NY-CMP-4394,,Tier 2 City Customers,23.0,,84856.0,10539.0,6276.0,4798.0,1885614.0,38.49,9.21,English,25.47,Tier 2 City Customers,26-09-2024
NY-CMP-46757,,Premium Shoppers,,Email,98147.0,11131.0,6502.0,,1536760.0,50.63,7.14,English,,Tier 2 City Customers,03-08-2024
NY-CMP-1292,Social Media,Working Women,22.0,"WhatsApp, Google, YouTube",28876.0,1886.0,1050.0,417.0,126351.0,274.12,0.11,English,11.61,Youth,12-01-2025
NY-CMP-17071,Influencer,Tier 2 City Customers,8.0,"Facebook, Google",69474.0,5781.0,1307.0,1042.0,726274.0,149.89,3.65,,,Working Women,25-11-2024
NY-CMP-40247,Influencer,Youth,20.0,"Email, Instagram, YouTube",82526.0,5042.0,2720.0,931.0,,64.25,9.57,,10.53,College Students,24-08-2024
NY-CMP-41653,Influencer,Working Women,19.0,"YouTube, Facebook, Email",44393.0,5681.0,1967.0,1214.0,643420.0,,,Hindi,19.96,Youth,30-04-2025
NY-CMP-17109,SEO,Tier 2 City Customers,24.0,"WhatsApp, Email",15517.0,344.0,74.0,39.0,28665.0,7025.03,-0.9,Hindi,2.95,Working Women,12-12-2024
NY-CMP-3757,SEO,College Students,30.0,"Google, YouTube, Facebook",67541.0,4728.0,1298.0,977.0,506086.0,253.01,1.05,Bengali,10.37,Working Women,02-08-2024
NY-CMP-37144,Paid Ads,Youth,9.0,Instagram,12573.0,717.0,245.0,141.0,54708.0,1073.45,-0.64,Bengali,8.77,Working Women,17-04-2025
NY-CMP-42665,Influencer,Working Women,9.0,WhatsApp,38779.0,4477.0,2371.0,1659.0,1247568.0,106.74,6.04,Hindi,21.94,Working Women,09-01-2025
NY-CMP-11772,Email,Youth,20.0,"YouTube, Google, Facebook",42032.0,1783.0,,245.0,178115.0,658.29,0.1,Tamil,6.32,College Students,
NY-CMP-5144,Email,Working Women,28.0,"Instagram, YouTube, Google",82024.0,7110.0,3007.0,1541.0,511612.0,182.75,0.82,Bengali,14.21,Premium Shoppers,12-11-2024
NY-CMP-46598,Influencer,Premium Shoppers,29.0,"YouTube, Instagram",77569.0,7968.0,4650.0,3598.0,784364.0,43.28,4.04,English,20.91,College Students,
NY-CMP-2126,Social Media,Tier 2 City Customers,25.0,"YouTube, Facebook",52177.0,6446.0,3370.0,1212.0,322392.0,141.24,0.88,Tamil,21.14,Tier 2 City Customers,23-11-2024
NY-CMP-47963,Email,Premium Shoppers,30.0,"WhatsApp, Facebook, YouTube",29019.0,2141.0,611.0,229.0,99844.0,833.53,,English,10.27,Premium Shoppers,14-07-2024
NY-CMP-46317,SEO,Premium Shoppers,21.0,,19487.0,1764.0,976.0,370.0,226440.0,641.41,-0.05,Hindi,15.96,College Students,09-10-2024
NY-CMP-48106,Influencer,Premium Shoppers,,YouTube,47640.0,2040.0,936.0,408.0,178296.0,281.45,0.55,Tamil,7.1,Premium Shoppers,05-05-2025
NY-CMP-48178,Influencer,Working Women,7.0,"Email, Google, Instagram",,5716.0,1914.0,926.0,298172.0,274.75,0.17,Tamil,11.25,,23-08-2024
NY-CMP-20168,Paid Ads,Premium Shoppers,14.0,"WhatsApp, Email, Instagram",12247.0,671.0,220.0,131.0,,995.02,-0.76,,8.34,Working Women,15-12-2024
NY-CMP-28878,SEO,College Students,14.0,"WhatsApp, Email",,1218.0,581.0,267.0,151122.0,593.31,-0.05,,18.42,College Students,02-02-2025
NY-CMP-10731,SEO,Youth,12.0,"YouTube, Email",93960.0,13314.0,5964.0,2255.0,814055.0,65.53,4.51,English,22.92,College Students,11-10-2024
NY-CMP-2005,Paid Ads,College Students,7.0,"Google, YouTube",10687.0,1121.0,589.0,437.0,283613.0,142.56,3.55,English,20.09,Working Women,03-02-2025
NY-CMP-40783,SEO,College Students,17.0,,71386.0,4188.0,910.0,669.0,159891.0,111.36,1.15,Hindi,8.08,Tier 2 City Customers,13-02-2025
NY-CMP-16423,Email,Working Women,29.0,WhatsApp,63773.0,4040.0,2262.0,1244.0,898168.0,154.76,3.67,Hindi,11.83,Tier 2 City Customers,18-12-2024
NY-CMP-20780,Social Media,,23.0,"Instagram, Facebook, Google",90391.0,5261.0,2405.0,1071.0,691866.0,242.72,1.66,Hindi,,Tier 2 City Customers,12-10-2024
NY-CMP-19083,Social Media,Premium Shoppers,27.0,Facebook,47254.0,6055.0,3031.0,1906.0,1092138.0,112.36,4.1,English,23.26,Premium Shoppers,06-08-2024
NY-CMP-37983,Paid Ads,College Students,18.0,"Google, Email, WhatsApp",61859.0,1469.0,711.0,560.0,115920.0,199.95,0.04,Tamil,,Youth,14-03-2025
NY-CMP-13932,Email,Premium Shoppers,19.0,"Instagram, YouTube, Google",82629.0,11788.0,3686.0,1138.0,467718.0,181.7,1.26,English,20.1,Working Women,05-06-2025
NY-CMP-50214,Email,,10.0,Instagram,57476.0,1960.0,884.0,520.0,334880.0,458.18,0.41,Hindi,5.85,Premium Shoppers,25-08-2024
NY-CMP-36311,Social Media,Working Women,,Email,12819.0,985.0,252.0,150.0,108750.0,1119.17,-0.35,Tamil,10.82,Youth,06-06-2025
NY-CMP-13733,Email,Youth,28.0,WhatsApp,96734.0,10572.0,2722.0,1853.0,852380.0,77.66,4.92,Hindi,15.66,Working Women,18-01-2025
NY-CMP-24858,Social Media,Working Women,5.0,YouTube,53474.0,2849.0,603.0,267.0,124422.0,651.88,-0.29,Tamil,6.95,College Students,20-11-2024
NY-CMP-23952,Email,Premium Shoppers,29.0,YouTube,42095.0,2862.0,,461.0,248940.0,320.56,0.68,Hindi,10.37,Premium Shoppers,12-04-2025
NY-CMP-14948,Influencer,Premium Shoppers,11.0,"Instagram, YouTube",48170.0,1549.0,831.0,463.0,216221.0,297.94,0.57,Bengali,,Working Women,22-02-2025
NY-CMP-6265,Paid Ads,Tier 2 City Customers,9.0,"Facebook, Google",40903.0,5038.0,2962.0,1417.0,314574.0,159.51,0.39,,23.02,Tier 2 City Customers,
NY-CMP-18086,Influencer,Youth,23.0,"Email, Facebook",51550.0,5576.0,2141.0,1115.0,345650.0,112.73,1.75,English,17.13,Working Women,21-05-2025
NY-CMP-26928,Paid Ads,Youth,13.0,Instagram,48226.0,4064.0,1415.0,823.0,,343.52,0.91,Tamil,13.07,Working Women,02-05-2025
NY-CMP-43631,Influencer,Working Women,12.0,"Instagram, YouTube, WhatsApp",80246.0,6644.0,3435.0,1149.0,463047.0,105.71,2.81,Hindi,13.99,Premium Shoppers,13-03-2025
NY-CMP-4263,Social Media,Youth,12.0,,50239.0,6061.0,1714.0,1169.0,557613.0,202.79,1.35,Hindi,17.8,Youth,03-10-2024
NY-CMP-43732,Email,College Students,30.0,"Instagram, YouTube, Email",84428.0,10640.0,5945.0,3647.0,1309273.0,29.1,11.34,English,23.96,Tier 2 City Customers,26-02-2025
NY-CMP-39604,Influencer,Youth,14.0,"YouTube, Instagram",89427.0,10974.0,6146.0,4212.0,2809404.0,19.63,32.99,Hindi,,Premium Shoppers,20-04-2025
NY-CMP-32725,Influencer,College Students,14.0,"WhatsApp, Instagram, Google",64017.0,8120.0,3777.0,1261.0,400998.0,170.93,0.86,English,20.55,Working Women,15-10-2024
NY-CMP-56126,Social Media,College Students,19.0,WhatsApp,39892.0,1987.0,1011.0,694.0,247064.0,288.65,0.23,Hindi,9.25,,07-07-2024
NY-CMP-53452,Email,Youth,26.0,"Instagram, Email, WhatsApp",,,2693.0,1477.0,521381.0,61.73,4.72,Hindi,10.81,College Students,01-11-2024
NY-CMP-10351,Social Media,Tier 2 City Customers,27.0,"Email, Facebook",48395.0,3404.0,1274.0,559.0,425958.0,369.58,1.06,Bengali,10.82,Working Women,14-03-2025
NY-CMP-4154,Paid Ads,Youth,17.0,"YouTube, Google",63442.0,7948.0,3706.0,2858.0,1854842.0,31.25,19.77,Tamil,22.87,Working Women,24-03-2025
NY-CMP-15401,Paid Ads,,26.0,,84853.0,4585.0,1228.0,596.0,413624.0,129.06,4.38,Bengali,7.55,College Students,05-01-2025
NY-CMP-52440,Email,Premium Shoppers,10.0,"Instagram, Google, Facebook",89013.0,7193.0,3966.0,1782.0,381348.0,63.24,2.38,Bengali,14.54,Tier 2 City Customers,12-02-2025
NY-CMP-54766,Email,College Students,12.0,"Google, Instagram",42451.0,,1053.0,584.0,308352.0,,0.93,Bengali,8.54,Youth,13-11-2024
NY-CMP-52434,,Tier 2 City Customers,22.0,"Google, Facebook",17366.0,371.0,165.0,116.0,70064.0,2522.53,-0.76,Hindi,3.75,Working Women,01-06-2025
NY-CMP-38286,Email,Tier 2 City Customers,16.0,Facebook,78496.0,10537.0,4386.0,3464.0,2133824.0,75.3,7.18,Bengali,23.42,Youth,10-04-2025
NY-CMP-53288,Influencer,Premium Shoppers,13.0,Instagram,47275.0,6611.0,3167.0,2009.0,1070797.0,33.86,14.74,Tamil,24.93,College Students,19-05-2025
NY-CMP-13212,Email,Tier 2 City Customers,28.0,Instagram,86413.0,1931.0,759.0,,199920.0,348.18,0.61,Tamil,3.53,Working Women,11-07-2024
NY-CMP-23714,Email,Youth,6.0,YouTube,72524.0,10858.0,5613.0,3492.0,2612016.0,26.28,27.46,Hindi,27.53,Working Women,20-09-2024
NY-CMP-18121,Influencer,Youth,20.0,YouTube,21997.0,769.0,368.0,245.0,177380.0,1101.4,-0.34,Tamil,6.28,Working Women,29-12-2024
NY-CMP-43139,Paid Ads,Working Women,12.0,WhatsApp,46181.0,2190.0,1159.0,624.0,373152.0,201.0,1.98,Hindi,,Youth,04-07-2024
NY-CMP-53964,SEO,Youth,7.0,"Email, WhatsApp",73771.0,2292.0,1148.0,589.0,296856.0,339.02,0.49,Tamil,5.46,Working Women,23-07-2024
NY-CMP-8070,Influencer,Premium Shoppers,23.0,"Instagram, Google",96326.0,10545.0,2225.0,684.0,248976.0,141.04,1.58,Bengali,13.97,,24-09-2024
NY-CMP-35677,Email,College Students,25.0,Google,75285.0,,1752.0,,398372.0,165.43,2.69,Tamil,9.48,Youth,07-08-2024
NY-CMP-8209,Influencer,Premium Shoppers,22.0,Email,84078.0,3585.0,1199.0,813.0,447963.0,226.78,1.43,English,6.66,Premium Shoppers,22-03-2025
NY-CMP-23839,Social Media,Tier 2 City Customers,27.0,"Email, Google",87577.0,9110.0,2273.0,1323.0,452466.0,219.31,0.56,Tamil,14.51,Youth,27-11-2024
NY-CMP-39843,Email,Premium Shoppers,29.0,"Instagram, WhatsApp, Google",83996.0,11311.0,3837.0,2973.0,1192173.0,19.45,19.62,English,21.57,Premium Shoppers,29-05-2025
NY-CMP-9565,Social Media,College Students,5.0,"Email, WhatsApp",23820.0,915.0,542.0,214.0,79180.0,407.51,-0.09,English,7.02,Premium Shoppers,29-10-2024
NY-CMP-48989,Paid Ads,Tier 2 City Customers,30.0,Instagram,,8508.0,,1493.0,1183949.0,87.93,8.02,Bengali,24.85,College Students,19-05-2025
NY-CMP-35486,Paid Ads,Premium Shoppers,29.0,"WhatsApp, Email",94649.0,11960.0,5645.0,3416.0,963312.0,54.82,4.14,,22.21,College Students,21-07-2024
NY-CMP-50338,SEO,Youth,8.0,Facebook,73123.0,1644.0,708.0,451.0,199793.0,201.34,1.2,Hindi,3.83,College Students,12-07-2024
NY-CMP-49837,SEO,Working Women,30.0,"Google, Facebook",44689.0,1422.0,380.0,,227556.0,975.71,-0.23,,,Tier 2 City Customers,22-12-2024
NY-CMP-52595,Influencer,Youth,7.0,"Email, Facebook, Google",21684.0,2792.0,,783.0,606042.0,154.71,4.0,Bengali,23.75,Working Women,26-10-2024
NY-CMP-14441,Paid Ads,Youth,10.0,,37340.0,2656.0,1084.0,428.0,112992.0,544.6,-0.52,Bengali,11.16,Premium Shoppers,09-01-2025
NY-CMP-21120,SEO,College Students,20.0,"YouTube, Google",43664.0,4720.0,1948.0,1329.0,308328.0,116.36,0.99,Tamil,18.31,Premium Shoppers,30-01-2025
NY-CMP-1462,Paid Ads,College Students,20.0,"WhatsApp, Facebook, Google",54700.0,3084.0,1411.0,796.0,253924.0,224.61,0.42,Bengali,9.67,Youth,28-10-2024
NY-CMP-30266,Influencer,Working Women,24.0,"YouTube, Instagram",61440.0,8095.0,1853.0,1201.0,348290.0,43.1,5.73,Bengali,18.15,Premium Shoppers,24-01-2025
NY-CMP-15753,Influencer,College Students,7.0,,99358.0,10564.0,5551.0,2935.0,,30.21,16.31,Hindi,19.17,Youth,30-08-2024
NY-CMP-20661,Paid Ads,College Students,6.0,Facebook,87987.0,8274.0,1716.0,823.0,464995.0,215.78,1.62,Bengali,12.29,,06-10-2024
NY-CMP-43383,Influencer,Tier 2 City Customers,13.0,"Email, Google",42859.0,3912.0,1571.0,1186.0,307174.0,67.9,2.81,Hindi,15.56,College Students,06-11-2024
NY-CMP-24381,Social Media,Youth,7.0,Email,44282.0,3233.0,1616.0,1109.0,256179.0,186.43,0.24,Bengali,13.45,,12-09-2024
NY-CMP-48729,Social Media,Tier 2 City Customers,23.0,"Email, Instagram",11636.0,541.0,190.0,,21500.0,1726.82,-0.88,English,7.14,Premium Shoppers,04-05-2025
NY-CMP-55202,Influencer,College Students,7.0,WhatsApp,98487.0,14636.0,4604.0,2509.0,1131559.0,33.45,12.48,Bengali,22.08,Tier 2 City Customers,14-02-2025
NY-CMP-14270,SEO,Youth,16.0,,44442.0,5320.0,2531.0,2017.0,1208183.0,45.03,12.3,English,22.2,Premium Shoppers,13-08-2024
NY-CMP-4156,Email,College Students,6.0,"WhatsApp, YouTube, Email",89998.0,10933.0,3986.0,1297.0,913088.0,185.98,2.79,Tamil,18.02,Working Women,04-01-2025
NY-CMP-16459,Paid Ads,College Students,19.0,"Email, Google, YouTube",23323.0,1524.0,417.0,224.0,55328.0,,-0.81,Tamil,9.28,Tier 2 City Customers,09-04-2025
NY-CMP-10006,Paid Ads,Tier 2 City Customers,19.0,Facebook,23179.0,1616.0,807.0,596.0,295020.0,313.73,0.58,English,13.02,Youth,12-04-2025
NY-CMP-44987,Paid Ads,Premium Shoppers,29.0,"WhatsApp, Instagram",33954.0,1868.0,759.0,,394110.0,413.15,0.83,English,9.27,Tier 2 City Customers,12-05-2025
NY-CMP-46851,Paid Ads,Tier 2 City Customers,11.0,"YouTube, Email",22795.0,2544.0,1160.0,916.0,327928.0,75.9,3.72,Bengali,20.27,College Students,27-08-2024
NY-CMP-11193,Email,College Students,17.0,WhatsApp,17988.0,1886.0,607.0,270.0,198720.0,,0.22,Tamil,15.36,Youth,13-08-2024
NY-CMP-30694,SEO,Working Women,6.0,Google,45977.0,2412.0,1125.0,802.0,448318.0,,0.74,Tamil,9.44,Tier 2 City Customers,24-03-2025
NY-CMP-9420,,Youth,29.0,WhatsApp,78128.0,4113.0,2091.0,1015.0,484155.0,228.63,1.09,Bengali,9.24,Premium Shoppers,03-02-2025
NY-CMP-35993,SEO,Premium Shoppers,,,55033.0,1894.0,970.0,706.0,485728.0,370.85,0.86,Tamil,6.49,Working Women,26-07-2024
NY-CMP-5828,Influencer,College Students,18.0,"Google, Instagram",67414.0,8308.0,4689.0,1910.0,1508900.0,135.39,4.84,Bengali,22.11,Working Women,16-02-2025
NY-CMP-2138,Social Media,College Students,25.0,"Instagram, Facebook, YouTube",57143.0,8071.0,1745.0,1329.0,673803.0,121.53,3.17,English,19.5,Tier 2 City Customers,02-05-2025
NY-CMP-14030,Social Media,Tier 2 City Customers,6.0,Instagram,54735.0,4544.0,1130.0,595.0,257635.0,319.07,0.36,Bengali,11.45,,24-02-2025
NY-CMP-14819,Email,Youth,30.0,,98780.0,2954.0,1497.0,1145.0,438535.0,162.85,1.35,Bengali,5.67,Tier 2 City Customers,12-10-2024
NY-CMP-51333,Paid Ads,Premium Shoppers,5.0,"Instagram, Facebook, WhatsApp",90351.0,6620.0,1576.0,551.0,433637.0,159.76,3.93,Hindi,9.68,Youth,26-12-2024
NY-CMP-23193,Influencer,Tier 2 City Customers,16.0,"WhatsApp, Email, Google",91994.0,5078.0,2314.0,888.0,595848.0,291.69,1.3,,9.0,Premium Shoppers,01-09-2024
NY-CMP-42014,Influencer,Premium Shoppers,21.0,WhatsApp,82184.0,2351.0,1036.0,792.0,286704.0,184.44,0.96,Tamil,5.08,,12-12-2024
NY-CMP-19649,Influencer,Tier 2 City Customers,16.0,Google,95685.0,12418.0,,1785.0,1228080.0,119.85,4.74,Tamil,20.03,,21-08-2024
NY-CMP-54822,Email,Working Women,10.0,WhatsApp,13714.0,2043.0,602.0,245.0,113190.0,1196.74,-0.61,Bengali,21.07,Tier 2 City Customers,29-08-2024
NY-CMP-38896,Influencer,Working Women,29.0,"Email, Instagram",59366.0,4109.0,1405.0,508.0,336296.0,285.32,1.32,Hindi,10.14,Tier 2 City Customers,12-08-2024
NY-CMP-27834,Social Media,College Students,12.0,,45122.0,6086.0,3273.0,1388.0,806428.0,195.78,1.97,Bengali,23.82,Youth,
NY-CMP-30106,Paid Ads,Premium Shoppers,6.0,Instagram,68767.0,5144.0,1365.0,683.0,478783.0,112.4,5.24,Tamil,10.46,Tier 2 City Customers,14-03-2025
NY-CMP-33918,SEO,Youth,14.0,"Google, YouTube",85672.0,9623.0,5549.0,,1525545.0,24.18,24.18,English,20.63,Premium Shoppers,06-02-2025
NY-CMP-16694,Social Media,College Students,20.0,"Google, Email, WhatsApp",77767.0,,2820.0,1316.0,323736.0,206.83,0.19,English,14.98,College Students,23-09-2024
NY-CMP-31739,Paid Ads,Working Women,26.0,"YouTube, Instagram, Google",61987.0,2721.0,605.0,376.0,247032.0,538.28,0.22,Bengali,5.97,Youth,04-10-2024
NY-CMP-31004,SEO,Tier 2 City Customers,13.0,"Instagram, Facebook",28901.0,2945.0,1594.0,761.0,490084.0,276.02,1.33,Bengali,18.34,Tier 2 City Customers,18-12-2024
NY-CMP-15865,Social Media,Tier 2 City Customers,10.0,"Instagram, YouTube",44730.0,3694.0,1668.0,1245.0,260205.0,161.52,0.29,,14.77,Working Women,19-11-2024
NY-CMP-38619,Email,Working Women,15.0,"WhatsApp, YouTube",53626.0,7808.0,1568.0,929.0,556471.0,263.75,1.27,Tamil,19.22,,18-01-2025
NY-CMP-47703,Social Media,College Students,17.0,"WhatsApp, Facebook",29519.0,2340.0,499.0,274.0,56444.0,981.42,-0.79,Hindi,10.55,Youth,27-03-2025
NY-CMP-6428,Influencer,Youth,28.0,"YouTube, Facebook",55075.0,5556.0,1376.0,570.0,150480.0,,0.37,Tamil,13.62,Youth,03-11-2024
NY-CMP-5639,SEO,Premium Shoppers,21.0,"Google, Email",67568.0,3350.0,1476.0,623.0,,99.33,6.43,Tamil,8.06,,27-12-2024
NY-CMP-27146,Email,Youth,17.0,Google,88283.0,5453.0,2359.0,1711.0,381553.0,170.65,0.31,Bengali,10.79,Premium Shoppers,28-05-2025
NY-CMP-10263,Paid Ads,Working Women,,YouTube,71159.0,6342.0,2174.0,1274.0,637000.0,64.76,6.72,Hindi,13.76,Working Women,18-03-2025
NY-CMP-17022,Paid Ads,Working Women,9.0,"YouTube, WhatsApp",73076.0,9805.0,3466.0,2034.0,1200060.0,146.7,3.02,Bengali,20.94,College Students,06-06-2025
NY-CMP-55836,Influencer,Working Women,21.0,,49219.0,7261.0,3143.0,1429.0,1007445.0,157.69,3.47,Hindi,24.04,College Students,04-02-2025
NY-CMP-48245,Social Media,Tier 2 City Customers,21.0,"YouTube, Instagram",65347.0,3421.0,1278.0,404.0,170488.0,532.39,-0.21,Tamil,7.81,Premium Shoppers,
NY-CMP-35013,Social Media,Tier 2 City Customers,7.0,Email,97050.0,12491.0,5306.0,2312.0,559504.0,81.45,1.97,English,20.72,Premium Shoppers,01-08-2024
NY-CMP-15129,Social Media,Premium Shoppers,13.0,"YouTube, Facebook, Email",35311.0,1048.0,323.0,180.0,140580.0,499.19,0.56,Tamil,4.39,College Students,06-07-2024
NY-CMP-46590,Paid Ads,Youth,29.0,"Google, Instagram",86644.0,12729.0,4192.0,2228.0,1361308.0,56.55,9.8,Tamil,22.1,College Students,11-08-2024
NY-CMP-52837,SEO,Premium Shoppers,13.0,"Email, Instagram",26931.0,789.0,395.0,233.0,159838.0,,0.08,Bengali,,Tier 2 City Customers,04-09-2024
NY-CMP-3579,Influencer,Youth,21.0,"Facebook, Email",31629.0,3126.0,1269.0,768.0,196608.0,362.38,-0.29,Hindi,16.32,College Students,04-01-2025
NY-CMP-48360,Email,College Students,10.0,"Google, Instagram",15230.0,1562.0,386.0,155.0,41230.0,1514.02,-0.82,Hindi,13.81,Youth,18-07-2024
NY-CMP-54360,Influencer,Working Women,20.0,"WhatsApp, Facebook",35162.0,2662.0,1589.0,,728406.0,265.51,1.78,Tamil,14.9,Youth,15-07-2024
NY-CMP-6929,Influencer,Working Women,25.0,Facebook,83295.0,6680.0,1650.0,575.0,403650.0,495.49,0.42,Bengali,10.69,Youth,25-10-2024
NY-CMP-28754,Social Media,Premium Shoppers,25.0,Google,22832.0,1796.0,519.0,361.0,174002.0,699.98,-0.31,Hindi,11.72,Working Women,10-07-2024
NY-CMP-42994,Influencer,Working Women,29.0,Facebook,23810.0,1255.0,255.0,161.0,75670.0,1852.88,-0.75,Tamil,7.02,,22-09-2024
NY-CMP-30329,Email,Working Women,25.0,Email,77150.0,8094.0,2489.0,1662.0,722970.0,30.22,13.4,English,15.87,Premium Shoppers,04-01-2025
NY-CMP-39372,Influencer,Tier 2 City Customers,18.0,Facebook,60918.0,4424.0,2434.0,1055.0,444155.0,226.76,0.86,English,12.99,Youth,16-05-2025
NY-CMP-18293,Email,Working Women,14.0,"WhatsApp, Google, YouTube",47573.0,5732.0,2650.0,1836.0,427788.0,97.33,1.39,English,21.48,Premium Shoppers,15-04-2025
NY-CMP-39769,Paid Ads,College Students,7.0,Email,50530.0,6565.0,2868.0,1007.0,538745.0,,1.1,Tamil,20.66,Working Women,02-03-2025
NY-CMP-26253,SEO,Tier 2 City Customers,11.0,WhatsApp,83589.0,1983.0,1172.0,363.0,93654.0,692.29,-0.63,English,4.21,Premium Shoppers,18-07-2024
NY-CMP-45233,Social Media,,23.0,"WhatsApp, Email, Instagram",71681.0,9429.0,2217.0,1328.0,804768.0,218.23,1.78,Bengali,18.1,Youth,01-11-2024
NY-CMP-24187,Influencer,Tier 2 City Customers,28.0,"Email, Facebook, WhatsApp",16782.0,2428.0,741.0,323.0,101099.0,381.41,-0.18,Bengali,20.81,Premium Shoppers,28-12-2024
NY-CMP-14702,Email,Tier 2 City Customers,15.0,"Email, Instagram, WhatsApp",15648.0,323.0,163.0,100.0,27800.0,828.76,-0.66,Hindi,3.74,Premium Shoppers,15-12-2024
NY-CMP-42980,Email,College Students,,,88329.0,10880.0,4228.0,2044.0,639772.0,114.29,1.74,Bengali,19.42,Tier 2 City Customers,02-05-2025
NY-CMP-7948,Social Media,College Students,16.0,"Instagram, Google",51759.0,2194.0,750.0,535.0,162105.0,144.43,1.1,,6.72,Tier 2 City Customers,09-06-2025
NY-CMP-36448,Paid Ads,Tier 2 City Customers,14.0,YouTube,23467.0,956.0,244.0,153.0,50796.0,1289.42,-0.74,Bengali,5.77,Youth,
NY-CMP-5573,Influencer,Working Women,19.0,"Email, WhatsApp",85913.0,11754.0,6401.0,4839.0,2221101.0,58.2,6.89,Bengali,26.76,Youth,03-06-2025
NY-CMP-41382,Email,Working Women,18.0,WhatsApp,98740.0,14125.0,3755.0,1356.0,903096.0,,6.05,Bengali,,College Students,01-12-2024
NY-CMP-34659,Paid Ads,Premium Shoppers,11.0,"YouTube, Facebook, Email",41915.0,3440.0,1880.0,625.0,242500.0,149.26,1.6,,,Working Women,08-03-2025
NY-CMP-48741,SEO,Premium Shoppers,10.0,Facebook,,8024.0,3286.0,995.0,623865.0,199.89,2.14,Tamil,19.86,Working Women,15-09-2024
NY-CMP-39708,Paid Ads,College Students,6.0,WhatsApp,15365.0,536.0,229.0,113.0,90287.0,2420.42,-0.67,English,5.71,Tier 2 City Customers,13-11-2024
NY-CMP-4131,Paid Ads,Youth,21.0,"WhatsApp, Email, YouTube",22854.0,3111.0,1545.0,847.0,,327.51,0.53,Tamil,24.08,Tier 2 City Customers,02-09-2024
NY-CMP-32576,Social Media,Premium Shoppers,25.0,Google,91009.0,7847.0,1816.0,1314.0,674082.0,97.73,4.25,Hindi,12.06,,14-12-2024
NY-CMP-21518,Email,College Students,20.0,Instagram,77108.0,3808.0,857.0,277.0,117448.0,666.04,-0.36,Tamil,6.41,Working Women,12-10-2024
NY-CMP-35230,,Youth,20.0,"Facebook, WhatsApp, YouTube",84747.0,4509.0,1655.0,958.0,215550.0,,-0.18,Bengali,8.4,Working Women,10-11-2024
NY-CMP-42581,SEO,Premium Shoppers,5.0,"Instagram, Email",13889.0,1688.0,553.0,430.0,333680.0,188.16,3.12,English,19.23,Tier 2 City Customers,19-01-2025
NY-CMP-21650,Paid Ads,College Students,21.0,"YouTube, Google, Instagram",41757.0,2592.0,906.0,488.0,235704.0,110.38,,Tamil,9.55,Working Women,24-08-2024
NY-CMP-35291,Email,Working Women,25.0,"Email, WhatsApp",42758.0,2948.0,605.0,476.0,325108.0,463.89,0.47,Bengali,9.42,Premium Shoppers,25-04-2025
NY-CMP-30575,Influencer,Youth,7.0,"Instagram, WhatsApp",50907.0,1053.0,383.0,118.0,76582.0,1492.92,-0.57,English,3.05,Tier 2 City Customers,29-03-2025
NY-CMP-40588,Influencer,College Students,12.0,Facebook,,3289.0,1564.0,694.0,,140.18,2.86,Tamil,10.89,College Students,02-01-2025
NY-CMP-20127,SEO,Premium Shoppers,5.0,"Instagram, WhatsApp",34512.0,4285.0,1243.0,758.0,382790.0,128.03,2.94,English,18.21,Working Women,20-10-2024
NY-CMP-1998,Email,Working Women,8.0,Facebook,52054.0,3203.0,696.0,228.0,100320.0,843.92,-0.48,English,7.93,College Students,17-05-2025
NY-CMP-25675,Social Media,Premium Shoppers,20.0,"Instagram, YouTube, WhatsApp",94121.0,9688.0,2072.0,845.0,654875.0,338.31,1.29,English,13.39,College Students,03-12-2024
NY-CMP-44765,Email,Premium Shoppers,25.0,"Instagram, YouTube",86156.0,10997.0,6099.0,2405.0,1531985.0,104.44,5.1,Hindi,22.63,College Students,11-12-2024
NY-CMP-39766,SEO,Tier 2 City Customers,23.0,"Instagram, Facebook",67521.0,8951.0,4948.0,3390.0,1478040.0,58.73,6.42,Hindi,25.61,College Students,22-04-2025
NY-CMP-41135,Email,Working Women,29.0,"WhatsApp, Instagram, Email",94178.0,8402.0,3610.0,2405.0,584415.0,27.65,7.79,English,,Premium Shoppers,02-03-2025
NY-CMP-36112,Social Media,Premium Shoppers,30.0,Instagram,63934.0,6094.0,2784.0,1679.0,577576.0,166.6,1.06,,,Working Women,05-11-2024
NY-CMP-3515,Social Media,Premium Shoppers,27.0,"Google, YouTube, WhatsApp",94850.0,8372.0,2176.0,1259.0,785616.0,121.04,4.16,Tamil,12.45,Tier 2 City Customers,14-08-2024
NY-CMP-47299,Paid Ads,Youth,20.0,"Google, Email",54963.0,4557.0,1086.0,535.0,238610.0,116.7,2.82,Tamil,11.24,Working Women,07-06-2025
NY-CMP-9490,Influencer,Youth,29.0,"Instagram, WhatsApp",33391.0,2224.0,1252.0,692.0,452568.0,321.96,1.03,Hindi,12.48,Working Women,25-02-2025
NY-CMP-52298,Social Media,Youth,,Instagram,61092.0,7954.0,4662.0,1806.0,1143198.0,30.11,20.02,English,23.61,,21-10-2024
NY-CMP-43513,SEO,Premium Shoppers,9.0,Google,77304.0,3423.0,1988.0,1255.0,888540.0,107.13,5.61,English,8.62,College Students,29-05-2025
NY-CMP-27343,SEO,Youth,6.0,"Email, WhatsApp, Instagram",48444.0,1443.0,753.0,465.0,231105.0,578.48,-0.14,English,5.49,Youth,20-08-2024
NY-CMP-42040,SEO,Tier 2 City Customers,7.0,"Facebook, Instagram, YouTube",65040.0,1320.0,489.0,348.0,90132.0,370.19,-0.3,,3.32,Working Women,09-04-2025
NY-CMP-38156,SEO,,15.0,"Facebook, WhatsApp",35085.0,,569.0,311.0,121290.0,931.82,-0.58,,5.93,Premium Shoppers,10-05-2025
NY-CMP-37543,Paid Ads,College Students,28.0,"Instagram, Email, WhatsApp",42445.0,1779.0,891.0,,128592.0,541.27,-0.37,Tamil,7.18,Tier 2 City Customers,02-07-2024
NY-CMP-52055,Social Media,Tier 2 City Customers,29.0,"Instagram, YouTube",12755.0,,1016.0,621.0,489348.0,197.79,2.98,,27.75,Working Women,12-07-2024
NY-CMP-56543,Influencer,College Students,19.0,Facebook,83882.0,11434.0,6858.0,5302.0,4119654.0,44.53,16.45,Tamil,28.13,Premium Shoppers,10-08-2024
NY-CMP-46474,Paid Ads,College Students,24.0,Facebook,99217.0,7961.0,3558.0,2498.0,1965926.0,79.66,8.88,English,14.13,Working Women,30-01-2025
NY-CMP-7978,SEO,Youth,15.0,"WhatsApp, Email, Facebook",19165.0,1597.0,571.0,377.0,118755.0,397.84,-0.21,Bengali,13.28,Tier 2 City Customers,23-12-2024
NY-CMP-17563,Social Media,Youth,26.0,"Facebook, YouTube, Google",90778.0,4427.0,1474.0,442.0,167518.0,439.13,-0.14,Hindi,6.99,Tier 2 City Customers,11-01-2025
NY-CMP-29681,SEO,Working Women,22.0,"Google, YouTube",16039.0,1590.0,730.0,439.0,277448.0,246.76,1.56,English,17.2,Youth,18-03-2025
NY-CMP-33652,SEO,College Students,9.0,"Google, Instagram, Facebook",53227.0,7040.0,2301.0,1200.0,913200.0,200.03,2.8,Tamil,19.8,Youth,22-02-2025
NY-CMP-29622,Influencer,Tier 2 City Customers,24.0,"YouTube, Email, WhatsApp",90347.0,8801.0,3903.0,1833.0,526071.0,44.76,5.41,Tamil,16.09,College Students,17-03-2025
NY-CMP-4502,Email,Youth,23.0,"WhatsApp, Instagram",28023.0,3601.0,,848.0,430784.0,196.19,1.59,Hindi,21.27,Youth,24-05-2025
NY-CMP-29617,Email,Working Women,16.0,"Instagram, WhatsApp, Email",45745.0,1134.0,469.0,290.0,168490.0,1005.6,-0.42,Tamil,4.14,College Students,02-03-2025
NY-CMP-33900,Email,Tier 2 City Customers,25.0,Email,66274.0,9773.0,2075.0,933.0,500088.0,266.53,1.01,Tamil,19.29,Working Women,24-10-2024
NY-CMP-1914,Email,Youth,9.0,,96217.0,5534.0,1800.0,854.0,252784.0,166.05,0.78,English,8.51,Premium Shoppers,16-12-2024
NY-CMP-38162,SEO,Youth,10.0,,89453.0,6668.0,1550.0,853.0,546773.0,143.63,3.46,English,10.14,Working Women,11-07-2024
NY-CMP-45303,,Premium Shoppers,9.0,Google,73178.0,10329.0,2921.0,2078.0,968348.0,129.06,2.61,Tamil,20.95,College Students,10-08-2024
NY-CMP-26337,SEO,Tier 2 City Customers,15.0,"YouTube, Instagram, WhatsApp",31354.0,1620.0,892.0,628.0,270040.0,383.92,0.12,Hindi,10.01,Tier 2 City Customers,08-03-2025
NY-CMP-44529,Paid Ads,Tier 2 City Customers,13.0,,56481.0,8444.0,4433.0,3465.0,2487870.0,69.21,9.37,English,,Tier 2 City Customers,03-08-2024
NY-CMP-49258,Paid Ads,Premium Shoppers,11.0,"Email, Google",22288.0,814.0,456.0,177.0,88854.0,931.47,-0.46,English,6.49,College Students,14-03-2025
NY-CMP-6936,Paid Ads,Tier 2 City Customers,25.0,"Google, Instagram",15677.0,479.0,262.0,93.0,22785.0,3108.23,-0.92,Tamil,5.32,Working Women,13-05-2025
NY-CMP-52952,,Working Women,24.0,Instagram,67806.0,9970.0,5454.0,2005.0,950370.0,85.12,4.57,Bengali,25.7,Tier 2 City Customers,09-04-2025
NY-CMP-41360,Paid Ads,Premium Shoppers,20.0,Google,96292.0,10842.0,2735.0,,509762.0,216.27,1.28,Tamil,15.17,Youth,08-03-2025
NY-CMP-37128,Paid Ads,Youth,18.0,,15182.0,1648.0,803.0,634.0,213024.0,279.55,0.2,Hindi,20.32,College Students,19-11-2024
NY-CMP-32140,Influencer,,,"Google, Email, YouTube",94368.0,8841.0,4477.0,3388.0,1060444.0,24.19,11.94,Bengali,17.7,College Students,12-08-2024
NY-CMP-56331,Social Media,College Students,11.0,Google,56514.0,6129.0,1581.0,1223.0,798619.0,99.33,5.57,Bengali,15.81,Working Women,01-08-2024
NY-CMP-31864,SEO,Youth,14.0,"Facebook, Google, YouTube",,,3162.0,2315.0,1446875.0,,,English,11.13,College Students,24-10-2024
NY-CMP-39120,Social Media,Working Women,25.0,WhatsApp,15532.0,1291.0,462.0,176.0,107888.0,726.59,-0.16,Tamil,12.42,Premium Shoppers,25-07-2024
NY-CMP-34432,Paid Ads,Working Women,5.0,"Instagram, YouTube",,2498.0,955.0,592.0,207200.0,137.71,1.54,Hindi,5.51,College Students,28-08-2024
NY-CMP-8401,SEO,Youth,18.0,Facebook,24313.0,1147.0,298.0,211.0,62456.0,745.55,-0.6,,6.81,Working Women,10-07-2024
NY-CMP-47290,SEO,Tier 2 City Customers,24.0,Facebook,23378.0,3247.0,1584.0,1126.0,298390.0,207.79,0.28,,25.48,Premium Shoppers,20-09-2024
NY-CMP-55295,Email,Premium Shoppers,27.0,"YouTube, Instagram",20291.0,1426.0,419.0,191.0,99702.0,992.38,-0.47,Bengali,10.03,College Students,04-12-2024
NY-CMP-42056,Paid Ads,Tier 2 City Customers,27.0,"YouTube, Facebook",77925.0,3907.0,1731.0,759.0,309672.0,195.24,1.09,English,8.21,,26-12-2024
NY-CMP-36876,Influencer,Premium Shoppers,7.0,WhatsApp,53313.0,1513.0,,162.0,87480.0,1192.09,-0.55,English,4.12,Working Women,05-03-2025
NY-CMP-25906,Influencer,Tier 2 City Customers,22.0,YouTube,36363.0,4588.0,2056.0,1346.0,1061994.0,108.34,6.28,Bengali,21.97,Working Women,
NY-CMP-52577,Email,Tier 2 City Customers,9.0,WhatsApp,14533.0,1104.0,587.0,388.0,160244.0,177.89,1.32,Tamil,14.31,Working Women,05-03-2025
NY-CMP-52285,Paid Ads,Premium Shoppers,7.0,"Facebook, YouTube",33380.0,2579.0,1488.0,485.0,129980.0,335.1,-0.2,English,13.64,Youth,07-03-2025
NY-CMP-37441,Influencer,Premium Shoppers,23.0,"WhatsApp, YouTube, Facebook",62316.0,6777.0,1625.0,916.0,377392.0,58.26,6.07,Bengali,14.95,Youth,22-08-2024
NY-CMP-51668,Paid Ads,College Students,13.0,"YouTube, Google",47241.0,,757.0,381.0,252984.0,577.31,0.15,Bengali,6.15,Tier 2 City Customers,10-07-2024
NY-CMP-36589,Paid Ads,Working Women,14.0,"Facebook, YouTube",,,2098.0,1651.0,784225.0,31.69,13.99,Bengali,19.41,Working Women,20-11-2024
NY-CMP-54673,Influencer,Premium Shoppers,20.0,"Email, Instagram",97898.0,6309.0,,947.0,698886.0,258.52,1.85,Tamil,10.16,Premium Shoppers,22-03-2025
NY-CMP-52224,Email,Youth,23.0,"Instagram, WhatsApp",40928.0,2095.0,662.0,388.0,232024.0,622.58,-0.04,Hindi,7.68,Working Women,02-04-2025
NY-CMP-19473,Email,Youth,16.0,"YouTube, WhatsApp",,5447.0,3134.0,2415.0,1861965.0,33.64,21.92,English,19.75,Premium Shoppers,12-07-2024
NY-CMP-36718,SEO,Premium Shoppers,,"Google, WhatsApp, Instagram",79143.0,7305.0,2950.0,906.0,199320.0,306.15,-0.28,Tamil,14.1,Working Women,31-07-2024
NY-CMP-31894,Email,Tier 2 City Customers,7.0,"Facebook, Instagram, Google",73752.0,8935.0,5041.0,2978.0,949982.0,26.5,11.04,Tamil,22.99,Tier 2 City Customers,13-11-2024
NY-CMP-17992,Paid Ads,Tier 2 City Customers,30.0,"Google, Instagram",96903.0,6463.0,2946.0,2206.0,1559642.0,83.03,7.51,Tamil,11.99,College Students,10-11-2024
NY-CMP-51674,Social Media,College Students,24.0,"Email, YouTube",35424.0,3064.0,709.0,504.0,232848.0,429.52,0.08,Tamil,12.07,Tier 2 City Customers,13-04-2025
NY-CMP-52010,Paid Ads,Premium Shoppers,6.0,WhatsApp,17462.0,2398.0,863.0,689.0,190853.0,288.08,-0.04,English,22.62,Working Women,02-07-2024
NY-CMP-37058,,Premium Shoppers,11.0,"Instagram, YouTube",53932.0,4145.0,2075.0,911.0,184022.0,91.45,1.21,Bengali,13.22,Premium Shoppers,14-08-2024
NY-CMP-48669,SEO,Premium Shoppers,21.0,"YouTube, Instagram, Facebook",21488.0,2523.0,1395.0,767.0,,203.35,1.08,English,21.8,Tier 2 City Customers,19-05-2025
NY-CMP-13623,,Premium Shoppers,28.0,"Email, WhatsApp, Facebook",38804.0,2466.0,1422.0,1053.0,805545.0,82.3,8.3,Bengali,12.73,Working Women,
NY-CMP-29056,Social Media,Premium Shoppers,25.0,Facebook,31826.0,2577.0,717.0,247.0,179322.0,257.04,1.82,,11.13,Tier 2 City Customers,15-05-2025
NY-CMP-17382,Email,Premium Shoppers,11.0,"Instagram, Email, Google",12896.0,440.0,134.0,40.0,17600.0,1742.85,,Bengali,4.76,Youth,19-03-2025
NY-CMP-43667,Email,Premium Shoppers,25.0,"YouTube, WhatsApp, Google",63249.0,1495.0,377.0,134.0,72762.0,2212.13,-0.75,Hindi,3.17,Premium Shoppers,12-12-2024
NY-CMP-46023,Influencer,Youth,26.0,Google,94795.0,4031.0,1561.0,803.0,435226.0,312.03,0.74,Bengali,6.75,Working Women,26-09-2024
NY-CMP-24493,,Youth,16.0,,12214.0,961.0,339.0,129.0,57663.0,1043.1,-0.57,English,11.7,Youth,24-12-2024
NY-CMP-15448,Influencer,Premium Shoppers,17.0,"Google, Instagram",51576.0,2437.0,544.0,208.0,101088.0,576.08,-0.16,Hindi,6.18,Premium Shoppers,02-02-2025
NY-CMP-15791,SEO,Youth,9.0,Email,71333.0,2296.0,1277.0,598.0,453284.0,195.01,2.89,Tamil,5.85,Working Women,08-12-2024
NY-CMP-15229,Paid Ads,Premium Shoppers,22.0,YouTube,79570.0,3462.0,822.0,291.0,93993.0,386.16,-0.16,English,5.75,Youth,03-04-2025
NY-CMP-56196,Paid Ads,Working Women,12.0,Facebook,34637.0,4954.0,2428.0,1432.0,1112664.0,37.71,19.6,English,25.45,College Students,12-03-2025
NY-CMP-55155,,College Students,17.0,"Google, Instagram, WhatsApp",,5456.0,1821.0,1297.0,,89.89,5.71,Hindi,16.66,Tier 2 City Customers,17-12-2024
NY-CMP-21853,Social Media,Premium Shoppers,14.0,"WhatsApp, Facebook",58207.0,5894.0,3354.0,2484.0,1982232.0,110.44,6.23,English,,College Students,12-07-2024
NY-CMP-49017,Email,Premium Shoppers,14.0,Facebook,20304.0,1457.0,851.0,386.0,121590.0,208.23,0.51,Hindi,13.27,Youth,18-12-2024
NY-CMP-27792,Influencer,Tier 2 City Customers,13.0,"WhatsApp, Instagram",99880.0,10247.0,5074.0,,2999960.0,16.65,43.44,English,19.4,Working Women,07-04-2025
NY-CMP-42417,Paid Ads,Tier 2 City Customers,,"Email, Google",86386.0,6647.0,1872.0,1184.0,312576.0,168.61,0.57,Bengali,11.23,Tier 2 City Customers,05-04-2025
NY-CMP-30183,Influencer,College Students,10.0,Instagram,35071.0,4996.0,2341.0,1745.0,537460.0,154.46,0.99,Bengali,25.9,College Students,14-06-2025
NY-CMP-20688,Social Media,Youth,11.0,"Facebook, Instagram, Email",41681.0,6170.0,2835.0,,797067.0,171.38,1.78,Tamil,25.61,Youth,19-09-2024
NY-CMP-16255,Paid Ads,Tier 2 City Customers,28.0,"Google, Facebook, Instagram",83477.0,4988.0,1264.0,1003.0,527578.0,159.94,2.29,Hindi,8.69,Tier 2 City Customers,
NY-CMP-27712,Email,Youth,13.0,"Facebook, WhatsApp, Instagram",33876.0,4898.0,1038.0,620.0,220720.0,93.12,2.82,Hindi,19.35,College Students,10-02-2025
NY-CMP-55574,Paid Ads,Tier 2 City Customers,30.0,Facebook,14610.0,2065.0,846.0,412.0,298700.0,660.84,0.1,English,22.74,Youth,26-12-2024
NY-CMP-9780,Social Media,Premium Shoppers,,Email,23346.0,1437.0,598.0,253.0,158378.0,,-0.33,Tamil,9.8,Premium Shoppers,24-10-2024
NY-CMP-55447,Influencer,College Students,11.0,"Email, Instagram, WhatsApp",85053.0,8188.0,4754.0,3465.0,807345.0,46.75,,Tamil,19.29,Working Women,
NY-CMP-23533,Email,Premium Shoppers,28.0,"YouTube, Google",50154.0,3046.0,745.0,253.0,84249.0,412.45,-0.19,English,8.06,Premium Shoppers,21-05-2025
NY-CMP-33382,Paid Ads,Premium Shoppers,19.0,Instagram,38295.0,2108.0,634.0,445.0,307940.0,383.57,0.8,Tamil,8.32,College Students,15-01-2025
NY-CMP-47885,Social Media,Youth,20.0,"WhatsApp, Email, Facebook",48815.0,2091.0,,443.0,108978.0,421.72,-0.42,Tamil,7.68,College Students,11-03-2025
NY-CMP-43396,Paid Ads,Tier 2 City Customers,7.0,"YouTube, Google",87208.0,7371.0,1690.0,620.0,310620.0,378.51,0.32,Bengali,11.1,College Students,05-03-2025
NY-CMP-36250,Influencer,Tier 2 City Customers,30.0,Email,73956.0,,1145.0,876.0,275940.0,246.11,0.28,English,5.85,Working Women,30-12-2024
NY-CMP-35667,Email,,14.0,"YouTube, Instagram, Google",75203.0,3587.0,1554.0,1205.0,414520.0,136.12,1.53,Hindi,8.44,College Students,21-12-2024
NY-CMP-49624,Social Media,Tier 2 City Customers,13.0,"Facebook, Google",,8869.0,1859.0,1060.0,,133.14,4.94,Bengali,15.39,Tier 2 City Customers,26-09-2024
NY-CMP-42704,Paid Ads,Tier 2 City Customers,14.0,WhatsApp,61552.0,6787.0,2226.0,994.0,335972.0,203.14,0.66,Hindi,16.26,Youth,06-10-2024
NY-CMP-33241,Paid Ads,College Students,24.0,Email,43417.0,4559.0,1536.0,750.0,513000.0,162.38,3.21,Bengali,15.77,Working Women,27-11-2024
NY-CMP-4804,Social Media,Premium Shoppers,15.0,"Google, Facebook",80728.0,5144.0,2071.0,637.0,207662.0,,0.17,Bengali,9.73,College Students,06-01-2025
NY-CMP-46601,Paid Ads,Youth,15.0,"Email, Facebook",88035.0,9052.0,4271.0,2381.0,1842894.0,65.37,10.84,Tamil,17.84,College Students,11-01-2025
NY-CMP-9193,Influencer,Premium Shoppers,22.0,,47454.0,2592.0,923.0,590.0,260780.0,230.83,0.91,Bengali,8.65,Premium Shoppers,24-07-2024
NY-CMP-36834,Email,Working Women,11.0,Instagram,39894.0,,603.0,280.0,101920.0,504.29,-0.28,Hindi,8.39,Working Women,01-09-2024
NY-CMP-15424,Social Media,Working Women,30.0,"WhatsApp, Instagram",82580.0,10347.0,3802.0,1511.0,809896.0,178.04,2.01,Bengali,18.96,Premium Shoppers,05-09-2024
NY-CMP-32350,Paid Ads,College Students,18.0,"Email, YouTube",90944.0,7571.0,1859.0,1276.0,353452.0,148.0,0.87,English,11.77,Tier 2 City Customers,01-11-2024
NY-CMP-28515,SEO,Youth,28.0,"Email, Instagram",15299.0,927.0,403.0,259.0,157990.0,508.41,0.2,,10.39,,13-02-2025
NY-CMP-25457,SEO,Premium Shoppers,28.0,"Facebook, YouTube",77756.0,11487.0,5821.0,2840.0,985480.0,87.52,,Tamil,25.91,Working Women,10-04-2025
NY-CMP-37750,Email,Premium Shoppers,18.0,Facebook,10384.0,426.0,177.0,74.0,26270.0,3811.46,-0.91,Bengali,6.52,Working Women,24-04-2025
NY-CMP-33493,Paid Ads,Tier 2 City Customers,28.0,"Facebook, Email, YouTube",28342.0,3745.0,1908.0,645.0,368940.0,387.78,0.48,Bengali,22.22,Premium Shoppers,08-09-2024
NY-CMP-55998,Social Media,Youth,17.0,WhatsApp,74300.0,4170.0,872.0,513.0,210330.0,217.78,0.88,Hindi,7.48,College Students,11-06-2025
NY-CMP-8524,Social Media,Tier 2 City Customers,10.0,"YouTube, Email, WhatsApp",60734.0,6134.0,3128.0,1993.0,934717.0,89.62,4.23,Bengali,18.53,Youth,20-07-2024
NY-CMP-11163,Paid Ads,Premium Shoppers,15.0,"WhatsApp, Email, YouTube",22728.0,3010.0,790.0,488.0,257176.0,396.57,0.33,Bengali,,Premium Shoppers,18-09-2024
NY-CMP-39166,Influencer,College Students,10.0,"Instagram, Facebook",62136.0,6525.0,,,577276.0,183.72,3.04,Bengali,14.22,Tier 2 City Customers,03-01-2025
NY-CMP-23312,Paid Ads,Working Women,18.0,"YouTube, Google, Facebook",84070.0,2173.0,1270.0,498.0,255474.0,192.2,1.67,Bengali,4.69,Youth,20-10-2024
NY-CMP-26998,Email,Youth,13.0,Email,83407.0,3219.0,1256.0,866.0,412216.0,69.59,5.84,English,6.4,Youth,26-05-2025
NY-CMP-4003,Email,College Students,7.0,,15242.0,2105.0,1122.0,583.0,194722.0,,,,25.0,College Students,06-05-2025
NY-CMP-43502,Social Media,Tier 2 City Customers,8.0,"YouTube, Instagram, Google",75050.0,7906.0,1701.0,1069.0,409427.0,148.45,1.58,Tamil,,Tier 2 City Customers,25-01-2025
NY-CMP-23278,Influencer,Tier 2 City Customers,13.0,"Facebook, YouTube",15303.0,591.0,165.0,67.0,42880.0,2407.28,-0.73,Tamil,5.38,Premium Shoppers,22-03-2025
NY-CMP-7648,,Working Women,23.0,"Email, Instagram",77999.0,2326.0,1135.0,636.0,223872.0,292.06,0.21,Tamil,,College Students,
NY-CMP-40052,SEO,Youth,22.0,,65222.0,8065.0,3122.0,1641.0,1275057.0,89.99,7.63,Bengali,19.67,,24-08-2024
NY-CMP-32412,SEO,Youth,17.0,"WhatsApp, Facebook",34887.0,1962.0,,385.0,,161.35,1.53,Bengali,9.63,Premium Shoppers,18-11-2024
NY-CMP-19841,Social Media,Working Women,30.0,"Email, WhatsApp, Facebook",95628.0,12345.0,6019.0,3103.0,2277602.0,47.16,14.57,English,22.45,College Students,14-05-2025
NY-CMP-7904,Paid Ads,Premium Shoppers,21.0,"Google, Instagram",39468.0,2588.0,892.0,663.0,274482.0,,0.25,Tamil,10.5,Youth,
NY-CMP-56496,Social Media,Working Women,8.0,"Google, YouTube",22192.0,2279.0,1355.0,411.0,,,0.8,Bengali,18.23,Premium Shoppers,31-05-2025
NY-CMP-9909,Social Media,Premium Shoppers,7.0,"YouTube, WhatsApp, Google",44875.0,5303.0,1104.0,,,612.47,-0.01,Tamil,15.26,College Students,09-10-2024
NY-CMP-24125,Influencer,Youth,8.0,"Google, Facebook, Instagram",89337.0,5511.0,1323.0,998.0,634728.0,105.18,5.05,English,8.77,Premium Shoppers,20-07-2024
NY-CMP-12749,SEO,Working Women,15.0,"YouTube, WhatsApp, Google",98254.0,4797.0,2602.0,1391.0,759486.0,204.71,1.67,English,8.95,Youth,30-05-2025
NY-CMP-41303,Social Media,Youth,5.0,WhatsApp,62820.0,9242.0,2926.0,1346.0,631274.0,44.18,9.61,Hindi,21.51,Tier 2 City Customers,02-06-2025
NY-CMP-20770,SEO,Youth,,"Google, Instagram",52807.0,2108.0,776.0,511.0,110376.0,380.43,-0.43,Tamil,6.43,Tier 2 City Customers,04-12-2024
NY-CMP-24847,Paid Ads,Working Women,20.0,"WhatsApp, Google, Facebook",90061.0,8186.0,2571.0,851.0,210197.0,309.61,-0.2,Bengali,12.89,Working Women,02-02-2025
NY-CMP-33122,,Youth,14.0,,25187.0,2882.0,666.0,281.0,63225.0,1040.25,-0.78,English,15.2,College Students,10-02-2025
NY-CMP-22201,SEO,Premium Shoppers,25.0,"Instagram, Google, Facebook",97817.0,7150.0,3123.0,2373.0,1530585.0,78.36,7.23,Bengali,12.93,,08-03-2025
NY-CMP-52413,Influencer,Working Women,16.0,Instagram,74708.0,10571.0,4366.0,3068.0,923468.0,50.44,4.97,English,24.1,Working Women,20-02-2025
NY-CMP-32228,Paid Ads,Youth,17.0,Email,28001.0,662.0,161.0,106.0,25016.0,1285.25,-0.82,Tamil,3.32,Youth,04-10-2024
NY-CMP-3298,Paid Ads,Working Women,21.0,Email,40622.0,2314.0,889.0,681.0,147777.0,437.91,-0.5,Hindi,9.56,Youth,28-05-2025
NY-CMP-52497,Influencer,Premium Shoppers,12.0,WhatsApp,57022.0,5274.0,1983.0,1118.0,326456.0,107.09,1.73,Tamil,14.69,Tier 2 City Customers,
NY-CMP-13440,Social Media,Working Women,30.0,"YouTube, Email",15245.0,2081.0,766.0,606.0,,347.0,-0.27,Tamil,22.65,Youth,13-04-2025
NY-CMP-5162,Social Media,Tier 2 City Customers,18.0,WhatsApp,25788.0,3258.0,1650.0,798.0,463638.0,366.56,0.59,Hindi,22.13,Youth,12-01-2025
NY-CMP-35532,Email,Working Women,6.0,YouTube,47505.0,3515.0,1007.0,515.0,293550.0,160.14,2.56,Bengali,10.6,Youth,
NY-CMP-45831,Paid Ads,Working Women,22.0,Email,25082.0,3288.0,1202.0,616.0,248248.0,336.34,0.2,,20.36,Premium Shoppers,06-01-2025
NY-CMP-36197,Paid Ads,Tier 2 City Customers,22.0,Instagram,19399.0,867.0,218.0,67.0,38659.0,2333.4,-0.75,English,5.94,Premium Shoppers,31-10-2024
NY-CMP-19359,Social Media,,23.0,"Email, Facebook, Google",78377.0,6461.0,,,262624.0,177.05,0.6,Tamil,11.9,Premium Shoppers,28-11-2024
NY-CMP-13027,Social Media,Youth,27.0,"WhatsApp, Instagram",56297.0,6305.0,2449.0,1050.0,276150.0,224.04,0.17,English,17.41,Working Women,03-05-2025
NY-CMP-45329,Influencer,Premium Shoppers,28.0,"Email, Google",60013.0,5086.0,2494.0,1861.0,898863.0,149.36,2.23,Bengali,15.73,Youth,22-08-2024
NY-CMP-24409,Paid Ads,Working Women,14.0,"Google, YouTube, Facebook",,13506.0,7179.0,4150.0,1336300.0,51.34,5.27,English,25.77,College Students,23-07-2024
NY-CMP-1273,SEO,Youth,24.0,"Email, WhatsApp, Facebook",98542.0,13381.0,4936.0,1982.0,1393346.0,48.07,13.62,English,20.6,College Students,08-08-2024
NY-CMP-1776,,College Students,14.0,"Facebook, Email, WhatsApp",59214.0,3617.0,1557.0,1038.0,649788.0,277.8,1.25,Tamil,10.49,Youth,28-08-2024
NY-CMP-5883,Email,College Students,24.0,Google,56690.0,4976.0,1076.0,820.0,468220.0,349.53,0.63,Hindi,12.12,,16-09-2024
NY-CMP-27493,SEO,College Students,23.0,Instagram,75250.0,3778.0,2053.0,725.0,558975.0,383.97,1.01,Hindi,8.71,Premium Shoppers,27-03-2025
NY-CMP-29910,Email,College Students,24.0,WhatsApp,54260.0,2437.0,916.0,557.0,233940.0,520.76,-0.19,English,7.21,Tier 2 City Customers,27-05-2025
NY-CMP-47936,Social Media,,12.0,YouTube,48475.0,,1916.0,1472.0,295872.0,192.16,0.05,Bengali,17.11,Youth,
NY-CMP-2039,Social Media,College Students,25.0,Instagram,41633.0,5091.0,,936.0,680472.0,202.24,2.59,Hindi,20.53,Premium Shoppers,31-08-2024
NY-CMP-3493,Paid Ads,Working Women,,"Facebook, Email, Instagram",37977.0,1427.0,562.0,420.0,250740.0,252.73,1.36,Hindi,6.34,Tier 2 City Customers,19-10-2024
NY-CMP-17670,Influencer,Youth,27.0,"WhatsApp, YouTube",59512.0,7173.0,1951.0,1073.0,545084.0,192.85,,Bengali,17.13,Tier 2 City Customers,10-09-2024
NY-CMP-25344,SEO,Youth,5.0,YouTube,32877.0,3892.0,1765.0,725.0,273325.0,270.41,0.39,English,19.41,Tier 2 City Customers,31-03-2025
NY-CMP-31169,Social Media,College Students,12.0,Google,28609.0,2304.0,1172.0,581.0,166747.0,188.03,0.53,English,14.18,Tier 2 City Customers,12-12-2024
NY-CMP-28600,,,24.0,Google,59032.0,2550.0,1516.0,,360018.0,367.83,0.84,Tamil,7.79,Working Women,03-12-2024
NY-CMP-54743,Paid Ads,,8.0,"YouTube, WhatsApp",18538.0,526.0,314.0,231.0,,1252.99,-0.41,Bengali,5.78,Premium Shoppers,14-05-2025
NY-CMP-21041,Influencer,Premium Shoppers,19.0,"Instagram, WhatsApp, Google",36378.0,4194.0,1893.0,1418.0,788408.0,95.14,4.84,Bengali,20.63,Premium Shoppers,19-02-2025
NY-CMP-36486,Email,Tier 2 City Customers,13.0,"WhatsApp, Google, Instagram",27039.0,1665.0,949.0,425.0,247350.0,540.65,0.08,Bengali,11.24,Working Women,18-12-2024
NY-CMP-21071,Email,College Students,9.0,"YouTube, Google, Instagram",51171.0,1682.0,971.0,636.0,475092.0,167.39,3.46,Tamil,6.43,Youth,
NY-CMP-14342,Email,College Students,23.0,Instagram,91193.0,12008.0,6829.0,2350.0,634500.0,93.17,1.9,Bengali,23.23,Working Women,13-04-2025
NY-CMP-35038,Social Media,Tier 2 City Customers,5.0,"Google, Facebook, Email",16884.0,358.0,84.0,66.0,29832.0,2269.14,,Hindi,3.01,Premium Shoppers,13-05-2025
NY-CMP-13633,Email,Working Women,29.0,"WhatsApp, Facebook",58033.0,7298.0,1851.0,650.0,494000.0,404.2,0.88,Bengali,16.89,College Students,12-09-2024
NY-CMP-4953,Email,Tier 2 City Customers,14.0,"YouTube, WhatsApp, Google",63889.0,5412.0,3067.0,1295.0,410515.0,126.65,1.5,Tamil,15.3,Tier 2 City Customers,02-09-2024
NY-CMP-30616,Social Media,Tier 2 City Customers,13.0,"Email, Instagram",,,2614.0,1276.0,,71.69,8.21,Hindi,15.65,Tier 2 City Customers,17-09-2024
NY-CMP-7875,Influencer,Youth,22.0,"Instagram, WhatsApp, Facebook",76694.0,5083.0,2779.0,1888.0,702336.0,155.82,1.39,Bengali,12.71,College Students,01-02-2025
NY-CMP-52532,Paid Ads,College Students,24.0,"Facebook, Email",14308.0,959.0,243.0,94.0,38634.0,1884.3,-0.78,English,9.06,Working Women,10-07-2024
NY-CMP-11894,Influencer,Working Women,6.0,"Instagram, Email, Google",11550.0,1210.0,572.0,432.0,177552.0,264.4,0.55,English,,Premium Shoppers,08-06-2025
NY-CMP-42470,SEO,College Students,10.0,Instagram,59708.0,6425.0,2254.0,697.0,383350.0,428.29,0.28,Hindi,,College Students,04-04-2025
NY-CMP-36665,Paid Ads,Youth,23.0,Email,39711.0,5953.0,1681.0,1214.0,791528.0,107.66,5.06,English,22.28,Tier 2 City Customers,14-09-2024
NY-CMP-52046,Email,Premium Shoppers,8.0,"Instagram, Facebook",63230.0,1454.0,358.0,137.0,70007.0,1525.8,-0.67,Tamil,3.08,Working Women,
NY-CMP-22704,Influencer,Premium Shoppers,11.0,Instagram,59550.0,2004.0,407.0,155.0,,857.96,-0.13,Bengali,4.31,Youth,03-12-2024
NY-CMP-32064,Influencer,Working Women,9.0,"YouTube, Google, Facebook",95720.0,6689.0,1964.0,697.0,293437.0,,3.86,Tamil,9.77,College Students,14-01-2025
NY-CMP-18095,Paid Ads,Youth,19.0,"Instagram, Facebook, Email",28031.0,3210.0,954.0,528.0,143616.0,151.81,0.79,Bengali,16.74,,20-04-2025
NY-CMP-29818,SEO,College Students,8.0,WhatsApp,34284.0,3030.0,682.0,393.0,232656.0,534.59,0.11,English,,College Students,23-02-2025
NY-CMP-19400,Influencer,Youth,27.0,WhatsApp,31118.0,716.0,321.0,214.0,124762.0,467.3,0.25,Hindi,4.02,Tier 2 City Customers,10-10-2024
NY-CMP-34540,Paid Ads,College Students,21.0,"Instagram, WhatsApp, Facebook",25590.0,3676.0,884.0,585.0,218205.0,412.49,-0.1,Tamil,20.11,Youth,14-02-2025
NY-CMP-46282,Influencer,College Students,7.0,"Google, Instagram",63472.0,7167.0,2981.0,2200.0,1100000.0,119.78,3.17,Bengali,19.45,Youth,04-08-2024
NY-CMP-18841,SEO,Premium Shoppers,9.0,"Instagram, WhatsApp, Email",,8557.0,3592.0,2617.0,1222139.0,47.68,8.79,Bengali,25.5,Youth,01-06-2025
NY-CMP-7927,Social Media,Working Women,23.0,"Email, WhatsApp",67610.0,9889.0,4258.0,1491.0,465192.0,34.09,8.15,,23.13,Tier 2 City Customers,28-08-2024
NY-CMP-21891,,Youth,23.0,"Instagram, WhatsApp",21595.0,1937.0,956.0,348.0,,150.94,3.81,Tamil,15.01,Youth,11-04-2025
NY-CMP-5086,SEO,Tier 2 City Customers,12.0,Instagram,92395.0,8525.0,3665.0,1918.0,920640.0,101.02,3.75,Hindi,15.27,Working Women,04-07-2024
NY-CMP-49985,Paid Ads,Working Women,11.0,Google,31488.0,3008.0,1521.0,486.0,376164.0,336.05,1.3,Hindi,15.93,Tier 2 City Customers,20-03-2025
NY-CMP-22218,SEO,Youth,28.0,Facebook,46218.0,4610.0,2449.0,788.0,528748.0,142.16,3.72,Bengali,16.98,Tier 2 City Customers,06-02-2025
NY-CMP-23971,Social Media,,30.0,"Email, Google",44248.0,3461.0,852.0,404.0,82012.0,,-0.54,Hindi,10.66,Tier 2 City Customers,07-07-2024
NY-CMP-53877,Paid Ads,College Students,7.0,"Facebook, WhatsApp, Instagram",50662.0,6946.0,1541.0,788.0,424732.0,321.5,0.68,English,18.31,Tier 2 City Customers,25-09-2024
NY-CMP-21361,Influencer,Premium Shoppers,8.0,Facebook,92099.0,10525.0,4395.0,1857.0,1192194.0,100.55,5.39,Tamil,18.22,College Students,16-01-2025
NY-CMP-50860,Email,Youth,21.0,"Google, Facebook",98756.0,3718.0,1055.0,359.0,104469.0,651.28,-0.55,Hindi,5.2,Premium Shoppers,01-05-2025
NY-CMP-1431,Email,Youth,14.0,"WhatsApp, Facebook",35182.0,1150.0,496.0,319.0,107503.0,201.44,,,5.59,Premium Shoppers,04-04-2025
NY-CMP-46485,Social Media,Tier 2 City Customers,,"Instagram, YouTube",88852.0,5934.0,1448.0,586.0,344568.0,385.47,0.53,English,8.97,Tier 2 City Customers,30-03-2025
NY-CMP-15279,Social Media,College Students,11.0,"YouTube, Google",46239.0,3503.0,2044.0,755.0,449225.0,302.87,0.96,Bengali,13.63,Premium Shoppers,20-02-2025
NY-CMP-15050,Influencer,Tier 2 City Customers,18.0,Email,25174.0,932.0,206.0,115.0,87285.0,1758.06,-0.57,Hindi,4.98,Tier 2 City Customers,01-02-2025
NY-CMP-48044,Paid Ads,College Students,30.0,"WhatsApp, Google, YouTube",64513.0,9412.0,2413.0,1086.0,477840.0,124.81,2.53,Bengali,20.01,Premium Shoppers,20-05-2025
NY-CMP-34962,Email,,29.0,"WhatsApp, Instagram",30381.0,,948.0,611.0,282282.0,309.36,0.49,English,12.62,,06-05-2025
NY-CMP-55952,Influencer,Tier 2 City Customers,19.0,"Google, WhatsApp",66463.0,7750.0,3937.0,1579.0,702655.0,39.07,10.39,Bengali,19.96,Youth,19-05-2025
NY-CMP-12648,Paid Ads,,17.0,"WhatsApp, Instagram, Facebook",,2192.0,730.0,501.0,141282.0,557.98,-0.49,Bengali,19.91,College Students,06-09-2024
NY-CMP-10841,SEO,College Students,21.0,WhatsApp,24981.0,1819.0,596.0,188.0,128592.0,1289.39,-0.47,Tamil,10.42,College Students,20-01-2025
NY-CMP-46153,,Premium Shoppers,16.0,"Instagram, Email, Facebook",14661.0,1457.0,438.0,272.0,195024.0,906.69,-0.21,,14.78,Premium Shoppers,04-09-2024
NY-CMP-24203,Influencer,Tier 2 City Customers,10.0,"YouTube, Instagram",58277.0,5687.0,3090.0,1495.0,1155635.0,,4.35,Tamil,17.63,Youth,29-12-2024
NY-CMP-14139,SEO,Working Women,12.0,"Instagram, Facebook, YouTube",,12700.0,4833.0,2339.0,1204585.0,53.16,8.69,,22.55,Youth,20-12-2024
NY-CMP-23775,Paid Ads,Working Women,11.0,"WhatsApp, Google",56269.0,,692.0,214.0,115988.0,472.78,0.15,Bengali,3.73,,27-03-2025
NY-CMP-34841,Social Media,College Students,25.0,YouTube,91273.0,8056.0,2952.0,2312.0,1581408.0,44.38,14.41,English,14.59,Working Women,26-12-2024
NY-CMP-36861,SEO,Youth,28.0,"Google, Facebook, YouTube",76864.0,8700.0,1990.0,1531.0,410308.0,129.73,1.07,English,15.9,Working Women,28-12-2024
NY-CMP-53456,SEO,Working Women,13.0,"Instagram, YouTube, Facebook",69183.0,6691.0,2605.0,2043.0,633330.0,51.3,,Hindi,16.39,Youth,17-01-2025
NY-CMP-32314,Social Media,Premium Shoppers,17.0,"WhatsApp, Instagram, Google",52651.0,6884.0,1719.0,1149.0,548073.0,54.23,7.8,Hindi,18.52,Youth,22-01-2025
NY-CMP-34761,Email,Premium Shoppers,15.0,"YouTube, Google, Facebook",99044.0,10453.0,5816.0,3641.0,1798654.0,,5.14,Hindi,20.1,Youth,04-06-2025
NY-CMP-38513,,Working Women,,Email,58036.0,4582.0,1068.0,478.0,224182.0,203.99,1.3,Hindi,10.56,Youth,23-02-2025
NY-CMP-48289,Influencer,Premium Shoppers,5.0,"Instagram, Facebook, Google",42589.0,1270.0,426.0,172.0,,1359.73,-0.84,Tamil,4.39,Premium Shoppers,27-08-2024
NY-CMP-53282,Email,College Students,26.0,"Email, Facebook, WhatsApp",40947.0,5666.0,1882.0,1150.0,232300.0,58.65,2.44,Hindi,21.24,Premium Shoppers,23-07-2024
NY-CMP-48481,,Youth,30.0,Email,25872.0,1659.0,830.0,600.0,374400.0,376.68,0.66,Bengali,11.94,Tier 2 City Customers,29-07-2024
NY-CMP-16013,Email,Youth,12.0,"WhatsApp, Instagram",,,1640.0,1201.0,551259.0,145.1,2.16,Bengali,17.75,Youth,11-05-2025
NY-CMP-14571,Email,College Students,30.0,"Google, Facebook",64711.0,3532.0,1567.0,1164.0,478404.0,96.77,3.25,English,9.68,Youth,10-10-2024
NY-CMP-9400,SEO,Working Women,16.0,"Google, Facebook",81899.0,2346.0,1113.0,775.0,155775.0,238.01,-0.16,English,5.17,Youth,16-01-2025
NY-CMP-49166,SEO,College Students,24.0,"YouTube, WhatsApp",71885.0,3301.0,789.0,515.0,318785.0,320.99,0.93,Hindi,6.41,Working Women,17-03-2025
NY-CMP-5265,Influencer,Tier 2 City Customers,9.0,YouTube,73066.0,9428.0,2238.0,1251.0,329013.0,149.2,0.76,English,17.68,Youth,17-06-2025
NY-CMP-11477,SEO,Working Women,17.0,Email,47368.0,3226.0,1193.0,604.0,148584.0,,0.06,Hindi,10.6,Tier 2 City Customers,04-02-2025
NY-CMP-54064,Email,Youth,27.0,"Facebook, Google, YouTube",38821.0,2104.0,814.0,323.0,256462.0,,2.69,Hindi,8.35,Working Women,27-10-2024
NY-CMP-30683,Paid Ads,College Students,19.0,"WhatsApp, YouTube, Facebook",20718.0,1026.0,369.0,271.0,186990.0,864.92,-0.2,Bengali,8.04,,20-01-2025
NY-CMP-9481,Influencer,Premium Shoppers,18.0,"Facebook, WhatsApp",41606.0,3017.0,1552.0,1108.0,750116.0,66.92,9.12,Bengali,,Youth,03-01-2025
NY-CMP-21660,Influencer,Working Women,17.0,"Email, YouTube, Facebook",18026.0,,472.0,266.0,92834.0,1125.48,-0.69,English,10.32,College Students,12-02-2025
NY-CMP-43930,Social Media,Tier 2 City Customers,8.0,"YouTube, WhatsApp",52848.0,,1723.0,1070.0,670890.0,194.93,2.22,Bengali,17.69,Youth,09-04-2025
NY-CMP-7247,SEO,Premium Shoppers,21.0,"Instagram, YouTube",86917.0,8773.0,3714.0,2518.0,553960.0,104.93,1.1,Hindi,17.26,,27-10-2024
NY-CMP-37826,Influencer,Tier 2 City Customers,,"YouTube, Facebook",14054.0,1032.0,582.0,225.0,117450.0,610.51,-0.14,Tamil,13.09,Working Women,15-04-2025
NY-CMP-30274,Influencer,Tier 2 City Customers,11.0,"WhatsApp, Facebook, Email",40445.0,5729.0,2684.0,907.0,550549.0,300.93,1.02,English,23.04,,27-09-2024
NY-CMP-19696,SEO,Youth,10.0,"WhatsApp, Instagram",83806.0,8900.0,4342.0,1329.0,780123.0,199.05,1.95,Tamil,17.39,Tier 2 City Customers,04-06-2025
NY-CMP-17072,Social Media,College Students,22.0,Facebook,76890.0,3941.0,1989.0,1572.0,367848.0,36.86,5.35,Tamil,9.76,Premium Shoppers,10-09-2024
NY-CMP-27133,SEO,Youth,,Facebook,64882.0,3242.0,1381.0,727.0,312610.0,229.92,0.87,Hindi,8.25,College Students,10-11-2024
NY-CMP-44133,Email,Tier 2 City Customers,24.0,"Google, Facebook, Email",18809.0,1623.0,602.0,369.0,260145.0,360.13,0.96,Tamil,13.79,Youth,18-08-2024
NY-CMP-11280,SEO,Premium Shoppers,20.0,"YouTube, Google, Instagram",33315.0,832.0,262.0,185.0,128945.0,1120.78,-0.38,Tamil,3.84,Working Women,01-10-2024
NY-CMP-49340,Influencer,Premium Shoppers,10.0,"Google, YouTube",47642.0,,1034.0,589.0,126635.0,446.73,-0.52,Bengali,13.32,College Students,05-10-2024
NY-CMP-52366,Email,Youth,24.0,Facebook,11185.0,1342.0,344.0,244.0,91988.0,988.47,-0.62,Hindi,17.26,Working Women,07-10-2024
NY-CMP-18666,Influencer,Youth,9.0,"Facebook, Google",37749.0,5318.0,1644.0,724.0,231680.0,333.35,-0.04,Hindi,20.36,Tier 2 City Customers,07-12-2024
NY-CMP-31460,Influencer,Working Women,11.0,"YouTube, Google, WhatsApp",42392.0,3808.0,775.0,412.0,319712.0,510.12,0.52,Tamil,11.78,College Students,21-03-2025
NY-CMP-36722,Influencer,Youth,8.0,"YouTube, Email, Google",28485.0,876.0,361.0,,93345.0,2319.04,-0.68,Tamil,4.79,Tier 2 City Customers,31-10-2024
NY-CMP-45860,Influencer,College Students,12.0,"WhatsApp, Email, YouTube",41740.0,6002.0,2614.0,846.0,362088.0,183.4,1.33,Hindi,22.67,Working Women,28-09-2024
NY-CMP-46792,Email,Tier 2 City Customers,29.0,WhatsApp,50796.0,5719.0,2601.0,931.0,733628.0,230.85,2.41,English,18.21,Working Women,04-10-2024
NY-CMP-33138,Paid Ads,Youth,30.0,"YouTube, Google",26423.0,1727.0,631.0,306.0,103428.0,290.09,0.17,,10.08,College Students,19-04-2025
NY-CMP-29918,Email,Working Women,11.0,"Email, WhatsApp",83219.0,5286.0,2218.0,740.0,458800.0,394.29,,Hindi,9.91,Youth,06-09-2024
NY-CMP-47706,Social Media,College Students,7.0,"WhatsApp, Instagram",20224.0,889.0,315.0,150.0,70050.0,1697.95,-0.72,English,6.7,Premium Shoppers,15-01-2025
NY-CMP-20463,Social Media,Working Women,9.0,"WhatsApp, YouTube, Google",28933.0,2792.0,943.0,515.0,235870.0,570.94,-0.2,English,14.69,Working Women,17-10-2024
NY-CMP-49441,Social Media,Tier 2 City Customers,24.0,"Facebook, WhatsApp, Email",10897.0,1367.0,751.0,589.0,121334.0,342.69,-0.4,Hindi,24.84,Tier 2 City Customers,03-04-2025
NY-CMP-47236,Paid Ads,Youth,7.0,"WhatsApp, Google",26019.0,1786.0,960.0,379.0,121280.0,734.38,-0.56,English,12.01,College Students,05-05-2025
NY-CMP-23969,Social Media,Working Women,17.0,WhatsApp,36247.0,,689.0,342.0,79686.0,350.48,-0.34,Tamil,11.71,Tier 2 City Customers,07-03-2025
NY-CMP-37192,Influencer,College Students,29.0,"YouTube, Email, WhatsApp",57697.0,7001.0,3734.0,2653.0,880796.0,94.64,2.51,Hindi,23.2,College Students,17-09-2024
NY-CMP-2221,SEO,Tier 2 City Customers,24.0,Instagram,60401.0,1284.0,539.0,253.0,199111.0,536.25,0.47,English,3.44,Youth,01-07-2024
NY-CMP-35914,Email,Working Women,17.0,YouTube,19699.0,1437.0,614.0,191.0,136183.0,494.95,0.44,English,11.38,Tier 2 City Customers,31-03-2025
NY-CMP-9368,Email,Youth,22.0,Facebook,25246.0,2705.0,1533.0,1222.0,725868.0,234.09,1.54,Hindi,21.63,College Students,05-02-2025
NY-CMP-29782,,Youth,5.0,"Google, Facebook",41705.0,2192.0,765.0,580.0,348000.0,172.1,2.49,Hindi,8.48,Youth,
NY-CMP-37589,Social Media,Youth,27.0,YouTube,,4406.0,2335.0,1818.0,470862.0,120.51,1.15,Bengali,26.61,Working Women,08-03-2025
NY-CMP-31032,SEO,Youth,10.0,Facebook,84262.0,9741.0,,2551.0,2005086.0,88.87,7.84,Tamil,19.84,College Students,14-01-2025
NY-CMP-41323,Email,Working Women,9.0,"WhatsApp, YouTube, Instagram",42758.0,,2520.0,1075.0,465475.0,171.93,1.52,Bengali,21.44,Youth,07-12-2024
NY-CMP-30840,Paid Ads,Youth,14.0,Facebook,10610.0,947.0,268.0,206.0,160268.0,263.76,1.95,Bengali,13.39,Youth,03-03-2025
NY-CMP-30574,Paid Ads,Youth,13.0,"Google, YouTube",80312.0,8310.0,3369.0,1212.0,283608.0,153.23,0.53,Bengali,16.05,Youth,
NY-CMP-9451,SEO,Working Women,11.0,"Facebook, Google, YouTube",76868.0,2473.0,503.0,365.0,152935.0,642.3,-0.35,English,4.35,Premium Shoppers,16-07-2024
NY-CMP-2097,Influencer,College Students,15.0,"Email, WhatsApp, Instagram",95893.0,12007.0,3971.0,1666.0,874650.0,61.57,7.53,Tamil,18.4,Tier 2 City Customers,
NY-CMP-2246,Social Media,Working Women,19.0,"YouTube, Facebook, Google",57756.0,7262.0,3950.0,1214.0,821878.0,127.6,,Bengali,21.51,Youth,06-10-2024
NY-CMP-31264,Paid Ads,Working Women,6.0,"WhatsApp, Email, Facebook",66897.0,6598.0,,1918.0,441140.0,155.12,0.48,Tamil,18.14,Premium Shoppers,20-02-2025
NY-CMP-9971,Social Media,College Students,8.0,"WhatsApp, Instagram, Email",55337.0,1693.0,400.0,154.0,97636.0,1182.06,-0.46,Bengali,4.06,Tier 2 City Customers,20-03-2025
NY-CMP-33288,Social Media,Youth,24.0,"WhatsApp, Instagram",40481.0,4721.0,962.0,530.0,401740.0,499.13,0.52,Bengali,15.35,Working Women,29-07-2024
NY-CMP-27311,Paid Ads,Youth,6.0,"Email, Google, YouTube",80755.0,11306.0,2672.0,1184.0,872608.0,232.31,2.17,Bengali,18.78,Premium Shoppers,09-11-2024
NY-CMP-30771,SEO,Tier 2 City Customers,23.0,,77623.0,9162.0,3457.0,2107.0,,56.91,12.95,English,18.97,College Students,17-10-2024
NY-CMP-56527,Influencer,College Students,10.0,Email,48127.0,1920.0,742.0,519.0,233031.0,180.74,1.48,English,6.61,Working Women,13-12-2024
NY-CMP-48886,Email,College Students,20.0,"Google, Email, Instagram",65096.0,5145.0,2839.0,2023.0,742441.0,75.05,3.89,Bengali,15.37,Premium Shoppers,07-11-2024
NY-CMP-8821,Paid Ads,Premium Shoppers,27.0,"Google, Instagram",33406.0,4111.0,2031.0,620.0,206460.0,204.93,0.62,Hindi,20.24,Premium Shoppers,29-12-2024
NY-CMP-13376,SEO,Tier 2 City Customers,15.0,"YouTube, WhatsApp, Facebook",76727.0,9490.0,,3799.0,2309792.0,71.9,7.46,Tamil,23.61,College Students,16-09-2024
NY-CMP-20714,Social Media,Premium Shoppers,21.0,,93455.0,7169.0,3749.0,2299.0,1694363.0,58.47,11.61,Bengali,14.14,Tier 2 City Customers,26-01-2025
NY-CMP-40703,SEO,Tier 2 City Customers,13.0,Email,42831.0,1924.0,915.0,328.0,,587.7,-0.01,English,7.39,College Students,18-01-2025
NY-CMP-38811,Email,Working Women,26.0,"Google, WhatsApp",75567.0,9051.0,5149.0,3463.0,2074337.0,29.26,19.47,Tamil,23.37,Working Women,27-10-2024
NY-CMP-50954,Paid Ads,Premium Shoppers,18.0,Email,73385.0,9789.0,2948.0,1746.0,1091250.0,54.88,10.39,Bengali,19.74,Youth,
NY-CMP-8687,SEO,College Students,16.0,"YouTube, Email",53284.0,5837.0,1447.0,928.0,546592.0,,1.24,Tamil,15.41,Youth,17-03-2025
NY-CMP-26483,Social Media,College Students,20.0,"YouTube, Facebook",57512.0,5276.0,3100.0,2109.0,1124097.0,54.84,,Tamil,18.23,Premium Shoppers,24-10-2024
NY-CMP-40814,Paid Ads,Working Women,24.0,Email,15451.0,857.0,444.0,225.0,146025.0,584.45,0.11,Tamil,9.88,,11-08-2024
NY-CMP-38509,Social Media,Working Women,21.0,"WhatsApp, Email",28553.0,3320.0,1889.0,980.0,579180.0,58.67,9.07,English,21.68,College Students,25-05-2025
NY-CMP-35483,Email,Tier 2 City Customers,,"WhatsApp, YouTube",68599.0,8339.0,2459.0,1728.0,349056.0,55.83,2.62,Bengali,18.26,Premium Shoppers,22-02-2025
NY-CMP-30625,Paid Ads,Premium Shoppers,15.0,Instagram,40104.0,2586.0,810.0,296.0,61568.0,287.07,-0.28,English,9.21,Working Women,20-09-2024
NY-CMP-22052,SEO,Youth,7.0,Facebook,37028.0,1556.0,427.0,314.0,251200.0,940.14,-0.15,Hindi,6.2,Premium Shoppers,16-06-2025
NY-CMP-40509,Email,Tier 2 City Customers,5.0,"YouTube, Facebook, Google",52896.0,1886.0,1054.0,815.0,263245.0,185.42,0.74,English,7.1,Tier 2 City Customers,22-07-2024
NY-CMP-15969,Influencer,Tier 2 City Customers,28.0,Email,65102.0,2737.0,1537.0,,373246.0,270.41,0.59,English,7.9,Tier 2 City Customers,05-03-2025
NY-CMP-10025,Paid Ads,Premium Shoppers,6.0,"Email, Facebook, Instagram",33525.0,797.0,210.0,109.0,34008.0,2526.32,-0.88,English,3.33,Youth,06-08-2024
NY-CMP-17916,Social Media,Youth,11.0,Facebook,88785.0,3609.0,1661.0,1096.0,543616.0,230.03,1.16,Hindi,7.17,,06-12-2024
NY-CMP-52266,Paid Ads,Youth,28.0,YouTube,96760.0,13220.0,7871.0,2863.0,1863813.0,93.39,5.97,Bengali,24.76,Tier 2 City Customers,01-10-2024
NY-CMP-48592,Social Media,Premium Shoppers,16.0,"Google, Instagram",73002.0,4989.0,1828.0,1203.0,935934.0,58.34,12.33,Tamil,10.99,Working Women,15-11-2024
NY-CMP-38411,SEO,Tier 2 City Customers,7.0,YouTube,27170.0,3419.0,1879.0,1123.0,710859.0,215.68,1.93,Hindi,23.63,College Students,10-11-2024
NY-CMP-33255,SEO,Tier 2 City Customers,30.0,Facebook,54367.0,6909.0,3163.0,1450.0,883050.0,61.93,8.83,Hindi,21.19,Working Women,10-08-2024
NY-CMP-41689,Email,Youth,20.0,"Email, WhatsApp, Facebook",63840.0,,2048.0,1402.0,710814.0,157.72,2.21,,10.97,Youth,25-01-2025
NY-CMP-47536,Email,Tier 2 City Customers,24.0,"WhatsApp, Instagram",47364.0,6138.0,3073.0,1496.0,671704.0,125.04,2.59,Tamil,22.61,Youth,31-10-2024
NY-CMP-52850,Social Media,Working Women,26.0,"Facebook, YouTube, Google",,,1860.0,925.0,628075.0,131.87,4.15,Hindi,11.43,Working Women,02-03-2025
NY-CMP-42467,Paid Ads,Working Women,30.0,"Google, Email",75578.0,3445.0,1468.0,755.0,283125.0,235.88,0.59,Bengali,7.5,Premium Shoppers,25-04-2025
NY-CMP-14912,,Youth,11.0,Instagram,40827.0,4116.0,1357.0,888.0,444000.0,179.05,1.79,Tamil,15.58,Working Women,02-09-2024
NY-CMP-29961,Influencer,Working Women,5.0,Instagram,57775.0,2747.0,951.0,498.0,117528.0,579.0,-0.59,Tamil,7.26,College Students,19-11-2024
NY-CMP-17125,,Tier 2 City Customers,23.0,"YouTube, Google",53791.0,3793.0,1595.0,1145.0,907985.0,104.42,6.59,English,12.15,Working Women,09-09-2024
NY-CMP-41120,Email,,25.0,"Email, Facebook",99661.0,2788.0,1009.0,601.0,446543.0,491.74,0.51,English,4.41,Working Women,18-01-2025
NY-CMP-52791,Influencer,College Students,15.0,"WhatsApp, Facebook",,1766.0,492.0,255.0,67830.0,323.38,-0.18,Bengali,,,29-01-2025
NY-CMP-8844,Social Media,College Students,22.0,"Facebook, YouTube",85482.0,8893.0,3830.0,1634.0,558828.0,102.65,2.33,English,16.8,Working Women,26-07-2024
NY-CMP-51078,Email,Premium Shoppers,8.0,"Instagram, WhatsApp",56794.0,2960.0,1179.0,659.0,224060.0,381.44,-0.11,Tamil,8.45,College Students,04-03-2025
NY-CMP-54958,Social Media,College Students,29.0,"Email, Google, YouTube",63250.0,6469.0,3005.0,2401.0,1138074.0,47.2,9.04,Bengali,18.77,Youth,11-01-2025
NY-CMP-46160,Paid Ads,College Students,12.0,"Instagram, YouTube",12918.0,1322.0,451.0,267.0,86775.0,819.43,-0.6,Tamil,15.79,Premium Shoppers,08-10-2024
NY-CMP-55445,Email,Working Women,9.0,Instagram,21455.0,1491.0,358.0,257.0,172447.0,202.04,2.32,Tamil,9.82,College Students,28-01-2025
NY-CMP-42716,SEO,Premium Shoppers,28.0,"Instagram, WhatsApp, Email",84043.0,2551.0,1265.0,426.0,216834.0,365.75,0.39,English,5.05,Working Women,12-02-2025
NY-CMP-46834,SEO,Working Women,6.0,YouTube,43747.0,5322.0,1725.0,879.0,495756.0,241.12,1.34,English,,College Students,23-11-2024
NY-CMP-27635,Email,Youth,20.0,"Instagram, Email, WhatsApp",56855.0,6950.0,1770.0,942.0,250572.0,81.61,2.26,,16.99,Premium Shoppers,21-10-2024
NY-CMP-28760,SEO,Working Women,11.0,"Instagram, Email",28144.0,1694.0,,495.0,106920.0,351.35,-0.39,Tamil,10.36,Youth,07-03-2025
NY-CMP-19380,,Tier 2 City Customers,24.0,"Google, Email",53201.0,7223.0,3015.0,939.0,592509.0,166.09,2.8,Hindi,21.01,Youth,13-05-2025
NY-CMP-1586,Influencer,Premium Shoppers,11.0,YouTube,55924.0,4009.0,1866.0,1383.0,358197.0,157.51,0.64,English,12.98,College Students,
NY-CMP-28554,Paid Ads,Premium Shoppers,5.0,"WhatsApp, Google",76423.0,8050.0,4171.0,1889.0,1125844.0,110.71,4.38,Bengali,18.46,College Students,19-06-2025
NY-CMP-40527,Email,Tier 2 City Customers,22.0,"Email, YouTube",78579.0,11453.0,6803.0,5371.0,4022879.0,20.87,34.88,English,30.07,Premium Shoppers,
NY-CMP-48325,,Youth,22.0,Email,12049.0,793.0,357.0,218.0,113142.0,271.52,0.91,Tamil,11.35,Working Women,07-07-2024
NY-CMP-11064,Social Media,Working Women,6.0,Facebook,92423.0,8119.0,2416.0,1561.0,1092700.0,179.07,2.91,Hindi,13.09,Working Women,23-08-2024
NY-CMP-13214,Influencer,Working Women,7.0,"YouTube, Facebook",97729.0,2429.0,1085.0,853.0,313904.0,292.77,0.26,Hindi,,Premium Shoppers,12-08-2024
NY-CMP-48632,Email,Premium Shoppers,11.0,"Instagram, WhatsApp",20720.0,2982.0,1214.0,547.0,201843.0,534.3,-0.31,Hindi,22.89,Working Women,18-06-2025
NY-CMP-40428,Paid Ads,Premium Shoppers,12.0,"Instagram, Google",98566.0,6997.0,4072.0,1661.0,576367.0,87.94,2.95,Tamil,12.92,College Students,17-03-2025
NY-CMP-39770,Influencer,College Students,20.0,Facebook,42877.0,4043.0,1614.0,1222.0,557232.0,134.79,2.38,Tamil,16.04,Tier 2 City Customers,12-09-2024
NY-CMP-6011,Influencer,,15.0,"Instagram, WhatsApp",22889.0,2188.0,572.0,,116843.0,255.63,0.29,Bengali,13.6,Premium Shoppers,29-12-2024
NY-CMP-51143,Paid Ads,Premium Shoppers,16.0,"YouTube, Google",98435.0,14456.0,8239.0,3132.0,654588.0,71.72,1.91,English,26.24,,31-08-2024
NY-CMP-55966,SEO,Youth,26.0,"Facebook, WhatsApp, Instagram",83118.0,7643.0,2115.0,1266.0,625404.0,195.61,1.53,English,13.26,Working Women,24-09-2024
NY-CMP-28714,Paid Ads,Working Women,30.0,"Instagram, Email, Google",95636.0,3637.0,2138.0,1177.0,712085.0,233.91,1.59,Tamil,7.27,Youth,13-07-2024
NY-CMP-37005,Paid Ads,College Students,27.0,,95881.0,12484.0,7408.0,5092.0,3717160.0,22.56,31.35,Bengali,26.06,Working Women,22-02-2025
NY-CMP-29703,SEO,Tier 2 City Customers,30.0,"Email, Facebook",39933.0,4530.0,1662.0,714.0,,400.12,0.27,Tamil,17.29,Tier 2 City Customers,06-05-2025
NY-CMP-17391,Influencer,College Students,12.0,Google,44063.0,2483.0,1487.0,925.0,547600.0,85.32,5.94,Tamil,11.11,Tier 2 City Customers,29-01-2025
NY-CMP-41888,Paid Ads,Youth,13.0,Email,88950.0,12228.0,5699.0,4203.0,1601343.0,70.37,4.41,English,24.88,Tier 2 City Customers,23-03-2025
NY-CMP-51728,Influencer,Youth,16.0,"Facebook, Instagram",46340.0,6349.0,2010.0,635.0,316230.0,346.24,0.44,Bengali,,,27-05-2025
NY-CMP-45519,Paid Ads,Tier 2 City Customers,26.0,YouTube,81623.0,6060.0,3220.0,1368.0,782496.0,,2.88,Hindi,,College Students,29-12-2024
NY-CMP-56056,SEO,Tier 2 City Customers,26.0,"YouTube, Email",24948.0,1661.0,636.0,273.0,186732.0,553.77,,English,10.3,College Students,04-03-2025
NY-CMP-27682,Influencer,Youth,24.0,"Google, YouTube",94302.0,3641.0,1356.0,790.0,263070.0,90.57,2.68,Tamil,6.14,Working Women,
NY-CMP-54758,Email,Tier 2 City Customers,24.0,Facebook,48977.0,,1169.0,679.0,373450.0,346.91,0.59,,13.58,Working Women,17-11-2024
NY-CMP-27257,Influencer,Tier 2 City Customers,25.0,"WhatsApp, Instagram",42389.0,5187.0,2478.0,1582.0,593250.0,101.69,2.69,Tamil,21.81,Premium Shoppers,13-03-2025
NY-CMP-25184,,College Students,10.0,"Email, WhatsApp",20441.0,2027.0,1022.0,801.0,417321.0,291.97,0.78,Hindi,18.83,Premium Shoppers,23-01-2025
NY-CMP-42292,SEO,Working Women,18.0,Instagram,85756.0,7827.0,2127.0,1134.0,874314.0,107.12,6.2,Hindi,12.93,College Students,23-04-2025
NY-CMP-22073,Email,Premium Shoppers,20.0,"WhatsApp, Facebook",37399.0,3415.0,1435.0,868.0,654472.0,93.44,7.07,English,15.29,Tier 2 City Customers,17-05-2025
NY-CMP-3960,Paid Ads,,5.0,Google,88071.0,9461.0,2393.0,825.0,641025.0,303.58,1.56,Hindi,14.4,Working Women,04-07-2024
NY-CMP-30597,SEO,,21.0,"Facebook, YouTube",47624.0,3988.0,1010.0,362.0,260640.0,192.16,2.75,Tamil,11.25,Youth,12-01-2025
NY-CMP-31862,Social Media,Youth,29.0,"Email, WhatsApp",91409.0,11683.0,2585.0,1959.0,1316448.0,68.87,8.76,Bengali,17.75,Youth,29-03-2025
NY-CMP-6157,Email,Working Women,18.0,"Instagram, YouTube, Email",96134.0,2622.0,1160.0,358.0,150718.0,541.17,-0.22,English,4.31,Youth,29-12-2024
NY-CMP-5269,Social Media,Tier 2 City Customers,21.0,"Email, Google, YouTube",59519.0,6049.0,3471.0,1857.0,631380.0,147.55,1.3,Hindi,19.11,Youth,15-09-2024
NY-CMP-17311,Email,Tier 2 City Customers,21.0,"WhatsApp, Google, Email",22725.0,1111.0,366.0,115.0,83260.0,1734.85,-0.58,,7.01,,07-03-2025
NY-CMP-53214,,Premium Shoppers,16.0,"WhatsApp, Email",19756.0,,,145.0,87000.0,1642.45,-0.63,Bengali,13.33,Tier 2 City Customers,27-12-2024
NY-CMP-12605,SEO,College Students,30.0,WhatsApp,65387.0,7379.0,2333.0,1297.0,612184.0,,6.8,Bengali,16.84,Premium Shoppers,27-12-2024
NY-CMP-2388,Email,College Students,13.0,WhatsApp,,4058.0,842.0,294.0,77616.0,714.51,-0.63,,7.06,Premium Shoppers,15-01-2025
NY-CMP-12082,Paid Ads,Working Women,5.0,"Instagram, Facebook, Email",81870.0,9038.0,2056.0,686.0,443842.0,108.68,4.95,Bengali,14.39,Youth,08-04-2025
NY-CMP-24841,SEO,College Students,25.0,"YouTube, WhatsApp",85870.0,9323.0,2521.0,1000.0,426000.0,164.97,1.58,English,14.96,Tier 2 City Customers,18-03-2025
NY-CMP-37517,Influencer,College Students,24.0,"Google, YouTube",28335.0,3988.0,1611.0,984.0,456576.0,53.33,7.7,English,23.23,Working Women,15-12-2024
NY-CMP-48228,Influencer,Premium Shoppers,12.0,YouTube,86256.0,6104.0,3169.0,1192.0,448192.0,155.28,1.42,Hindi,12.13,Working Women,21-08-2024
NY-CMP-47323,,Tier 2 City Customers,26.0,YouTube,53596.0,3486.0,1987.0,1198.0,285124.0,108.58,1.19,Bengali,12.45,College Students,08-03-2025
NY-CMP-49904,,Working Women,8.0,"Facebook, Instagram, YouTube",15664.0,1316.0,532.0,352.0,271392.0,330.19,1.34,Bengali,14.04,,24-04-2025
NY-CMP-56136,,Tier 2 City Customers,8.0,Email,90564.0,2664.0,857.0,378.0,192402.0,788.42,-0.35,Bengali,4.31,College Students,07-05-2025
NY-CMP-3247,Paid Ads,Premium Shoppers,20.0,Google,77428.0,5022.0,2840.0,1447.0,966596.0,176.0,2.8,English,12.02,Youth,17-08-2024
NY-CMP-43827,Influencer,Working Women,23.0,"WhatsApp, YouTube",29028.0,,,408.0,314976.0,668.23,0.16,Hindi,15.14,Youth,17-11-2024
NY-CMP-14066,Influencer,Working Women,27.0,"WhatsApp, YouTube, Instagram",49130.0,5117.0,2110.0,1407.0,,105.29,1.58,Bengali,17.57,Premium Shoppers,18-08-2024
NY-CMP-1578,Email,Tier 2 City Customers,8.0,WhatsApp,87567.0,5885.0,2970.0,1255.0,340105.0,182.97,0.48,Hindi,11.55,Working Women,17-06-2025
NY-CMP-38074,Social Media,College Students,16.0,Email,35819.0,3161.0,993.0,493.0,,502.01,0.55,Bengali,12.97,Youth,09-11-2024
NY-CMP-3360,Paid Ads,Working Women,28.0,"YouTube, WhatsApp, Instagram",10704.0,1289.0,532.0,189.0,121527.0,1393.98,-0.54,English,18.78,Premium Shoppers,28-09-2024
NY-CMP-4653,Social Media,,10.0,"Instagram, Facebook, Google",54408.0,2426.0,700.0,395.0,80580.0,609.2,-0.67,Hindi,6.47,,26-11-2024
NY-CMP-3949,SEO,Tier 2 City Customers,10.0,YouTube,66888.0,4754.0,2844.0,2136.0,1326456.0,26.09,22.8,English,14.55,Premium Shoppers,11-01-2025
NY-CMP-32532,Influencer,College Students,21.0,Facebook,82116.0,2950.0,,427.0,155428.0,620.29,-0.41,Tamil,5.18,Premium Shoppers,02-04-2025
NY-CMP-21896,Email,Tier 2 City Customers,20.0,"Instagram, WhatsApp",29360.0,4306.0,2295.0,831.0,335724.0,187.63,1.15,Tamil,25.31,Youth,24-11-2024
NY-CMP-48621,SEO,Premium Shoppers,15.0,"YouTube, WhatsApp",19217.0,979.0,555.0,430.0,323360.0,331.0,1.27,Bengali,10.22,Tier 2 City Customers,18-11-2024
NY-CMP-10842,Influencer,Working Women,15.0,"Facebook, Instagram",77343.0,8582.0,4748.0,2936.0,634176.0,73.29,1.95,Tamil,21.03,Youth,19-09-2024
NY-CMP-25163,,Working Women,28.0,Facebook,91182.0,11992.0,6119.0,4600.0,,18.18,22.16,Hindi,24.91,Youth,09-09-2024
NY-CMP-26387,Influencer,Youth,17.0,"Instagram, YouTube",62176.0,2247.0,1010.0,473.0,344344.0,173.63,3.19,English,6.0,Youth,30-01-2025
NY-CMP-35676,Influencer,Tier 2 City Customers,13.0,Facebook,66085.0,3264.0,1723.0,1144.0,700128.0,115.32,4.31,English,9.28,Premium Shoppers,02-01-2025
NY-CMP-44117,SEO,Premium Shoppers,20.0,"Instagram, WhatsApp, Google",39900.0,2815.0,1397.0,876.0,307476.0,281.87,0.25,English,12.75,Premium Shoppers,21-11-2024
NY-CMP-22816,Email,Tier 2 City Customers,29.0,,64249.0,4349.0,918.0,472.0,262904.0,411.22,0.35,Tamil,8.93,Working Women,24-04-2025
NY-CMP-48214,SEO,,7.0,WhatsApp,42207.0,3031.0,1030.0,676.0,406952.0,147.74,3.07,Tamil,11.22,Tier 2 City Customers,10-01-2025
NY-CMP-47543,Influencer,Working Women,11.0,,73912.0,6134.0,1539.0,721.0,422506.0,186.04,2.15,English,11.36,College Students,
NY-CMP-32763,Email,Working Women,10.0,"WhatsApp, Facebook",56123.0,5984.0,3079.0,1085.0,692230.0,135.34,3.71,Bengali,18.08,Premium Shoppers,23-02-2025
NY-CMP-10892,Social Media,Working Women,12.0,"YouTube, Facebook, Google",95781.0,10356.0,3627.0,1452.0,1131108.0,104.99,6.42,Tamil,16.11,College Students,25-11-2024
NY-CMP-49418,,Tier 2 City Customers,27.0,"Facebook, YouTube",93426.0,9587.0,1925.0,1525.0,872300.0,,3.43,Tamil,13.95,Tier 2 City Customers,30-04-2025
NY-CMP-52289,Email,Tier 2 City Customers,5.0,"YouTube, Instagram, Email",57690.0,1709.0,883.0,410.0,257480.0,606.54,0.04,English,5.2,Tier 2 City Customers,29-10-2024
NY-CMP-39439,Influencer,Youth,13.0,YouTube,36576.0,4586.0,1788.0,1218.0,246036.0,133.2,0.52,,20.76,College Students,04-05-2025
NY-CMP-34054,Paid Ads,Youth,26.0,"Instagram, Email, YouTube",66495.0,5338.0,2295.0,1480.0,970880.0,,,English,13.7,Working Women,26-05-2025
NY-CMP-13725,Paid Ads,Youth,5.0,"Google, Facebook, YouTube",60294.0,2184.0,828.0,398.0,181488.0,706.9,-0.35,Hindi,5.66,Working Women,16-07-2024
NY-CMP-16350,Influencer,Tier 2 City Customers,18.0,"YouTube, Google, Instagram",77737.0,10728.0,4253.0,1593.0,1178820.0,43.91,15.85,Hindi,21.32,Premium Shoppers,04-05-2025
NY-CMP-47640,Paid Ads,Youth,29.0,"Facebook, WhatsApp, Email",41235.0,2602.0,595.0,179.0,134787.0,1200.04,-0.37,Hindi,8.19,Working Women,17-09-2024
NY-CMP-5614,Paid Ads,Tier 2 City Customers,26.0,Facebook,66315.0,3554.0,,962.0,691678.0,145.11,3.95,,8.72,Working Women,29-08-2024
NY-CMP-15467,Paid Ads,Youth,,,78990.0,8668.0,1749.0,1163.0,730364.0,103.55,5.06,Bengali,14.66,Working Women,
NY-CMP-51726,SEO,Tier 2 City Customers,6.0,"Facebook, YouTube",87988.0,5296.0,1143.0,722.0,354502.0,360.92,0.36,Bengali,,Tier 2 City Customers,29-11-2024
NY-CMP-46355,Influencer,College Students,26.0,"WhatsApp, Email",93543.0,5448.0,1174.0,399.0,302442.0,719.28,0.05,Bengali,7.51,Premium Shoppers,16-02-2025
NY-CMP-2314,Social Media,Youth,17.0,Facebook,27615.0,3821.0,1889.0,1443.0,1070706.0,116.51,5.37,Tamil,25.9,Working Women,02-10-2024
NY-CMP-43601,Influencer,Tier 2 City Customers,18.0,"Email, Facebook",,2223.0,1072.0,587.0,257693.0,246.93,0.78,Bengali,25.39,College Students,08-06-2025
NY-CMP-27376,SEO,Youth,29.0,"Instagram, Email, Facebook",97283.0,5877.0,2145.0,726.0,485694.0,111.09,5.02,Hindi,8.99,Tier 2 City Customers,21-12-2024
NY-CMP-8602,Email,Premium Shoppers,28.0,Instagram,32863.0,4832.0,2645.0,941.0,579656.0,152.75,3.03,Hindi,25.62,Working Women,01-12-2024
NY-CMP-39380,Influencer,,6.0,Instagram,96019.0,3364.0,1632.0,998.0,,93.11,3.0,Hindi,6.24,Premium Shoppers,06-08-2024
NY-CMP-33617,SEO,Tier 2 City Customers,22.0,"WhatsApp, Instagram, YouTube",13268.0,1485.0,310.0,151.0,34730.0,1301.56,-0.82,Hindi,14.67,College Students,16-07-2024
NY-CMP-46451,SEO,College Students,23.0,"Facebook, Google, Instagram",75124.0,10818.0,4780.0,3208.0,830872.0,49.61,4.22,,25.03,Working Women,15-10-2024
NY-CMP-17111,Email,Tier 2 City Customers,20.0,"WhatsApp, Facebook, Google",95579.0,13614.0,5876.0,3103.0,1551500.0,77.44,5.46,English,23.64,,07-02-2025
NY-CMP-12789,Influencer,College Students,29.0,Facebook,71251.0,4938.0,2449.0,1669.0,894584.0,146.41,2.66,Hindi,12.71,College Students,30-03-2025
NY-CMP-21458,SEO,Youth,9.0,YouTube,37256.0,4912.0,,317.0,127434.0,839.51,-0.52,English,16.71,Youth,29-05-2025
NY-CMP-36668,Email,Working Women,30.0,"YouTube, WhatsApp, Instagram",39983.0,2532.0,1214.0,560.0,257040.0,249.47,0.84,Hindi,10.77,Premium Shoppers,07-07-2024
NY-CMP-32441,Email,Tier 2 City Customers,29.0,Facebook,65726.0,8415.0,4860.0,,1310640.0,46.4,6.41,Bengali,25.99,Tier 2 City Customers,13-03-2025
NY-CMP-38717,Email,Premium Shoppers,15.0,YouTube,90226.0,8422.0,4931.0,3938.0,2760538.0,,32.86,Bengali,19.16,Youth,24-09-2024
NY-CMP-40431,Email,Tier 2 City Customers,15.0,"YouTube, WhatsApp, Google",95320.0,2042.0,1149.0,497.0,356349.0,172.38,3.16,,3.87,Working Women,01-08-2024
NY-CMP-45585,SEO,Youth,17.0,"Google, WhatsApp, YouTube",67141.0,9038.0,2645.0,,1046143.0,138.0,4.44,Hindi,19.48,College Students,
NY-CMP-15146,Email,Tier 2 City Customers,29.0,"YouTube, Instagram",73133.0,10915.0,5414.0,,1578072.0,74.87,6.53,Bengali,26.15,Tier 2 City Customers,24-03-2025
NY-CMP-27513,,,20.0,"Facebook, Google",59612.0,3322.0,1738.0,829.0,642475.0,194.03,2.99,English,9.88,Youth,19-11-2024
NY-CMP-31468,Paid Ads,Premium Shoppers,21.0,YouTube,43762.0,3147.0,,428.0,102292.0,598.34,,English,10.2,Premium Shoppers,10-11-2024
NY-CMP-53560,Email,Tier 2 City Customers,25.0,"Instagram, YouTube",45439.0,937.0,383.0,300.0,236400.0,344.93,1.28,Hindi,3.57,College Students,06-10-2024
NY-CMP-38632,,Youth,21.0,"Instagram, YouTube, WhatsApp",71553.0,,511.0,166.0,118690.0,771.61,,,4.19,Youth,21-11-2024
NY-CMP-10384,SEO,College Students,20.0,Facebook,49531.0,1391.0,726.0,547.0,307961.0,329.67,0.71,Tamil,5.38,,05-08-2024
NY-CMP-45274,Paid Ads,Working Women,16.0,Instagram,50251.0,4544.0,2296.0,1411.0,866354.0,210.4,1.92,English,16.42,Premium Shoppers,14-07-2024
NY-CMP-47219,Influencer,Tier 2 City Customers,,"Facebook, Email, WhatsApp",78515.0,5569.0,2995.0,1359.0,686295.0,85.31,4.92,Hindi,12.64,Tier 2 City Customers,10-08-2024
NY-CMP-34884,SEO,Tier 2 City Customers,18.0,WhatsApp,49689.0,6113.0,2146.0,761.0,562379.0,92.58,6.98,Tamil,18.15,Working Women,13-01-2025
NY-CMP-55416,SEO,Tier 2 City Customers,8.0,Instagram,80013.0,9921.0,4520.0,1806.0,1303932.0,90.18,7.01,Bengali,20.31,,08-08-2024
NY-CMP-18452,SEO,College Students,9.0,Instagram,41511.0,1973.0,906.0,471.0,345714.0,570.78,0.29,English,8.07,Youth,09-10-2024
NY-CMP-45162,Influencer,Youth,6.0,Facebook,96391.0,4776.0,1030.0,333.0,227772.0,314.12,1.18,Bengali,,Youth,25-09-2024
NY-CMP-8064,,Tier 2 City Customers,22.0,"YouTube, Email",69263.0,1904.0,611.0,408.0,101592.0,561.34,-0.56,Tamil,4.22,Premium Shoppers,17-12-2024
NY-CMP-22829,Influencer,Youth,17.0,Instagram,65118.0,7755.0,2186.0,1158.0,377508.0,204.32,0.6,Bengali,17.04,Premium Shoppers,24-11-2024
NY-CMP-30923,Social Media,Youth,10.0,Email,57710.0,5788.0,3404.0,1930.0,1422410.0,46.62,14.81,Hindi,19.27,College Students,21-12-2024
NY-CMP-41479,Influencer,Tier 2 City Customers,20.0,"YouTube, Google",43921.0,5568.0,1954.0,1132.0,484496.0,90.94,3.71,English,19.7,Tier 2 City Customers,
NY-CMP-1251,Influencer,Youth,23.0,"Email, Instagram",17685.0,,539.0,409.0,116974.0,280.19,0.02,English,12.5,Premium Shoppers,23-09-2024
NY-CMP-17776,Influencer,Working Women,27.0,"YouTube, Facebook, Email",51516.0,4756.0,1861.0,862.0,231878.0,188.79,0.42,Hindi,14.52,Tier 2 City Customers,03-12-2024
NY-CMP-10324,Influencer,College Students,14.0,"YouTube, Email",42514.0,967.0,434.0,191.0,87860.0,363.35,0.27,Hindi,3.74,Tier 2 City Customers,15-06-2025
NY-CMP-51610,Influencer,Youth,30.0,"Email, WhatsApp, YouTube",45503.0,5046.0,1081.0,643.0,253342.0,349.89,0.13,Bengali,14.88,Tier 2 City Customers,25-01-2025
NY-CMP-24602,,Premium Shoppers,11.0,Google,35848.0,3585.0,2048.0,1376.0,619200.0,156.21,1.88,Bengali,19.55,Working Women,09-05-2025
NY-CMP-33829,Influencer,Premium Shoppers,26.0,"YouTube, Google, Instagram",32663.0,2161.0,498.0,253.0,140415.0,266.61,1.08,English,8.92,Youth,14-04-2025
NY-CMP-46667,SEO,Tier 2 City Customers,14.0,"Facebook, Email, Instagram",25916.0,713.0,357.0,281.0,151178.0,415.83,,Tamil,,Premium Shoppers,09-06-2025
NY-CMP-7435,Social Media,Youth,20.0,"Email, WhatsApp",45873.0,3852.0,1271.0,852.0,276048.0,272.85,0.19,Tamil,13.03,College Students,08-08-2024
NY-CMP-10613,Influencer,Working Women,19.0,"Facebook, Google",19579.0,444.0,,186.0,112158.0,1202.91,-0.5,Tamil,4.46,Youth,
NY-CMP-8515,Social Media,College Students,8.0,"Email, Instagram, Facebook",81685.0,12094.0,6705.0,3702.0,1262382.0,34.87,8.78,Bengali,27.55,Tier 2 City Customers,12-08-2024
NY-CMP-19591,SEO,Youth,28.0,"Facebook, Google, Instagram",95827.0,2385.0,878.0,383.0,83877.0,340.83,-0.36,Tamil,3.8,College Students,22-11-2024
NY-CMP-33438,Email,Tier 2 City Customers,30.0,Facebook,85073.0,10733.0,,935.0,,282.49,0.14,Hindi,17.0,Working Women,14-05-2025
NY-CMP-19623,Paid Ads,Premium Shoppers,12.0,"Facebook, Email",87715.0,3403.0,788.0,549.0,430965.0,215.32,2.65,English,5.4,Premium Shoppers,31-12-2024
NY-CMP-26773,,Tier 2 City Customers,9.0,"YouTube, Email",61275.0,2278.0,1296.0,1027.0,535067.0,133.98,2.89,Hindi,7.51,Youth,19-11-2024
NY-CMP-33989,Influencer,Premium Shoppers,28.0,"YouTube, Facebook",14909.0,815.0,235.0,173.0,105876.0,1252.86,-0.51,English,8.2,College Students,17-10-2024
NY-CMP-13426,Influencer,Premium Shoppers,30.0,"Instagram, WhatsApp",94522.0,8512.0,3147.0,1849.0,715563.0,117.07,2.31,Bengali,14.29,Working Women,04-02-2025
NY-CMP-28455,SEO,Working Women,30.0,"Instagram, YouTube",58276.0,8634.0,2591.0,1447.0,636680.0,172.71,1.55,English,21.74,Working Women,14-08-2024
NY-CMP-10057,Influencer,Working Women,26.0,Facebook,32511.0,3691.0,1226.0,971.0,738931.0,247.09,2.08,Tamil,18.11,College Students,05-05-2025
NY-CMP-25037,SEO,Youth,,"Google, Facebook",63714.0,6565.0,1575.0,1020.0,632400.0,170.93,2.63,Bengali,14.38,Premium Shoppers,02-03-2025
NY-CMP-35417,Paid Ads,Premium Shoppers,25.0,"Email, Google",81605.0,6739.0,1762.0,1354.0,731160.0,138.02,2.91,Bengali,12.08,College Students,21-01-2025
NY-CMP-33120,Social Media,Tier 2 City Customers,26.0,Google,66356.0,6359.0,1785.0,1115.0,641125.0,230.21,1.5,Tamil,13.95,Working Women,04-09-2024
NY-CMP-41320,Social Media,College Students,,Google,33830.0,3173.0,1323.0,695.0,186260.0,396.87,-0.32,English,15.34,Premium Shoppers,14-05-2025
NY-CMP-31142,Influencer,Working Women,13.0,"Facebook, WhatsApp",29753.0,,1047.0,780.0,602940.0,,2.2,Bengali,13.59,Youth,04-05-2025
NY-CMP-9441,Paid Ads,Working Women,24.0,"Facebook, YouTube, Instagram",29691.0,2092.0,573.0,400.0,87200.0,138.9,0.57,English,10.32,College Students,31-03-2025
NY-CMP-56272,SEO,Premium Shoppers,10.0,Email,,2494.0,671.0,510.0,275400.0,562.23,-0.04,Tamil,6.47,College Students,17-03-2025
NY-CMP-51173,Influencer,Youth,13.0,"WhatsApp, Email",50262.0,4349.0,1914.0,1321.0,608981.0,129.05,2.57,English,15.09,Premium Shoppers,27-02-2025
NY-CMP-21626,Influencer,Youth,10.0,"Google, YouTube, Facebook",90536.0,11715.0,5530.0,4266.0,989712.0,66.91,,Bengali,23.76,Premium Shoppers,24-01-2025
NY-CMP-8416,Social Media,College Students,8.0,YouTube,36122.0,,1164.0,501.0,351702.0,352.6,0.99,Tamil,13.21,College Students,13-04-2025
NY-CMP-52102,Email,Tier 2 City Customers,8.0,"Instagram, Email, YouTube",75661.0,9407.0,4382.0,2813.0,649803.0,42.18,4.48,Tamil,21.94,Working Women,13-04-2025
NY-CMP-25234,SEO,College Students,10.0,WhatsApp,,3502.0,1292.0,600.0,443400.0,122.17,5.05,Hindi,21.08,Youth,28-02-2025
NY-CMP-40171,Paid Ads,Working Women,9.0,"Email, Facebook",47224.0,1918.0,749.0,360.0,281160.0,758.61,0.03,Bengali,6.41,Working Women,
NY-CMP-32488,Social Media,Premium Shoppers,16.0,"Email, Instagram",21594.0,1817.0,855.0,468.0,139464.0,466.43,-0.36,English,14.54,Youth,07-10-2024
NY-CMP-56460,Email,,24.0,"Email, Instagram",24057.0,1795.0,593.0,243.0,173502.0,558.59,0.28,Bengali,10.94,Working Women,16-09-2024
NY-CMP-4758,Social Media,Youth,22.0,"Email, WhatsApp, Facebook",39290.0,2642.0,,348.0,149292.0,381.74,0.12,Hindi,10.1,College Students,27-05-2025
NY-CMP-2583,SEO,Tier 2 City Customers,,,55790.0,3541.0,1381.0,833.0,517293.0,343.7,0.81,English,10.32,Youth,19-09-2024
NY-CMP-37440,Email,Premium Shoppers,18.0,Facebook,77034.0,10766.0,2836.0,2072.0,1249416.0,40.78,13.79,Tamil,20.35,Tier 2 City Customers,
NY-CMP-52464,SEO,Tier 2 City Customers,18.0,"Email, WhatsApp, YouTube",19317.0,2194.0,1162.0,595.0,290360.0,302.56,0.61,Hindi,20.45,College Students,04-09-2024
NY-CMP-54771,Email,Youth,24.0,"Instagram, Email",76405.0,6201.0,2253.0,1368.0,311904.0,46.69,3.88,,12.86,Tier 2 City Customers,15-05-2025
NY-CMP-2281,Email,Premium Shoppers,24.0,"Google, Instagram, YouTube",12640.0,,986.0,461.0,191315.0,503.66,-0.18,Tamil,24.78,Premium Shoppers,22-12-2024
NY-CMP-7132,Social Media,Premium Shoppers,23.0,Email,24350.0,2031.0,810.0,254.0,74930.0,952.87,,Hindi,12.71,Tier 2 City Customers,29-10-2024
NY-CMP-43706,Influencer,College Students,27.0,"Instagram, Email",28010.0,3838.0,1892.0,569.0,445527.0,502.33,0.56,English,22.49,Youth,03-03-2025
NY-CMP-52993,Paid Ads,College Students,9.0,"Google, Email",29211.0,1918.0,778.0,568.0,340800.0,137.6,3.36,English,11.17,College Students,23-04-2025
NY-CMP-39228,Paid Ads,College Students,19.0,"Instagram, Email, Google",70936.0,8980.0,5093.0,2569.0,1081549.0,109.04,2.86,Tamil,23.46,Working Women,18-11-2024
NY-CMP-54292,Email,College Students,9.0,YouTube,,2454.0,628.0,284.0,157052.0,630.74,-0.12,Tamil,4.85,Premium Shoppers,18-11-2024
NY-CMP-51458,SEO,College Students,30.0,"Facebook, YouTube, WhatsApp",56698.0,3021.0,,759.0,597333.0,68.06,10.56,English,9.37,Working Women,13-04-2025
NY-CMP-48667,Influencer,Working Women,28.0,,16977.0,690.0,285.0,175.0,72450.0,355.41,0.16,Bengali,6.77,Working Women,27-07-2024
NY-CMP-2182,Social Media,Youth,8.0,"Google, Instagram, WhatsApp",32076.0,4611.0,1081.0,330.0,136290.0,731.82,-0.44,Bengali,18.77,Working Women,21-06-2025
NY-CMP-47419,SEO,College Students,5.0,"YouTube, Email, Facebook",30540.0,3534.0,1900.0,1517.0,338291.0,61.13,2.65,Bengali,22.76,College Students,07-02-2025
NY-CMP-2372,SEO,Youth,23.0,"YouTube, WhatsApp",74451.0,1962.0,637.0,197.0,102834.0,985.76,-0.47,Tamil,3.76,Youth,22-11-2024
NY-CMP-22987,Social Media,Tier 2 City Customers,17.0,"WhatsApp, YouTube",77998.0,7422.0,1888.0,1438.0,795214.0,157.88,2.5,Bengali,13.78,Premium Shoppers,27-09-2024
NY-CMP-17507,Social Media,Premium Shoppers,14.0,"Facebook, YouTube, Instagram",42219.0,2970.0,,693.0,294525.0,390.7,,Bengali,11.38,Youth,04-01-2025
NY-CMP-41579,SEO,Premium Shoppers,21.0,"Facebook, Instagram, WhatsApp",87480.0,8609.0,4174.0,2277.0,1181763.0,70.26,6.39,Tamil,17.22,Youth,14-08-2024
NY-CMP-28816,Social Media,Tier 2 City Customers,18.0,"Instagram, Google",44313.0,1158.0,587.0,216.0,100440.0,1204.82,-0.61,Bengali,4.43,Youth,26-03-2025
NY-CMP-16006,Paid Ads,Working Women,14.0,"WhatsApp, Instagram, Facebook",46169.0,1343.0,663.0,264.0,128304.0,811.18,-0.4,Hindi,4.92,College Students,15-12-2024
NY-CMP-3710,Email,College Students,29.0,"YouTube, Google, Instagram",59778.0,1237.0,603.0,364.0,182000.0,696.97,-0.28,Bengali,3.69,Premium Shoppers,28-07-2024
NY-CMP-18112,Paid Ads,Youth,29.0,"Instagram, Google",53560.0,2075.0,584.0,253.0,160908.0,303.21,1.1,Hindi,5.44,Working Women,21-03-2025
NY-CMP-36867,Paid Ads,Youth,19.0,Google,30813.0,3436.0,1322.0,947.0,248114.0,286.58,-0.09,English,18.51,,08-10-2024
NY-CMP-53200,Email,Tier 2 City Customers,22.0,Google,17048.0,2062.0,613.0,320.0,198080.0,763.92,-0.19,English,17.57,College Students,13-08-2024
NY-CMP-46987,Influencer,Premium Shoppers,22.0,"Google, YouTube",,818.0,169.0,94.0,38822.0,596.63,-0.31,Bengali,4.02,Premium Shoppers,08-10-2024
NY-CMP-11915,Social Media,College Students,18.0,YouTube,45318.0,3540.0,1605.0,,241280.0,339.2,0.23,Bengali,12.63,Premium Shoppers,16-07-2024
NY-CMP-41672,Email,Working Women,5.0,Google,24727.0,1191.0,,112.0,44128.0,2468.16,-0.84,Hindi,6.34,Premium Shoppers,26-09-2024
NY-CMP-3969,Email,College Students,5.0,WhatsApp,43692.0,6072.0,1354.0,960.0,287040.0,74.08,3.04,English,19.19,College Students,12-05-2025
NY-CMP-49956,Paid Ads,Youth,17.0,,,1006.0,446.0,212.0,87344.0,1181.87,-0.65,Tamil,9.48,,08-01-2025
NY-CMP-27443,Paid Ads,Premium Shoppers,11.0,"YouTube, Email, Google",82388.0,11112.0,2806.0,1084.0,241732.0,112.22,,Hindi,18.21,Tier 2 City Customers,31-03-2025
NY-CMP-8920,Influencer,College Students,18.0,"Google, WhatsApp",34777.0,4086.0,1284.0,,349864.0,239.17,0.69,Tamil,17.93,Youth,25-01-2025
NY-CMP-13687,,Premium Shoppers,7.0,"Facebook, Instagram",16035.0,1386.0,323.0,170.0,80070.0,766.77,-0.39,English,11.72,Youth,01-11-2024
NY-CMP-30563,Email,Premium Shoppers,7.0,YouTube,39697.0,1147.0,679.0,,125079.0,1058.0,-0.51,Hindi,5.21,Youth,28-03-2025
NY-CMP-6683,SEO,Working Women,13.0,"Facebook, Instagram, Email",93141.0,6792.0,,1440.0,360000.0,176.59,0.42,Bengali,13.18,College Students,29-05-2025
NY-CMP-48791,Influencer,Premium Shoppers,27.0,YouTube,24448.0,3435.0,767.0,596.0,247936.0,385.8,0.08,Hindi,19.63,Tier 2 City Customers,16-12-2024
NY-CMP-31393,Paid Ads,Working Women,25.0,"Instagram, YouTube",87952.0,,4229.0,2478.0,503034.0,102.5,0.98,Tamil,17.3,Premium Shoppers,25-01-2025
NY-CMP-17033,SEO,Youth,28.0,"Instagram, Facebook, WhatsApp",47847.0,5344.0,3085.0,1920.0,1461120.0,143.66,4.3,English,21.63,College Students,12-04-2025
NY-CMP-37675,Paid Ads,Tier 2 City Customers,,"Email, Instagram, YouTube",13730.0,,252.0,173.0,115218.0,939.9,-0.29,English,7.02,Tier 2 City Customers,12-09-2024
NY-CMP-10750,Social Media,Youth,9.0,"Facebook, Email",84965.0,8364.0,4898.0,2260.0,890440.0,42.02,8.38,Hindi,18.27,Premium Shoppers,06-04-2025
NY-CMP-2584,Paid Ads,Youth,10.0,"Instagram, YouTube",62713.0,2771.0,702.0,372.0,204972.0,463.06,0.19,Tamil,6.13,Tier 2 City Customers,10-11-2024
NY-CMP-2410,Social Media,Tier 2 City Customers,17.0,Email,12924.0,1240.0,399.0,298.0,61686.0,991.99,-0.79,Tamil,14.99,Youth,
NY-CMP-41489,Social Media,Working Women,20.0,"YouTube, Google, Facebook",65922.0,8209.0,2184.0,1397.0,729234.0,139.93,2.73,English,17.88,Youth,22-11-2024
NY-CMP-35966,SEO,Premium Shoppers,14.0,"YouTube, Email, Google",33585.0,2091.0,720.0,276.0,211140.0,,,Bengali,9.19,Youth,06-10-2024
NY-CMP-7887,Email,Tier 2 City Customers,29.0,"Facebook, Instagram, Email",94352.0,2605.0,882.0,374.0,143242.0,467.91,-0.18,,4.09,,22-04-2025
NY-CMP-37529,Influencer,Youth,7.0,Facebook,10325.0,1521.0,595.0,442.0,118898.0,348.3,-0.23,Tamil,24.77,Premium Shoppers,14-04-2025
NY-CMP-37515,Social Media,Tier 2 City Customers,20.0,,80213.0,6531.0,3877.0,1894.0,1509518.0,157.26,4.07,Hindi,15.34,,22-07-2024
NY-CMP-13645,Paid Ads,Tier 2 City Customers,,"YouTube, Google",71745.0,4879.0,1816.0,1337.0,530789.0,99.06,3.01,Bengali,11.2,College Students,15-11-2024
NY-CMP-26450,Paid Ads,Tier 2 City Customers,,"WhatsApp, Instagram",35848.0,3092.0,1622.0,598.0,174616.0,197.16,0.48,English,14.82,Youth,12-08-2024
NY-CMP-15759,Email,Tier 2 City Customers,30.0,Email,59657.0,4214.0,1866.0,1026.0,309852.0,105.22,1.87,Tamil,11.91,Tier 2 City Customers,04-08-2024
NY-CMP-23823,,Tier 2 City Customers,15.0,YouTube,,534.0,172.0,89.0,37291.0,2690.9,-0.84,Bengali,3.11,Premium Shoppers,13-12-2024
NY-CMP-12321,Social Media,Tier 2 City Customers,18.0,"WhatsApp, YouTube, Email",27639.0,2787.0,1278.0,737.0,252054.0,120.94,1.83,Bengali,17.37,Working Women,07-02-2025
NY-CMP-19466,Paid Ads,Working Women,9.0,Facebook,19285.0,1102.0,649.0,258.0,,264.81,0.65,Hindi,10.42,Premium Shoppers,09-11-2024
NY-CMP-45996,SEO,Working Women,7.0,YouTube,92123.0,13214.0,3583.0,2820.0,2162940.0,80.79,8.49,Tamil,21.29,College Students,09-07-2024
NY-CMP-49546,Email,Working Women,9.0,"YouTube, Email, Facebook",91972.0,2287.0,890.0,309.0,218154.0,,0.62,Tamil,3.79,Tier 2 City Customers,01-02-2025
NY-CMP-54316,SEO,Tier 2 City Customers,26.0,"YouTube, WhatsApp",92766.0,7654.0,3973.0,2089.0,703993.0,90.36,2.73,Tamil,14.79,Youth,25-07-2024
NY-CMP-14649,SEO,Youth,14.0,Instagram,90700.0,10695.0,6030.0,3339.0,2333961.0,57.36,11.19,Hindi,22.12,Tier 2 City Customers,21-05-2025
NY-CMP-36061,Influencer,Youth,23.0,Google,94559.0,7076.0,1458.0,,117553.0,614.39,-0.56,Bengali,9.49,Tier 2 City Customers,02-09-2024
NY-CMP-42543,,College Students,28.0,Instagram,14901.0,1239.0,289.0,106.0,46852.0,2410.07,-0.82,Bengali,10.97,Premium Shoppers,11-11-2024
NY-CMP-53242,Social Media,Youth,16.0,WhatsApp,66748.0,7557.0,2540.0,1389.0,990357.0,104.57,5.82,Hindi,17.21,College Students,18-11-2024
NY-CMP-9450,Email,Youth,29.0,Google,56540.0,3114.0,1699.0,1320.0,600600.0,197.23,1.31,Bengali,10.85,Working Women,22-05-2025
NY-CMP-53185,Paid Ads,College Students,5.0,Google,70177.0,6600.0,3201.0,2353.0,1630629.0,97.03,,Hindi,17.32,College Students,18-10-2024
NY-CMP-11575,,College Students,25.0,"WhatsApp, Email, Facebook",42495.0,5131.0,,778.0,,381.19,0.32,Bengali,16.5,Premium Shoppers,04-04-2025
NY-CMP-9543,SEO,Youth,17.0,"Google, Email",15900.0,1271.0,715.0,509.0,401092.0,,2.16,English,15.69,Tier 2 City Customers,02-06-2025
NY-CMP-20722,Email,Youth,28.0,"Google, Instagram",65384.0,9074.0,1868.0,1010.0,551460.0,270.46,1.02,English,,Working Women,29-10-2024
NY-CMP-7658,Influencer,Working Women,6.0,"Instagram, Email",92998.0,6100.0,2314.0,1440.0,603360.0,70.91,4.91,Bengali,10.6,Tier 2 City Customers,11-05-2025
NY-CMP-8266,Social Media,Premium Shoppers,22.0,Email,19505.0,2892.0,952.0,552.0,142416.0,507.18,-0.49,Hindi,22.54,Youth,24-05-2025
NY-CMP-39423,Social Media,College Students,8.0,Email,38277.0,2742.0,619.0,,47880.0,1212.27,-0.83,English,9.38,College Students,19-12-2024
NY-CMP-55020,SEO,Tier 2 City Customers,22.0,,47158.0,,974.0,661.0,223418.0,146.41,1.31,Tamil,6.99,Tier 2 City Customers,08-09-2024
NY-CMP-55170,SEO,Working Women,23.0,"Email, Google, WhatsApp",89319.0,5991.0,3031.0,1951.0,1047687.0,60.45,7.88,Bengali,12.29,College Students,22-05-2025
NY-CMP-41094,Social Media,College Students,11.0,"YouTube, Instagram",76750.0,7779.0,3798.0,1245.0,581415.0,172.98,1.7,Hindi,16.71,Tier 2 City Customers,09-09-2024
NY-CMP-1697,Email,Tier 2 City Customers,24.0,,41505.0,5415.0,2839.0,1184.0,610944.0,190.23,1.71,Hindi,22.74,College Students,17-12-2024
NY-CMP-38917,Paid Ads,Youth,9.0,"YouTube, Email",75626.0,,2312.0,990.0,628650.0,133.44,3.76,,9.49,Tier 2 City Customers,30-05-2025
NY-CMP-4189,Influencer,Working Women,5.0,,27821.0,2922.0,970.0,732.0,153720.0,205.25,0.02,,16.62,Youth,21-12-2024
NY-CMP-52473,SEO,Premium Shoppers,25.0,"YouTube, WhatsApp, Email",50201.0,6345.0,2874.0,1013.0,458889.0,144.01,2.15,Tamil,20.38,College Students,03-10-2024
NY-CMP-5252,SEO,Premium Shoppers,27.0,"Facebook, Google, Email",61220.0,8360.0,4834.0,1676.0,968728.0,32.82,16.61,Hindi,24.29,Premium Shoppers,14-11-2024
NY-CMP-38652,Influencer,College Students,23.0,"Facebook, Google, Instagram",23326.0,929.0,285.0,209.0,163020.0,1383.15,-0.44,Tamil,6.1,College Students,17-11-2024
NY-CMP-52737,,Premium Shoppers,6.0,"WhatsApp, Facebook, Email",45883.0,3858.0,2302.0,1046.0,532414.0,,8.77,Hindi,15.71,College Students,23-04-2025
NY-CMP-16132,Social Media,Working Women,15.0,YouTube,,487.0,196.0,153.0,122094.0,615.08,0.3,Bengali,6.54,Working Women,28-04-2025
NY-CMP-15013,Social Media,Tier 2 City Customers,6.0,"Facebook, YouTube",60663.0,1429.0,446.0,229.0,183200.0,1075.14,,Tamil,3.47,Working Women,07-06-2025
NY-CMP-20891,Influencer,Youth,6.0,"Google, Facebook",38350.0,1976.0,906.0,,161070.0,603.97,-0.02,Hindi,8.23,Tier 2 City Customers,16-06-2025
NY-CMP-49887,Social Media,Working Women,20.0,"Facebook, Email, WhatsApp",74795.0,4687.0,1478.0,1090.0,792430.0,166.01,3.38,,9.7,College Students,20-05-2025
NY-CMP-2842,SEO,College Students,9.0,"WhatsApp, Instagram",18627.0,,875.0,293.0,209495.0,194.11,2.68,Tamil,14.46,College Students,27-10-2024
NY-CMP-42840,Influencer,Tier 2 City Customers,21.0,Google,26594.0,2686.0,1299.0,423.0,333324.0,671.84,0.17,English,16.58,Premium Shoppers,16-09-2024
NY-CMP-13331,SEO,Youth,25.0,"YouTube, Google, Facebook",75655.0,2860.0,1285.0,747.0,191979.0,89.5,1.87,Tamil,6.47,College Students,23-02-2025
NY-CMP-30502,Social Media,College Students,22.0,"Google, Instagram",88136.0,10065.0,2680.0,1768.0,871624.0,116.37,3.24,Bengali,16.47,Premium Shoppers,10-04-2025
NY-CMP-9357,Paid Ads,College Students,12.0,"Google, WhatsApp",29816.0,657.0,155.0,101.0,45147.0,754.42,-0.41,Hindi,3.06,Youth,05-05-2025
NY-CMP-4882,Influencer,Premium Shoppers,23.0,YouTube,57719.0,4327.0,1365.0,664.0,198536.0,100.31,1.98,English,11.01,Tier 2 City Customers,05-10-2024
NY-CMP-5097,,Youth,6.0,"YouTube, WhatsApp, Google",,1869.0,763.0,595.0,358190.0,224.04,1.69,Bengali,6.1,Premium Shoppers,19-03-2025
NY-CMP-20409,Influencer,College Students,27.0,"YouTube, Google",79985.0,11220.0,5982.0,4060.0,3093720.0,38.44,18.82,Hindi,26.58,Tier 2 City Customers,01-08-2024
NY-CMP-47433,Influencer,College Students,10.0,Google,32976.0,3761.0,1223.0,949.0,,154.38,0.81,Bengali,17.99,Working Women,11-02-2025
NY-CMP-39434,Influencer,Youth,22.0,Facebook,14833.0,1520.0,573.0,443.0,101447.0,474.21,-0.52,Hindi,17.1,Tier 2 City Customers,15-05-2025
NY-CMP-47761,Paid Ads,Working Women,23.0,Google,40805.0,5087.0,2408.0,1550.0,644800.0,86.25,3.82,Tamil,22.17,Tier 2 City Customers,17-12-2024
NY-CMP-37920,Influencer,Premium Shoppers,23.0,WhatsApp,90501.0,6958.0,2316.0,1850.0,370000.0,56.53,2.54,Bengali,12.29,,31-12-2024
NY-CMP-22184,Influencer,Working Women,25.0,Google,82375.0,7571.0,3495.0,2520.0,1645560.0,114.99,4.68,Tamil,16.49,Tier 2 City Customers,25-08-2024
NY-CMP-52477,Email,College Students,10.0,"Instagram, YouTube",11646.0,649.0,375.0,116.0,71572.0,1480.38,-0.58,Tamil,9.79,College Students,08-05-2025
NY-CMP-9182,Influencer,College Students,9.0,"Facebook, Instagram",71246.0,1817.0,653.0,477.0,261396.0,227.61,1.41,Hindi,4.14,Tier 2 City Customers,18-10-2024
NY-CMP-30931,Influencer,Premium Shoppers,27.0,Google,90219.0,8301.0,3391.0,2607.0,1957857.0,97.59,,Hindi,15.85,Premium Shoppers,02-04-2025
NY-CMP-54152,Paid Ads,Tier 2 City Customers,5.0,"Facebook, Instagram",15408.0,478.0,258.0,152.0,54568.0,624.56,-0.43,Bengali,5.76,Tier 2 City Customers,14-07-2024
NY-CMP-36101,Social Media,College Students,7.0,"Email, Instagram",50464.0,7191.0,3573.0,1936.0,737616.0,113.67,2.35,English,25.17,Youth,09-07-2024
NY-CMP-15000,Influencer,Youth,17.0,"Email, Facebook, Google",74696.0,2189.0,736.0,392.0,147784.0,267.1,0.41,Tamil,4.44,,06-07-2024
NY-CMP-27242,Paid Ads,College Students,23.0,"WhatsApp, Email, Instagram",,745.0,425.0,159.0,115275.0,1014.61,-0.29,Tamil,4.53,Tier 2 City Customers,19-03-2025
NY-CMP-25674,Email,Working Women,21.0,"Facebook, Instagram, Email",55725.0,5065.0,1118.0,828.0,395784.0,242.05,0.97,English,12.58,College Students,01-04-2025
NY-CMP-51528,Influencer,Youth,26.0,Facebook,78301.0,7943.0,4495.0,1621.0,1069860.0,143.95,3.58,Tamil,17.96,College Students,07-10-2024
NY-CMP-55910,Email,College Students,22.0,"Facebook, Instagram",42573.0,3538.0,750.0,409.0,160737.0,490.31,-0.2,Tamil,11.03,College Students,11-12-2024
NY-CMP-24942,Social Media,Premium Shoppers,11.0,,76778.0,9770.0,3099.0,1680.0,1029840.0,106.0,4.78,Tamil,18.95,Tier 2 City Customers,16-04-2025
NY-CMP-3191,Paid Ads,Youth,,"Facebook, WhatsApp",55353.0,5057.0,1190.0,890.0,551800.0,183.81,2.37,Bengali,12.89,Premium Shoppers,02-10-2024
NY-CMP-48898,Social Media,Premium Shoppers,16.0,"Facebook, YouTube",72189.0,7366.0,3271.0,1582.0,963438.0,105.45,4.78,Hindi,16.93,Tier 2 City Customers,08-11-2024
NY-CMP-33071,Social Media,Working Women,6.0,WhatsApp,66281.0,7458.0,1876.0,1460.0,306600.0,,2.53,Bengali,16.29,Tier 2 City Customers,13-10-2024
NY-CMP-36883,Paid Ads,College Students,24.0,"Google, Facebook",,6595.0,3387.0,2444.0,1544608.0,74.06,7.53,Tamil,17.41,Premium Shoppers,14-11-2024
NY-CMP-8272,Paid Ads,Premium Shoppers,26.0,"YouTube, Facebook",18010.0,2389.0,914.0,716.0,525544.0,72.53,9.12,Hindi,22.32,College Students,05-07-2024
NY-CMP-48503,SEO,Premium Shoppers,24.0,WhatsApp,59911.0,3210.0,1073.0,637.0,308308.0,275.81,0.75,Hindi,8.21,Tier 2 City Customers,22-02-2025
NY-CMP-27742,Influencer,Youth,8.0,"Email, YouTube",12125.0,,598.0,351.0,125307.0,155.68,1.29,Hindi,16.8,Premium Shoppers,08-10-2024
NY-CMP-51715,SEO,Tier 2 City Customers,28.0,"Facebook, Google, YouTube",61609.0,2154.0,702.0,311.0,192820.0,227.1,1.73,Hindi,5.14,Working Women,07-11-2024
NY-CMP-37604,Paid Ads,Tier 2 City Customers,22.0,"Email, WhatsApp",11507.0,1123.0,317.0,177.0,85314.0,1246.88,-0.61,Hindi,14.05,College Students,10-08-2024
NY-CMP-34602,SEO,Tier 2 City Customers,13.0,Email,66197.0,4045.0,1383.0,552.0,133584.0,289.37,-0.16,Bengali,,Youth,08-02-2025
NY-CMP-11445,Paid Ads,Premium Shoppers,29.0,YouTube,90542.0,11306.0,,3436.0,1175112.0,76.9,3.45,Hindi,22.76,Premium Shoppers,01-05-2025
NY-CMP-46616,Social Media,Premium Shoppers,24.0,"WhatsApp, Google, Email",50368.0,5347.0,1855.0,1095.0,312075.0,160.81,0.77,Bengali,16.47,Tier 2 City Customers,29-09-2024
NY-CMP-52215,Paid Ads,Tier 2 City Customers,25.0,Instagram,50364.0,2216.0,945.0,600.0,,361.46,0.15,Tamil,7.47,Youth,14-10-2024
NY-CMP-45000,Social Media,College Students,10.0,"WhatsApp, Email",12613.0,1342.0,389.0,187.0,96118.0,346.02,0.49,Hindi,15.21,Tier 2 City Customers,12-03-2025
NY-CMP-14398,Paid Ads,Premium Shoppers,14.0,Instagram,44752.0,4542.0,939.0,451.0,163262.0,201.21,0.8,Hindi,13.26,Tier 2 City Customers,
NY-CMP-4095,Influencer,Premium Shoppers,13.0,Email,30323.0,,880.0,512.0,360448.0,340.78,1.07,Hindi,11.67,Premium Shoppers,03-12-2024
NY-CMP-46651,SEO,Youth,27.0,"YouTube, Email",17185.0,945.0,487.0,373.0,,646.13,0.06,Bengali,10.5,Youth,26-08-2024
NY-CMP-10485,Email,Youth,22.0,"YouTube, Google",90469.0,2231.0,843.0,283.0,193289.0,904.46,-0.24,Bengali,3.71,,28-05-2025
NY-CMP-51383,Social Media,Tier 2 City Customers,28.0,Instagram,21852.0,2072.0,1179.0,488.0,178120.0,320.31,0.14,Hindi,17.11,College Students,
NY-CMP-27593,Social Media,Working Women,12.0,"Facebook, Instagram, Email",90157.0,3475.0,1011.0,643.0,210904.0,396.82,-0.17,Hindi,5.69,Working Women,22-07-2024
NY-CMP-46796,Social Media,Youth,21.0,"Instagram, Email, Google",,2704.0,958.0,590.0,207680.0,245.56,0.43,Tamil,5.19,Working Women,06-03-2025
NY-CMP-11113,Influencer,Premium Shoppers,24.0,Email,67989.0,6708.0,1564.0,662.0,214488.0,422.86,-0.23,Tamil,13.14,Working Women,26-09-2024
NY-CMP-37209,Paid Ads,Tier 2 City Customers,8.0,Instagram,72043.0,9423.0,4060.0,1892.0,981948.0,90.65,4.73,Bengali,21.34,,03-03-2025
NY-CMP-23510,SEO,Working Women,11.0,Instagram,17402.0,1308.0,301.0,177.0,43188.0,856.19,-0.72,Hindi,10.26,College Students,06-04-2025
NY-CMP-28067,Influencer,College Students,8.0,"Email, YouTube",23619.0,2365.0,1307.0,977.0,615510.0,255.85,1.46,Hindi,19.68,Tier 2 City Customers,19-01-2025
NY-CMP-38144,SEO,College Students,14.0,"Email, Facebook, YouTube",60450.0,4063.0,,1217.0,861636.0,118.91,4.95,Tamil,11.55,Premium Shoppers,25-08-2024
NY-CMP-39959,Email,Premium Shoppers,11.0,,96809.0,14142.0,7398.0,3349.0,1178848.0,74.5,3.72,Bengali,25.71,Working Women,21-03-2025
NY-CMP-42259,SEO,Premium Shoppers,15.0,"Google, Facebook, Email",40134.0,5264.0,2033.0,1107.0,440586.0,67.21,4.92,Bengali,20.94,Working Women,02-08-2024
NY-CMP-21251,,College Students,25.0,"Email, Instagram",61447.0,2828.0,585.0,341.0,194029.0,491.8,0.16,English,6.11,Tier 2 City Customers,26-01-2025
NY-CMP-5679,Social Media,Youth,10.0,"Google, Email",,7381.0,3429.0,1266.0,812772.0,101.19,5.34,Tamil,22.12,Tier 2 City Customers,25-12-2024
NY-CMP-30758,Email,Youth,,YouTube,77383.0,7679.0,1735.0,1013.0,235016.0,153.45,0.51,Tamil,13.47,Youth,18-01-2025
NY-CMP-3893,SEO,Tier 2 City Customers,24.0,"Facebook, Email, YouTube",,6313.0,3352.0,1257.0,258942.0,110.48,0.86,Hindi,25.4,Working Women,16-07-2024
NY-CMP-42046,Influencer,Youth,22.0,"Google, Email",36193.0,5244.0,2685.0,879.0,315561.0,269.95,0.33,Tamil,24.34,Premium Shoppers,19-11-2024
NY-CMP-4142,Email,Tier 2 City Customers,19.0,"Google, YouTube, Email",68155.0,5710.0,3044.0,1773.0,691470.0,140.92,1.77,Hindi,15.45,College Students,17-04-2025
NY-CMP-53695,Influencer,Youth,23.0,"YouTube, Facebook",21120.0,936.0,492.0,269.0,74782.0,731.07,-0.62,Bengali,8.04,Premium Shoppers,03-12-2024
NY-CMP-9740,Email,Youth,17.0,"YouTube, Instagram",69372.0,7339.0,3660.0,1816.0,528456.0,108.9,,Bengali,18.47,Youth,11-05-2025
NY-CMP-50753,SEO,College Students,7.0,"Instagram, Facebook",21481.0,697.0,415.0,280.0,64960.0,,-0.76,,6.48,Working Women,16-08-2024
NY-CMP-7793,Email,Premium Shoppers,11.0,Google,82810.0,10372.0,5189.0,2657.0,1692509.0,99.89,5.38,Bengali,22.0,College Students,23-02-2025
NY-CMP-49422,Paid Ads,Premium Shoppers,16.0,"Google, Facebook",59598.0,4067.0,1430.0,889.0,672084.0,303.28,1.49,English,10.72,Working Women,02-12-2024
NY-CMP-17987,Social Media,College Students,12.0,"YouTube, Facebook, Instagram",20505.0,2891.0,,,793902.0,103.24,4.95,Tamil,28.68,College Students,05-07-2024
NY-CMP-2661,Paid Ads,Working Women,5.0,"YouTube, Facebook, Instagram",89637.0,2224.0,846.0,527.0,296701.0,534.87,,,4.01,Premium Shoppers,27-02-2025
NY-CMP-4661,SEO,Tier 2 City Customers,25.0,"Google, YouTube",53982.0,2109.0,748.0,555.0,174825.0,250.54,0.26,English,6.32,Working Women,14-02-2025
NY-CMP-46636,Social Media,Premium Shoppers,28.0,"Google, Instagram, YouTube",55230.0,3481.0,889.0,346.0,192376.0,851.39,-0.35,Tamil,8.54,Youth,
NY-CMP-49960,SEO,College Students,10.0,Google,99266.0,14827.0,3037.0,1108.0,305808.0,137.97,1.0,Hindi,19.11,Youth,31-10-2024
NY-CMP-18432,Paid Ads,Tier 2 City Customers,21.0,WhatsApp,65104.0,2528.0,1155.0,741.0,239343.0,105.34,2.07,Hindi,6.8,Premium Shoppers,
NY-CMP-15528,Paid Ads,College Students,25.0,"Google, YouTube",36907.0,1642.0,610.0,226.0,,884.11,-0.51,Hindi,6.71,Premium Shoppers,04-09-2024
NY-CMP-36700,Paid Ads,Working Women,24.0,Email,49296.0,,501.0,150.0,34650.0,1714.91,-0.87,Hindi,4.72,Youth,16-05-2025
NY-CMP-12359,Paid Ads,Working Women,19.0,"Facebook, WhatsApp, YouTube",76069.0,2215.0,984.0,754.0,269178.0,89.31,3.0,Bengali,5.2,Youth,20-12-2024
NY-CMP-29998,SEO,Premium Shoppers,30.0,"Facebook, Google",39619.0,2883.0,588.0,274.0,112066.0,706.62,-0.42,English,9.45,Working Women,22-12-2024
NY-CMP-41917,Email,Premium Shoppers,15.0,"Instagram, WhatsApp",12135.0,1168.0,681.0,365.0,168995.0,276.86,0.67,Hindi,18.24,Tier 2 City Customers,27-04-2025
NY-CMP-11522,Influencer,Tier 2 City Customers,17.0,"Instagram, Facebook, Email",59033.0,5109.0,,862.0,209466.0,291.06,-0.17,Tamil,12.42,Working Women,
NY-CMP-2670,Influencer,,19.0,WhatsApp,44264.0,6413.0,2701.0,1463.0,633479.0,93.92,3.61,Bengali,23.9,Working Women,14-01-2025
NY-CMP-38399,SEO,Premium Shoppers,8.0,"WhatsApp, Facebook",27791.0,2463.0,520.0,272.0,84320.0,,-0.66,Hindi,11.71,Youth,23-08-2024
NY-CMP-49150,,Tier 2 City Customers,14.0,"WhatsApp, Google",47913.0,3693.0,2144.0,,580707.0,287.86,0.98,English,14.31,Tier 2 City Customers,19-03-2025
NY-CMP-15513,Influencer,College Students,20.0,"WhatsApp, Facebook",75739.0,10024.0,2542.0,856.0,219992.0,,0.95,Tamil,17.72,Working Women,26-10-2024
NY-CMP-8845,Social Media,Working Women,6.0,"WhatsApp, Email, YouTube",97271.0,14326.0,3212.0,1433.0,772387.0,112.33,3.8,Tamil,19.5,Tier 2 City Customers,05-10-2024
NY-CMP-17714,Influencer,Youth,16.0,Google,,,157.0,110.0,56540.0,1217.12,-0.58,English,4.53,Youth,24-07-2024
NY-CMP-38969,SEO,College Students,13.0,Google,21344.0,1164.0,576.0,194.0,125712.0,792.93,-0.18,Tamil,9.06,Tier 2 City Customers,24-04-2025
NY-CMP-39901,Paid Ads,College Students,7.0,Instagram,32982.0,2387.0,519.0,367.0,,224.31,2.12,Bengali,9.92,Tier 2 City Customers,19-06-2025
NY-CMP-24709,SEO,College Students,13.0,"Facebook, YouTube",94931.0,10149.0,4068.0,,1771280.0,63.89,7.76,,18.31,Premium Shoppers,28-02-2025
NY-CMP-2621,SEO,Youth,23.0,"YouTube, Email",94192.0,11896.0,7017.0,3048.0,,44.4,15.28,Bengali,,Premium Shoppers,14-10-2024
NY-CMP-40571,Email,Premium Shoppers,10.0,"YouTube, Facebook",90272.0,2168.0,671.0,467.0,131694.0,235.86,0.2,Hindi,3.66,Youth,
NY-CMP-38776,Social Media,Working Women,5.0,Email,53410.0,4082.0,903.0,710.0,414640.0,155.99,2.74,English,,Youth,02-09-2024
NY-CMP-43111,Social Media,Premium Shoppers,7.0,"YouTube, Email",61845.0,5758.0,1162.0,796.0,552424.0,168.6,3.12,English,12.48,Working Women,29-07-2024
NY-CMP-40473,Influencer,Youth,7.0,YouTube,,3615.0,1666.0,608.0,484576.0,171.98,3.63,Tamil,15.08,Premium Shoppers,27-01-2025
NY-CMP-37944,Influencer,Working Women,8.0,"Email, Google",28834.0,2268.0,713.0,311.0,194686.0,846.41,,Bengali,11.42,Premium Shoppers,11-08-2024
NY-CMP-51561,Influencer,Tier 2 City Customers,6.0,"WhatsApp, Instagram",27253.0,3411.0,1681.0,753.0,451047.0,172.62,2.47,Bengali,21.45,Working Women,30-12-2024
NY-CMP-45970,Paid Ads,Youth,5.0,"YouTube, Email, Google",81520.0,9542.0,3779.0,1389.0,576435.0,47.46,7.74,English,18.04,Youth,02-02-2025
NY-CMP-22222,Email,Tier 2 City Customers,13.0,"WhatsApp, Instagram, Facebook",92868.0,9857.0,2230.0,678.0,524772.0,178.78,3.33,Bengali,13.75,Tier 2 City Customers,15-08-2024
NY-CMP-45234,SEO,Youth,5.0,"Google, YouTube",95361.0,4940.0,1301.0,637.0,129311.0,,-0.39,Hindi,7.21,Tier 2 City Customers,23-07-2024
NY-CMP-10118,Paid Ads,Tier 2 City Customers,13.0,Google,27282.0,1464.0,848.0,394.0,119382.0,577.37,-0.48,,9.92,Tier 2 City Customers,27-08-2024
NY-CMP-15916,SEO,Premium Shoppers,5.0,"Google, Email, Facebook",21131.0,3047.0,1148.0,687.0,,426.93,0.26,Tamil,23.1,Youth,11-09-2024
NY-CMP-52264,Email,Youth,24.0,"WhatsApp, Instagram, Email",23889.0,1782.0,796.0,558.0,259470.0,291.78,0.59,Bengali,13.13,Premium Shoppers,17-03-2025
NY-CMP-14077,Email,Youth,10.0,Facebook,29239.0,2425.0,729.0,542.0,192952.0,153.7,1.32,Tamil,12.64,Youth,26-05-2025
NY-CMP-20269,Paid Ads,Premium Shoppers,23.0,WhatsApp,93821.0,9446.0,5259.0,3910.0,2490670.0,30.54,19.86,Bengali,19.84,College Students,09-10-2024
NY-CMP-9145,Email,Tier 2 City Customers,20.0,"Email, Facebook",15295.0,403.0,162.0,100.0,58500.0,,-0.61,Hindi,4.35,Youth,09-09-2024
NY-CMP-18348,Email,Youth,12.0,"WhatsApp, Instagram",82789.0,9658.0,3088.0,2166.0,1349418.0,82.6,6.54,Bengali,18.01,Working Women,28-03-2025
NY-CMP-17420,Email,College Students,5.0,"WhatsApp, YouTube, Facebook",92019.0,9368.0,2467.0,777.0,445221.0,318.36,0.8,Hindi,13.71,Tier 2 City Customers,23-02-2025
NY-CMP-11801,Email,Youth,20.0,"WhatsApp, Instagram",90208.0,11283.0,6478.0,2426.0,594370.0,98.36,1.49,Tamil,22.38,Premium Shoppers,23-12-2024
NY-CMP-10553,Paid Ads,Premium Shoppers,14.0,"Instagram, WhatsApp",64203.0,3280.0,862.0,456.0,137712.0,,-0.34,Tamil,7.16,Working Women,15-03-2025
NY-CMP-14924,Paid Ads,Premium Shoppers,19.0,"YouTube, Facebook",71555.0,6361.0,3215.0,1760.0,394240.0,85.89,1.61,Bengali,15.84,Tier 2 City Customers,22-11-2024
NY-CMP-51169,Email,Working Women,10.0,"Google, YouTube, Facebook",49692.0,4968.0,2494.0,,573118.0,136.77,2.43,Tamil,17.48,Youth,21-03-2025
NY-CMP-30718,Social Media,Premium Shoppers,24.0,"Facebook, Google",45829.0,1010.0,526.0,372.0,271932.0,397.55,0.84,Tamil,4.16,Premium Shoppers,24-10-2024
NY-CMP-3592,Social Media,,27.0,"YouTube, WhatsApp, Facebook",79962.0,11844.0,4151.0,2371.0,1266114.0,42.33,11.62,Tamil,22.97,College Students,30-03-2025
NY-CMP-50281,Social Media,,18.0,"Facebook, WhatsApp",74159.0,9625.0,2577.0,1874.0,633412.0,125.95,1.68,Tamil,18.98,Premium Shoppers,03-01-2025
NY-CMP-19087,SEO,,9.0,"Instagram, Email",65620.0,8419.0,2830.0,2044.0,,54.36,10.13,Bengali,20.26,Youth,
NY-CMP-9788,Paid Ads,Premium Shoppers,11.0,"Email, YouTube, Facebook",27928.0,678.0,140.0,98.0,41748.0,2663.3,-0.84,Tamil,3.28,Youth,22-11-2024
NY-CMP-4761,SEO,Working Women,9.0,Instagram,23312.0,3268.0,1215.0,810.0,583200.0,321.84,1.24,English,22.71,Tier 2 City Customers,14-12-2024
NY-CMP-4393,SEO,Youth,24.0,"Facebook, WhatsApp, Google",,4224.0,2281.0,1223.0,332656.0,148.89,0.83,Hindi,8.84,Premium Shoppers,26-03-2025
NY-CMP-47594,Paid Ads,Premium Shoppers,22.0,"Instagram, Email, Facebook",43332.0,2490.0,947.0,491.0,176760.0,109.49,2.29,Tamil,9.06,Youth,07-10-2024
NY-CMP-18598,Influencer,Youth,23.0,"Email, Google, Instagram",32204.0,3041.0,1034.0,404.0,197556.0,197.36,1.48,Tamil,13.91,Youth,26-02-2025
NY-CMP-47053,Social Media,College Students,26.0,"Google, YouTube",29722.0,2317.0,600.0,288.0,125280.0,783.99,-0.45,Bengali,10.78,Youth,05-09-2024
NY-CMP-17392,Paid Ads,College Students,29.0,,77541.0,2127.0,928.0,535.0,301205.0,520.73,0.08,Hindi,4.63,College Students,27-11-2024
NY-CMP-6954,SEO,Youth,18.0,"WhatsApp, Facebook, Email",91447.0,13409.0,7005.0,3490.0,2160310.0,41.98,13.75,Tamil,26.14,,30-08-2024
NY-CMP-34173,Email,Working Women,24.0,"Facebook, Email",40707.0,3210.0,833.0,471.0,232674.0,,1.09,Tamil,11.09,Premium Shoppers,28-09-2024
NY-CMP-17290,Email,College Students,12.0,Google,52883.0,7885.0,2598.0,1471.0,307439.0,55.0,2.8,Bengali,22.6,Tier 2 City Customers,02-10-2024
NY-CMP-52353,SEO,Tier 2 City Customers,29.0,"WhatsApp, Google",83092.0,6663.0,1938.0,938.0,542164.0,270.83,1.13,English,11.48,Tier 2 City Customers,31-07-2024
NY-CMP-18802,SEO,Working Women,23.0,"Email, YouTube, WhatsApp",61404.0,2313.0,1166.0,534.0,244572.0,555.79,-0.18,Hindi,6.54,Working Women,18-04-2025
NY-CMP-38218,SEO,Working Women,10.0,Instagram,23262.0,694.0,339.0,124.0,56296.0,2086.16,-0.78,Bengali,4.97,,23-11-2024
NY-CMP-3098,SEO,Working Women,24.0,"Instagram, Email",,11654.0,4133.0,2022.0,,39.87,15.55,Bengali,21.42,College Students,22-11-2024
NY-CMP-36015,Email,College Students,29.0,"Google, Email, Instagram",52612.0,,857.0,447.0,145722.0,333.47,-0.02,English,6.43,Working Women,23-07-2024
NY-CMP-41269,Paid Ads,Youth,30.0,WhatsApp,94211.0,,5076.0,2075.0,931675.0,30.44,13.75,Hindi,19.99,College Students,30-09-2024
NY-CMP-35452,Influencer,Working Women,29.0,Instagram,78523.0,1865.0,537.0,,91960.0,492.35,-0.11,Bengali,3.33,Tier 2 City Customers,15-09-2024
NY-CMP-1659,Paid Ads,Premium Shoppers,15.0,"Google, Email, WhatsApp",41701.0,1469.0,760.0,438.0,168192.0,360.46,0.07,Tamil,6.4,Working Women,13-03-2025
NY-CMP-44916,,Youth,29.0,"YouTube, Instagram, Facebook",32983.0,3628.0,1594.0,561.0,447117.0,130.95,5.09,English,17.53,Tier 2 City Customers,13-11-2024
NY-CMP-16135,,Tier 2 City Customers,28.0,"WhatsApp, YouTube, Facebook",51068.0,,2885.0,1069.0,566570.0,128.09,3.14,Tamil,,College Students,21-05-2025
NY-CMP-33056,Email,College Students,26.0,"WhatsApp, Facebook",79645.0,4815.0,1127.0,499.0,349300.0,126.14,4.55,English,,Premium Shoppers,26-09-2024
NY-CMP-47908,Influencer,Premium Shoppers,13.0,Google,67630.0,2245.0,1324.0,436.0,267704.0,608.57,0.01,English,5.92,Premium Shoppers,18-08-2024
NY-CMP-40368,Social Media,Working Women,16.0,WhatsApp,16329.0,1735.0,870.0,576.0,351936.0,214.95,1.84,English,19.48,Tier 2 City Customers,03-10-2024
NY-CMP-55773,Email,College Students,11.0,WhatsApp,,4006.0,1503.0,729.0,,293.4,0.26,,,Working Women,01-01-2025
NY-CMP-16189,Social Media,Working Women,18.0,"Facebook, Google",19684.0,2900.0,,1005.0,572850.0,154.82,2.68,Tamil,26.64,Youth,23-05-2025
NY-CMP-30679,Influencer,Working Women,19.0,"Instagram, YouTube, Google",36931.0,4217.0,2208.0,1337.0,759416.0,79.42,6.15,Hindi,21.02,College Students,17-07-2024
NY-CMP-14609,Social Media,College Students,22.0,"Facebook, Email, Instagram",71872.0,9508.0,3938.0,2247.0,874083.0,123.16,2.16,Hindi,21.83,Working Women,29-09-2024
NY-CMP-29882,SEO,Premium Shoppers,26.0,"YouTube, Facebook",20909.0,2315.0,1354.0,629.0,214489.0,125.1,1.73,Tamil,20.56,Youth,17-04-2025
NY-CMP-47117,Social Media,College Students,19.0,"Email, WhatsApp, Google",67683.0,3891.0,1970.0,852.0,559764.0,222.08,1.96,Bengali,9.92,Tier 2 City Customers,22-04-2025
NY-CMP-13263,Paid Ads,Youth,11.0,"WhatsApp, Google, Instagram",79818.0,3007.0,1344.0,640.0,156160.0,273.44,-0.11,English,6.25,College Students,16-10-2024
NY-CMP-12645,SEO,College Students,8.0,"Facebook, Instagram, YouTube",,,614.0,357.0,262038.0,255.43,1.87,English,4.79,Tier 2 City Customers,13-03-2025
NY-CMP-1729,Influencer,Tier 2 City Customers,29.0,"Google, Email, Instagram",34715.0,2635.0,793.0,596.0,405876.0,366.46,,Tamil,11.59,Tier 2 City Customers,21-01-2025
NY-CMP-2414,Influencer,College Students,13.0,Google,54793.0,8172.0,4745.0,3090.0,1489380.0,89.17,4.41,Hindi,29.21,Premium Shoppers,26-03-2025
NY-CMP-30357,Influencer,Youth,20.0,"WhatsApp, Instagram, Google",91641.0,10760.0,3923.0,3010.0,1357510.0,92.65,3.87,Bengali,19.31,Tier 2 City Customers,14-05-2025
NY-CMP-35951,Influencer,Working Women,14.0,"WhatsApp, Google, Facebook",82470.0,6392.0,2721.0,1956.0,655260.0,137.5,1.44,English,13.42,Youth,
NY-CMP-28496,Paid Ads,College Students,10.0,"Email, WhatsApp, Facebook",52195.0,7123.0,4037.0,2416.0,1848240.0,83.62,8.15,Tamil,26.01,Working Women,14-03-2025
NY-CMP-39820,SEO,Tier 2 City Customers,12.0,Google,73840.0,5782.0,1348.0,977.0,668268.0,279.1,1.45,Hindi,10.98,Working Women,02-11-2024
NY-CMP-14856,Influencer,Tier 2 City Customers,27.0,"Google, WhatsApp, Email",43542.0,5532.0,,1653.0,495900.0,152.55,0.97,English,21.96,Working Women,05-03-2025
NY-CMP-41334,Influencer,College Students,19.0,"YouTube, Email, Instagram",46512.0,5062.0,1504.0,912.0,637488.0,99.89,6.0,Bengali,16.08,Tier 2 City Customers,06-05-2025
NY-CMP-36949,Social Media,Tier 2 City Customers,20.0,"WhatsApp, YouTube, Facebook",51800.0,4014.0,1626.0,802.0,206916.0,368.33,-0.3,Hindi,12.44,Working Women,19-07-2024
NY-CMP-38871,Email,Premium Shoppers,18.0,"YouTube, Google",61656.0,5255.0,1677.0,539.0,336875.0,430.74,0.45,Tamil,12.12,Premium Shoppers,23-09-2024
NY-CMP-31332,Social Media,College Students,8.0,"WhatsApp, Facebook",83475.0,3351.0,1987.0,1051.0,485562.0,85.72,4.39,Bengali,7.65,Tier 2 City Customers,10-08-2024
NY-CMP-21717,Email,Premium Shoppers,23.0,"Instagram, Facebook, Google",94076.0,8304.0,2779.0,1825.0,974550.0,133.15,3.01,Hindi,13.72,Youth,20-12-2024
NY-CMP-50987,SEO,Working Women,,,15535.0,711.0,,125.0,72500.0,2247.97,-0.74,Tamil,7.58,Tier 2 City Customers,08-07-2024
NY-CMP-16897,SEO,Tier 2 City Customers,15.0,"YouTube, Facebook, Instagram",57791.0,6074.0,1221.0,688.0,268320.0,97.59,3.0,Bengali,13.81,Premium Shoppers,28-11-2024
NY-CMP-32234,Paid Ads,Working Women,24.0,"WhatsApp, YouTube, Instagram",20335.0,849.0,384.0,298.0,238400.0,427.84,0.87,Hindi,7.53,Working Women,11-08-2024
NY-CMP-30755,SEO,College Students,10.0,Google,86347.0,5787.0,3410.0,1952.0,1036512.0,111.99,3.74,English,12.91,College Students,31-01-2025
NY-CMP-33673,Paid Ads,Premium Shoppers,11.0,"WhatsApp, Google",27595.0,1745.0,,235.0,156275.0,991.53,-0.33,Hindi,,College Students,03-05-2025
NY-CMP-39200,,Premium Shoppers,25.0,"YouTube, Email",58700.0,2431.0,1271.0,590.0,231870.0,453.21,-0.13,Tamil,7.31,Tier 2 City Customers,10-11-2024
NY-CMP-13959,Influencer,College Students,19.0,"YouTube, Email",65250.0,1591.0,468.0,348.0,233160.0,689.08,-0.03,English,3.69,College Students,24-02-2025
NY-CMP-15001,Paid Ads,Youth,6.0,Facebook,28294.0,4193.0,2011.0,1541.0,1180406.0,116.96,5.55,Hindi,27.37,Youth,28-10-2024
NY-CMP-35852,Email,Working Women,18.0,"Google, WhatsApp, YouTube",23654.0,2123.0,733.0,579.0,290079.0,88.5,4.66,Hindi,14.52,Youth,01-06-2025
NY-CMP-52105,Social Media,,14.0,YouTube,52123.0,5166.0,2719.0,1375.0,800250.0,100.35,4.8,English,17.77,Working Women,04-10-2024
NY-CMP-38866,Email,Tier 2 City Customers,13.0,"Facebook, Email",43077.0,4060.0,931.0,346.0,91344.0,503.73,-0.48,Bengali,12.39,Working Women,13-08-2024
NY-CMP-35167,Email,Tier 2 City Customers,21.0,"Instagram, Email, WhatsApp",16218.0,919.0,258.0,130.0,87620.0,2168.5,-0.69,Hindi,8.06,College Students,16-10-2024
NY-CMP-7383,Email,Premium Shoppers,13.0,"Google, YouTube",64628.0,4750.0,,832.0,634816.0,336.61,1.27,Tamil,11.34,Youth,21-11-2024
NY-CMP-42209,Paid Ads,Premium Shoppers,12.0,"Email, Facebook, Instagram",38513.0,5690.0,1645.0,905.0,,234.54,-0.14,English,21.4,College Students,26-04-2025
NY-CMP-41432,Social Media,Premium Shoppers,5.0,"Google, YouTube, Instagram",55734.0,1132.0,406.0,292.0,97528.0,657.33,-0.49,English,3.28,Working Women,09-02-2025
NY-CMP-55521,SEO,Youth,,Email,57927.0,,2736.0,1649.0,504594.0,181.23,0.69,Tamil,16.95,College Students,13-05-2025
NY-CMP-38962,,Youth,15.0,"Instagram, WhatsApp, Facebook",10007.0,601.0,161.0,97.0,37345.0,,-0.83,English,,Youth,08-12-2024
NY-CMP-44304,Influencer,Youth,27.0,Facebook,70172.0,9858.0,3551.0,2725.0,1027325.0,35.72,9.56,Hindi,22.99,Youth,06-07-2024
NY-CMP-32628,Influencer,College Students,9.0,Facebook,19864.0,1947.0,469.0,365.0,285795.0,521.67,0.5,Hindi,14.0,Premium Shoppers,02-03-2025
NY-CMP-19419,Social Media,College Students,30.0,"WhatsApp, Google, Facebook",48294.0,,1575.0,,207774.0,185.12,0.65,Hindi,17.88,Working Women,02-12-2024
NY-CMP-29385,SEO,Premium Shoppers,23.0,"Instagram, Email, Google",19353.0,2276.0,1074.0,535.0,184575.0,134.55,1.56,Hindi,20.07,Tier 2 City Customers,28-07-2024
NY-CMP-29532,Paid Ads,Youth,15.0,"WhatsApp, Facebook",98041.0,12925.0,6830.0,2539.0,761700.0,109.8,1.73,English,22.74,College Students,17-10-2024
NY-CMP-45984,Paid Ads,Youth,7.0,"Instagram, Facebook",65305.0,9133.0,3922.0,1998.0,1228770.0,95.04,5.47,English,23.05,Working Women,20-01-2025
NY-CMP-23730,SEO,,25.0,Instagram,30074.0,1598.0,928.0,300.0,82500.0,956.4,-0.71,Hindi,9.4,Tier 2 City Customers,28-09-2024
NY-CMP-49041,Influencer,College Students,13.0,Facebook,42189.0,965.0,439.0,217.0,161014.0,1129.52,-0.34,Hindi,3.84,College Students,05-09-2024
NY-CMP-15848,Paid Ads,Youth,8.0,"Email, Google, WhatsApp",63303.0,5959.0,2384.0,867.0,421362.0,251.74,0.93,,14.55,Working Women,29-04-2025
NY-CMP-38462,Influencer,Premium Shoppers,28.0,"Email, YouTube, WhatsApp",46228.0,3435.0,1125.0,582.0,339306.0,199.7,1.92,Bengali,11.12,Tier 2 City Customers,10-04-2025
NY-CMP-10728,Paid Ads,Youth,24.0,,14531.0,,904.0,294.0,158466.0,459.71,0.17,English,20.51,Youth,05-07-2024
NY-CMP-23071,Paid Ads,Premium Shoppers,19.0,Facebook,39847.0,2360.0,519.0,207.0,139104.0,967.3,-0.31,Tamil,7.74,Youth,02-05-2025
NY-CMP-19988,Paid Ads,Tier 2 City Customers,18.0,Facebook,43109.0,4219.0,1311.0,829.0,568694.0,218.08,2.15,Hindi,14.75,Premium Shoppers,22-05-2025
NY-CMP-48689,Social Media,Youth,18.0,YouTube,90939.0,5241.0,1765.0,1259.0,980761.0,44.36,16.56,Tamil,,Tier 2 City Customers,07-08-2024
NY-CMP-9191,,Youth,28.0,Facebook,87629.0,12322.0,6666.0,3442.0,2447262.0,58.35,11.19,Tamil,25.6,Working Women,09-03-2025
NY-CMP-48754,Paid Ads,Premium Shoppers,15.0,"Email, WhatsApp, Instagram",72485.0,6524.0,3094.0,935.0,545105.0,209.79,1.78,English,14.56,Working Women,20-05-2025
NY-CMP-17601,Influencer,Working Women,23.0,"WhatsApp, YouTube",13117.0,1426.0,808.0,446.0,,,4.18,Bengali,20.43,Youth,24-08-2024
NY-CMP-11941,SEO,Working Women,13.0,"WhatsApp, Instagram, Google",35007.0,4829.0,2523.0,1839.0,1460166.0,95.16,7.34,Hindi,26.25,Premium Shoppers,24-02-2025
NY-CMP-7788,Social Media,Youth,21.0,"Email, Facebook",70082.0,1810.0,384.0,159.0,79659.0,906.74,,Tamil,3.36,Working Women,05-09-2024
NY-CMP-49542,Social Media,College Students,5.0,"YouTube, Email",34739.0,1070.0,239.0,126.0,100548.0,700.1,0.14,Hindi,4.13,Tier 2 City Customers,24-03-2025
NY-CMP-41013,Influencer,Premium Shoppers,13.0,"YouTube, Email",81082.0,8619.0,2442.0,1348.0,961124.0,49.62,13.37,Hindi,15.3,Premium Shoppers,19-02-2025
NY-CMP-17612,Paid Ads,Premium Shoppers,30.0,"Instagram, Facebook",42968.0,5147.0,1271.0,520.0,,175.01,1.82,Bengali,16.15,Premium Shoppers,21-12-2024
NY-CMP-44313,Influencer,Tier 2 City Customers,20.0,"WhatsApp, Google, Email",66279.0,6243.0,2176.0,825.0,430650.0,,0.49,English,13.95,Working Women,15-12-2024
NY-CMP-36104,,College Students,18.0,"Facebook, Email, WhatsApp",77821.0,,3087.0,2417.0,1655645.0,57.36,10.94,Hindi,18.43,Youth,13-07-2024
NY-CMP-49461,Email,Premium Shoppers,20.0,"WhatsApp, Instagram",34600.0,1872.0,931.0,667.0,237452.0,327.04,,Hindi,10.03,,03-11-2024
NY-CMP-55701,Email,Working Women,23.0,WhatsApp,12692.0,850.0,227.0,106.0,63706.0,,-0.3,Tamil,9.32,Working Women,08-05-2025
NY-CMP-49089,Email,Tier 2 City Customers,29.0,"Google, Facebook",40633.0,4153.0,,1291.0,569331.0,151.66,1.91,Tamil,19.41,Youth,15-10-2024
NY-CMP-34446,Influencer,College Students,12.0,Email,15620.0,1545.0,327.0,244.0,104676.0,319.55,0.34,Hindi,13.55,College Students,05-04-2025
NY-CMP-7468,Influencer,Tier 2 City Customers,30.0,"Instagram, WhatsApp",21269.0,2766.0,,942.0,283542.0,184.55,0.63,Tamil,24.1,College Students,03-02-2025
NY-CMP-16982,Influencer,Tier 2 City Customers,21.0,,25746.0,2410.0,643.0,234.0,103428.0,389.32,0.14,Bengali,,College Students,12-09-2024
NY-CMP-21024,Influencer,Youth,6.0,"Google, YouTube",97906.0,8089.0,4288.0,1641.0,930447.0,156.74,2.62,English,14.32,College Students,16-12-2024
NY-CMP-52518,Paid Ads,Premium Shoppers,28.0,"WhatsApp, YouTube, Facebook",11876.0,1175.0,328.0,207.0,68103.0,282.64,0.16,English,14.4,Working Women,14-02-2025
NY-CMP-29096,Social Media,Youth,8.0,"Google, Instagram",89054.0,6166.0,2287.0,1030.0,472770.0,204.08,1.25,Bengali,10.65,Youth,24-08-2024
NY-CMP-27441,Influencer,College Students,5.0,"Google, YouTube, Facebook",64893.0,7423.0,2177.0,711.0,248139.0,401.96,-0.13,Hindi,15.89,Tier 2 City Customers,28-07-2024
NY-CMP-23790,SEO,Tier 2 City Customers,5.0,"Email, Google",34041.0,905.0,267.0,91.0,28119.0,566.96,-0.45,English,3.71,Tier 2 City Customers,21-10-2024
NY-CMP-40440,SEO,College Students,5.0,"Facebook, YouTube",10164.0,1206.0,284.0,97.0,33659.0,1243.04,,Bengali,15.61,Youth,
NY-CMP-16551,Paid Ads,Tier 2 City Customers,22.0,"Facebook, Instagram, YouTube",86695.0,5546.0,2585.0,1898.0,730730.0,146.41,1.63,Tamil,,Premium Shoppers,11-09-2024
NY-CMP-47012,Paid Ads,Working Women,8.0,WhatsApp,39915.0,3298.0,1283.0,818.0,649492.0,249.5,2.18,Tamil,13.53,Tier 2 City Customers,27-03-2025
NY-CMP-27072,Influencer,Youth,8.0,"WhatsApp, Instagram, Google",21699.0,807.0,197.0,72.0,53136.0,2086.25,-0.65,Bengali,4.96,College Students,19-11-2024
NY-CMP-47986,Influencer,Premium Shoppers,16.0,YouTube,46015.0,6160.0,3403.0,2108.0,567052.0,83.68,2.21,English,25.36,Working Women,25-02-2025
NY-CMP-37420,Paid Ads,Premium Shoppers,23.0,"YouTube, WhatsApp, Google",,1353.0,636.0,366.0,119682.0,617.67,,English,4.68,Youth,20-11-2024
NY-CMP-9318,Paid Ads,Premium Shoppers,24.0,"WhatsApp, Facebook, Email",17610.0,453.0,108.0,64.0,14336.0,2764.39,-0.92,Hindi,3.55,College Students,02-01-2025
NY-CMP-35201,Email,Premium Shoppers,27.0,"Instagram, Email",53494.0,5931.0,,2125.0,892500.0,30.67,,Hindi,20.12,College Students,15-02-2025
NY-CMP-16142,Social Media,Working Women,6.0,"WhatsApp, Instagram, Facebook",98875.0,,7070.0,4067.0,2033500.0,34.7,13.41,Bengali,24.24,Premium Shoppers,26-03-2025
NY-CMP-55320,Social Media,Working Women,29.0,"Facebook, YouTube, Google",46831.0,3780.0,808.0,245.0,118335.0,519.81,-0.07,Tamil,10.32,Youth,07-09-2024
NY-CMP-51792,Paid Ads,Working Women,13.0,"Instagram, Email, WhatsApp",,3048.0,1285.0,592.0,307840.0,295.46,0.76,Tamil,7.46,Tier 2 City Customers,13-07-2024
NY-CMP-32577,Paid Ads,Premium Shoppers,8.0,Email,86188.0,9200.0,2174.0,,744150.0,90.44,3.99,Bengali,15.11,Working Women,21-05-2025
NY-CMP-40676,Social Media,Premium Shoppers,,WhatsApp,94727.0,,1470.0,780.0,202020.0,239.48,0.08,English,9.19,Youth,04-07-2024
NY-CMP-36785,Influencer,Tier 2 City Customers,24.0,Facebook,90100.0,3590.0,938.0,377.0,231101.0,181.75,2.37,English,5.44,College Students,05-08-2024
NY-CMP-22342,Paid Ads,College Students,24.0,"Instagram, Email",45590.0,3413.0,1119.0,852.0,420888.0,200.38,1.47,Hindi,11.81,Premium Shoppers,
NY-CMP-37107,Paid Ads,Working Women,13.0,"YouTube, Google",57780.0,6812.0,3225.0,2474.0,846108.0,80.18,3.27,Hindi,21.65,Tier 2 City Customers,07-04-2025
NY-CMP-32179,Paid Ads,College Students,9.0,,21837.0,2886.0,1468.0,1025.0,380275.0,123.23,2.01,English,24.63,Working Women,14-03-2025
NY-CMP-43273,SEO,Tier 2 City Customers,30.0,"Google, Facebook, Instagram",60175.0,,2547.0,1393.0,899878.0,111.6,,English,17.47,Premium Shoppers,26-05-2025
NY-CMP-10010,Influencer,Youth,19.0,"YouTube, Instagram, Facebook",,4682.0,1024.0,745.0,181035.0,300.71,-0.19,Hindi,20.24,Tier 2 City Customers,
NY-CMP-24370,Social Media,College Students,22.0,"WhatsApp, Google, Email",77182.0,8440.0,,832.0,592384.0,133.24,4.34,Bengali,14.56,Tier 2 City Customers,06-02-2025
NY-CMP-5168,Email,Working Women,30.0,Email,41753.0,5957.0,1394.0,1045.0,401280.0,147.39,,Hindi,20.11,Working Women,05-04-2025
NY-CMP-18616,Social Media,Premium Shoppers,30.0,"Google, WhatsApp",54142.0,6684.0,2393.0,1887.0,841602.0,125.08,2.57,,20.25,Youth,13-08-2024
NY-CMP-15073,Influencer,College Students,16.0,"WhatsApp, Email",19698.0,1813.0,563.0,211.0,62667.0,1399.14,-0.79,Tamil,13.13,College Students,18-09-2024
NY-CMP-3668,Email,Working Women,9.0,"Instagram, YouTube, Facebook",78014.0,6468.0,3522.0,,702240.0,255.21,1.38,Hindi,14.29,Tier 2 City Customers,27-05-2025
NY-CMP-41333,Influencer,Premium Shoppers,14.0,"Google, WhatsApp, Facebook",39427.0,5359.0,2380.0,1537.0,353510.0,59.06,2.89,Tamil,23.53,Premium Shoppers,24-07-2024
NY-CMP-9115,Email,Working Women,19.0,Google,81700.0,4065.0,,388.0,179644.0,392.55,,,6.49,Tier 2 City Customers,17-01-2025
NY-CMP-20415,Influencer,Working Women,12.0,"Email, WhatsApp",71254.0,4174.0,1965.0,1378.0,786838.0,148.48,2.85,Hindi,10.55,Tier 2 City Customers,22-09-2024
NY-CMP-33403,Email,College Students,30.0,YouTube,,417.0,226.0,82.0,30176.0,850.24,-0.57,English,6.9,College Students,14-02-2025
NY-CMP-46577,Social Media,College Students,,"Email, YouTube, Google",51711.0,4861.0,2303.0,821.0,612466.0,96.36,6.74,English,15.44,Premium Shoppers,07-02-2025
NY-CMP-17425,Paid Ads,Tier 2 City Customers,25.0,"Instagram, Facebook",42489.0,1508.0,553.0,276.0,,227.59,2.12,English,5.5,Tier 2 City Customers,19-01-2025
NY-CMP-6835,SEO,Tier 2 City Customers,27.0,"Google, Instagram",79854.0,6181.0,3325.0,2516.0,,54.28,11.32,Tamil,15.05,Youth,01-10-2024
NY-CMP-32717,Social Media,Working Women,8.0,Instagram,36108.0,3261.0,919.0,322.0,137816.0,585.41,-0.27,Bengali,12.47,Premium Shoppers,22-09-2024
NY-CMP-24818,Paid Ads,Working Women,28.0,YouTube,26983.0,1937.0,,372.0,127968.0,679.05,-0.49,Bengali,11.9,Working Women,25-08-2024
NY-CMP-50766,,College Students,9.0,YouTube,14007.0,1630.0,433.0,269.0,109214.0,1022.44,-0.6,English,16.65,College Students,
NY-CMP-9908,Email,College Students,15.0,Instagram,78145.0,9250.0,3101.0,1922.0,1289662.0,52.61,11.75,English,18.26,Premium Shoppers,18-11-2024
NY-CMP-5510,Social Media,Tier 2 City Customers,19.0,"Google, Facebook, Email",24068.0,2372.0,1085.0,396.0,287496.0,707.76,,Tamil,16.01,Youth,
NY-CMP-41981,Email,Premium Shoppers,8.0,"YouTube, WhatsApp, Google",22714.0,622.0,161.0,51.0,33864.0,1811.71,-0.63,Bengali,3.67,Working Women,15-02-2025
NY-CMP-48166,SEO,College Students,,WhatsApp,45248.0,2461.0,1392.0,833.0,211582.0,139.94,0.82,Bengali,10.36,Premium Shoppers,22-10-2024
NY-CMP-22798,Influencer,Working Women,,"Instagram, Google",75679.0,11349.0,2961.0,1174.0,608132.0,146.42,2.54,Tamil,20.46,Working Women,27-11-2024
NY-CMP-19809,SEO,Working Women,18.0,"WhatsApp, YouTube, Instagram",,10015.0,2874.0,2101.0,1298418.0,113.62,,Tamil,15.81,Premium Shoppers,23-02-2025
NY-CMP-33715,Email,Youth,14.0,"WhatsApp, Google, YouTube",47172.0,4278.0,967.0,711.0,293643.0,228.32,0.81,Hindi,12.63,Tier 2 City Customers,06-07-2024
NY-CMP-41121,Influencer,Youth,26.0,"Google, WhatsApp, Instagram",62685.0,2498.0,682.0,483.0,364182.0,146.63,4.14,English,5.84,Premium Shoppers,26-05-2025
NY-CMP-15579,SEO,Youth,9.0,"Google, WhatsApp, Email",90235.0,10379.0,2842.0,1738.0,420596.0,39.79,5.08,Bengali,16.58,Working Women,02-01-2025
NY-CMP-22379,Influencer,Youth,30.0,"WhatsApp, Google",49962.0,6943.0,2569.0,1363.0,944559.0,190.35,2.64,Hindi,21.77,Tier 2 City Customers,23-10-2024
NY-CMP-49534,Paid Ads,Working Women,8.0,"Instagram, WhatsApp, Facebook",12852.0,1195.0,615.0,288.0,187200.0,307.64,1.11,English,16.32,College Students,29-03-2025
NY-CMP-4168,Influencer,Youth,14.0,"YouTube, Facebook, Google",41114.0,902.0,395.0,190.0,106400.0,1439.33,-0.61,Bengali,3.62,College Students,22-10-2024
NY-CMP-33270,Influencer,College Students,17.0,"Google, Instagram",77581.0,10695.0,2951.0,1894.0,,113.57,1.91,Bengali,20.03,Youth,19-02-2025
NY-CMP-4645,Social Media,Working Women,,,42611.0,2770.0,750.0,238.0,189924.0,917.36,-0.13,Tamil,8.82,Youth,14-11-2024
NY-CMP-47312,Influencer,Youth,9.0,Instagram,68960.0,,1875.0,1131.0,596037.0,241.56,1.18,Tamil,,Working Women,15-04-2025
NY-CMP-28667,Social Media,Premium Shoppers,16.0,"YouTube, Instagram, WhatsApp",76464.0,7891.0,3643.0,2786.0,2086714.0,33.99,21.04,Hindi,18.73,Working Women,09-05-2025
NY-CMP-25628,Influencer,Youth,25.0,"Facebook, YouTube, Google",35776.0,2749.0,1265.0,954.0,459828.0,290.16,0.66,Tamil,13.89,College Students,21-07-2024
NY-CMP-31190,Social Media,Youth,,"WhatsApp, Instagram, Google",49817.0,7404.0,3125.0,1711.0,1243897.0,91.47,6.95,Bengali,24.57,Working Women,
NY-CMP-17408,Influencer,Premium Shoppers,18.0,"Facebook, Instagram",97925.0,3804.0,1472.0,474.0,224676.0,153.19,2.09,Bengali,5.87,Premium Shoppers,08-12-2024
NY-CMP-24421,Social Media,College Students,13.0,"Google, Facebook",88555.0,7919.0,3076.0,989.0,672520.0,298.9,1.28,English,13.53,Working Women,24-08-2024
NY-CMP-44992,Influencer,College Students,25.0,Instagram,29627.0,2859.0,935.0,741.0,159315.0,95.82,1.24,English,15.31,Premium Shoppers,01-11-2024
NY-CMP-50259,Social Media,Tier 2 City Customers,22.0,"WhatsApp, Facebook, Instagram",43312.0,4480.0,1866.0,591.0,450342.0,364.79,1.09,English,,Working Women,09-07-2024
NY-CMP-26400,SEO,Working Women,11.0,"WhatsApp, Instagram, Email",53894.0,7630.0,,2912.0,1881152.0,,8.03,Hindi,,Premium Shoppers,02-04-2025
NY-CMP-42249,Social Media,Working Women,22.0,"Instagram, YouTube",37638.0,5199.0,1493.0,898.0,334056.0,118.93,2.13,Tamil,20.17,Youth,18-09-2024
NY-CMP-29676,Influencer,Tier 2 City Customers,25.0,YouTube,42841.0,3557.0,1405.0,868.0,571144.0,221.58,1.97,Tamil,13.61,College Students,21-12-2024
NY-CMP-56302,Social Media,Working Women,19.0,"Google, Instagram",19917.0,1683.0,740.0,548.0,233996.0,527.05,-0.19,English,14.92,Tier 2 City Customers,11-08-2024
NY-CMP-2219,Influencer,Youth,13.0,"WhatsApp, YouTube, Facebook",58368.0,2667.0,1367.0,899.0,493551.0,188.17,1.92,Bengali,8.45,Premium Shoppers,14-07-2024
NY-CMP-54204,Influencer,Working Women,19.0,Email,37306.0,5026.0,2616.0,1213.0,777533.0,,4.78,Hindi,23.74,College Students,12-02-2025
NY-CMP-37155,Email,Youth,30.0,Email,23348.0,2702.0,1590.0,,515130.0,104.93,3.4,English,23.16,Working Women,12-12-2024
NY-CMP-38764,Social Media,Working Women,23.0,"Email, YouTube",49247.0,2145.0,429.0,156.0,116688.0,927.85,-0.19,Bengali,5.54,Tier 2 City Customers,01-07-2024
NY-CMP-1644,SEO,Working Women,15.0,"WhatsApp, Email",30664.0,2825.0,1368.0,731.0,250002.0,72.71,3.7,English,16.06,College Students,13-12-2024
NY-CMP-25725,Influencer,Tier 2 City Customers,16.0,Instagram,81726.0,9901.0,4418.0,2200.0,992200.0,95.71,3.71,,20.21,Tier 2 City Customers,08-10-2024
NY-CMP-50370,Paid Ads,Working Women,25.0,YouTube,82919.0,7791.0,2932.0,,551296.0,41.73,,Tamil,15.75,College Students,18-02-2025
NY-CMP-51381,SEO,,12.0,"Google, Facebook, Email",84534.0,9606.0,2120.0,1026.0,302670.0,222.76,0.32,Hindi,15.09,Youth,01-02-2025
NY-CMP-45322,Social Media,Working Women,17.0,"Facebook, YouTube",98808.0,5471.0,2284.0,1817.0,1451783.0,57.66,12.86,Hindi,9.69,Premium Shoppers,08-11-2024
NY-CMP-27628,Influencer,Premium Shoppers,22.0,"Facebook, YouTube, WhatsApp",81962.0,,4193.0,2941.0,1585199.0,18.52,28.11,Tamil,20.55,College Students,17-10-2024
NY-CMP-50410,Email,Working Women,20.0,"Google, Facebook",24504.0,2754.0,1019.0,724.0,370688.0,242.98,1.11,Tamil,18.35,Working Women,08-12-2024
NY-CMP-45988,SEO,Tier 2 City Customers,29.0,"Google, Instagram",52009.0,2764.0,1082.0,771.0,436386.0,88.85,5.37,,,Youth,22-02-2025
NY-CMP-27180,Influencer,College Students,9.0,"Instagram, YouTube",29721.0,1912.0,1109.0,336.0,70224.0,,-0.66,Hindi,11.3,Youth,10-09-2024
NY-CMP-15224,Email,Tier 2 City Customers,16.0,,,3099.0,636.0,235.0,100580.0,1198.66,-0.64,Tamil,4.77,Working Women,02-02-2025
NY-CMP-41242,Social Media,Tier 2 City Customers,14.0,"WhatsApp, Google, Facebook",30794.0,4361.0,1922.0,1387.0,762850.0,54.44,9.1,,24.91,Youth,13-10-2024
NY-CMP-24011,Email,Youth,10.0,,61160.0,1933.0,746.0,347.0,218957.0,460.61,0.37,English,4.95,College Students,23-03-2025
NY-CMP-49265,Paid Ads,Youth,29.0,"Instagram, Google",62368.0,,3670.0,2460.0,1503060.0,69.95,7.73,Hindi,20.66,College Students,28-08-2024
NY-CMP-53946,Social Media,Tier 2 City Customers,12.0,"Instagram, YouTube",33863.0,1637.0,855.0,546.0,121212.0,252.64,-0.12,English,8.97,Working Women,11-04-2025
NY-CMP-36926,Email,Premium Shoppers,,"Google, WhatsApp",92042.0,8315.0,2892.0,1991.0,1083104.0,34.56,14.74,,14.34,Premium Shoppers,09-01-2025
NY-CMP-50321,Paid Ads,Tier 2 City Customers,21.0,"Google, Instagram, Facebook",42024.0,3594.0,1540.0,,381241.0,142.81,4.24,Bengali,13.43,Working Women,10-09-2024
NY-CMP-25132,Email,Youth,12.0,"WhatsApp, Instagram, Google",36475.0,2346.0,1184.0,783.0,581769.0,187.98,2.95,Tamil,11.82,Youth,08-08-2024
NY-CMP-49006,Email,Youth,9.0,,19204.0,2508.0,1137.0,597.0,352827.0,95.26,5.2,Hindi,22.09,Working Women,
NY-CMP-38250,,Working Women,,,10914.0,,371.0,164.0,97744.0,767.02,-0.22,Bengali,11.89,Tier 2 City Customers,17-05-2025
NY-CMP-47913,Email,Tier 2 City Customers,7.0,"Instagram, WhatsApp",49760.0,5771.0,2762.0,1856.0,1469952.0,76.01,9.42,Hindi,20.88,Tier 2 City Customers,17-07-2024
NY-CMP-34916,Email,Youth,28.0,"Facebook, Google",61583.0,4444.0,1960.0,741.0,292695.0,346.74,0.14,English,11.6,Youth,27-05-2025
NY-CMP-30847,Paid Ads,College Students,28.0,"Google, Instagram, Facebook",54310.0,2113.0,606.0,370.0,200170.0,453.04,0.19,Hindi,5.69,Tier 2 City Customers,07-09-2024
NY-CMP-54089,Paid Ads,College Students,,"Google, Instagram",17707.0,434.0,94.0,34.0,15912.0,8703.74,-0.95,Tamil,3.17,Youth,17-10-2024
NY-CMP-43052,Paid Ads,Youth,26.0,Facebook,90482.0,6603.0,1572.0,706.0,436308.0,112.03,4.52,English,9.82,Premium Shoppers,26-04-2025
NY-CMP-1396,Paid Ads,College Students,13.0,"WhatsApp, YouTube",90160.0,3455.0,726.0,553.0,425257.0,371.17,1.07,Hindi,5.25,Youth,11-11-2024
NY-CMP-26902,SEO,Tier 2 City Customers,15.0,Email,13817.0,1652.0,358.0,198.0,70290.0,596.02,-0.4,Bengali,15.98,Premium Shoppers,14-05-2025
NY-CMP-6134,Email,,18.0,"Email, WhatsApp, Instagram",92433.0,12968.0,2836.0,1545.0,1100040.0,63.56,10.2,Bengali,18.77,Tier 2 City Customers,01-01-2025
NY-CMP-11016,Influencer,Premium Shoppers,20.0,Facebook,26201.0,3001.0,1547.0,1050.0,512400.0,222.44,1.19,Tamil,21.37,Premium Shoppers,29-08-2024
NY-CMP-10561,Email,Tier 2 City Customers,11.0,Email,22483.0,2131.0,924.0,714.0,492660.0,,1.16,English,16.76,Premium Shoppers,15-08-2024
NY-CMP-4214,Influencer,Tier 2 City Customers,,"Google, YouTube, WhatsApp",70539.0,2575.0,1144.0,443.0,297253.0,,0.05,Bengali,5.9,Working Women,23-10-2024
NY-CMP-5046,Paid Ads,Working Women,30.0,Email,64545.0,4201.0,1914.0,640.0,272000.0,,1.12,,10.47,Youth,09-04-2025
NY-CMP-35253,,Premium Shoppers,15.0,"Google, Email, Instagram",57312.0,7618.0,3574.0,2302.0,1183228.0,41.17,11.49,Bengali,23.54,Youth,03-12-2024
NY-CMP-4085,SEO,,18.0,"Email, Google",87290.0,2486.0,1479.0,810.0,,364.85,0.86,Bengali,5.47,Working Women,04-10-2024
NY-CMP-6729,SEO,College Students,15.0,WhatsApp,31697.0,2002.0,1163.0,553.0,191891.0,404.43,-0.14,Tamil,11.73,Working Women,14-07-2024
NY-CMP-11132,Influencer,Tier 2 City Customers,22.0,"Email, Facebook",60203.0,3768.0,2095.0,636.0,373332.0,226.3,1.59,English,10.8,College Students,29-08-2024
NY-CMP-48170,Email,Working Women,8.0,Instagram,70874.0,7180.0,3214.0,2303.0,502054.0,116.7,0.87,Bengali,17.91,Youth,23-09-2024
NY-CMP-52854,Social Media,Youth,18.0,Facebook,63921.0,2158.0,1110.0,469.0,272958.0,416.59,0.4,,5.85,Tier 2 City Customers,18-07-2024
NY-CMP-21007,Email,Working Women,28.0,"YouTube, Google",30457.0,3745.0,2102.0,1636.0,541516.0,,1.72,Tamil,24.57,Premium Shoppers,09-09-2024
NY-CMP-13609,Email,Premium Shoppers,30.0,"Facebook, WhatsApp, Google",96786.0,6993.0,4103.0,3276.0,874692.0,18.99,13.06,English,14.85,Tier 2 City Customers,07-04-2025
NY-CMP-40893,SEO,Tier 2 City Customers,8.0,"Facebook, WhatsApp",60145.0,5413.0,2194.0,942.0,518100.0,136.76,3.02,Bengali,14.21,Working Women,14-06-2025
NY-CMP-22126,Social Media,Premium Shoppers,5.0,,58497.0,8496.0,1830.0,762.0,166116.0,303.36,-0.28,Bengali,18.95,Working Women,10-03-2025
NY-CMP-23264,SEO,College Students,18.0,WhatsApp,41790.0,5642.0,1947.0,1556.0,709536.0,89.87,,Bengali,21.88,Working Women,24-09-2024
NY-CMP-38255,Email,Working Women,10.0,"Google, Email",82612.0,10184.0,2305.0,1423.0,647465.0,39.14,10.63,Hindi,16.84,Working Women,06-07-2024
NY-CMP-35643,SEO,Tier 2 City Customers,22.0,"Email, Google",39050.0,3375.0,1576.0,560.0,393680.0,172.84,3.07,Tamil,14.11,Youth,06-11-2024
NY-CMP-8100,Social Media,Working Women,18.0,"Instagram, WhatsApp, YouTube",75786.0,8615.0,,1426.0,654534.0,134.0,2.43,,18.86,College Students,13-02-2025
NY-CMP-19283,Social Media,College Students,14.0,Google,28678.0,699.0,218.0,89.0,60253.0,2646.46,-0.74,Hindi,3.51,College Students,01-02-2025
NY-CMP-28899,SEO,Premium Shoppers,,"Instagram, Google",75430.0,9892.0,3666.0,1460.0,426320.0,46.06,5.34,Tamil,19.91,Youth,19-07-2024
NY-CMP-19049,SEO,Youth,17.0,WhatsApp,53580.0,7898.0,4738.0,3590.0,1091360.0,21.84,12.92,Hindi,30.28,Tier 2 City Customers,17-05-2025
NY-CMP-49537,Social Media,Premium Shoppers,29.0,"Google, Email, Instagram",74790.0,6982.0,2376.0,1511.0,1148360.0,33.21,21.88,,14.53,Working Women,16-07-2024
NY-CMP-11125,Email,Premium Shoppers,26.0,"Email, Google, YouTube",,4830.0,2620.0,1904.0,999600.0,61.95,,Hindi,19.87,Youth,23-01-2025
NY-CMP-38202,Email,Premium Shoppers,27.0,"WhatsApp, Instagram",34753.0,,1411.0,1051.0,491868.0,136.89,2.42,Tamil,18.71,Premium Shoppers,21-03-2025
NY-CMP-45132,Paid Ads,Tier 2 City Customers,11.0,"Facebook, WhatsApp",36954.0,3974.0,1900.0,1112.0,812872.0,264.81,1.76,Tamil,18.9,Premium Shoppers,17-03-2025
NY-CMP-23370,Influencer,Premium Shoppers,13.0,"WhatsApp, Instagram, Email",,3368.0,1199.0,472.0,258656.0,632.0,-0.13,Hindi,12.07,Tier 2 City Customers,03-03-2025
NY-CMP-19536,Influencer,Tier 2 City Customers,18.0,Google,94405.0,5352.0,3200.0,2515.0,643840.0,82.93,2.09,Hindi,11.72,College Students,03-09-2024
NY-CMP-54891,SEO,College Students,14.0,"YouTube, Instagram",31834.0,1922.0,425.0,338.0,109850.0,217.03,0.5,Tamil,8.43,Premium Shoppers,04-01-2025
NY-CMP-10462,Social Media,Youth,7.0,"Facebook, Email, WhatsApp",99761.0,11205.0,3378.0,1364.0,832040.0,48.02,11.7,Bengali,15.99,Youth,29-07-2024
NY-CMP-55410,Social Media,Youth,30.0,"YouTube, WhatsApp",71832.0,8366.0,3820.0,1929.0,1201767.0,34.59,17.01,,19.65,Tier 2 City Customers,01-12-2024
NY-CMP-30366,Influencer,Working Women,,"Instagram, Google",,2623.0,1524.0,1018.0,536486.0,,1.47,Tamil,,Youth,04-08-2024
NY-CMP-3574,Paid Ads,Premium Shoppers,22.0,"WhatsApp, Email, Instagram",44884.0,4651.0,2278.0,809.0,474883.0,280.38,1.09,Hindi,17.24,Tier 2 City Customers,19-07-2024
NY-CMP-28904,Email,Premium Shoppers,24.0,"WhatsApp, Google",81255.0,7520.0,4247.0,3226.0,909732.0,23.84,10.83,Bengali,18.45,College Students,29-03-2025
NY-CMP-43437,Social Media,Tier 2 City Customers,22.0,"WhatsApp, Google, Instagram",46592.0,1878.0,587.0,394.0,214336.0,218.45,1.49,Bengali,6.14,Working Women,17-01-2025
NY-CMP-44244,Email,Working Women,24.0,Facebook,71783.0,6243.0,3170.0,951.0,,,0.5,Bengali,14.44,Tier 2 City Customers,10-11-2024
NY-CMP-24001,Social Media,Youth,24.0,"Facebook, YouTube",99206.0,6660.0,1598.0,641.0,391651.0,146.59,3.17,Bengali,,Premium Shoppers,23-05-2025
NY-CMP-4899,Paid Ads,Working Women,12.0,WhatsApp,,8782.0,3214.0,1467.0,822987.0,84.84,5.61,English,15.4,Working Women,02-12-2024
NY-CMP-36964,Social Media,Tier 2 City Customers,8.0,"Facebook, WhatsApp, YouTube",81031.0,7598.0,2310.0,795.0,282225.0,87.75,3.05,Tamil,13.21,Premium Shoppers,04-06-2025
NY-CMP-15311,Paid Ads,Premium Shoppers,6.0,"Facebook, YouTube",71886.0,10753.0,2789.0,892.0,208728.0,,0.29,Tamil,20.08,Youth,07-07-2024
NY-CMP-28090,Paid Ads,Working Women,16.0,Instagram,14024.0,1900.0,578.0,253.0,121187.0,550.9,-0.13,English,19.47,Premium Shoppers,09-02-2025
NY-CMP-28851,Influencer,Youth,10.0,Email,95538.0,12567.0,4066.0,3084.0,1295280.0,33.64,11.48,Tamil,20.64,College Students,04-06-2025
NY-CMP-35358,SEO,Premium Shoppers,18.0,"Google, YouTube",71472.0,10219.0,4095.0,1528.0,487432.0,,2.72,Tamil,22.17,Tier 2 City Customers,28-05-2025
NY-CMP-10584,Social Media,Working Women,17.0,"Facebook, WhatsApp, Google",80454.0,11420.0,,2056.0,1338456.0,139.68,3.66,English,20.61,Premium Shoppers,25-08-2024
NY-CMP-14770,Influencer,Working Women,17.0,WhatsApp,33795.0,835.0,188.0,149.0,54981.0,1085.48,-0.66,Tamil,3.47,Tier 2 City Customers,06-09-2024
NY-CMP-52149,Influencer,Working Women,23.0,"YouTube, Instagram, Email",43127.0,3483.0,1658.0,1294.0,383024.0,203.69,0.45,Hindi,14.92,College Students,22-04-2025
NY-CMP-51842,Email,Working Women,23.0,,95120.0,6968.0,4012.0,1649.0,775030.0,108.03,3.35,Bengali,13.28,Premium Shoppers,02-03-2025
NY-CMP-5251,Influencer,Tier 2 City Customers,24.0,"YouTube, Email",44498.0,4789.0,2010.0,932.0,660788.0,304.43,1.33,Bengali,17.37,College Students,14-12-2024
NY-CMP-2253,Paid Ads,Working Women,16.0,"Email, Instagram",65574.0,9025.0,1839.0,593.0,148250.0,437.18,-0.43,Hindi,17.47,Working Women,06-05-2025
NY-CMP-35345,,Youth,23.0,,92997.0,6204.0,2387.0,1326.0,750516.0,110.72,4.11,Bengali,10.66,Youth,04-03-2025
NY-CMP-3907,Influencer,Premium Shoppers,12.0,"Instagram, YouTube, Email",21422.0,1118.0,494.0,230.0,111550.0,905.09,-0.46,,8.6,Tier 2 City Customers,31-01-2025
NY-CMP-47281,Social Media,Working Women,22.0,YouTube,96549.0,5327.0,1844.0,1242.0,766314.0,180.82,2.41,Hindi,8.71,Working Women,24-02-2025
NY-CMP-33759,Email,Premium Shoppers,28.0,Instagram,91105.0,2590.0,715.0,415.0,255225.0,,0.02,Bengali,4.08,Premium Shoppers,07-09-2024
NY-CMP-49897,Influencer,Youth,18.0,"YouTube, Email, WhatsApp",48311.0,6462.0,3871.0,1911.0,764400.0,34.35,10.64,Tamil,25.34,Working Women,01-10-2024
NY-CMP-5035,SEO,Premium Shoppers,19.0,Email,52662.0,7114.0,4166.0,2737.0,2047276.0,36.96,19.24,Hindi,26.62,Tier 2 City Customers,11-05-2025
NY-CMP-4735,Email,College Students,9.0,YouTube,67937.0,8149.0,3002.0,1123.0,323424.0,256.72,0.12,Hindi,18.07,Youth,22-11-2024
NY-CMP-55815,Social Media,Working Women,11.0,"Facebook, YouTube",41450.0,5015.0,1396.0,529.0,110032.0,371.36,-0.44,English,,College Students,21-02-2025
NY-CMP-39047,SEO,College Students,20.0,WhatsApp,30059.0,3133.0,1356.0,540.0,307260.0,148.97,2.82,Tamil,16.73,Working Women,
NY-CMP-20015,Influencer,College Students,25.0,"Instagram, Google, Facebook",47472.0,3749.0,2031.0,756.0,161028.0,138.58,,Tamil,13.77,Tier 2 City Customers,12-04-2025
NY-CMP-2632,Social Media,Youth,23.0,"Instagram, YouTube, Email",,726.0,178.0,55.0,21615.0,1016.98,-0.61,Tamil,3.13,Working Women,27-12-2024
NY-CMP-47061,Paid Ads,Youth,30.0,Instagram,,,570.0,194.0,146858.0,1408.15,,English,14.91,Youth,
NY-CMP-9178,SEO,College Students,13.0,Instagram,64274.0,4940.0,1923.0,1065.0,584685.0,227.23,1.42,Tamil,12.33,College Students,26-01-2025
NY-CMP-2486,,College Students,21.0,"YouTube, Google, Instagram",26744.0,1017.0,569.0,,161131.0,646.77,-0.07,Tamil,6.94,Working Women,30-03-2025
NY-CMP-23022,Influencer,Youth,24.0,"WhatsApp, Google",84568.0,2951.0,1475.0,558.0,352656.0,351.08,0.8,English,5.89,Working Women,
NY-CMP-21506,Influencer,Working Women,,"YouTube, Instagram, Facebook",15677.0,1071.0,267.0,181.0,121994.0,1070.9,-0.37,English,9.69,College Students,19-10-2024
NY-CMP-33554,Influencer,Premium Shoppers,7.0,Facebook,73652.0,2165.0,1035.0,340.0,215560.0,250.68,1.53,,4.81,Tier 2 City Customers,13-03-2025
NY-CMP-21624,Email,,29.0,Email,92358.0,10533.0,4609.0,,1434300.0,55.75,11.56,English,18.61,Youth,25-05-2025
NY-CMP-35251,Influencer,Premium Shoppers,27.0,"WhatsApp, YouTube",16095.0,533.0,259.0,189.0,109998.0,,0.62,Hindi,6.1,Premium Shoppers,16-10-2024
NY-CMP-29170,Paid Ads,Working Women,14.0,"Facebook, WhatsApp",54273.0,6474.0,3330.0,1142.0,338032.0,87.22,2.39,English,20.17,Premium Shoppers,07-12-2024
NY-CMP-49712,,Tier 2 City Customers,23.0,WhatsApp,80884.0,5326.0,2874.0,2243.0,720003.0,58.64,4.47,Bengali,12.91,Youth,16-05-2025
NY-CMP-37475,Social Media,Working Women,,"Instagram, Facebook, Email",17371.0,2029.0,1017.0,313.0,204076.0,611.1,0.07,English,19.34,Tier 2 City Customers,02-04-2025
NY-CMP-18792,Influencer,Youth,13.0,"Google, YouTube, WhatsApp",55391.0,1132.0,242.0,86.0,38356.0,,-0.79,Bengali,2.64,Premium Shoppers,15-01-2025
NY-CMP-44951,Social Media,College Students,11.0,"YouTube, Email",98547.0,13745.0,7265.0,3263.0,2228629.0,69.13,8.88,Bengali,24.63,Youth,21-12-2024
NY-CMP-39822,Paid Ads,Premium Shoppers,11.0,"Email, Facebook, YouTube",66051.0,7274.0,2795.0,1157.0,889733.0,217.44,2.54,Hindi,17.0,Youth,12-05-2025
NY-CMP-23876,Influencer,Working Women,11.0,"Facebook, Google, YouTube",43260.0,1774.0,916.0,528.0,402336.0,429.57,,Bengali,7.44,Tier 2 City Customers,07-05-2025
NY-CMP-34599,SEO,Working Women,,"Google, Instagram, Facebook",22665.0,2782.0,1257.0,766.0,,69.95,8.25,Bengali,,College Students,15-11-2024
NY-CMP-46326,Social Media,Tier 2 City Customers,18.0,"Facebook, Email",21016.0,1390.0,773.0,567.0,192213.0,407.78,-0.17,Hindi,12.99,Premium Shoppers,16-09-2024
NY-CMP-41508,Email,Premium Shoppers,19.0,"YouTube, Google, Email",26532.0,2541.0,1341.0,517.0,325193.0,176.23,2.57,Bengali,16.58,College Students,04-10-2024
NY-CMP-9478,Paid Ads,Working Women,17.0,"Email, Facebook, WhatsApp",13673.0,1112.0,307.0,176.0,58608.0,772.76,,Bengali,11.67,College Students,25-02-2025
NY-CMP-41344,Email,Youth,24.0,"Instagram, YouTube, Email",56061.0,3014.0,945.0,429.0,95238.0,574.68,-0.61,Tamil,7.83,Working Women,22-05-2025
NY-CMP-46065,Paid Ads,College Students,28.0,"YouTube, WhatsApp, Facebook",,9639.0,4682.0,2086.0,1061774.0,30.57,15.65,Tamil,22.44,Tier 2 City Customers,29-04-2025
NY-CMP-7573,Social Media,Youth,28.0,"Instagram, WhatsApp",68414.0,3008.0,762.0,516.0,180600.0,257.41,0.36,Hindi,6.26,College Students,21-02-2025
NY-CMP-47206,Influencer,Tier 2 City Customers,26.0,"WhatsApp, Facebook, Google",19501.0,1934.0,411.0,311.0,200906.0,347.42,0.86,Tamil,13.62,Tier 2 City Customers,14-02-2025
NY-CMP-14131,Email,Youth,22.0,"WhatsApp, Instagram",39309.0,4401.0,1114.0,578.0,267036.0,453.2,0.02,Bengali,15.5,,13-11-2024
NY-CMP-53800,Email,College Students,28.0,,,,3056.0,1629.0,1031157.0,84.09,,Hindi,17.41,Premium Shoppers,07-02-2025
NY-CMP-10403,Email,Tier 2 City Customers,22.0,"Instagram, YouTube, WhatsApp",,1638.0,469.0,172.0,47300.0,1685.06,-0.84,English,4.1,Youth,21-08-2024
NY-CMP-11600,Paid Ads,Working Women,13.0,Instagram,45152.0,4757.0,1990.0,1138.0,600864.0,,,Bengali,17.46,Premium Shoppers,24-01-2025
NY-CMP-5248,SEO,College Students,27.0,WhatsApp,,10408.0,5106.0,3433.0,1699335.0,83.79,4.91,,26.21,Working Women,05-02-2025
NY-CMP-33814,Influencer,College Students,9.0,"Google, Instagram, Facebook",92458.0,11835.0,3690.0,1741.0,482257.0,36.29,6.63,Bengali,18.67,Premium Shoppers,25-08-2024
NY-CMP-55488,Paid Ads,Tier 2 City Customers,9.0,"WhatsApp, Facebook",22827.0,2428.0,514.0,383.0,122177.0,672.37,-0.53,English,14.57,Working Women,26-12-2024
NY-CMP-8201,Paid Ads,Working Women,5.0,"Email, WhatsApp",93225.0,7544.0,2180.0,1281.0,298473.0,114.99,1.03,English,11.8,Youth,12-10-2024
NY-CMP-29017,Email,College Students,22.0,"Google, Email, YouTube",79656.0,,783.0,436.0,166552.0,237.18,0.61,Tamil,4.07,Youth,20-01-2025
NY-CMP-7484,Email,Working Women,14.0,"Instagram, WhatsApp, Email",63978.0,3649.0,2071.0,1206.0,385920.0,97.57,2.28,Hindi,10.83,Youth,02-09-2024
NY-CMP-1890,Social Media,Premium Shoppers,13.0,"YouTube, Google",37049.0,3184.0,753.0,484.0,165044.0,357.82,-0.05,Hindi,11.93,Tier 2 City Customers,23-05-2025
NY-CMP-34068,Social Media,Youth,11.0,"Instagram, Google, Facebook",75732.0,4863.0,2694.0,1815.0,1292280.0,65.95,9.8,Tamil,12.38,Premium Shoppers,11-03-2025
NY-CMP-33653,Paid Ads,Working Women,21.0,"Email, Facebook, YouTube",42051.0,2215.0,602.0,274.0,65486.0,220.14,0.09,Bengali,7.35,Youth,19-02-2025
NY-CMP-25692,Paid Ads,Youth,,"Google, WhatsApp, Facebook",72036.0,5633.0,1899.0,1476.0,1142424.0,119.37,5.48,Hindi,12.5,Youth,12-09-2024
NY-CMP-49129,Email,Youth,30.0,,48208.0,1476.0,498.0,188.0,70124.0,314.54,0.19,Bengali,,Tier 2 City Customers,28-03-2025
NY-CMP-1708,Paid Ads,Tier 2 City Customers,16.0,"Email, Facebook",19339.0,2136.0,1210.0,709.0,365135.0,261.11,,English,20.97,,22-11-2024
NY-CMP-32207,Social Media,Premium Shoppers,15.0,"WhatsApp, Instagram",78540.0,3770.0,1918.0,1531.0,575656.0,58.56,5.42,Hindi,9.19,Youth,03-09-2024
NY-CMP-9578,Paid Ads,College Students,23.0,WhatsApp,84515.0,8164.0,2898.0,1148.0,586628.0,56.85,7.99,English,14.45,Youth,28-02-2025
NY-CMP-25567,Email,Youth,25.0,"WhatsApp, Facebook",77261.0,5012.0,1312.0,801.0,176220.0,115.54,0.9,Hindi,9.22,Youth,15-07-2024
NY-CMP-12900,SEO,Working Women,16.0,"WhatsApp, Google",81169.0,7319.0,2605.0,1090.0,487230.0,79.16,4.65,,13.57,Tier 2 City Customers,11-07-2024
NY-CMP-55523,Social Media,College Students,21.0,Email,31643.0,3202.0,864.0,306.0,192474.0,441.33,0.43,Hindi,13.82,Tier 2 City Customers,16-12-2024
NY-CMP-18599,Influencer,Youth,9.0,"Instagram, Google, Email",81583.0,5574.0,1689.0,,248542.0,331.23,-0.13,English,9.96,College Students,24-11-2024
NY-CMP-37326,Paid Ads,Tier 2 City Customers,14.0,"Google, Facebook",20120.0,2343.0,538.0,404.0,305020.0,151.72,3.98,Bengali,16.33,Youth,30-03-2025
NY-CMP-15499,Email,Premium Shoppers,20.0,"WhatsApp, Email",58843.0,5373.0,1692.0,1071.0,232407.0,58.6,,English,13.83,Premium Shoppers,31-10-2024
NY-CMP-32623,SEO,Premium Shoppers,27.0,YouTube,48325.0,,1424.0,940.0,376940.0,,1.57,English,19.57,Tier 2 City Customers,11-01-2025
NY-CMP-31583,Email,,,Facebook,78633.0,9868.0,2783.0,1813.0,641802.0,124.06,1.85,English,18.39,Youth,02-02-2025
NY-CMP-50825,SEO,,5.0,"WhatsApp, Google",14474.0,1368.0,452.0,163.0,77588.0,,-0.41,Hindi,13.7,Youth,06-04-2025
NY-CMP-30460,Email,Tier 2 City Customers,16.0,"Google, WhatsApp, Instagram",88320.0,6990.0,3702.0,2430.0,670680.0,,4.31,Tamil,14.86,,08-06-2025
NY-CMP-9473,Email,Working Women,10.0,"Google, Instagram",92326.0,5216.0,2790.0,1522.0,474864.0,44.35,6.03,English,10.32,Premium Shoppers,23-10-2024
NY-CMP-22603,Influencer,Youth,17.0,"Instagram, Email, WhatsApp",87653.0,6871.0,2376.0,861.0,329763.0,127.84,2.0,Tamil,11.53,Youth,08-11-2024
NY-CMP-49085,Email,College Students,26.0,Email,48427.0,3452.0,802.0,285.0,224580.0,,0.91,English,9.37,College Students,13-03-2025
NY-CMP-43093,Paid Ads,Working Women,22.0,YouTube,33230.0,2656.0,797.0,579.0,289500.0,293.17,0.71,Hindi,,Youth,05-05-2025
NY-CMP-48635,Social Media,Youth,21.0,"WhatsApp, Instagram, Google",52842.0,4995.0,1724.0,784.0,366128.0,161.03,1.9,,14.2,Tier 2 City Customers,
NY-CMP-20904,SEO,Working Women,18.0,WhatsApp,55640.0,5068.0,1696.0,969.0,273258.0,292.41,-0.04,Hindi,13.9,Youth,
NY-CMP-54321,Email,Premium Shoppers,11.0,"WhatsApp, YouTube",46277.0,2088.0,1042.0,617.0,201759.0,441.53,-0.26,Hindi,,Youth,02-10-2024
NY-CMP-4780,Influencer,,18.0,YouTube,86306.0,9832.0,5405.0,1858.0,1116658.0,32.6,17.44,Hindi,19.81,Youth,07-12-2024
NY-CMP-5039,Social Media,College Students,25.0,Facebook,62892.0,,3475.0,1682.0,1342236.0,146.92,4.43,Bengali,21.23,Tier 2 City Customers,21-02-2025
NY-CMP-7651,Email,Youth,10.0,"YouTube, Instagram, Email",82927.0,6805.0,1632.0,1203.0,524508.0,54.28,7.03,Hindi,11.62,Premium Shoppers,06-04-2025
NY-CMP-11241,Influencer,Premium Shoppers,20.0,"Google, Facebook, Email",56047.0,5100.0,1020.0,641.0,200633.0,459.43,-0.32,English,12.06,Premium Shoppers,04-04-2025
NY-CMP-29720,Email,Premium Shoppers,21.0,Facebook,46509.0,3995.0,1387.0,447.0,316476.0,133.52,,English,12.53,College Students,14-05-2025
NY-CMP-15720,Social Media,Tier 2 City Customers,19.0,Google,64040.0,2325.0,951.0,371.0,162498.0,657.83,-0.33,English,5.69,College Students,13-11-2024
NY-CMP-18037,Email,College Students,12.0,YouTube,85462.0,10140.0,4095.0,3007.0,835946.0,77.52,,Bengali,20.18,Tier 2 City Customers,08-10-2024
NY-CMP-34557,Email,Premium Shoppers,14.0,"Facebook, Instagram",18247.0,878.0,266.0,103.0,80958.0,708.47,0.11,Bengali,6.83,College Students,13-11-2024
NY-CMP-40606,Email,Tier 2 City Customers,9.0,Google,90270.0,11938.0,4503.0,1592.0,1114400.0,96.06,6.29,English,19.98,Working Women,28-02-2025
NY-CMP-2402,Email,Youth,,Email,33359.0,2537.0,1361.0,540.0,192780.0,404.45,-0.12,Hindi,13.3,Working Women,22-02-2025
NY-CMP-43873,,Premium Shoppers,20.0,"WhatsApp, Email",50417.0,7214.0,3975.0,3126.0,2100672.0,60.81,10.05,Tamil,28.39,Working Women,11-03-2025
NY-CMP-49223,Social Media,College Students,28.0,"Instagram, Facebook, Google",82328.0,7846.0,,820.0,186960.0,62.12,2.67,English,12.68,Premium Shoppers,11-12-2024
NY-CMP-51275,Paid Ads,,15.0,"Facebook, Instagram",14926.0,1252.0,281.0,154.0,73612.0,1866.39,-0.74,English,11.3,Youth,18-05-2025
NY-CMP-11166,Influencer,Youth,27.0,WhatsApp,,3476.0,1865.0,965.0,254760.0,157.27,0.68,Bengali,17.5,Working Women,09-05-2025
NY-CMP-27869,Social Media,Tier 2 City Customers,13.0,"Google, Instagram, Email",67568.0,4834.0,,1065.0,772125.0,53.17,,Hindi,13.0,Youth,20-10-2024
NY-CMP-44411,Email,Premium Shoppers,18.0,"WhatsApp, Facebook",55722.0,1963.0,,243.0,132921.0,765.39,-0.29,Tamil,5.21,College Students,07-07-2024
NY-CMP-24044,Social Media,,5.0,Instagram,63570.0,8891.0,5090.0,2942.0,859064.0,61.99,3.71,Hindi,26.62,Premium Shoppers,12-10-2024
NY-CMP-17356,Social Media,Tier 2 City Customers,30.0,"YouTube, Instagram",27706.0,2556.0,956.0,574.0,167034.0,466.79,-0.38,Bengali,14.75,College Students,17-05-2025
NY-CMP-47743,Paid Ads,Working Women,27.0,"Facebook, WhatsApp, YouTube",53694.0,3302.0,1543.0,464.0,98832.0,187.28,0.14,Tamil,9.89,Tier 2 City Customers,19-03-2025
NY-CMP-24685,Paid Ads,College Students,30.0,"Google, Instagram",64263.0,7457.0,3745.0,2845.0,1254645.0,41.73,9.57,Bengali,21.86,Working Women,14-01-2025
NY-CMP-52858,Influencer,Youth,7.0,"YouTube, Email",14407.0,1898.0,808.0,323.0,185079.0,331.23,0.73,Bengali,21.02,Tier 2 City Customers,03-04-2025
NY-CMP-52797,SEO,College Students,9.0,"Instagram, WhatsApp",78240.0,2844.0,1029.0,800.0,425600.0,171.67,2.1,English,5.97,Working Women,30-09-2024
NY-CMP-19301,Paid Ads,Tier 2 City Customers,28.0,"Email, YouTube, WhatsApp",74282.0,4218.0,902.0,329.0,72051.0,441.67,-0.5,English,7.34,Youth,02-12-2024
NY-CMP-3608,SEO,College Students,18.0,"Instagram, Email",83793.0,12340.0,5146.0,3815.0,3048185.0,50.23,,Bengali,25.42,Tier 2 City Customers,21-10-2024
NY-CMP-16978,Paid Ads,Working Women,17.0,Instagram,73971.0,7833.0,3343.0,1213.0,299611.0,,0.75,Bengali,16.75,Premium Shoppers,13-09-2024
NY-CMP-11127,Influencer,Tier 2 City Customers,15.0,"Email, YouTube",39826.0,5183.0,2731.0,1414.0,1104334.0,141.79,4.51,Hindi,23.42,Working Women,
NY-CMP-16557,Paid Ads,Premium Shoppers,6.0,Email,83218.0,5843.0,1776.0,906.0,,251.14,1.29,Bengali,10.24,Working Women,12-02-2025
NY-CMP-17295,Paid Ads,College Students,17.0,"Instagram, WhatsApp",,4148.0,1693.0,914.0,661736.0,152.71,3.74,Tamil,24.03,Youth,17-11-2024
NY-CMP-5421,Email,Working Women,16.0,"Facebook, Instagram, WhatsApp",66862.0,,1143.0,878.0,252864.0,123.51,1.33,Tamil,9.54,College Students,05-11-2024
NY-CMP-49371,Social Media,Working Women,17.0,"Email, Facebook, YouTube",,5318.0,2009.0,1370.0,926120.0,172.07,2.93,Tamil,22.28,Tier 2 City Customers,14-10-2024
NY-CMP-29714,Social Media,College Students,18.0,Facebook,15071.0,1409.0,405.0,263.0,67854.0,260.73,-0.01,English,13.78,Working Women,03-03-2025
NY-CMP-34911,Paid Ads,College Students,13.0,"WhatsApp, Google",29613.0,2778.0,1493.0,1105.0,626535.0,146.1,2.88,English,18.15,College Students,20-11-2024
NY-CMP-13814,Email,Tier 2 City Customers,6.0,"Facebook, Instagram",22762.0,2045.0,945.0,354.0,92748.0,557.86,-0.53,Hindi,,College Students,13-08-2024
NY-CMP-13640,Social Media,Working Women,21.0,Instagram,95525.0,8362.0,,1888.0,587168.0,79.79,2.9,Tamil,14.57,Tier 2 City Customers,
NY-CMP-9886,SEO,Premium Shoppers,14.0,Google,71331.0,4007.0,1999.0,1128.0,,221.42,2.14,Hindi,10.0,Premium Shoppers,28-07-2024
NY-CMP-2641,Social Media,Premium Shoppers,16.0,Instagram,10890.0,866.0,282.0,207.0,103707.0,805.59,-0.38,Hindi,12.44,Working Women,12-04-2025
NY-CMP-44831,Paid Ads,Working Women,,"Instagram, WhatsApp, YouTube",84481.0,7159.0,3636.0,2759.0,811146.0,70.86,3.15,Tamil,16.04,Tier 2 City Customers,06-10-2024
NY-CMP-41104,Influencer,Tier 2 City Customers,20.0,YouTube,64512.0,7656.0,3548.0,1966.0,699896.0,81.36,3.38,Bengali,20.41,Working Women,
NY-CMP-51503,SEO,Premium Shoppers,13.0,Google,99769.0,10884.0,4956.0,2394.0,1503432.0,35.01,16.94,English,18.28,Working Women,17-07-2024
NY-CMP-33459,Influencer,Working Women,25.0,"Instagram, Google, Facebook",93298.0,4183.0,931.0,529.0,,514.85,-0.58,English,6.05,Youth,23-10-2024
NY-CMP-26893,Email,College Students,9.0,Instagram,96187.0,13561.0,5695.0,4521.0,1451241.0,39.15,7.2,Hindi,24.72,Tier 2 City Customers,03-08-2024
NY-CMP-10011,Email,Premium Shoppers,22.0,Instagram,88577.0,8564.0,3253.0,2431.0,1619046.0,101.75,5.55,Bengali,16.09,Working Women,11-02-2025
NY-CMP-38248,Social Media,College Students,10.0,"Google, YouTube, Email",47852.0,2909.0,980.0,589.0,286843.0,236.13,1.06,Tamil,9.36,Tier 2 City Customers,09-08-2024
NY-CMP-38270,Social Media,Premium Shoppers,26.0,"Facebook, YouTube",35327.0,1068.0,504.0,226.0,133566.0,690.6,-0.14,Hindi,5.09,,26-04-2025
NY-CMP-41089,Paid Ads,College Students,16.0,"WhatsApp, Email, Instagram",13793.0,1349.0,,128.0,58880.0,835.64,-0.45,Bengali,12.73,Tier 2 City Customers,11-05-2025
NY-CMP-27747,Influencer,Working Women,30.0,"WhatsApp, Facebook, Google",89955.0,9719.0,2953.0,1740.0,944820.0,117.33,3.63,Tamil,16.02,College Students,02-12-2024
NY-CMP-6739,Paid Ads,Premium Shoppers,7.0,Facebook,95896.0,8931.0,4543.0,2719.0,1188203.0,23.73,17.41,English,16.89,Youth,07-07-2024
NY-CMP-24927,Influencer,Youth,26.0,"Email, Google, Instagram",54585.0,2878.0,788.0,245.0,146265.0,977.76,-0.39,Bengali,7.16,Tier 2 City Customers,09-04-2025
NY-CMP-56046,Social Media,Tier 2 City Customers,19.0,"WhatsApp, Facebook, Google",35874.0,2498.0,1391.0,556.0,,412.82,0.58,Hindi,12.39,Tier 2 City Customers,28-11-2024
NY-CMP-19995,Social Media,College Students,,"YouTube, Google",24410.0,1023.0,540.0,201.0,141102.0,967.89,-0.27,Hindi,7.23,,01-04-2025
NY-CMP-37682,Influencer,Tier 2 City Customers,15.0,"Instagram, Facebook",85941.0,6202.0,1919.0,1420.0,435940.0,189.45,0.62,Bengali,11.1,,27-05-2025
NY-CMP-2477,Influencer,Tier 2 City Customers,22.0,"WhatsApp, Email",70915.0,5701.0,1914.0,987.0,449085.0,140.22,,English,12.13,Working Women,15-07-2024
NY-CMP-41051,Influencer,Premium Shoppers,12.0,"Google, Facebook, Email",52120.0,6237.0,2580.0,1813.0,1171198.0,57.55,10.23,English,20.4,Working Women,
NY-CMP-20066,Social Media,Youth,18.0,,57362.0,5302.0,2445.0,1891.0,1149728.0,49.45,,Tamil,16.8,Working Women,22-08-2024
NY-CMP-44597,Email,,15.0,"Facebook, Email, Instagram",43313.0,1229.0,402.0,130.0,96330.0,1391.06,,Bengali,4.07,Working Women,13-12-2024
NY-CMP-52587,SEO,Tier 2 City Customers,29.0,"Instagram, WhatsApp",79859.0,4242.0,935.0,317.0,230142.0,,0.35,Hindi,6.88,Working Women,14-08-2024
NY-CMP-25720,,,20.0,"Instagram, WhatsApp, Google",45732.0,3045.0,1214.0,832.0,264576.0,91.63,2.47,Bengali,11.13,Youth,24-08-2024
NY-CMP-7429,,Premium Shoppers,24.0,Facebook,17681.0,742.0,213.0,139.0,68249.0,988.99,-0.5,English,6.19,Youth,29-10-2024
NY-CMP-4104,Social Media,,27.0,"Email, Facebook, Instagram",85253.0,5152.0,2512.0,1784.0,934816.0,101.74,4.15,English,11.08,College Students,28-10-2024
NY-CMP-35749,SEO,Tier 2 City Customers,26.0,Instagram,56145.0,1613.0,,381.0,166878.0,348.57,0.26,Bengali,5.21,Premium Shoppers,12-09-2024
NY-CMP-21987,Email,Working Women,22.0,"WhatsApp, Instagram",63096.0,1315.0,422.0,155.0,101525.0,,-0.21,,3.0,Premium Shoppers,14-09-2024
NY-CMP-48455,Social Media,Premium Shoppers,9.0,"WhatsApp, Facebook, Instagram",44274.0,2802.0,617.0,486.0,109350.0,132.1,0.7,English,8.82,Youth,20-11-2024
NY-CMP-20253,Email,College Students,14.0,Instagram,68543.0,9708.0,3297.0,2625.0,1018500.0,43.98,7.82,Bengali,22.8,Working Women,12-11-2024
NY-CMP-51480,Social Media,Tier 2 City Customers,23.0,"YouTube, Email, Instagram",92974.0,4729.0,2751.0,1004.0,660632.0,212.74,2.09,Bengali,9.13,Youth,02-07-2024
NY-CMP-31937,Email,Premium Shoppers,10.0,"WhatsApp, Email, Instagram",35829.0,3012.0,1568.0,684.0,354996.0,224.5,1.31,English,14.69,,29-04-2025
NY-CMP-19719,Email,Tier 2 City Customers,23.0,"YouTube, Email, WhatsApp",87253.0,4665.0,1135.0,834.0,345276.0,197.92,1.09,,7.6,Premium Shoppers,
NY-CMP-42879,Paid Ads,College Students,13.0,Facebook,79578.0,7934.0,1996.0,1320.0,691680.0,125.15,3.19,Hindi,14.14,College Students,16-04-2025
NY-CMP-50485,Influencer,Working Women,7.0,Email,51181.0,1066.0,578.0,357.0,195279.0,669.74,-0.18,Tamil,3.91,Working Women,14-05-2025
NY-CMP-36212,Email,College Students,,"Email, YouTube",20131.0,833.0,239.0,140.0,86800.0,1499.01,-0.59,English,6.02,College Students,05-11-2024
NY-CMP-32517,Social Media,,5.0,Instagram,13449.0,1676.0,660.0,253.0,59961.0,284.77,-0.17,Tamil,19.25,,17-06-2025
NY-CMP-31219,,Tier 2 City Customers,26.0,"WhatsApp, Facebook, Email",34535.0,3724.0,1680.0,994.0,586460.0,290.19,1.03,Hindi,18.53,Youth,06-05-2025
NY-CMP-49137,SEO,College Students,24.0,"YouTube, Instagram",93337.0,6477.0,3256.0,2572.0,1684660.0,116.52,4.62,Hindi,13.18,Tier 2 City Customers,26-12-2024
NY-CMP-49841,,Premium Shoppers,30.0,"Facebook, Email, WhatsApp",28464.0,986.0,335.0,230.0,79810.0,909.23,-0.62,English,5.45,College Students,02-03-2025
NY-CMP-49007,Social Media,Working Women,29.0,YouTube,,4851.0,2743.0,1295.0,435120.0,52.31,5.42,Hindi,,Tier 2 City Customers,10-12-2024
NY-CMP-51901,Influencer,College Students,25.0,YouTube,93851.0,8915.0,3244.0,1460.0,357700.0,103.42,1.37,English,14.51,Premium Shoppers,04-06-2025
NY-CMP-25458,SEO,College Students,20.0,"Email, Google, Instagram",20729.0,484.0,206.0,62.0,43648.0,3066.89,-0.77,Hindi,3.63,Youth,03-02-2025
NY-CMP-53371,SEO,Working Women,14.0,"Email, Google, WhatsApp",66930.0,2195.0,521.0,236.0,65844.0,417.83,-0.33,Bengali,4.41,Premium Shoppers,31-07-2024
NY-CMP-25702,Social Media,Tier 2 City Customers,5.0,"WhatsApp, Facebook",69276.0,,534.0,,61166.0,961.1,-0.75,,4.17,Working Women,29-01-2025
NY-CMP-31547,,College Students,27.0,"Facebook, Instagram, Google",40143.0,2425.0,547.0,225.0,64575.0,929.26,-0.69,English,7.96,Working Women,12-03-2025
NY-CMP-40600,Social Media,,21.0,"Instagram, Email, YouTube",51687.0,1622.0,810.0,,191820.0,274.86,0.67,Bengali,5.51,Tier 2 City Customers,12-01-2025
NY-CMP-9479,Social Media,College Students,24.0,WhatsApp,59545.0,5522.0,1420.0,569.0,246946.0,127.84,2.39,Hindi,12.61,Premium Shoppers,19-08-2024
NY-CMP-35186,Paid Ads,Premium Shoppers,29.0,"Instagram, YouTube, Email",55055.0,6058.0,3308.0,2218.0,1528202.0,38.83,16.75,English,21.04,College Students,27-07-2024
NY-CMP-34845,Paid Ads,Working Women,14.0,Email,45811.0,6193.0,2751.0,959.0,606088.0,200.77,2.15,English,21.62,College Students,09-01-2025
NY-CMP-36664,Social Media,Tier 2 City Customers,6.0,Instagram,88272.0,2203.0,891.0,668.0,242484.0,294.67,0.23,Tamil,4.26,College Students,20-02-2025
NY-CMP-7526,SEO,Tier 2 City Customers,17.0,"Email, Google",84357.0,7146.0,2743.0,1444.0,788424.0,91.71,4.95,Hindi,13.43,Tier 2 City Customers,15-08-2024
NY-CMP-53542,Paid Ads,Working Women,15.0,Google,92006.0,11430.0,6060.0,4731.0,3060957.0,48.66,12.3,Bengali,24.15,Premium Shoppers,22-11-2024
NY-CMP-3761,Email,Tier 2 City Customers,12.0,"Facebook, Email, WhatsApp",32765.0,4694.0,,1271.0,788020.0,167.06,2.71,Hindi,26.01,Tier 2 City Customers,20-04-2025
NY-CMP-34438,Email,Premium Shoppers,6.0,"Instagram, Facebook",28209.0,1961.0,1077.0,,520572.0,333.34,0.83,Bengali,13.79,Tier 2 City Customers,24-07-2024
NY-CMP-48921,Social Media,Premium Shoppers,17.0,"YouTube, Google, Email",73179.0,4178.0,1148.0,345.0,85560.0,271.39,-0.09,English,7.75,Working Women,23-08-2024
NY-CMP-1285,Paid Ads,College Students,27.0,"Google, YouTube",34854.0,3390.0,1406.0,686.0,216776.0,266.54,0.19,,15.73,Premium Shoppers,01-11-2024
NY-CMP-49048,Influencer,Premium Shoppers,18.0,"Email, WhatsApp, Facebook",44254.0,4920.0,,1235.0,503880.0,67.73,5.02,English,19.39,Working Women,28-05-2025
NY-CMP-33678,Social Media,,19.0,,39899.0,5336.0,1969.0,1461.0,806472.0,89.43,5.17,Bengali,,Tier 2 City Customers,28-01-2025
NY-CMP-47618,Social Media,Tier 2 City Customers,10.0,"Google, Email, Instagram",68132.0,4397.0,2229.0,1247.0,788104.0,178.02,2.55,English,11.56,,16-02-2025
NY-CMP-12619,Influencer,College Students,16.0,"Instagram, Facebook, WhatsApp",62753.0,6492.0,3214.0,2354.0,1108734.0,34.73,12.56,Hindi,19.22,Tier 2 City Customers,12-02-2025
NY-CMP-25759,Email,Premium Shoppers,12.0,Instagram,53609.0,2995.0,946.0,,152830.0,375.78,0.31,Hindi,7.93,Youth,21-01-2025
NY-CMP-6876,Paid Ads,Working Women,24.0,"Facebook, Email",,1787.0,983.0,718.0,415722.0,137.9,3.2,,10.7,Youth,20-02-2025
NY-CMP-12670,Paid Ads,,29.0,"Email, YouTube",17840.0,1067.0,597.0,429.0,296010.0,318.47,1.17,English,11.73,Premium Shoppers,25-04-2025
NY-CMP-5879,Social Media,Youth,6.0,,60839.0,5437.0,2868.0,1693.0,914220.0,69.18,6.81,Tamil,16.43,Tier 2 City Customers,
NY-CMP-26598,Social Media,Youth,14.0,"WhatsApp, Google",79081.0,7901.0,3935.0,2392.0,,89.18,3.26,Tamil,17.99,Youth,14-06-2025
NY-CMP-6275,Social Media,Working Women,18.0,"Facebook, Instagram",36568.0,2972.0,1144.0,388.0,208744.0,165.36,2.25,English,12.32,College Students,13-04-2025
NY-CMP-33431,Influencer,Working Women,9.0,"Email, YouTube",26678.0,2630.0,1566.0,526.0,308236.0,295.74,0.98,Hindi,17.7,Premium Shoppers,09-10-2024
NY-CMP-28859,Email,Working Women,14.0,YouTube,95287.0,14197.0,3650.0,2760.0,1291680.0,61.85,6.57,Bengali,21.63,Working Women,19-10-2024
NY-CMP-55492,Paid Ads,College Students,15.0,Google,46751.0,5938.0,2250.0,704.0,366784.0,286.86,0.82,Bengali,19.02,Youth,29-10-2024
NY-CMP-1476,Influencer,Tier 2 City Customers,14.0,Facebook,59289.0,5210.0,1973.0,974.0,537648.0,303.3,0.82,English,13.76,Tier 2 City Customers,30-08-2024
NY-CMP-53118,,Tier 2 City Customers,24.0,WhatsApp,64303.0,3215.0,1923.0,1488.0,1123440.0,79.65,8.48,,10.3,Premium Shoppers,05-11-2024
NY-CMP-31548,Paid Ads,Youth,18.0,,28886.0,3004.0,693.0,428.0,321000.0,651.08,0.15,,14.28,Tier 2 City Customers,17-03-2025
NY-CMP-16697,Paid Ads,Working Women,9.0,YouTube,19176.0,2516.0,1315.0,894.0,208302.0,198.95,0.17,English,24.64,Premium Shoppers,09-02-2025
NY-CMP-25378,SEO,Youth,22.0,"Facebook, Email, WhatsApp",33075.0,4227.0,2119.0,841.0,236321.0,,1.84,Bengali,21.73,Youth,05-06-2025
NY-CMP-10126,,Premium Shoppers,19.0,"Email, Instagram",86032.0,5924.0,1369.0,548.0,195088.0,444.31,-0.2,English,,Youth,08-02-2025
NY-CMP-30268,Social Media,Youth,11.0,"Instagram, YouTube",30117.0,4003.0,2070.0,718.0,521986.0,335.15,1.17,Bengali,22.55,College Students,05-06-2025
NY-CMP-31738,Paid Ads,Tier 2 City Customers,,Instagram,65587.0,2777.0,1180.0,,232650.0,155.89,1.12,English,7.11,,05-09-2024
NY-CMP-45146,Paid Ads,Tier 2 City Customers,14.0,Facebook,80562.0,8249.0,3756.0,1754.0,938390.0,124.19,3.31,Bengali,17.08,Working Women,02-03-2025
NY-CMP-22519,SEO,Working Women,30.0,"Instagram, WhatsApp, Google",60323.0,6171.0,3230.0,2261.0,771001.0,102.85,2.32,Hindi,19.33,Tier 2 City Customers,30-11-2024
NY-CMP-54715,Email,Youth,10.0,"Instagram, Facebook",,6202.0,2591.0,937.0,623105.0,293.46,1.27,Bengali,17.73,Youth,01-02-2025
NY-CMP-17540,Influencer,Premium Shoppers,5.0,Instagram,75440.0,4847.0,2279.0,1338.0,453582.0,73.98,3.58,Hindi,11.22,Youth,03-06-2025
NY-CMP-35595,Paid Ads,Tier 2 City Customers,17.0,"Email, WhatsApp",68434.0,5096.0,1105.0,482.0,113270.0,191.95,0.22,Hindi,9.77,Tier 2 City Customers,15-07-2024
NY-CMP-37083,Paid Ads,Working Women,14.0,"Facebook, WhatsApp, Google",68132.0,3476.0,2023.0,687.0,217779.0,80.57,2.93,Tamil,9.08,Tier 2 City Customers,26-05-2025
NY-CMP-30093,Email,Youth,21.0,"Google, Facebook, YouTube",74876.0,7047.0,4173.0,1564.0,700672.0,,10.4,Hindi,17.07,Working Women,05-07-2024
NY-CMP-11583,SEO,Tier 2 City Customers,20.0,"Email, Instagram",67396.0,9531.0,3939.0,2682.0,,25.8,28.11,English,23.97,Premium Shoppers,02-10-2024
NY-CMP-32096,Email,Working Women,17.0,"Email, WhatsApp",45990.0,1612.0,,633.0,231678.0,420.15,-0.13,Tamil,6.7,College Students,12-11-2024
NY-CMP-22840,Influencer,Tier 2 City Customers,26.0,Facebook,85995.0,9797.0,4039.0,1397.0,442849.0,120.99,1.62,Hindi,17.71,Youth,25-09-2024
NY-CMP-50035,Influencer,Youth,10.0,WhatsApp,64334.0,8245.0,4299.0,3435.0,707610.0,18.33,10.24,Hindi,24.84,Tier 2 City Customers,26-04-2025
NY-CMP-23390,Social Media,College Students,16.0,"YouTube, Instagram, Facebook",12826.0,844.0,455.0,340.0,212500.0,571.29,0.09,Tamil,12.78,College Students,10-10-2024
NY-CMP-52457,Social Media,Tier 2 City Customers,27.0,Facebook,36733.0,1359.0,492.0,284.0,83212.0,961.08,-0.7,Hindi,5.81,Tier 2 City Customers,10-04-2025
NY-CMP-46468,SEO,College Students,,"YouTube, WhatsApp",50677.0,6583.0,2058.0,729.0,407511.0,283.82,0.97,Bengali,18.49,Premium Shoppers,03-01-2025
NY-CMP-45176,Email,Premium Shoppers,10.0,Google,62030.0,5772.0,2731.0,1369.0,707773.0,83.48,,Tamil,15.91,Working Women,11-02-2025
NY-CMP-4541,Paid Ads,,5.0,"Facebook, YouTube",68464.0,1567.0,455.0,342.0,139194.0,539.79,-0.25,Tamil,,Working Women,14-03-2025
NY-CMP-11989,SEO,Premium Shoppers,20.0,WhatsApp,50136.0,2693.0,1251.0,496.0,169632.0,255.3,0.34,English,8.86,College Students,08-08-2024
NY-CMP-17730,Paid Ads,Youth,26.0,YouTube,52835.0,4737.0,977.0,421.0,171347.0,596.48,-0.32,English,11.61,College Students,29-12-2024
NY-CMP-42711,SEO,Youth,21.0,"Instagram, Google, Facebook",80881.0,6400.0,2221.0,1661.0,1310529.0,54.71,13.42,Tamil,12.71,Youth,11-09-2024
NY-CMP-12860,Social Media,Youth,16.0,"YouTube, Facebook, Email",47183.0,5750.0,2634.0,1429.0,398691.0,171.61,0.63,English,20.8,,31-01-2025
NY-CMP-5348,Social Media,Premium Shoppers,28.0,Facebook,95788.0,1978.0,996.0,729.0,352836.0,354.76,0.36,English,3.87,Tier 2 City Customers,15-11-2024
NY-CMP-45576,Email,Youth,5.0,"YouTube, Instagram",17967.0,1864.0,781.0,360.0,174600.0,,0.37,Bengali,16.73,College Students,05-10-2024
NY-CMP-39082,Influencer,Youth,18.0,Google,28595.0,2121.0,,479.0,185373.0,602.48,-0.36,Bengali,12.43,Youth,05-02-2025
NY-CMP-2608,SEO,College Students,5.0,Google,70031.0,8512.0,4462.0,3452.0,1715644.0,77.98,5.37,Bengali,23.46,Working Women,
NY-CMP-4767,Paid Ads,Working Women,9.0,YouTube,87759.0,10193.0,3055.0,1612.0,1215448.0,90.12,7.37,Hindi,16.93,Premium Shoppers,05-05-2025
NY-CMP-52627,Influencer,Working Women,13.0,"Google, Instagram, WhatsApp",13201.0,743.0,156.0,99.0,48114.0,1569.45,-0.69,English,7.56,College Students,13-01-2025
NY-CMP-34789,SEO,College Students,8.0,"Google, Email",85270.0,3797.0,963.0,565.0,393240.0,396.24,0.76,,6.24,College Students,08-07-2024
NY-CMP-25579,Email,Premium Shoppers,29.0,Google,33789.0,4383.0,1791.0,,311548.0,210.35,0.35,Tamil,21.52,Youth,07-10-2024
NY-CMP-17307,Paid Ads,Youth,15.0,"Email, Google, Instagram",25470.0,2671.0,867.0,305.0,173545.0,607.71,-0.06,Hindi,15.09,Working Women,22-12-2024
NY-CMP-14687,Email,College Students,11.0,Email,53066.0,2111.0,1047.0,695.0,425340.0,168.12,2.64,Bengali,7.26,College Students,25-04-2025
NY-CMP-36809,Influencer,College Students,8.0,"Email, Facebook, WhatsApp",34453.0,2180.0,441.0,273.0,143871.0,948.36,-0.44,Tamil,8.4,Premium Shoppers,18-05-2025
NY-CMP-33791,SEO,Tier 2 City Customers,9.0,Facebook,66526.0,1648.0,354.0,273.0,,428.59,0.67,Bengali,3.42,Working Women,06-09-2024
NY-CMP-36682,Influencer,Premium Shoppers,23.0,Google,78009.0,3173.0,1143.0,740.0,241240.0,173.8,0.88,,6.48,Working Women,16-11-2024
NY-CMP-52011,Paid Ads,Premium Shoppers,6.0,"Facebook, WhatsApp",52282.0,4997.0,1327.0,803.0,208780.0,101.23,1.57,Tamil,13.63,Tier 2 City Customers,07-08-2024
NY-CMP-47059,Paid Ads,Working Women,22.0,Email,51435.0,5932.0,3208.0,2163.0,1213443.0,33.67,15.66,Bengali,21.98,Youth,22-03-2025
NY-CMP-39364,SEO,College Students,14.0,"Facebook, Instagram",15484.0,1986.0,1165.0,436.0,164372.0,591.2,-0.36,Bengali,23.17,Premium Shoppers,16-04-2025
NY-CMP-5759,Paid Ads,Tier 2 City Customers,26.0,"YouTube, Google",23132.0,1044.0,214.0,168.0,46872.0,607.94,-0.54,Hindi,6.16,Youth,02-04-2025
NY-CMP-4593,Social Media,College Students,7.0,"Email, Instagram, Facebook",73288.0,6569.0,2753.0,1884.0,798816.0,72.55,4.84,Hindi,15.29,College Students,26-01-2025
NY-CMP-15737,Email,College Students,7.0,"WhatsApp, Facebook",85335.0,9135.0,5335.0,3087.0,2327598.0,67.81,10.12,English,20.57,Premium Shoppers,14-11-2024
NY-CMP-55456,SEO,Tier 2 City Customers,24.0,Email,,5677.0,1417.0,945.0,400680.0,156.94,1.7,English,8.42,Youth,22-09-2024
NY-CMP-8320,Email,Premium Shoppers,18.0,WhatsApp,84351.0,11585.0,,2802.0,1286118.0,61.47,6.47,,25.01,College Students,30-03-2025
NY-CMP-1773,Paid Ads,Working Women,25.0,"WhatsApp, Email",,9625.0,3617.0,1743.0,829668.0,75.17,5.33,English,20.03,College Students,23-09-2024
NY-CMP-10167,Influencer,Tier 2 City Customers,8.0,"Facebook, Email",25032.0,2280.0,1155.0,787.0,170779.0,381.05,-0.43,Tamil,16.87,Youth,21-02-2025
NY-CMP-48400,SEO,Youth,29.0,"Google, Facebook, Email",63886.0,5938.0,2779.0,1416.0,1050672.0,183.61,3.04,,15.86,Working Women,15-05-2025
NY-CMP-54953,Paid Ads,Premium Shoppers,15.0,Google,33977.0,5081.0,1533.0,1079.0,260039.0,65.25,2.69,English,22.64,College Students,05-05-2025
NY-CMP-29227,Email,College Students,14.0,Google,33277.0,2595.0,1399.0,1087.0,617416.0,237.05,1.4,Tamil,15.27,College Students,26-12-2024
NY-CMP-51646,Paid Ads,Youth,20.0,"Facebook, YouTube, Instagram",,5528.0,1614.0,532.0,177156.0,,0.4,Bengali,13.02,Premium Shoppers,21-05-2025
NY-CMP-10836,SEO,College Students,,"YouTube, WhatsApp, Google",65561.0,1457.0,437.0,216.0,164160.0,1165.98,-0.35,Bengali,3.22,Tier 2 City Customers,21-07-2024
NY-CMP-33246,SEO,College Students,21.0,"YouTube, Facebook",34277.0,1047.0,436.0,297.0,157410.0,488.82,0.08,Hindi,5.19,Youth,02-05-2025
NY-CMP-46816,Social Media,College Students,24.0,WhatsApp,94117.0,,1704.0,1095.0,333975.0,195.21,0.56,English,,Tier 2 City Customers,23-01-2025
NY-CMP-1842,Email,Youth,16.0,"Facebook, YouTube",13193.0,1160.0,427.0,289.0,217617.0,,-0.25,Bengali,14.22,Tier 2 City Customers,26-01-2025
NY-CMP-44101,Social Media,College Students,23.0,Email,94346.0,7882.0,,986.0,385526.0,146.96,1.66,Hindi,11.25,Tier 2 City Customers,02-12-2024
NY-CMP-7315,Email,Working Women,8.0,,80036.0,9438.0,4537.0,1554.0,975912.0,185.21,2.39,English,19.4,Premium Shoppers,31-12-2024
NY-CMP-9970,Social Media,Tier 2 City Customers,28.0,"YouTube, Instagram, Google",72525.0,1764.0,616.0,225.0,115875.0,1232.42,-0.58,Hindi,3.59,Tier 2 City Customers,09-03-2025
NY-CMP-23086,Paid Ads,Youth,11.0,YouTube,43300.0,5376.0,1967.0,818.0,569328.0,97.22,6.16,,18.85,Tier 2 City Customers,11-12-2024
NY-CMP-14797,,Tier 2 City Customers,,WhatsApp,19347.0,1727.0,962.0,542.0,196746.0,113.84,2.19,Tamil,16.7,Youth,04-05-2025
NY-CMP-23392,Influencer,Premium Shoppers,,YouTube,84125.0,12132.0,6480.0,4887.0,1793529.0,23.18,14.83,Tamil,27.93,Working Women,24-10-2024
NY-CMP-31058,Social Media,Premium Shoppers,,"YouTube, Instagram, WhatsApp",60839.0,8738.0,1853.0,1358.0,329994.0,80.32,2.03,English,19.64,Working Women,19-07-2024
NY-CMP-56435,SEO,Tier 2 City Customers,30.0,Google,40242.0,4410.0,1072.0,,280288.0,531.59,0.14,English,14.77,Youth,04-08-2024
NY-CMP-2090,Paid Ads,Youth,23.0,"Email, WhatsApp",,11837.0,5397.0,2083.0,,133.84,1.82,Hindi,21.68,College Students,15-12-2024
NY-CMP-48163,Email,Youth,,YouTube,,,3744.0,2771.0,1585012.0,19.9,,Hindi,22.13,Premium Shoppers,05-01-2025
NY-CMP-50913,Paid Ads,Premium Shoppers,19.0,WhatsApp,97686.0,8099.0,4843.0,1599.0,820287.0,99.44,4.16,Hindi,14.89,Tier 2 City Customers,04-08-2024
NY-CMP-30944,Influencer,Tier 2 City Customers,21.0,"WhatsApp, Facebook",12241.0,965.0,200.0,108.0,64476.0,1038.46,-0.43,English,10.4,Working Women,17-05-2025
NY-CMP-12570,Influencer,College Students,9.0,Email,60253.0,1610.0,568.0,371.0,,285.26,1.6,English,4.23,College Students,18-04-2025
NY-CMP-50993,SEO,Youth,27.0,"Facebook, WhatsApp, Email",34991.0,4952.0,2555.0,1560.0,574080.0,96.77,2.8,English,25.91,Working Women,27-10-2024
NY-CMP-16774,SEO,Working Women,27.0,"Facebook, WhatsApp",86151.0,11747.0,4460.0,3160.0,2483760.0,49.74,14.8,,22.48,Youth,18-05-2025
NY-CMP-2792,Social Media,College Students,10.0,Google,42442.0,4417.0,1538.0,592.0,448736.0,247.66,2.06,English,15.43,Youth,17-08-2024
NY-CMP-2169,Email,Premium Shoppers,30.0,"Google, Email, WhatsApp",24010.0,1192.0,274.0,115.0,,1745.43,,Bengali,6.58,Premium Shoppers,28-05-2025
NY-CMP-34352,Paid Ads,Youth,5.0,YouTube,16108.0,472.0,165.0,125.0,,818.58,,English,4.73,Working Women,25-01-2025
NY-CMP-30156,Paid Ads,Tier 2 City Customers,16.0,"WhatsApp, Google, Facebook",99690.0,8757.0,4927.0,3388.0,782628.0,84.3,,Bengali,17.13,Working Women,04-04-2025
NY-CMP-11761,Social Media,Premium Shoppers,15.0,"YouTube, WhatsApp",34140.0,1442.0,584.0,299.0,66079.0,716.36,-0.69,Hindi,6.81,,03-01-2025
NY-CMP-23996,Influencer,Working Women,29.0,WhatsApp,39268.0,,1721.0,994.0,376726.0,155.1,1.44,Hindi,16.62,Youth,03-11-2024
NY-CMP-5028,SEO,College Students,5.0,YouTube,35244.0,737.0,277.0,,68200.0,255.1,0.22,Bengali,,Working Women,18-02-2025
NY-CMP-28379,Paid Ads,Tier 2 City Customers,5.0,"Instagram, YouTube, Google",44223.0,4667.0,2352.0,1525.0,831125.0,87.56,5.22,Tamil,19.32,College Students,17-01-2025
NY-CMP-28520,Social Media,Tier 2 City Customers,12.0,"Instagram, YouTube",57883.0,2597.0,723.0,509.0,130813.0,323.23,-0.2,Tamil,6.62,Premium Shoppers,08-07-2024
NY-CMP-2696,Paid Ads,Premium Shoppers,20.0,"YouTube, WhatsApp, Instagram",96174.0,9803.0,5696.0,3867.0,2954388.0,63.07,11.11,Hindi,20.14,Working Women,02-10-2024
NY-CMP-45099,Email,Premium Shoppers,23.0,"Instagram, Google, Facebook",57163.0,5080.0,2225.0,1455.0,1102890.0,51.53,13.71,English,15.32,Tier 2 City Customers,26-08-2024
NY-CMP-39298,SEO,College Students,20.0,Instagram,21836.0,2086.0,1171.0,694.0,202648.0,108.49,1.69,Hindi,18.09,Youth,04-03-2025
NY-CMP-9274,Social Media,College Students,10.0,"Instagram, YouTube, Facebook",45078.0,,2547.0,1467.0,635211.0,125.27,2.46,Tamil,19.22,College Students,25-04-2025
NY-CMP-2390,SEO,College Students,8.0,"WhatsApp, YouTube, Instagram",74665.0,10239.0,2286.0,1502.0,1114484.0,45.09,15.46,English,18.79,Youth,26-10-2024
NY-CMP-38698,Paid Ads,Working Women,27.0,"Instagram, Email, Facebook",75270.0,10051.0,4877.0,2760.0,996360.0,58.95,5.12,Tamil,23.5,Premium Shoppers,10-09-2024
NY-CMP-31238,Paid Ads,College Students,15.0,"Google, YouTube, WhatsApp",72613.0,8582.0,3608.0,2136.0,1646856.0,122.62,5.29,Bengali,19.73,Youth,17-10-2024
NY-CMP-12010,SEO,Youth,27.0,"Email, Instagram, WhatsApp",96144.0,10955.0,5438.0,4246.0,3112318.0,37.12,18.74,,21.47,Working Women,15-03-2025
NY-CMP-20850,,Working Women,14.0,YouTube,96686.0,9838.0,5360.0,2833.0,2019929.0,65.7,9.85,Tamil,18.65,Youth,16-04-2025
NY-CMP-11678,Influencer,Youth,8.0,Facebook,37872.0,2364.0,943.0,651.0,499968.0,151.39,4.07,Bengali,10.45,College Students,11-08-2024
NY-CMP-40002,,Tier 2 City Customers,26.0,"YouTube, Google, Instagram",15851.0,572.0,328.0,102.0,41412.0,2364.4,-0.83,Hindi,6.32,Working Women,02-01-2025
NY-CMP-17430,SEO,Premium Shoppers,5.0,"Email, Facebook, WhatsApp",68725.0,3070.0,1744.0,743.0,407164.0,267.2,1.05,English,8.09,Working Women,25-12-2024
NY-CMP-42460,SEO,Working Women,13.0,"Facebook, Email, Instagram",84140.0,8573.0,4064.0,2576.0,,61.39,3.45,Tamil,18.08,College Students,26-02-2025
NY-CMP-22374,Social Media,College Students,22.0,"Instagram, Facebook",43108.0,2200.0,1164.0,817.0,353761.0,62.4,5.94,Tamil,,College Students,25-09-2024
NY-CMP-42077,SEO,Premium Shoppers,13.0,"Instagram, Facebook",58669.0,4414.0,2025.0,678.0,,345.64,0.73,,12.13,College Students,04-05-2025
NY-CMP-1253,Email,Tier 2 City Customers,6.0,,49634.0,1540.0,351.0,122.0,93818.0,2180.83,-0.65,Bengali,4.06,Youth,23-07-2024
NY-CMP-31229,Social Media,Working Women,22.0,YouTube,32790.0,4671.0,2121.0,893.0,710828.0,260.66,2.05,Hindi,23.44,College Students,24-11-2024
NY-CMP-53416,Influencer,Youth,22.0,,18638.0,,834.0,284.0,137740.0,547.89,-0.11,Bengali,17.47,Working Women,14-12-2024
NY-CMP-54279,SEO,Working Women,9.0,WhatsApp,81628.0,8166.0,4105.0,2114.0,1073912.0,106.23,3.78,,17.62,,14-01-2025
NY-CMP-11930,Email,Tier 2 City Customers,24.0,"Facebook, Google",17436.0,632.0,163.0,104.0,74984.0,,-0.63,Tamil,5.16,Premium Shoppers,20-04-2025
NY-CMP-37601,Social Media,Youth,28.0,"Facebook, Email, WhatsApp",20856.0,1773.0,792.0,486.0,346518.0,114.13,5.25,English,14.63,Working Women,10-10-2024
NY-CMP-2003,Paid Ads,Tier 2 City Customers,26.0,"Instagram, Facebook",62339.0,,1842.0,,460530.0,189.48,1.69,Hindi,14.59,Tier 2 City Customers,30-01-2025
NY-CMP-15164,Email,Youth,15.0,Google,66944.0,5350.0,1291.0,950.0,721050.0,131.42,4.78,,11.34,,02-08-2024
NY-CMP-11542,Influencer,Premium Shoppers,20.0,Facebook,52120.0,4384.0,1112.0,594.0,288090.0,140.18,2.46,Bengali,11.68,College Students,04-06-2025
NY-CMP-13399,Influencer,Working Women,17.0,WhatsApp,31676.0,767.0,155.0,95.0,,1211.15,-0.63,English,3.21,Tier 2 City Customers,13-08-2024
NY-CMP-11883,Social Media,Youth,23.0,"Instagram, WhatsApp, YouTube",15005.0,1840.0,911.0,458.0,281212.0,601.81,0.02,Hindi,21.39,Youth,29-03-2025
NY-CMP-7936,SEO,Working Women,27.0,Email,,3218.0,970.0,719.0,338649.0,311.96,0.51,Bengali,12.63,Working Women,02-11-2024
NY-CMP-10618,Influencer,,13.0,YouTube,88060.0,5347.0,1557.0,1120.0,862400.0,47.67,15.15,Tamil,,Premium Shoppers,23-09-2024
NY-CMP-31758,Influencer,College Students,15.0,"Google, Facebook",56099.0,3111.0,1832.0,1164.0,259572.0,144.11,0.55,English,10.89,Working Women,30-11-2024
NY-CMP-47459,Influencer,Working Women,6.0,"YouTube, WhatsApp",99420.0,11437.0,6546.0,5000.0,1130000.0,24.86,8.09,Bengali,23.12,Tier 2 City Customers,26-11-2024
NY-CMP-15446,Email,Working Women,30.0,"Facebook, Instagram",49285.0,3530.0,1053.0,450.0,324450.0,593.94,0.21,Tamil,10.21,Tier 2 City Customers,26-05-2025
NY-CMP-54066,Social Media,Tier 2 City Customers,24.0,"Facebook, Instagram, Google",85265.0,6191.0,1754.0,1067.0,534567.0,61.82,7.1,Hindi,10.57,Youth,03-02-2025
NY-CMP-7196,Paid Ads,Working Women,22.0,Facebook,70405.0,6530.0,1967.0,823.0,339899.0,363.21,0.14,English,13.24,Premium Shoppers,05-06-2025
NY-CMP-51064,SEO,Youth,24.0,"Google, YouTube",79947.0,2549.0,1272.0,687.0,242511.0,97.81,2.61,English,5.64,Working Women,25-01-2025
NY-CMP-6517,Influencer,Working Women,12.0,"WhatsApp, Facebook, Google",10241.0,1277.0,656.0,279.0,201996.0,561.3,0.29,Bengali,21.6,Working Women,22-10-2024
NY-CMP-9858,Social Media,College Students,28.0,YouTube,82863.0,6743.0,,1023.0,273141.0,204.01,,,12.46,Youth,14-09-2024
NY-CMP-22937,Social Media,Premium Shoppers,11.0,"Instagram, Google",12588.0,1514.0,841.0,325.0,102700.0,251.16,0.26,Hindi,21.29,Youth,18-07-2024
NY-CMP-30276,Influencer,College Students,10.0,"WhatsApp, Email",72662.0,8644.0,4068.0,1551.0,324159.0,78.38,1.67,Tamil,19.63,Youth,19-02-2025
NY-CMP-28831,Email,Tier 2 City Customers,12.0,Instagram,53409.0,6650.0,1758.0,647.0,291797.0,434.94,0.04,Tamil,16.95,Premium Shoppers,04-12-2024
NY-CMP-38301,Paid Ads,Tier 2 City Customers,16.0,"Instagram, WhatsApp",60025.0,7069.0,1811.0,1189.0,,173.07,2.13,English,16.77,College Students,25-03-2025
NY-CMP-5669,Social Media,Premium Shoppers,27.0,"Email, Facebook, YouTube",,4306.0,1661.0,1058.0,621046.0,68.82,,Hindi,15.47,Working Women,14-05-2025
NY-CMP-30936,Social Media,Tier 2 City Customers,10.0,"Facebook, Instagram",44580.0,1243.0,285.0,102.0,23358.0,2237.41,-0.9,Hindi,3.66,Working Women,09-03-2025
NY-CMP-31432,SEO,Working Women,,"WhatsApp, Facebook, YouTube",86756.0,8791.0,2632.0,1538.0,336822.0,41.11,4.33,English,14.94,Working Women,22-09-2024
NY-CMP-50162,Social Media,Youth,12.0,Google,61894.0,4916.0,,1240.0,548080.0,54.27,7.14,Bengali,12.81,Working Women,09-08-2024
NY-CMP-22862,Influencer,Working Women,,WhatsApp,,6078.0,2028.0,856.0,630016.0,311.44,1.36,Bengali,11.27,Premium Shoppers,19-02-2025
NY-CMP-6711,Email,Tier 2 City Customers,13.0,WhatsApp,23287.0,519.0,232.0,95.0,29165.0,1325.74,-0.77,Hindi,3.63,Premium Shoppers,02-11-2024
NY-CMP-25830,Social Media,Working Women,19.0,,15743.0,,1097.0,,292866.0,647.27,0.23,Bengali,21.87,Working Women,16-05-2025
NY-CMP-47359,Email,Working Women,7.0,"Email, Google",94553.0,4353.0,1041.0,431.0,310751.0,311.91,1.31,English,6.16,Tier 2 City Customers,06-02-2025
NY-CMP-39844,Email,Tier 2 City Customers,21.0,"Facebook, YouTube",,3956.0,1906.0,1321.0,480844.0,44.08,7.26,Tamil,7.59,Premium Shoppers,22-03-2025
NY-CMP-55943,SEO,Tier 2 City Customers,7.0,Instagram,94998.0,4151.0,,789.0,412647.0,187.26,1.79,English,7.12,Tier 2 City Customers,19-01-2025
NY-CMP-5448,Paid Ads,,19.0,"Facebook, WhatsApp, Google",29080.0,2145.0,,692.0,390288.0,203.8,1.77,English,14.15,Tier 2 City Customers,25-04-2025
NY-CMP-27176,Influencer,Tier 2 City Customers,29.0,"Email, Facebook",79948.0,3875.0,833.0,258.0,138546.0,855.57,-0.37,Tamil,6.21,Premium Shoppers,01-10-2024
NY-CMP-52365,Social Media,Tier 2 City Customers,30.0,"WhatsApp, YouTube, Google",86843.0,1737.0,998.0,418.0,276298.0,235.01,1.81,Bengali,3.63,Youth,04-05-2025
NY-CMP-25202,SEO,Youth,22.0,Instagram,48856.0,1202.0,264.0,100.0,63700.0,1357.95,-0.53,Tamil,3.21,College Students,01-09-2024
NY-CMP-31335,Social Media,Working Women,10.0,"Instagram, WhatsApp, YouTube",,1819.0,377.0,131.0,104800.0,2197.83,-0.64,English,6.48,Working Women,10-04-2025
NY-CMP-46537,Influencer,Working Women,10.0,"YouTube, Instagram, Email",54142.0,2839.0,772.0,616.0,478016.0,194.23,3.0,Hindi,7.81,Youth,01-05-2025
NY-CMP-18475,Email,Tier 2 City Customers,19.0,"Email, WhatsApp",11858.0,1452.0,646.0,288.0,204480.0,,-0.16,Hindi,20.12,College Students,08-12-2024
NY-CMP-7128,SEO,,17.0,"YouTube, Google",99367.0,6597.0,1410.0,532.0,120232.0,494.11,-0.54,Tamil,8.59,Youth,10-09-2024
NY-CMP-13081,SEO,Working Women,14.0,"YouTube, Email, WhatsApp",62289.0,7257.0,2710.0,1078.0,389158.0,104.38,2.46,Hindi,17.73,Youth,22-09-2024
NY-CMP-38328,Social Media,Working Women,10.0,WhatsApp,62553.0,4417.0,2589.0,1702.0,452732.0,73.77,2.61,English,13.92,Working Women,09-11-2024
NY-CMP-12100,Influencer,Tier 2 City Customers,15.0,"WhatsApp, Facebook",95531.0,13184.0,7006.0,5342.0,1821622.0,18.48,17.46,Bengali,26.73,Youth,25-02-2025
NY-CMP-44396,Email,College Students,15.0,WhatsApp,67332.0,1499.0,449.0,147.0,99372.0,1040.93,-0.35,,3.11,Youth,07-10-2024
NY-CMP-44631,Email,Working Women,24.0,"WhatsApp, YouTube",30800.0,2463.0,577.0,205.0,97990.0,1144.96,-0.58,English,10.54,Tier 2 City Customers,26-04-2025
NY-CMP-27174,Social Media,Premium Shoppers,30.0,WhatsApp,36850.0,3532.0,1241.0,429.0,108966.0,653.67,-0.61,Bengali,14.12,College Students,18-11-2024
NY-CMP-23374,Email,Premium Shoppers,8.0,"Google, Email, YouTube",76970.0,8423.0,4523.0,3001.0,2184728.0,58.11,11.53,Tamil,20.72,College Students,29-09-2024
NY-CMP-56361,Email,Tier 2 City Customers,8.0,"Facebook, YouTube, Instagram",85964.0,4571.0,1102.0,355.0,203415.0,226.37,1.53,English,7.01,Youth,28-04-2025
NY-CMP-3807,Social Media,Working Women,19.0,WhatsApp,22985.0,483.0,152.0,100.0,52200.0,1014.7,-0.49,English,3.2,College Students,03-04-2025
NY-CMP-4788,SEO,Youth,30.0,"WhatsApp, Email",12783.0,861.0,230.0,179.0,59965.0,889.8,-0.62,English,9.94,Working Women,24-10-2024
NY-CMP-31185,Influencer,Youth,24.0,"Instagram, Email, YouTube",80571.0,3441.0,1600.0,743.0,332864.0,126.16,2.55,Bengali,7.18,Premium Shoppers,23-08-2024
NY-CMP-18080,Influencer,Youth,11.0,YouTube,68141.0,4233.0,1001.0,616.0,308616.0,136.49,2.67,English,8.59,College Students,16-06-2025
NY-CMP-46849,Email,Tier 2 City Customers,21.0,"Google, Facebook, YouTube",35812.0,2008.0,559.0,390.0,85800.0,746.06,-0.71,Tamil,8.26,Youth,02-08-2024
NY-CMP-7095,,Tier 2 City Customers,11.0,"Email, YouTube, Google",82632.0,7948.0,3577.0,1610.0,1257410.0,40.0,18.53,Bengali,15.9,Premium Shoppers,30-04-2025
NY-CMP-5878,Social Media,Tier 2 City Customers,16.0,YouTube,57332.0,1168.0,489.0,305.0,178425.0,886.48,-0.34,Hindi,3.42,College Students,05-08-2024
NY-CMP-26942,Paid Ads,Tier 2 City Customers,15.0,YouTube,,3319.0,1934.0,1011.0,514599.0,234.97,1.17,Bengali,11.03,Working Women,12-04-2025
NY-CMP-19834,SEO,College Students,14.0,Google,65055.0,3438.0,1510.0,555.0,137085.0,531.23,-0.54,Hindi,8.46,College Students,10-12-2024
NY-CMP-37900,Paid Ads,Premium Shoppers,21.0,"WhatsApp, Facebook, Google",76642.0,7698.0,3091.0,1831.0,1360433.0,162.14,3.58,English,16.47,Premium Shoppers,04-02-2025
NY-CMP-8836,Influencer,,20.0,"Email, Google",31016.0,4473.0,,1392.0,1024512.0,135.41,4.44,Hindi,26.05,Youth,24-03-2025
NY-CMP-3008,Email,Youth,20.0,"WhatsApp, Google",15663.0,2064.0,,255.0,62220.0,584.0,-0.58,Bengali,18.32,Youth,14-08-2024
NY-CMP-33374,Social Media,College Students,,"Google, Facebook",69557.0,2396.0,819.0,499.0,210578.0,384.29,0.1,Tamil,5.34,Youth,07-11-2024
NY-CMP-40675,Social Media,,29.0,"Email, Facebook",65864.0,1902.0,1037.0,412.0,153264.0,617.12,-0.4,English,,College Students,18-11-2024
NY-CMP-25308,SEO,Youth,17.0,"Email, Facebook",89292.0,9765.0,4945.0,2127.0,1012452.0,29.32,15.24,Hindi,18.86,Youth,07-08-2024
NY-CMP-36431,Influencer,Youth,18.0,"WhatsApp, Instagram, Email",55980.0,2396.0,1158.0,884.0,593164.0,310.34,1.16,English,7.93,Working Women,24-12-2024
NY-CMP-34819,Influencer,Working Women,19.0,"Email, Facebook, Instagram",81289.0,7745.0,2944.0,1664.0,1138176.0,35.61,18.21,Tamil,15.2,Premium Shoppers,28-12-2024
NY-CMP-19415,Social Media,Youth,22.0,YouTube,21126.0,2495.0,1228.0,752.0,534672.0,214.03,2.32,Tamil,21.18,Youth,05-10-2024
NY-CMP-37037,SEO,College Students,15.0,"Instagram, Facebook, WhatsApp",21214.0,2760.0,805.0,475.0,354350.0,300.44,1.48,,19.04,College Students,20-07-2024
NY-CMP-20176,Paid Ads,Youth,8.0,"Instagram, Facebook, Google",38560.0,,778.0,590.0,443090.0,345.19,1.18,English,10.92,College Students,12-04-2025
NY-CMP-43272,Influencer,Premium Shoppers,27.0,"YouTube, Facebook",47497.0,6328.0,2125.0,684.0,322164.0,424.82,0.11,Bengali,19.24,,19-03-2025
NY-CMP-19102,Social Media,Youth,30.0,YouTube,23219.0,1115.0,269.0,145.0,51910.0,1958.22,-0.82,Tamil,6.59,Youth,23-04-2025
NY-CMP-53111,Paid Ads,Youth,19.0,"YouTube, Google",64749.0,5581.0,1863.0,1423.0,493781.0,202.73,0.71,Hindi,13.69,College Students,29-10-2024
NY-CMP-22132,Social Media,Working Women,21.0,"WhatsApp, YouTube",,3693.0,1988.0,830.0,231570.0,,0.7,English,10.26,Tier 2 City Customers,18-12-2024
NY-CMP-32354,Paid Ads,College Students,11.0,Facebook,81370.0,3112.0,1420.0,,654240.0,251.98,1.98,Tamil,6.64,College Students,24-09-2024
NY-CMP-12541,Influencer,Premium Shoppers,10.0,"Instagram, Facebook",85867.0,10663.0,6262.0,1992.0,1581648.0,142.64,4.57,Hindi,22.03,Working Women,19-01-2025
NY-CMP-26953,SEO,Premium Shoppers,13.0,"Email, Facebook",78747.0,6938.0,1531.0,672.0,208992.0,82.76,2.76,Bengali,11.61,College Students,09-02-2025
NY-CMP-47115,Paid Ads,College Students,,,65233.0,2288.0,1026.0,737.0,327965.0,189.08,1.35,English,6.21,Tier 2 City Customers,31-03-2025
NY-CMP-27625,Social Media,Premium Shoppers,17.0,Email,13200.0,1161.0,565.0,220.0,139920.0,1044.28,-0.39,Tamil,14.74,Premium Shoppers,17-07-2024
NY-CMP-46650,SEO,Working Women,30.0,"Google, Email",54593.0,2359.0,574.0,227.0,118040.0,931.04,-0.44,Bengali,5.79,Premium Shoppers,09-09-2024
NY-CMP-21701,Social Media,College Students,30.0,Email,57804.0,3805.0,903.0,422.0,137572.0,,0.32,English,8.87,College Students,21-08-2024
NY-CMP-51934,Influencer,Youth,22.0,"WhatsApp, Google",74727.0,4764.0,2239.0,1305.0,921330.0,77.73,8.08,Bengali,11.12,Youth,01-02-2025
NY-CMP-37156,Social Media,Youth,27.0,"Instagram, Google, Email",,3114.0,1095.0,341.0,139810.0,307.74,0.33,Hindi,4.6,Premium Shoppers,26-12-2024
NY-CMP-23141,SEO,Tier 2 City Customers,28.0,"Email, WhatsApp",32975.0,3343.0,745.0,579.0,275604.0,270.63,0.76,English,14.15,Youth,03-07-2024
NY-CMP-17273,Email,Working Women,14.0,,82990.0,2689.0,,303.0,241188.0,371.18,1.14,Hindi,4.77,Working Women,19-02-2025
NY-CMP-47794,Social Media,College Students,10.0,"YouTube, Instagram",52929.0,3013.0,1097.0,699.0,514464.0,312.81,,Hindi,9.09,Working Women,
NY-CMP-28279,Social Media,Working Women,29.0,,65895.0,2266.0,1271.0,567.0,360045.0,,1.41,English,6.23,College Students,07-10-2024
NY-CMP-18090,Email,Working Women,13.0,"Google, YouTube",11504.0,1231.0,367.0,112.0,43344.0,1950.56,-0.8,English,14.86,Youth,29-04-2025
NY-CMP-50690,SEO,Working Women,28.0,YouTube,44334.0,2466.0,,339.0,200688.0,260.63,1.27,Tamil,8.12,Tier 2 City Customers,01-12-2024
NY-CMP-3616,Influencer,,20.0,"Facebook, Instagram",96022.0,13596.0,5596.0,2928.0,2207712.0,81.43,8.26,Tamil,23.04,Premium Shoppers,15-04-2025
NY-CMP-10606,SEO,College Students,26.0,"WhatsApp, Facebook",,2762.0,1633.0,1244.0,342100.0,47.78,4.76,English,9.86,College Students,16-05-2025
NY-CMP-34255,Social Media,College Students,17.0,"Facebook, YouTube",18222.0,2078.0,756.0,466.0,314550.0,481.98,0.4,English,18.11,Youth,19-11-2024
NY-CMP-23872,Social Media,Youth,12.0,"WhatsApp, Facebook, Email",80845.0,8064.0,,967.0,412909.0,148.35,1.88,Bengali,13.43,Working Women,31-07-2024
NY-CMP-42608,Influencer,Tier 2 City Customers,18.0,"Instagram, Email, YouTube",74243.0,,513.0,354.0,198948.0,313.41,,English,3.49,College Students,07-05-2025
NY-CMP-13691,Paid Ads,Working Women,20.0,"YouTube, Google, Email",,1321.0,295.0,228.0,161880.0,288.46,1.46,Hindi,,Working Women,
NY-CMP-18461,Email,Premium Shoppers,26.0,"Google, Instagram, Facebook",21927.0,3061.0,1462.0,857.0,502202.0,83.03,6.06,Bengali,24.54,Youth,18-02-2025
NY-CMP-40034,Paid Ads,Youth,12.0,"Email, YouTube, Facebook",21782.0,1180.0,368.0,264.0,101112.0,381.2,0.0,English,8.32,,20-09-2024
NY-CMP-53999,Email,Working Women,28.0,"Google, Instagram, YouTube",55118.0,5650.0,2808.0,886.0,383638.0,178.76,1.42,English,16.95,,25-03-2025
NY-CMP-50389,Paid Ads,College Students,13.0,YouTube,14352.0,1075.0,244.0,118.0,69856.0,2415.14,-0.75,English,10.01,Working Women,16-11-2024
NY-CMP-50652,Paid Ads,College Students,26.0,"WhatsApp, Instagram, Facebook",40557.0,3835.0,1127.0,,458640.0,,1.11,Bengali,14.01,Youth,28-10-2024
NY-CMP-39576,Social Media,Premium Shoppers,24.0,"Facebook, YouTube, Email",92317.0,11926.0,5581.0,2723.0,1230796.0,63.05,6.17,Hindi,21.91,College Students,23-02-2025
NY-CMP-49914,Influencer,Tier 2 City Customers,17.0,"WhatsApp, Email",70735.0,3532.0,1413.0,1030.0,600490.0,290.13,1.01,Bengali,8.45,College Students,06-03-2025
NY-CMP-23874,Email,Youth,21.0,"WhatsApp, Instagram",84007.0,3713.0,1352.0,893.0,532228.0,305.0,0.95,Hindi,7.09,Working Women,28-11-2024
NY-CMP-51267,Influencer,Youth,9.0,"YouTube, WhatsApp, Email",46670.0,,719.0,418.0,209836.0,425.34,0.18,Tamil,6.25,College Students,09-04-2025
NY-CMP-51484,Social Media,Premium Shoppers,20.0,"WhatsApp, Email",47691.0,5048.0,2645.0,1319.0,874497.0,192.42,2.45,Bengali,18.9,Working Women,18-05-2025
NY-CMP-47611,Email,,13.0,"WhatsApp, Email",52706.0,,994.0,303.0,111504.0,364.71,0.01,Bengali,8.11,College Students,02-08-2024
NY-CMP-16292,Paid Ads,Working Women,17.0,"Instagram, Google, Facebook",23060.0,1208.0,387.0,252.0,168336.0,497.86,0.34,Hindi,8.01,Youth,24-05-2025
NY-CMP-26922,Paid Ads,Youth,20.0,"Email, WhatsApp",44170.0,4263.0,1395.0,1113.0,441861.0,185.14,1.14,,15.33,Premium Shoppers,24-05-2025
NY-CMP-25676,Influencer,Premium Shoppers,28.0,WhatsApp,54356.0,2237.0,808.0,436.0,281656.0,587.21,0.1,Bengali,6.4,Working Women,26-03-2025
NY-CMP-16726,SEO,Youth,9.0,"Facebook, YouTube, WhatsApp",27969.0,2020.0,1076.0,590.0,426570.0,,2.19,Bengali,13.18,College Students,23-07-2024
NY-CMP-18697,Social Media,Working Women,24.0,"YouTube, Email",80562.0,6029.0,,1247.0,482589.0,166.41,1.33,English,12.48,Tier 2 City Customers,25-12-2024
NY-CMP-18593,Influencer,Working Women,,"Instagram, Google",32642.0,938.0,268.0,110.0,,1916.8,-0.71,English,4.03,Working Women,17-03-2025
NY-CMP-36491,Paid Ads,Youth,15.0,"Email, YouTube",45191.0,4733.0,2446.0,748.0,535568.0,114.24,,Bengali,17.54,Premium Shoppers,24-07-2024
NY-CMP-6975,Social Media,Premium Shoppers,17.0,"Instagram, Facebook, WhatsApp",45526.0,4854.0,2621.0,1348.0,981344.0,68.3,9.66,Tamil,19.38,Tier 2 City Customers,22-09-2024
NY-CMP-45652,Paid Ads,Tier 2 City Customers,22.0,Google,60162.0,8261.0,3567.0,1830.0,569130.0,156.97,0.98,Tamil,22.7,Youth,04-07-2024
NY-CMP-56055,Influencer,Premium Shoppers,30.0,YouTube,32498.0,4121.0,2241.0,1339.0,417768.0,83.12,2.75,Hindi,23.7,Premium Shoppers,23-07-2024
NY-CMP-2736,Social Media,College Students,13.0,Google,12079.0,1791.0,971.0,592.0,261664.0,188.16,1.35,Tamil,27.77,Working Women,19-08-2024
NY-CMP-11439,Paid Ads,Youth,11.0,YouTube,22454.0,2893.0,1002.0,378.0,233226.0,267.74,1.3,Hindi,19.03,Tier 2 City Customers,05-09-2024
NY-CMP-10125,Social Media,Working Women,7.0,"Facebook, Google",51256.0,7530.0,2226.0,719.0,335054.0,338.83,0.38,English,20.44,Youth,11-01-2025
NY-CMP-10129,Paid Ads,College Students,16.0,"Facebook, WhatsApp, YouTube",98608.0,2371.0,609.0,233.0,136538.0,269.73,1.17,Hindi,3.26,Youth,30-05-2025
NY-CMP-48907,Email,Tier 2 City Customers,22.0,"YouTube, Google",56186.0,3172.0,1273.0,805.0,619045.0,241.56,2.18,Hindi,9.34,Premium Shoppers,23-03-2025
NY-CMP-45885,Email,College Students,13.0,"Google, YouTube",91722.0,5827.0,2174.0,1011.0,501456.0,280.2,,English,9.83,Working Women,05-01-2025
NY-CMP-24742,Email,Premium Shoppers,29.0,"Google, YouTube",91897.0,6253.0,3239.0,1742.0,1297790.0,123.62,5.03,Tamil,12.22,Premium Shoppers,07-09-2024
NY-CMP-9171,Social Media,Premium Shoppers,17.0,,82983.0,10800.0,,1056.0,831072.0,64.48,11.21,Hindi,17.35,College Students,
NY-CMP-19861,Email,College Students,25.0,"Instagram, YouTube, Facebook",49020.0,1584.0,514.0,242.0,79860.0,1185.31,-0.72,Bengali,4.77,College Students,16-04-2025
NY-CMP-27992,Influencer,Tier 2 City Customers,26.0,Facebook,31810.0,1629.0,488.0,184.0,114816.0,1391.44,-0.55,Bengali,7.23,Premium Shoppers,02-02-2025
NY-CMP-26554,Email,Premium Shoppers,8.0,Facebook,70711.0,,572.0,363.0,74415.0,679.58,-0.7,,3.67,Working Women,08-10-2024
NY-CMP-13695,Paid Ads,Premium Shoppers,14.0,Email,97985.0,11071.0,3862.0,1485.0,752895.0,99.79,4.08,English,16.76,Premium Shoppers,22-08-2024
NY-CMP-40804,Social Media,College Students,17.0,"Instagram, YouTube",29759.0,3294.0,1146.0,725.0,568400.0,371.19,1.11,Bengali,17.36,Tier 2 City Customers,09-04-2025
NY-CMP-22805,Paid Ads,College Students,17.0,"Facebook, Email",99508.0,5536.0,2520.0,1345.0,1050445.0,142.67,4.47,Hindi,9.45,Premium Shoppers,13-10-2024
NY-CMP-3982,Influencer,College Students,14.0,"Email, YouTube, Google",21716.0,1884.0,778.0,349.0,208702.0,662.26,-0.1,Hindi,13.87,Tier 2 City Customers,10-07-2024
NY-CMP-37797,Influencer,College Students,16.0,"Instagram, YouTube",,2532.0,830.0,589.0,467666.0,111.66,6.11,Hindi,22.81,Tier 2 City Customers,13-09-2024
NY-CMP-33119,Email,College Students,19.0,"WhatsApp, Facebook",40860.0,2332.0,1239.0,858.0,179322.0,158.14,0.32,Bengali,10.84,Premium Shoppers,18-05-2025
NY-CMP-2655,SEO,Premium Shoppers,25.0,Facebook,,431.0,92.0,39.0,11271.0,6410.38,-0.95,Bengali,3.11,Youth,28-01-2025
NY-CMP-48755,,College Students,14.0,Google,91248.0,10961.0,4280.0,2179.0,1259462.0,114.63,4.04,Tamil,,,13-02-2025
NY-CMP-6920,SEO,Tier 2 City Customers,28.0,"Email, WhatsApp, YouTube",88328.0,10976.0,4773.0,,1551732.0,54.09,9.87,Tamil,20.82,Tier 2 City Customers,22-01-2025
NY-CMP-38527,SEO,Tier 2 City Customers,14.0,"Instagram, WhatsApp, YouTube",35968.0,2347.0,839.0,265.0,164565.0,693.83,-0.1,Tamil,9.59,College Students,16-02-2025
NY-CMP-49822,Social Media,Tier 2 City Customers,15.0,Facebook,33219.0,2504.0,752.0,309.0,187563.0,174.62,2.48,Bengali,10.73,Tier 2 City Customers,12-12-2024
NY-CMP-30589,SEO,Tier 2 City Customers,24.0,"Facebook, Google, Email",50155.0,1847.0,966.0,770.0,202510.0,,0.31,English,7.14,Tier 2 City Customers,17-04-2025
NY-CMP-44276,SEO,College Students,14.0,"Instagram, Facebook",72521.0,4830.0,1676.0,556.0,235188.0,434.4,-0.03,Tamil,9.74,Working Women,31-03-2025
NY-CMP-36467,Email,Youth,20.0,WhatsApp,77461.0,3114.0,647.0,369.0,228411.0,,1.5,Bengali,5.33,Premium Shoppers,01-11-2024
NY-CMP-7075,Paid Ads,Tier 2 City Customers,16.0,"Facebook, YouTube",77208.0,6118.0,1875.0,1152.0,,200.49,,Hindi,11.84,Tier 2 City Customers,06-07-2024
NY-CMP-41032,Social Media,College Students,,Email,82694.0,10828.0,5345.0,1966.0,1484330.0,70.7,9.68,English,21.94,College Students,23-12-2024
NY-CMP-51279,Influencer,Working Women,12.0,"Google, WhatsApp, YouTube",31407.0,3591.0,1415.0,659.0,421101.0,,1.15,Hindi,18.04,Youth,19-04-2025
NY-CMP-14660,Paid Ads,Working Women,27.0,"Instagram, YouTube, WhatsApp",30000.0,2576.0,1087.0,808.0,321584.0,223.92,0.78,Hindi,14.9,Working Women,09-04-2025
NY-CMP-35726,Social Media,Premium Shoppers,23.0,"Email, Facebook",60981.0,,462.0,199.0,128554.0,1321.23,-0.51,English,4.69,Premium Shoppers,15-01-2025
NY-CMP-2165,,Youth,19.0,YouTube,10989.0,398.0,139.0,78.0,31122.0,2869.63,-0.86,Hindi,5.6,Premium Shoppers,10-09-2024
NY-CMP-19794,Email,Youth,28.0,"Google, YouTube, Instagram",79406.0,9098.0,2256.0,1491.0,407043.0,102.49,1.66,English,16.18,,28-08-2024
NY-CMP-22908,Social Media,Premium Shoppers,11.0,"Email, YouTube",66561.0,5680.0,,1227.0,748470.0,225.88,1.7,Bengali,13.81,Premium Shoppers,20-04-2025
NY-CMP-26555,SEO,Working Women,27.0,Facebook,11014.0,1112.0,408.0,317.0,188615.0,416.49,0.43,Bengali,16.68,College Students,17-03-2025
NY-CMP-18462,Influencer,Youth,19.0,"Instagram, Google, WhatsApp",80827.0,10259.0,4060.0,1866.0,615780.0,95.7,2.45,English,20.02,Working Women,26-02-2025
NY-CMP-42288,Email,Working Women,12.0,Facebook,49977.0,7232.0,3879.0,1378.0,826800.0,64.52,8.3,English,24.99,Working Women,11-06-2025
NY-CMP-30786,Social Media,Youth,13.0,"Google, Email, WhatsApp",19950.0,2231.0,999.0,409.0,213089.0,240.04,1.17,Hindi,18.24,Tier 2 City Customers,30-03-2025
NY-CMP-41476,Influencer,Tier 2 City Customers,26.0,"Instagram, Google, Email",99653.0,5737.0,1626.0,892.0,367504.0,130.44,,Tamil,8.28,College Students,22-11-2024
NY-CMP-41804,Social Media,Youth,7.0,"YouTube, Instagram, WhatsApp",17266.0,720.0,412.0,211.0,63511.0,716.37,-0.58,Bengali,7.78,Youth,08-09-2024
NY-CMP-8143,Social Media,College Students,30.0,,59182.0,5951.0,1993.0,1189.0,826355.0,117.14,4.93,Bengali,15.43,College Students,
NY-CMP-26486,Email,Premium Shoppers,13.0,"Instagram, YouTube",15824.0,1424.0,843.0,302.0,93016.0,230.65,0.34,Bengali,16.23,Youth,30-03-2025
NY-CMP-15763,Influencer,Youth,11.0,"Email, WhatsApp, Instagram",49045.0,3734.0,1930.0,623.0,285957.0,256.5,0.79,Tamil,12.82,Working Women,16-03-2025
NY-CMP-10313,Paid Ads,Premium Shoppers,30.0,"WhatsApp, Google, Email",86471.0,,1415.0,1111.0,399960.0,116.82,2.08,Bengali,6.65,Tier 2 City Customers,11-11-2024
NY-CMP-45352,SEO,Youth,22.0,"Google, WhatsApp, Instagram",58021.0,6524.0,1580.0,691.0,436021.0,86.11,6.33,Bengali,15.16,Premium Shoppers,21-09-2024
NY-CMP-5091,Email,Working Women,9.0,"WhatsApp, Google, YouTube",,4390.0,2268.0,893.0,411673.0,179.94,1.56,English,23.2,Youth,12-08-2024
NY-CMP-44031,Paid Ads,Working Women,5.0,WhatsApp,33620.0,3371.0,1452.0,1034.0,654522.0,136.27,3.65,English,17.42,Tier 2 City Customers,20-07-2024
NY-CMP-1681,Influencer,Youth,18.0,"Email, YouTube, Instagram",13263.0,1878.0,459.0,247.0,134121.0,312.19,0.74,Hindi,19.48,Tier 2 City Customers,05-04-2025
NY-CMP-7939,Social Media,Working Women,22.0,"Email, Google",29590.0,1592.0,773.0,481.0,202501.0,319.35,0.32,Hindi,9.62,Working Women,12-07-2024
NY-CMP-2484,SEO,Working Women,22.0,Email,90833.0,9083.0,4430.0,,2048160.0,27.02,26.87,Bengali,17.87,Premium Shoppers,27-05-2025
NY-CMP-7933,Paid Ads,Youth,17.0,,54366.0,2270.0,881.0,292.0,200312.0,609.28,0.13,English,6.33,Tier 2 City Customers,02-03-2025
NY-CMP-52150,Social Media,College Students,18.0,"WhatsApp, YouTube, Instagram",67646.0,5794.0,2646.0,1417.0,1024491.0,169.7,3.26,Hindi,14.57,Working Women,12-02-2025
NY-CMP-14126,Paid Ads,Premium Shoppers,5.0,Instagram,59769.0,3992.0,2286.0,789.0,583860.0,203.49,2.64,Tamil,11.82,Premium Shoppers,11-09-2024
NY-CMP-38640,SEO,Working Women,29.0,YouTube,26748.0,3812.0,949.0,343.0,83692.0,669.65,-0.64,Bengali,19.08,Premium Shoppers,05-10-2024
NY-CMP-8982,Email,Tier 2 City Customers,25.0,"Instagram, YouTube",20294.0,2417.0,1031.0,316.0,198448.0,541.5,0.16,Tamil,18.55,Tier 2 City Customers,31-07-2024
NY-CMP-34338,Paid Ads,Working Women,9.0,Google,16736.0,586.0,299.0,166.0,120184.0,1341.67,-0.46,Hindi,6.28,Youth,26-02-2025
NY-CMP-11496,Paid Ads,College Students,28.0,YouTube,30364.0,1059.0,289.0,102.0,64974.0,2292.54,-0.72,Tamil,4.78,Premium Shoppers,24-07-2024
NY-CMP-49482,Email,Premium Shoppers,12.0,"Instagram, WhatsApp, Email",,8021.0,2119.0,1418.0,476448.0,95.17,2.53,Hindi,21.12,Tier 2 City Customers,09-12-2024
NY-CMP-6466,SEO,Tier 2 City Customers,13.0,"Instagram, WhatsApp, Google",,12430.0,,1828.0,1411216.0,35.79,20.57,Hindi,19.89,Tier 2 City Customers,12-07-2024
NY-CMP-13153,Paid Ads,Working Women,11.0,"Instagram, YouTube",15865.0,1409.0,818.0,495.0,279180.0,235.73,1.39,Hindi,17.16,Youth,23-09-2024
NY-CMP-13681,Social Media,,30.0,"Google, YouTube, WhatsApp",61054.0,3197.0,783.0,306.0,164628.0,,-0.36,English,7.02,Premium Shoppers,02-08-2024
NY-CMP-3449,SEO,Youth,20.0,"YouTube, Google",20143.0,2034.0,,603.0,402201.0,180.94,2.69,Hindi,18.16,Tier 2 City Customers,22-09-2024
NY-CMP-47009,Social Media,College Students,28.0,YouTube,48383.0,2066.0,610.0,476.0,257992.0,517.94,0.05,Bengali,6.51,College Students,01-04-2025
NY-CMP-43311,Influencer,Premium Shoppers,11.0,"Email, Facebook, WhatsApp",17938.0,1700.0,473.0,225.0,117900.0,1140.9,-0.54,Tamil,13.37,Tier 2 City Customers,26-05-2025
NY-CMP-34640,Email,Working Women,23.0,"WhatsApp, Instagram",75420.0,5954.0,1996.0,620.0,314960.0,158.23,2.21,Bengali,11.36,Youth,31-12-2024
NY-CMP-56295,Social Media,Premium Shoppers,27.0,Instagram,15368.0,603.0,138.0,47.0,11092.0,2294.85,-0.9,Tamil,5.13,College Students,29-12-2024
NY-CMP-7483,Influencer,Working Women,21.0,Email,47870.0,3575.0,1005.0,444.0,319680.0,128.92,4.58,,10.5,College Students,09-08-2024
NY-CMP-52201,SEO,Working Women,11.0,"YouTube, Facebook, WhatsApp",71254.0,3389.0,1487.0,913.0,403546.0,199.04,1.22,Hindi,8.12,,20-03-2025
NY-CMP-12165,,Working Women,9.0,Instagram,49552.0,2257.0,1264.0,511.0,243747.0,124.75,2.82,Hindi,8.14,Premium Shoppers,31-01-2025
NY-CMP-2566,SEO,Tier 2 City Customers,16.0,"Email, Google",21863.0,1728.0,724.0,244.0,,1203.36,-0.71,Bengali,12.33,Tier 2 City Customers,12-02-2025
NY-CMP-3593,Paid Ads,Premium Shoppers,15.0,Google,24492.0,2669.0,960.0,335.0,95810.0,369.69,-0.23,English,16.18,Working Women,18-12-2024
NY-CMP-38025,Influencer,Premium Shoppers,26.0,,92119.0,4654.0,1269.0,957.0,331122.0,126.38,1.74,English,7.47,Youth,15-03-2025
NY-CMP-51758,Email,Tier 2 City Customers,8.0,"Google, Facebook",76117.0,5306.0,3061.0,1887.0,1032189.0,,4.7,Hindi,13.47,Premium Shoppers,28-07-2024
NY-CMP-3522,Paid Ads,Youth,8.0,"WhatsApp, YouTube, Email",73808.0,2025.0,706.0,501.0,357714.0,502.5,0.42,Hindi,4.38,Tier 2 City Customers,13-07-2024
NY-CMP-14800,Social Media,Premium Shoppers,8.0,"Google, WhatsApp, Email",52688.0,1946.0,517.0,371.0,152110.0,435.41,-0.06,Bengali,5.38,College Students,12-07-2024
NY-CMP-15761,Email,Youth,25.0,"Instagram, Facebook",37312.0,3307.0,695.0,469.0,171654.0,184.51,0.98,Hindi,11.98,Youth,
NY-CMP-50700,Paid Ads,Premium Shoppers,,,45234.0,6434.0,3594.0,2281.0,540597.0,127.55,0.86,Tamil,27.21,Premium Shoppers,08-08-2024
NY-CMP-34138,Social Media,Working Women,13.0,Facebook,77504.0,10158.0,2204.0,1150.0,690000.0,206.17,1.91,Hindi,17.43,College Students,17-10-2024
NY-CMP-1898,Email,Youth,20.0,YouTube,10667.0,1302.0,510.0,302.0,150094.0,745.94,-0.33,Hindi,19.82,Youth,06-05-2025
NY-CMP-54719,Email,Premium Shoppers,12.0,"Facebook, WhatsApp, YouTube",20786.0,2050.0,1042.0,743.0,422024.0,283.32,1.0,,18.45,Working Women,07-01-2025
NY-CMP-5021,Email,Tier 2 City Customers,22.0,"YouTube, WhatsApp, Facebook",81865.0,11534.0,3926.0,2648.0,1048608.0,92.28,3.29,English,22.12,Youth,18-01-2025
NY-CMP-29416,Email,Youth,27.0,"WhatsApp, Email, YouTube",76588.0,2558.0,794.0,347.0,98548.0,207.37,0.37,Tamil,4.83,Tier 2 City Customers,09-02-2025
NY-CMP-28249,SEO,College Students,27.0,"Facebook, WhatsApp, Instagram",46355.0,4823.0,2436.0,772.0,193000.0,128.39,0.95,,17.32,Tier 2 City Customers,02-02-2025
NY-CMP-47870,Influencer,Premium Shoppers,18.0,"Email, Google",80019.0,7799.0,3199.0,,943845.0,99.95,5.23,Bengali,15.64,Premium Shoppers,01-12-2024
NY-CMP-39390,Influencer,Working Women,14.0,,13801.0,2032.0,591.0,282.0,208398.0,886.76,-0.17,Tamil,21.05,Premium Shoppers,09-10-2024
NY-CMP-11153,SEO,College Students,21.0,"Facebook, YouTube",,8848.0,2249.0,808.0,517928.0,130.75,3.9,Tamil,18.4,Premium Shoppers,12-12-2024
NY-CMP-2603,SEO,Premium Shoppers,8.0,"WhatsApp, YouTube, Google",70512.0,5901.0,3141.0,1383.0,654159.0,108.21,3.37,English,14.78,College Students,24-12-2024
NY-CMP-34131,Paid Ads,Premium Shoppers,25.0,WhatsApp,97406.0,1948.0,652.0,249.0,121761.0,903.58,-0.46,Tamil,2.92,Youth,05-05-2025
NY-CMP-43824,,College Students,5.0,Email,62632.0,5886.0,1791.0,1340.0,798640.0,52.31,10.39,Bengali,14.4,Working Women,27-10-2024
NY-CMP-14726,Influencer,Premium Shoppers,16.0,YouTube,82089.0,10335.0,2657.0,1300.0,565500.0,110.72,2.93,Tamil,17.41,Premium Shoppers,30-05-2025
NY-CMP-13157,Paid Ads,College Students,,"Google, Facebook, WhatsApp",78842.0,3212.0,1016.0,665.0,134330.0,376.92,-0.46,,6.21,Youth,
NY-CMP-34693,SEO,College Students,15.0,YouTube,79410.0,6396.0,2648.0,1224.0,314568.0,99.58,1.58,Hindi,12.93,,18-12-2024
NY-CMP-28581,Social Media,Working Women,23.0,WhatsApp,92552.0,10113.0,3227.0,1565.0,644780.0,54.18,,Hindi,16.1,Youth,06-06-2025
NY-CMP-10353,Email,Working Women,27.0,"Facebook, YouTube",19334.0,1501.0,617.0,290.0,103820.0,307.25,0.17,Hindi,12.45,Premium Shoppers,17-08-2024
NY-CMP-53640,Email,College Students,16.0,"WhatsApp, Email",30795.0,2329.0,1250.0,964.0,585148.0,239.53,1.53,Tamil,14.75,College Students,20-12-2024
NY-CMP-32111,Social Media,Working Women,25.0,YouTube,36713.0,2212.0,1236.0,662.0,353508.0,145.09,2.68,Hindi,11.19,Youth,05-11-2024
NY-CMP-35563,Paid Ads,Premium Shoppers,17.0,"Facebook, Instagram, Email",71051.0,1433.0,722.0,410.0,109470.0,304.3,-0.12,English,3.61,Youth,31-07-2024
NY-CMP-6657,SEO,Youth,13.0,"WhatsApp, Google",33603.0,1341.0,692.0,409.0,304296.0,698.95,0.06,Hindi,7.27,Working Women,06-11-2024
NY-CMP-12771,Influencer,Working Women,26.0,"Email, Google, Instagram",72399.0,9639.0,5190.0,3845.0,2864525.0,43.11,16.28,Hindi,25.79,Working Women,15-12-2024
NY-CMP-40057,SEO,Working Women,6.0,"WhatsApp, Email",98594.0,12305.0,4989.0,1545.0,434145.0,130.41,1.15,Hindi,19.11,Youth,24-05-2025
NY-CMP-51168,SEO,Youth,19.0,"Google, Facebook, WhatsApp",53502.0,1162.0,652.0,493.0,280517.0,604.89,-0.06,Bengali,4.31,,03-01-2025
NY-CMP-13994,Social Media,Youth,19.0,,17158.0,1725.0,804.0,292.0,230680.0,331.25,1.38,Tamil,16.44,Working Women,30-03-2025
NY-CMP-23345,Paid Ads,Tier 2 City Customers,8.0,"Email, Facebook, Google",89331.0,11169.0,4229.0,2164.0,1155576.0,35.55,14.02,Bengali,19.66,Youth,01-01-2025
NY-CMP-33666,Social Media,Premium Shoppers,21.0,Google,72099.0,4278.0,2200.0,1360.0,428400.0,93.24,,Tamil,10.87,Youth,01-11-2024
NY-CMP-5788,Influencer,Youth,16.0,Instagram,59377.0,2842.0,1178.0,716.0,379480.0,192.82,1.75,English,7.98,Premium Shoppers,13-02-2025
NY-CMP-38742,SEO,College Students,6.0,"YouTube, Instagram, Google",69183.0,6706.0,3211.0,1356.0,604776.0,39.9,10.18,Tamil,16.29,Youth,19-06-2025
NY-CMP-8474,Email,College Students,19.0,"Email, Facebook",26871.0,2432.0,877.0,,261052.0,386.74,0.93,,13.61,Premium Shoppers,06-11-2024
NY-CMP-8686,Paid Ads,Premium Shoppers,11.0,"WhatsApp, YouTube",,7350.0,3575.0,1760.0,799040.0,149.83,2.03,Hindi,16.15,College Students,27-07-2024
NY-CMP-9500,Social Media,Working Women,10.0,Instagram,49984.0,1992.0,986.0,675.0,449550.0,313.55,,Hindi,7.31,Tier 2 City Customers,11-12-2024
NY-CMP-29375,Email,Youth,23.0,"Facebook, YouTube",19535.0,943.0,270.0,,68276.0,2371.09,-0.71,Hindi,6.73,Youth,16-05-2025
NY-CMP-30213,Social Media,Working Women,16.0,"YouTube, WhatsApp",,2218.0,460.0,,,622.32,,Tamil,3.58,Working Women,17-08-2024
NY-CMP-29674,Influencer,College Students,,"Google, YouTube",62029.0,3974.0,1791.0,597.0,227457.0,451.68,-0.16,Tamil,10.26,Premium Shoppers,09-04-2025
NY-CMP-41284,Social Media,Premium Shoppers,16.0,Instagram,80988.0,,1322.0,562.0,408574.0,250.45,1.9,Bengali,6.68,,01-03-2025
NY-CMP-9489,Social Media,Tier 2 City Customers,17.0,"YouTube, Instagram",11592.0,323.0,146.0,55.0,37455.0,4356.6,-0.84,English,4.52,College Students,26-10-2024
NY-CMP-22779,Social Media,Working Women,27.0,"Google, Email, YouTube",97407.0,4996.0,2213.0,1429.0,431558.0,110.24,1.74,English,8.87,Tier 2 City Customers,22-01-2025
NY-CMP-11540,SEO,,22.0,YouTube,47784.0,2864.0,860.0,455.0,226135.0,558.78,-0.11,English,8.75,College Students,30-07-2024
NY-CMP-37084,Email,Working Women,19.0,"YouTube, Google",85433.0,3723.0,1299.0,,526841.0,274.74,0.86,Bengali,7.09,Working Women,23-02-2025
NY-CMP-20634,,Youth,10.0,"Google, Facebook, WhatsApp",61921.0,3507.0,1542.0,1124.0,703624.0,149.49,3.19,English,9.97,Premium Shoppers,04-04-2025
NY-CMP-21339,Social Media,Working Women,,"WhatsApp, Google",98897.0,13196.0,6470.0,3761.0,2177619.0,19.3,29.0,Bengali,23.69,Premium Shoppers,22-03-2025
NY-CMP-25711,Paid Ads,,7.0,,54145.0,1154.0,351.0,228.0,68856.0,760.84,-0.6,Hindi,3.2,Tier 2 City Customers,23-12-2024
NY-CMP-37381,Paid Ads,Tier 2 City Customers,7.0,"WhatsApp, Instagram, Google",65734.0,4744.0,1739.0,793.0,229177.0,200.65,0.44,Tamil,11.07,Tier 2 City Customers,03-09-2024
NY-CMP-11250,Influencer,Working Women,14.0,"YouTube, Facebook, Instagram",29857.0,2130.0,523.0,351.0,162513.0,771.23,-0.4,Tamil,10.06,College Students,07-02-2025
NY-CMP-49722,Email,,11.0,"Facebook, Instagram, WhatsApp",48557.0,5659.0,3232.0,2141.0,879951.0,97.28,3.22,Tamil,22.72,Tier 2 City Customers,13-12-2024
NY-CMP-48971,Influencer,College Students,13.0,Google,,4138.0,2276.0,1380.0,919080.0,69.83,8.54,English,15.75,Premium Shoppers,27-05-2025
NY-CMP-41207,Email,Youth,20.0,Google,47986.0,,1481.0,536.0,386992.0,385.68,0.87,Hindi,10.08,College Students,17-05-2025
NY-CMP-35739,SEO,Premium Shoppers,23.0,"YouTube, Email",94148.0,4814.0,974.0,,,,0.01,Hindi,6.79,College Students,13-07-2024
NY-CMP-17707,Email,Youth,7.0,"Google, Email",43808.0,5338.0,1413.0,577.0,158675.0,272.01,0.01,Bengali,16.73,College Students,25-12-2024
NY-CMP-46364,SEO,Working Women,30.0,"YouTube, Email",87468.0,7480.0,3970.0,2321.0,1151216.0,113.65,3.36,English,15.74,Premium Shoppers,16-08-2024
NY-CMP-50953,SEO,Youth,18.0,Google,74015.0,7424.0,4220.0,3179.0,1567247.0,77.09,5.4,English,20.03,College Students,31-08-2024
NY-CMP-30445,Email,Working Women,24.0,"Facebook, YouTube, Email",89257.0,9120.0,4363.0,2063.0,1345076.0,135.68,3.81,Bengali,17.42,College Students,
NY-CMP-24198,SEO,Youth,28.0,"YouTube, Email",38497.0,2989.0,764.0,,244917.0,288.25,0.47,English,11.25,Youth,
NY-CMP-48084,Social Media,Premium Shoppers,28.0,"Instagram, Google",91462.0,7917.0,4043.0,3134.0,896324.0,92.69,2.09,Bengali,16.5,College Students,04-07-2024
NY-CMP-29423,SEO,Tier 2 City Customers,,YouTube,31378.0,658.0,196.0,120.0,96000.0,1198.58,-0.33,Bengali,3.1,College Students,09-02-2025
NY-CMP-41389,Social Media,Working Women,24.0,"WhatsApp, Facebook",,9483.0,5414.0,4286.0,985780.0,58.93,2.9,English,29.01,Working Women,18-03-2025
NY-CMP-38875,Influencer,Youth,21.0,Instagram,,340.0,164.0,108.0,68364.0,2276.64,-0.72,English,4.75,Youth,26-01-2025
NY-CMP-5465,Email,Tier 2 City Customers,16.0,"Instagram, YouTube, WhatsApp",90614.0,4639.0,2298.0,,349932.0,53.19,3.53,Hindi,9.26,College Students,10-08-2024
NY-CMP-11951,Influencer,Youth,30.0,"Email, Facebook",61801.0,7660.0,3115.0,1838.0,531182.0,51.11,4.65,Tamil,20.41,Tier 2 City Customers,27-07-2024
NY-CMP-21513,Influencer,Working Women,22.0,"YouTube, WhatsApp",98022.0,12384.0,3113.0,1676.0,1059232.0,56.74,10.14,,17.52,Youth,
NY-CMP-35809,Social Media,Premium Shoppers,12.0,"Email, Instagram",79717.0,8119.0,4743.0,2713.0,1049931.0,100.12,2.87,Hindi,19.54,College Students,28-11-2024
NY-CMP-41270,Email,Tier 2 City Customers,25.0,"Instagram, WhatsApp, Email",51060.0,4909.0,1726.0,1164.0,238620.0,231.46,-0.11,English,,Premium Shoppers,26-07-2024
NY-CMP-50778,Influencer,College Students,19.0,Instagram,81723.0,10035.0,3078.0,1330.0,524020.0,211.06,0.87,,17.67,Youth,01-09-2024
NY-CMP-7631,SEO,Youth,19.0,"Instagram, YouTube",99080.0,4040.0,1415.0,961.0,729399.0,66.71,10.38,Tamil,6.48,Working Women,10-01-2025
NY-CMP-53499,SEO,Youth,9.0,Email,55540.0,1987.0,657.0,225.0,138150.0,1102.8,-0.44,Hindi,5.17,College Students,
NY-CMP-30586,Paid Ads,Youth,30.0,YouTube,40923.0,,497.0,191.0,119375.0,990.85,-0.37,Hindi,5.47,Youth,21-05-2025
NY-CMP-30349,,Premium Shoppers,5.0,"WhatsApp, Facebook, Google",35641.0,1523.0,364.0,205.0,98810.0,1270.96,-0.62,Tamil,5.87,Premium Shoppers,13-03-2025
NY-CMP-18244,Social Media,Youth,9.0,"Instagram, WhatsApp",38976.0,3818.0,2057.0,702.0,303966.0,,1.26,English,,College Students,05-02-2025
NY-CMP-4419,SEO,College Students,27.0,Facebook,80815.0,6969.0,3076.0,1800.0,1135800.0,117.33,4.38,English,14.66,Working Women,04-01-2025
NY-CMP-6369,Email,Premium Shoppers,23.0,"Google, Instagram",26986.0,2882.0,1305.0,932.0,269348.0,191.16,0.51,Bengali,18.97,College Students,14-11-2024
NY-CMP-52755,Paid Ads,College Students,6.0,"WhatsApp, Email",21715.0,1783.0,1055.0,402.0,295872.0,523.86,0.4,English,14.92,College Students,17-05-2025
NY-CMP-20011,SEO,,28.0,WhatsApp,14485.0,902.0,225.0,80.0,57760.0,3619.71,-0.8,Bengali,,Working Women,29-11-2024
NY-CMP-36753,SEO,College Students,16.0,"Instagram, WhatsApp",54881.0,5798.0,1561.0,485.0,178480.0,348.97,0.05,Hindi,14.29,,10-01-2025
NY-CMP-10022,Paid Ads,Youth,16.0,"Google, Email, Instagram",62765.0,5246.0,2718.0,961.0,754385.0,165.57,3.74,Hindi,14.22,Premium Shoppers,07-05-2025
NY-CMP-44419,Email,Youth,5.0,"YouTube, Email",73476.0,10241.0,4671.0,3192.0,1110816.0,29.02,10.99,English,24.64,Premium Shoppers,11-10-2024
NY-CMP-3851,Email,College Students,24.0,"Email, Google",24046.0,858.0,319.0,113.0,60568.0,833.73,-0.36,Tamil,5.36,,17-05-2025
NY-CMP-50705,Email,Working Women,25.0,"Instagram, Facebook, Google",99932.0,3283.0,806.0,604.0,477160.0,369.41,1.14,English,4.7,Youth,05-09-2024
NY-CMP-5890,Influencer,College Students,29.0,Email,44082.0,,2310.0,1682.0,462550.0,122.44,1.25,English,20.97,Working Women,20-09-2024
NY-CMP-24273,Paid Ads,Working Women,17.0,"WhatsApp, Email",56226.0,6860.0,1814.0,1362.0,841716.0,214.16,1.89,Hindi,17.85,Working Women,15-11-2024
NY-CMP-14904,Paid Ads,Premium Shoppers,13.0,Email,42841.0,3417.0,1242.0,453.0,248244.0,324.74,0.69,Bengali,11.93,Premium Shoppers,11-10-2024
NY-CMP-40414,Email,Tier 2 City Customers,6.0,Google,95515.0,3900.0,1315.0,424.0,124232.0,572.22,-0.49,Bengali,5.9,Youth,18-04-2025
NY-CMP-35126,SEO,Premium Shoppers,26.0,"Email, WhatsApp, Google",42014.0,5089.0,1915.0,801.0,330813.0,224.33,0.84,Hindi,18.58,Premium Shoppers,02-06-2025
NY-CMP-39981,Influencer,Working Women,22.0,"YouTube, Facebook, Email",16654.0,1414.0,647.0,488.0,315736.0,288.01,1.25,Tamil,,Working Women,01-12-2024
NY-CMP-2901,Email,Tier 2 City Customers,21.0,"Facebook, YouTube, Email",76045.0,6930.0,2028.0,905.0,634405.0,315.39,1.22,Bengali,12.97,College Students,07-04-2025
NY-CMP-29260,Email,,6.0,"Email, Google, Facebook",47734.0,3289.0,1651.0,1144.0,433576.0,99.98,2.79,Hindi,12.75,College Students,28-02-2025
NY-CMP-24794,Paid Ads,Working Women,10.0,Instagram,53815.0,1738.0,712.0,451.0,280522.0,476.56,0.31,Tamil,5.39,Youth,
NY-CMP-30537,Email,,10.0,"Email, Google",72756.0,2711.0,883.0,318.0,240726.0,831.17,-0.09,Bengali,5.38,Premium Shoppers,01-03-2025
NY-CMP-18051,Email,Youth,26.0,"Instagram, YouTube, Facebook",11575.0,1036.0,,374.0,253572.0,398.68,0.7,Hindi,16.75,Premium Shoppers,01-10-2024
NY-CMP-12186,Email,Tier 2 City Customers,24.0,"WhatsApp, Google, Facebook",22443.0,1009.0,532.0,332.0,128816.0,642.65,-0.4,English,8.35,Premium Shoppers,08-12-2024
NY-CMP-8744,Influencer,Tier 2 City Customers,18.0,"WhatsApp, Email, Instagram",15708.0,1069.0,599.0,477.0,296217.0,155.83,2.98,Bengali,13.66,Working Women,12-02-2025
NY-CMP-5304,,College Students,19.0,"WhatsApp, YouTube, Facebook",79754.0,3088.0,1012.0,,,360.23,,Hindi,,College Students,
NY-CMP-33198,Influencer,Tier 2 City Customers,24.0,"YouTube, Instagram",81360.0,5110.0,2947.0,1773.0,1113444.0,114.21,4.5,Hindi,12.08,Premium Shoppers,23-05-2025
NY-CMP-20939,Influencer,,10.0,Instagram,17512.0,691.0,286.0,134.0,35912.0,1023.69,-0.74,Bengali,6.34,Premium Shoppers,23-03-2025
NY-CMP-50901,Influencer,Premium Shoppers,7.0,Email,38364.0,1148.0,531.0,397.0,108381.0,168.54,0.62,English,,Premium Shoppers,23-12-2024
NY-CMP-41398,Influencer,Youth,27.0,Email,46541.0,5066.0,,1748.0,1157176.0,138.68,3.77,Hindi,20.73,Tier 2 City Customers,28-05-2025
NY-CMP-45729,Paid Ads,Youth,23.0,,64234.0,3637.0,1680.0,,602976.0,70.97,7.05,Bengali,9.92,Premium Shoppers,16-10-2024
NY-CMP-7839,Social Media,Working Women,7.0,Instagram,67793.0,4416.0,,779.0,,286.32,,English,10.42,Tier 2 City Customers,19-11-2024
NY-CMP-1110,Paid Ads,Working Women,6.0,"WhatsApp, Instagram, Google",93228.0,5488.0,,,739370.0,249.36,1.77,Bengali,10.13,College Students,29-04-2025
NY-CMP-55834,,,26.0,,85563.0,2170.0,619.0,315.0,125370.0,617.39,-0.36,English,3.63,Premium Shoppers,04-11-2024
NY-CMP-46943,Social Media,Youth,8.0,"YouTube, WhatsApp, Instagram",24625.0,3066.0,1040.0,684.0,441864.0,171.74,2.76,English,19.45,College Students,
NY-CMP-22104,Email,Youth,27.0,Instagram,36968.0,4863.0,1137.0,487.0,240091.0,436.83,0.13,Tamil,17.55,Working Women,16-12-2024
NY-CMP-13851,Email,Tier 2 City Customers,28.0,"Google, WhatsApp",18768.0,2339.0,601.0,364.0,287196.0,324.35,1.43,Tamil,17.6,Working Women,06-08-2024
NY-CMP-36041,Influencer,College Students,12.0,Google,59330.0,2532.0,1002.0,440.0,169840.0,620.17,-0.38,English,6.7,Working Women,07-08-2024
NY-CMP-20327,Influencer,Premium Shoppers,29.0,WhatsApp,57534.0,4299.0,1226.0,376.0,276736.0,665.25,0.11,Bengali,10.26,Tier 2 City Customers,06-10-2024
NY-CMP-43539,,Working Women,27.0,"YouTube, Google, WhatsApp",71585.0,2792.0,1428.0,439.0,321787.0,121.38,5.04,English,6.51,College Students,06-03-2025
NY-CMP-38303,Social Media,Working Women,5.0,"WhatsApp, Email, YouTube",15281.0,2289.0,1328.0,779.0,239932.0,324.1,-0.05,English,28.77,Youth,01-02-2025
NY-CMP-10848,Influencer,College Students,24.0,"WhatsApp, Instagram",94270.0,11321.0,6523.0,3228.0,761808.0,27.9,7.46,,22.35,Working Women,08-02-2025
NY-CMP-6373,SEO,Youth,8.0,Facebook,50840.0,3515.0,1514.0,546.0,327054.0,,0.77,Tamil,10.97,Tier 2 City Customers,24-08-2024
NY-CMP-20649,Paid Ads,Premium Shoppers,23.0,"Facebook, YouTube",71010.0,8044.0,2606.0,789.0,329013.0,122.94,2.39,,16.11,Tier 2 City Customers,05-08-2024
NY-CMP-25651,Email,Youth,24.0,,76682.0,5137.0,2215.0,1694.0,528528.0,80.48,2.88,Hindi,11.8,Youth,11-02-2025
NY-CMP-38672,,Youth,30.0,"Facebook, Email, Instagram",91113.0,13515.0,4039.0,2209.0,1424805.0,91.33,6.06,English,21.69,,20-04-2025
NY-CMP-51831,Email,Tier 2 City Customers,,"Facebook, Google",43796.0,1108.0,504.0,249.0,108066.0,353.93,0.23,Tamil,4.25,Working Women,20-12-2024
NY-CMP-14774,Influencer,,6.0,"WhatsApp, Instagram, Google",43306.0,2065.0,1211.0,941.0,203256.0,309.75,-0.3,Tamil,9.74,College Students,26-09-2024
NY-CMP-22210,Paid Ads,Working Women,27.0,"Facebook, Google",56555.0,8010.0,2912.0,2263.0,1068136.0,26.31,16.94,Bengali,23.31,Tier 2 City Customers,13-07-2024
NY-CMP-48670,SEO,College Students,7.0,Facebook,19518.0,593.0,284.0,175.0,68425.0,1402.63,-0.72,,5.39,Premium Shoppers,21-01-2025
NY-CMP-21029,Influencer,Premium Shoppers,24.0,Instagram,32155.0,3098.0,1138.0,472.0,333232.0,301.76,1.34,Tamil,,College Students,06-12-2024
NY-CMP-1926,Email,Tier 2 City Customers,9.0,WhatsApp,62654.0,,3298.0,,733905.0,40.12,9.54,Tamil,21.7,Premium Shoppers,06-04-2025
NY-CMP-2194,SEO,Tier 2 City Customers,7.0,,45615.0,5721.0,2568.0,1379.0,317170.0,46.81,3.91,Tamil,21.19,Tier 2 City Customers,05-09-2024
NY-CMP-56212,SEO,Working Women,11.0,"Email, Google, YouTube",16814.0,1704.0,822.0,474.0,190548.0,194.34,1.07,Tamil,17.84,Youth,13-04-2025
NY-CMP-14519,Email,Tier 2 City Customers,26.0,"Instagram, YouTube, Facebook",66179.0,7100.0,3030.0,1706.0,1061132.0,41.74,13.9,Hindi,17.88,Youth,22-09-2024
NY-CMP-40526,Influencer,Premium Shoppers,26.0,"Facebook, Instagram",24795.0,1393.0,828.0,574.0,408114.0,181.99,2.91,English,11.27,Tier 2 City Customers,18-10-2024
NY-CMP-55856,SEO,Working Women,,Instagram,94276.0,10630.0,3404.0,1202.0,897894.0,245.95,2.04,Bengali,16.16,College Students,08-07-2024
NY-CMP-50495,SEO,Youth,7.0,Google,14148.0,964.0,393.0,133.0,32851.0,1185.8,,Tamil,10.53,Youth,24-01-2025
NY-CMP-41190,SEO,Working Women,19.0,"YouTube, Facebook, WhatsApp",44453.0,,1648.0,1092.0,457548.0,241.92,0.73,Bengali,17.33,College Students,07-06-2025
NY-CMP-34839,SEO,Working Women,27.0,Google,52896.0,3882.0,1620.0,659.0,274803.0,96.04,3.34,English,11.65,Working Women,04-03-2025
NY-CMP-15477,Social Media,Working Women,8.0,"YouTube, WhatsApp",11430.0,1698.0,808.0,254.0,107696.0,582.71,-0.27,,24.15,Tier 2 City Customers,27-11-2024
NY-CMP-30494,SEO,Premium Shoppers,17.0,Google,83583.0,10553.0,2356.0,1440.0,993600.0,74.92,8.21,English,17.17,Tier 2 City Customers,29-04-2025
NY-CMP-47683,Paid Ads,Working Women,22.0,"YouTube, Google",58301.0,7881.0,1610.0,499.0,237524.0,597.79,-0.2,Hindi,17.14,College Students,03-03-2025
NY-CMP-25612,SEO,Youth,28.0,"WhatsApp, Email",84477.0,3208.0,1674.0,1075.0,330025.0,59.23,4.18,Tamil,7.05,Premium Shoppers,12-05-2025
NY-CMP-19200,,Tier 2 City Customers,17.0,"Email, Instagram, WhatsApp",64533.0,7540.0,3029.0,1011.0,234552.0,236.06,-0.02,English,17.94,Youth,28-03-2025
NY-CMP-49177,SEO,Working Women,26.0,WhatsApp,44395.0,5226.0,1220.0,736.0,306912.0,146.32,1.85,Hindi,16.18,College Students,18-04-2025
NY-CMP-48026,SEO,Working Women,23.0,Instagram,27104.0,2770.0,1606.0,823.0,,297.15,0.17,English,,Premium Shoppers,11-11-2024
NY-CMP-24473,Paid Ads,Youth,,"Google, Facebook, Instagram",41252.0,5310.0,1746.0,614.0,465412.0,177.65,3.27,English,18.59,Premium Shoppers,27-09-2024
NY-CMP-38448,Paid Ads,Premium Shoppers,28.0,"WhatsApp, Email",60134.0,5159.0,2730.0,1759.0,1393128.0,169.63,3.67,Tamil,16.04,Working Women,06-04-2025
NY-CMP-12062,,Premium Shoppers,29.0,WhatsApp,81636.0,4610.0,2198.0,992.0,661664.0,197.05,2.38,English,9.55,Premium Shoppers,09-11-2024
NY-CMP-26461,Email,Premium Shoppers,,Google,82225.0,11930.0,5669.0,,483480.0,99.19,1.57,Bengali,23.71,Working Women,25-01-2025
NY-CMP-32327,Paid Ads,Premium Shoppers,6.0,"Email, Google, Instagram",52973.0,3430.0,1277.0,741.0,378651.0,131.95,2.87,Hindi,10.28,Premium Shoppers,15-11-2024
NY-CMP-48035,SEO,Tier 2 City Customers,17.0,YouTube,54077.0,3618.0,1357.0,601.0,198330.0,185.63,0.78,Tamil,10.31,Working Women,03-07-2024
NY-CMP-23636,Email,Premium Shoppers,21.0,"Instagram, Google",39191.0,1052.0,463.0,298.0,75096.0,312.46,-0.19,Tamil,4.63,Working Women,25-05-2025
NY-CMP-44236,,Premium Shoppers,19.0,"Facebook, WhatsApp",63973.0,7259.0,3345.0,1356.0,916656.0,206.07,2.28,Tamil,18.7,Youth,10-08-2024
NY-CMP-21207,Email,Working Women,5.0,"YouTube, WhatsApp",88987.0,9083.0,4594.0,2865.0,1100160.0,,7.51,Bengali,18.59,Working Women,09-11-2024
NY-CMP-19586,,Premium Shoppers,29.0,"YouTube, Email",65739.0,4044.0,1190.0,682.0,496496.0,303.71,1.4,Bengali,9.0,Working Women,21-03-2025
NY-CMP-12499,Influencer,College Students,17.0,"Google, WhatsApp",24418.0,2411.0,1374.0,784.0,200704.0,71.51,2.58,Hindi,18.71,Tier 2 City Customers,10-05-2025
NY-CMP-55250,SEO,Premium Shoppers,22.0,"Google, WhatsApp",96390.0,4592.0,1588.0,716.0,335804.0,325.01,0.44,Tamil,7.15,Working Women,11-05-2025
NY-CMP-21318,SEO,Tier 2 City Customers,5.0,Instagram,79819.0,2344.0,1381.0,852.0,469452.0,118.31,3.66,English,5.73,,21-07-2024
NY-CMP-44012,Paid Ads,College Students,27.0,Google,19898.0,568.0,285.0,172.0,40764.0,787.42,-0.7,English,5.15,Tier 2 City Customers,02-12-2024
NY-CMP-37667,Social Media,Youth,5.0,YouTube,59305.0,1253.0,407.0,322.0,216062.0,656.43,0.02,Tamil,3.34,Tier 2 City Customers,16-03-2025
NY-CMP-6874,Influencer,Premium Shoppers,13.0,"Google, Instagram",12243.0,1131.0,599.0,430.0,331100.0,342.27,1.25,Tamil,17.64,Premium Shoppers,21-07-2024
NY-CMP-12042,,Premium Shoppers,24.0,"YouTube, Google, Instagram",27775.0,829.0,203.0,80.0,63600.0,1872.75,-0.58,Bengali,4.0,Working Women,22-11-2024
NY-CMP-50296,SEO,Premium Shoppers,29.0,Email,46182.0,3060.0,1322.0,846.0,637884.0,95.06,6.93,Tamil,11.32,Premium Shoppers,04-12-2024
NY-CMP-54605,Paid Ads,Youth,13.0,"YouTube, Instagram, Facebook",73535.0,5108.0,2495.0,1038.0,822096.0,218.49,2.62,Bengali,11.75,College Students,09-08-2024
NY-CMP-31943,Paid Ads,Tier 2 City Customers,12.0,"YouTube, WhatsApp",29623.0,1045.0,416.0,242.0,140602.0,928.26,-0.37,,5.75,College Students,02-05-2025
NY-CMP-46191,SEO,Working Women,6.0,Instagram,32432.0,2923.0,725.0,271.0,215174.0,330.96,1.4,Tamil,12.08,College Students,15-05-2025
NY-CMP-17700,Paid Ads,Working Women,25.0,"WhatsApp, Facebook, Email",18032.0,757.0,268.0,164.0,40180.0,1493.01,-0.84,Tamil,6.59,Premium Shoppers,29-05-2025
NY-CMP-33760,Influencer,Youth,,"Google, Facebook, Instagram",77166.0,8756.0,2740.0,1771.0,1160005.0,99.67,5.57,Bengali,,Youth,20-11-2024
NY-CMP-43382,Email,Tier 2 City Customers,17.0,"Facebook, YouTube",92418.0,9484.0,4839.0,2128.0,1121456.0,124.96,3.22,Tamil,17.8,Premium Shoppers,12-04-2025
NY-CMP-13753,Paid Ads,Working Women,12.0,"Email, WhatsApp, Facebook",26948.0,3898.0,1947.0,809.0,518569.0,260.51,1.46,Tamil,24.69,Tier 2 City Customers,12-02-2025
NY-CMP-35957,Paid Ads,Youth,5.0,"Email, Instagram, WhatsApp",84407.0,10733.0,5544.0,3616.0,1012480.0,75.72,2.7,Tamil,23.57,Tier 2 City Customers,30-10-2024
NY-CMP-24336,Paid Ads,Working Women,24.0,"Google, Facebook",10114.0,788.0,182.0,98.0,33124.0,748.29,-0.55,,10.56,Tier 2 City Customers,01-07-2024
NY-CMP-53656,Paid Ads,Premium Shoppers,12.0,WhatsApp,34133.0,2080.0,941.0,498.0,386946.0,331.74,1.34,Bengali,10.31,Working Women,04-06-2025
NY-CMP-34273,Paid Ads,College Students,21.0,"Email, Facebook",17888.0,1412.0,465.0,224.0,138656.0,693.12,-0.11,English,11.75,College Students,18-10-2024
NY-CMP-48071,Social Media,,29.0,Google,79105.0,5466.0,2125.0,844.0,673512.0,283.8,1.81,Tamil,10.66,Tier 2 City Customers,21-05-2025
NY-CMP-45025,Email,Youth,9.0,Facebook,,2179.0,539.0,252.0,75348.0,771.85,-0.61,Tamil,7.67,Working Women,13-12-2024
NY-CMP-35357,,College Students,19.0,WhatsApp,32028.0,2144.0,641.0,472.0,323792.0,533.96,,Bengali,10.17,Tier 2 City Customers,14-04-2025
NY-CMP-56509,Influencer,College Students,23.0,Email,39982.0,1312.0,724.0,352.0,148192.0,744.97,-0.43,Bengali,5.97,Tier 2 City Customers,29-03-2025
NY-CMP-16158,SEO,Youth,19.0,Google,14191.0,648.0,308.0,242.0,57838.0,474.45,-0.5,English,8.44,Working Women,03-03-2025
NY-CMP-13892,Social Media,Tier 2 City Customers,18.0,"YouTube, Email",78918.0,5286.0,1945.0,1506.0,551196.0,79.29,3.62,Hindi,11.07,Tier 2 City Customers,27-12-2024
NY-CMP-52573,Paid Ads,Premium Shoppers,17.0,"Instagram, YouTube",77104.0,1943.0,,292.0,67452.0,381.24,-0.39,Bengali,3.45,Tier 2 City Customers,30-04-2025
NY-CMP-42653,Paid Ads,College Students,9.0,"Facebook, YouTube, Email",92632.0,7060.0,3887.0,1973.0,1213395.0,139.04,3.42,Tamil,13.95,Premium Shoppers,31-01-2025
NY-CMP-53459,Email,Working Women,22.0,"WhatsApp, Facebook",66920.0,9781.0,3256.0,1467.0,664551.0,,4.19,English,21.67,Working Women,16-01-2025
NY-CMP-50479,SEO,Tier 2 City Customers,24.0,"Email, Instagram, WhatsApp",55598.0,6409.0,1434.0,434.0,109802.0,613.6,-0.59,English,14.89,Tier 2 City Customers,05-12-2024
NY-CMP-5053,Influencer,College Students,22.0,Google,,3967.0,1499.0,599.0,386954.0,,0.32,Bengali,6.26,Youth,16-02-2025
NY-CMP-48763,Email,College Students,26.0,YouTube,70403.0,8002.0,2217.0,1660.0,816720.0,,8.09,English,16.87,Working Women,25-02-2025
NY-CMP-53660,Social Media,Youth,13.0,"Facebook, Email",49217.0,6480.0,2073.0,1236.0,444960.0,204.72,0.76,Hindi,19.89,Premium Shoppers,09-12-2024
NY-CMP-14958,Paid Ads,Premium Shoppers,29.0,Instagram,65534.0,6058.0,2984.0,1929.0,1315578.0,,3.62,Bengali,16.74,Tier 2 City Customers,09-09-2024
NY-CMP-33074,Social Media,Tier 2 City Customers,22.0,"Google, YouTube",88655.0,,545.0,,203385.0,190.75,2.91,Bengali,3.71,Tier 2 City Customers,09-04-2025
NY-CMP-25257,Email,Working Women,19.0,"YouTube, Instagram, Facebook",39901.0,5876.0,3255.0,,1092600.0,27.04,15.64,Hindi,28.97,Working Women,24-05-2025
NY-CMP-30947,Influencer,Premium Shoppers,29.0,"YouTube, Google, Instagram",83837.0,10329.0,4058.0,3056.0,1833600.0,93.8,5.4,Hindi,20.81,Premium Shoppers,16-04-2025
NY-CMP-43943,Paid Ads,College Students,9.0,Google,58810.0,5688.0,1257.0,841.0,545809.0,146.42,3.43,English,13.24,Premium Shoppers,15-09-2024
NY-CMP-7921,Influencer,Youth,21.0,"YouTube, Facebook, Email",93335.0,3652.0,813.0,403.0,225680.0,592.73,-0.06,Tamil,5.22,Youth,21-03-2025
NY-CMP-45590,SEO,Premium Shoppers,17.0,"Google, YouTube",77209.0,3665.0,816.0,509.0,207163.0,536.51,-0.24,Tamil,6.46,Youth,25-09-2024
NY-CMP-8024,Paid Ads,Tier 2 City Customers,15.0,Email,55875.0,5547.0,2102.0,1103.0,719156.0,61.05,9.68,Bengali,15.66,Working Women,25-02-2025
NY-CMP-48156,Social Media,Youth,21.0,"Facebook, Email",50227.0,4312.0,1716.0,1351.0,687659.0,173.01,1.94,Tamil,14.69,Youth,28-11-2024
NY-CMP-48317,Influencer,Youth,8.0,"Instagram, Google, WhatsApp",76637.0,,4262.0,2719.0,1533516.0,79.98,6.05,Hindi,19.1,Premium Shoppers,04-11-2024
NY-CMP-53775,,College Students,9.0,Google,32214.0,4269.0,2506.0,1657.0,531897.0,123.92,1.59,Hindi,26.17,College Students,11-08-2024
NY-CMP-43047,Paid Ads,Premium Shoppers,30.0,"Email, Instagram",15182.0,1448.0,690.0,525.0,204225.0,356.25,0.09,Bengali,17.54,College Students,29-12-2024
NY-CMP-39873,Social Media,,21.0,Email,63654.0,,1947.0,1102.0,722912.0,190.76,2.44,Hindi,10.31,Tier 2 City Customers,06-04-2025
NY-CMP-51798,SEO,College Students,18.0,Email,42368.0,6180.0,,726.0,402930.0,158.9,2.49,Hindi,19.85,Premium Shoppers,21-01-2025
NY-CMP-4335,Social Media,Premium Shoppers,30.0,"Email, YouTube",60961.0,5031.0,2378.0,1332.0,839160.0,209.57,2.01,Tamil,14.34,College Students,05-07-2024
NY-CMP-36496,Social Media,,10.0,"Instagram, Google, YouTube",68283.0,9955.0,4833.0,3637.0,2029446.0,81.13,5.88,Bengali,26.98,Working Women,12-01-2025
NY-CMP-55914,,Tier 2 City Customers,7.0,Instagram,22840.0,1956.0,709.0,532.0,285152.0,108.55,3.94,Tamil,,Working Women,22-10-2024
NY-CMP-19843,Social Media,Youth,13.0,"WhatsApp, Email, Instagram",27766.0,1744.0,,217.0,69657.0,644.7,-0.5,English,9.02,Premium Shoppers,17-01-2025
NY-CMP-17176,Influencer,College Students,17.0,Email,25995.0,520.0,278.0,110.0,85470.0,1792.37,-0.57,Bengali,3.49,Premium Shoppers,21-04-2025
NY-CMP-22166,Paid Ads,Tier 2 City Customers,9.0,"Facebook, Email, YouTube",61825.0,6260.0,2121.0,1363.0,572460.0,97.68,3.3,Hindi,15.76,Working Women,30-07-2024
NY-CMP-21154,Paid Ads,College Students,27.0,"YouTube, WhatsApp, Google",81466.0,10846.0,6297.0,2297.0,1164579.0,124.87,3.06,Tamil,23.86,Premium Shoppers,29-10-2024
NY-CMP-11045,,College Students,10.0,"Facebook, YouTube, Instagram",79360.0,,4669.0,1952.0,1110688.0,80.12,6.1,,20.72,Premium Shoppers,23-12-2024
NY-CMP-18437,Email,Premium Shoppers,24.0,"Email, WhatsApp, Facebook",74990.0,6710.0,3189.0,,470560.0,179.45,0.89,Tamil,15.05,Working Women,07-04-2025
NY-CMP-51338,Influencer,Premium Shoppers,6.0,"Facebook, Google, WhatsApp",77682.0,8142.0,4827.0,2760.0,2208000.0,,36.48,Bengali,20.25,College Students,19-07-2024
NY-CMP-1212,Social Media,Premium Shoppers,17.0,WhatsApp,17785.0,1035.0,373.0,284.0,59072.0,258.37,-0.19,Bengali,9.51,Tier 2 City Customers,13-04-2025
NY-CMP-40271,Paid Ads,Working Women,6.0,"Instagram, Facebook",77970.0,5064.0,2195.0,1628.0,569800.0,179.58,0.95,English,11.4,Premium Shoppers,14-11-2024
NY-CMP-1080,Email,Working Women,6.0,"Email, Google",,,1912.0,1166.0,,,6.08,Bengali,13.53,Youth,09-03-2025
NY-CMP-46334,Email,Youth,9.0,Google,65187.0,4356.0,1862.0,1333.0,282596.0,150.83,0.41,Hindi,11.58,Premium Shoppers,24-10-2024
NY-CMP-53803,Email,Working Women,22.0,Google,19180.0,,1561.0,1116.0,777852.0,72.18,8.66,English,27.66,College Students,25-07-2024
NY-CMP-6090,Email,Premium Shoppers,12.0,"YouTube, Instagram, WhatsApp",67455.0,4095.0,1085.0,706.0,436308.0,234.43,1.64,Tamil,8.73,Premium Shoppers,18-10-2024
NY-CMP-8168,Social Media,College Students,18.0,"Google, Email",83856.0,12249.0,6598.0,4705.0,3255860.0,15.49,43.66,Hindi,28.09,Tier 2 City Customers,25-01-2025
NY-CMP-29929,Email,Tier 2 City Customers,22.0,"Instagram, Email, Google",22724.0,715.0,332.0,113.0,42149.0,1335.12,-0.72,Bengali,5.1,Working Women,27-10-2024
NY-CMP-8149,Influencer,Tier 2 City Customers,9.0,"Email, Instagram, Facebook",89557.0,6745.0,3373.0,2022.0,920010.0,33.72,12.49,English,13.56,Tier 2 City Customers,27-07-2024
NY-CMP-48887,SEO,Premium Shoppers,26.0,"Email, Facebook, Google",12532.0,883.0,369.0,124.0,45012.0,407.6,-0.11,Tamil,10.98,College Students,13-03-2025
NY-CMP-7705,Email,Premium Shoppers,5.0,Google,17809.0,654.0,171.0,70.0,27370.0,1976.24,-0.8,English,5.03,Youth,10-09-2024
NY-CMP-25768,Influencer,Youth,30.0,"Instagram, Google",67728.0,3156.0,1358.0,782.0,563040.0,169.81,3.24,Tamil,7.82,College Students,06-07-2024
NY-CMP-3331,SEO,College Students,17.0,,95251.0,6402.0,2957.0,2086.0,1047172.0,91.22,4.5,English,12.02,Premium Shoppers,11-11-2024
NY-CMP-24787,Influencer,Tier 2 City Customers,,Instagram,22967.0,2589.0,733.0,429.0,208494.0,,-0.21,English,16.33,Tier 2 City Customers,
NY-CMP-48008,Influencer,Working Women,14.0,Email,76429.0,10202.0,,1595.0,682660.0,101.62,3.21,English,19.81,College Students,23-01-2025
NY-CMP-20826,Paid Ads,Youth,10.0,WhatsApp,66177.0,4949.0,2590.0,1310.0,965470.0,159.52,3.62,Tamil,13.37,Working Women,
NY-CMP-15967,Email,Tier 2 City Customers,,,53184.0,3090.0,1038.0,317.0,143918.0,606.35,-0.25,English,,Youth,04-11-2024
NY-CMP-39017,SEO,Tier 2 City Customers,28.0,"Facebook, YouTube",16108.0,,348.0,203.0,53998.0,263.58,0.01,English,10.1,College Students,26-02-2025
NY-CMP-22724,Social Media,Working Women,30.0,"YouTube, Email",81140.0,6680.0,4003.0,2772.0,1582812.0,98.62,4.79,Bengali,16.58,Tier 2 City Customers,21-02-2025
NY-CMP-47333,Influencer,Tier 2 City Customers,28.0,"Facebook, Instagram",65195.0,4172.0,2410.0,1659.0,990423.0,134.88,3.43,English,12.64,Tier 2 City Customers,09-01-2025
NY-CMP-8250,Influencer,Tier 2 City Customers,12.0,"YouTube, Facebook",37363.0,1351.0,462.0,231.0,,,-0.26,English,5.47,Working Women,21-04-2025
NY-CMP-30015,Email,Working Women,6.0,"Email, Google",19312.0,2195.0,889.0,646.0,368866.0,111.35,4.13,Hindi,19.31,College Students,14-08-2024
NY-CMP-11268,SEO,Tier 2 City Customers,18.0,"Instagram, YouTube",70487.0,7408.0,1793.0,864.0,677376.0,340.08,1.31,English,14.28,Premium Shoppers,14-02-2025
NY-CMP-19198,SEO,Premium Shoppers,26.0,Google,89770.0,9180.0,4648.0,3076.0,1944032.0,17.24,35.66,Hindi,18.83,College Students,28-11-2024
NY-CMP-38027,Email,,18.0,WhatsApp,29542.0,,569.0,288.0,157248.0,636.34,-0.14,Hindi,11.78,College Students,24-02-2025
NY-CMP-13335,SEO,College Students,25.0,"YouTube, Facebook",94094.0,2603.0,947.0,600.0,245400.0,209.29,0.95,Bengali,4.41,Youth,
NY-CMP-19480,SEO,Working Women,7.0,"Email, Instagram, Facebook",36897.0,3862.0,1736.0,1116.0,889452.0,224.06,2.56,Bengali,18.2,Working Women,03-06-2025
NY-CMP-10433,,Working Women,28.0,"WhatsApp, YouTube",79454.0,9893.0,3139.0,2485.0,1799140.0,120.05,5.03,Hindi,19.53,Premium Shoppers,03-03-2025
NY-CMP-46682,Influencer,Tier 2 City Customers,28.0,YouTube,18637.0,2256.0,1192.0,426.0,201072.0,350.45,0.35,,20.79,College Students,19-05-2025
NY-CMP-18002,SEO,College Students,19.0,"Instagram, Google",78397.0,6534.0,1487.0,1173.0,712011.0,60.43,9.05,English,11.73,Working Women,29-11-2024
NY-CMP-11504,Social Media,Youth,24.0,Google,54156.0,7182.0,3130.0,2145.0,654225.0,121.53,1.51,,23.0,College Students,22-02-2025
NY-CMP-26919,Social Media,Working Women,18.0,"WhatsApp, Instagram",70576.0,9975.0,5604.0,2803.0,1224911.0,33.67,11.98,Hindi,26.05,Tier 2 City Customers,08-03-2025
NY-CMP-4426,Influencer,Premium Shoppers,14.0,"Email, Google, WhatsApp",88154.0,4791.0,1384.0,808.0,598728.0,367.49,1.02,Tamil,7.92,Premium Shoppers,01-09-2024
NY-CMP-42567,SEO,College Students,7.0,"Instagram, YouTube",42784.0,1066.0,445.0,336.0,218064.0,414.35,0.57,,4.32,College Students,04-05-2025
NY-CMP-33898,,College Students,22.0,"Facebook, Email",78404.0,6852.0,2434.0,1752.0,1338528.0,153.27,3.98,Bengali,14.08,Tier 2 City Customers,24-03-2025
NY-CMP-50141,SEO,Tier 2 City Customers,,"Facebook, Email, Instagram",37615.0,4197.0,989.0,316.0,212036.0,781.74,-0.14,Bengali,14.63,Youth,19-11-2024
NY-CMP-28661,SEO,Tier 2 City Customers,19.0,Email,16600.0,727.0,303.0,226.0,170856.0,366.93,1.06,,7.57,College Students,09-04-2025
NY-CMP-49401,Social Media,Premium Shoppers,19.0,"WhatsApp, Facebook, Google",54088.0,2068.0,980.0,694.0,456652.0,275.65,1.39,Bengali,6.92,Youth,31-05-2025
NY-CMP-7188,SEO,College Students,26.0,"Instagram, Facebook, WhatsApp",12158.0,1492.0,775.0,317.0,82420.0,533.38,,Hindi,21.25,,11-10-2024
NY-CMP-33578,Influencer,Youth,,YouTube,89653.0,2814.0,1581.0,744.0,491784.0,376.66,,English,5.73,Premium Shoppers,25-04-2025
NY-CMP-23806,Social Media,Working Women,8.0,YouTube,89701.0,4500.0,1981.0,1325.0,1005675.0,52.68,13.41,Hindi,8.7,Youth,09-08-2024
NY-CMP-37958,Social Media,Tier 2 City Customers,17.0,"Google, Instagram",71198.0,1953.0,1076.0,718.0,538500.0,188.92,2.97,Hindi,5.26,Youth,09-12-2024
NY-CMP-40609,Paid Ads,Youth,5.0,"Google, YouTube",78349.0,2542.0,921.0,448.0,347200.0,222.17,2.49,English,4.99,Youth,20-08-2024
NY-CMP-13403,SEO,Youth,28.0,WhatsApp,63578.0,5053.0,1546.0,955.0,622660.0,84.83,6.69,English,11.88,Working Women,03-09-2024
NY-CMP-37841,Paid Ads,Tier 2 City Customers,18.0,YouTube,26101.0,3193.0,1262.0,415.0,92960.0,644.59,-0.65,Tamil,18.66,Tier 2 City Customers,14-03-2025
NY-CMP-26070,Social Media,Tier 2 City Customers,29.0,WhatsApp,74876.0,2440.0,939.0,576.0,357696.0,192.01,2.23,English,5.28,College Students,16-10-2024
NY-CMP-32392,Influencer,College Students,12.0,Email,91181.0,6102.0,3380.0,1118.0,866450.0,248.81,2.11,English,11.63,Tier 2 City Customers,01-11-2024
NY-CMP-25381,,Working Women,12.0,WhatsApp,12193.0,1067.0,509.0,288.0,123552.0,1006.33,-0.57,Tamil,15.29,College Students,10-10-2024
NY-CMP-25924,Paid Ads,College Students,19.0,"Instagram, WhatsApp, YouTube",52779.0,6068.0,2627.0,1859.0,546546.0,58.46,4.03,Tamil,20.0,Working Women,28-09-2024
NY-CMP-44510,Social Media,Tier 2 City Customers,15.0,Instagram,48786.0,4549.0,,1085.0,250635.0,59.34,2.89,Bengali,16.61,Tier 2 City Customers,14-11-2024
NY-CMP-16807,Email,College Students,16.0,Facebook,92880.0,11401.0,5666.0,2249.0,1167231.0,36.68,13.15,English,20.8,Youth,05-03-2025
NY-CMP-3072,Email,Working Women,9.0,YouTube,69891.0,3847.0,1640.0,844.0,281052.0,337.45,-0.01,Tamil,9.06,Tier 2 City Customers,20-05-2025
NY-CMP-8200,Influencer,Tier 2 City Customers,5.0,"Facebook, WhatsApp, Instagram",47230.0,1364.0,699.0,248.0,180048.0,1155.16,,English,4.89,Youth,23-02-2025
NY-CMP-11218,Influencer,College Students,8.0,"YouTube, Google, Facebook",33268.0,3614.0,1897.0,1223.0,380353.0,202.45,0.54,Tamil,20.24,Youth,27-12-2024
NY-CMP-40971,Paid Ads,Premium Shoppers,21.0,WhatsApp,95486.0,12405.0,,4780.0,3154800.0,30.46,20.67,Hindi,24.47,Premium Shoppers,29-08-2024
NY-CMP-35449,Social Media,Tier 2 City Customers,9.0,Google,34324.0,3552.0,937.0,486.0,290142.0,411.51,0.45,Tamil,14.49,Youth,26-10-2024
NY-CMP-54314,SEO,College Students,22.0,"YouTube, Google, WhatsApp",87855.0,7008.0,3815.0,2756.0,1129960.0,55.12,6.44,Tamil,15.46,Working Women,08-12-2024
NY-CMP-14391,Influencer,Premium Shoppers,6.0,WhatsApp,28240.0,3279.0,1649.0,901.0,,108.48,4.53,Bengali,20.64,Youth,03-12-2024
NY-CMP-55845,,Youth,14.0,Facebook,38757.0,1727.0,495.0,363.0,182226.0,294.92,0.7,Bengali,6.67,,01-11-2024
NY-CMP-4789,SEO,Working Women,11.0,"Instagram, Google, WhatsApp",32170.0,4738.0,2110.0,1640.0,716680.0,179.14,1.44,Bengali,26.38,Premium Shoppers,18-01-2025
NY-CMP-50915,Social Media,Premium Shoppers,30.0,"Facebook, Email, Google",54933.0,7473.0,3069.0,2070.0,1256490.0,67.22,8.03,Tamil,22.96,Youth,03-12-2024
NY-CMP-14359,SEO,Tier 2 City Customers,11.0,,87153.0,8092.0,4246.0,1490.0,420180.0,111.63,1.53,English,15.87,Youth,25-12-2024
NY-CMP-41827,Paid Ads,Tier 2 City Customers,20.0,Facebook,78996.0,3039.0,799.0,355.0,249210.0,670.41,0.05,English,5.31,Premium Shoppers,14-11-2024
NY-CMP-44805,Paid Ads,College Students,17.0,WhatsApp,40557.0,1212.0,655.0,330.0,74580.0,706.08,-0.68,English,5.42,Working Women,18-04-2025
NY-CMP-12081,Influencer,Premium Shoppers,6.0,,16042.0,732.0,182.0,104.0,35568.0,2514.76,-0.86,English,6.35,College Students,
NY-CMP-34871,Paid Ads,Premium Shoppers,23.0,"YouTube, Facebook, Email",82682.0,9227.0,3422.0,2262.0,1160406.0,83.57,5.14,Tamil,18.03,Premium Shoppers,08-04-2025
NY-CMP-14253,Email,Working Women,14.0,Instagram,58064.0,5658.0,2960.0,2119.0,,49.43,5.19,Hindi,18.49,Premium Shoppers,14-11-2024
NY-CMP-20662,Paid Ads,,22.0,,59732.0,6000.0,1817.0,1151.0,667580.0,251.75,,Tamil,15.01,Working Women,28-01-2025
NY-CMP-50656,Paid Ads,College Students,22.0,"Instagram, Email",21204.0,2406.0,1225.0,918.0,188190.0,54.59,2.76,Bengali,21.45,College Students,01-07-2024
NY-CMP-41282,SEO,Tier 2 City Customers,25.0,"Instagram, Facebook, YouTube",90107.0,6547.0,1630.0,1217.0,518442.0,159.09,1.68,English,10.43,Youth,28-10-2024
NY-CMP-19804,Paid Ads,College Students,30.0,"Email, Facebook",69405.0,3546.0,1976.0,1512.0,586656.0,147.68,1.63,Hindi,,College Students,21-01-2025
NY-CMP-27103,Paid Ads,Premium Shoppers,18.0,WhatsApp,13476.0,801.0,344.0,123.0,33702.0,2193.13,-0.88,Tamil,9.41,Youth,12-09-2024
NY-CMP-19081,SEO,Premium Shoppers,6.0,"WhatsApp, Facebook, Google",18720.0,2734.0,811.0,492.0,190404.0,174.97,1.21,Tamil,21.57,Youth,27-11-2024
NY-CMP-37385,Social Media,Tier 2 City Customers,13.0,YouTube,12879.0,1227.0,650.0,421.0,250916.0,241.16,1.47,Bengali,17.84,Youth,19-04-2025
NY-CMP-32801,Social Media,Youth,,Email,60785.0,8168.0,3270.0,1583.0,1005205.0,93.62,5.78,Hindi,21.42,,17-08-2024
NY-CMP-11098,Influencer,College Students,17.0,"YouTube, WhatsApp",70483.0,,1061.0,495.0,276210.0,312.58,0.79,Tamil,5.39,College Students,11-10-2024
NY-CMP-42026,Influencer,Tier 2 City Customers,22.0,Email,20966.0,2324.0,1306.0,1004.0,306220.0,79.39,2.84,Tamil,22.1,Youth,01-06-2025
NY-CMP-48700,Social Media,College Students,11.0,"WhatsApp, Instagram, Google",99666.0,7343.0,2936.0,1899.0,539316.0,45.3,5.27,Tamil,12.22,Working Women,22-04-2025
NY-CMP-9665,Email,Working Women,25.0,"Google, Facebook, YouTube",45427.0,6682.0,3058.0,1791.0,1083555.0,40.82,13.82,Tamil,,,23-11-2024
NY-CMP-22887,Paid Ads,Youth,20.0,"Instagram, Email",28378.0,4171.0,1736.0,1137.0,237633.0,121.92,0.71,Tamil,24.82,Youth,12-11-2024
NY-CMP-26990,SEO,Premium Shoppers,16.0,"WhatsApp, Email",52394.0,1591.0,794.0,529.0,343321.0,109.23,4.94,Hindi,5.56,Premium Shoppers,10-03-2025
NY-CMP-32043,Paid Ads,College Students,6.0,"Google, WhatsApp",54361.0,7300.0,1502.0,721.0,548681.0,341.81,1.23,Bengali,17.52,Premium Shoppers,17-01-2025
NY-CMP-33723,SEO,,10.0,"WhatsApp, Instagram, Facebook",91871.0,8827.0,1921.0,791.0,339339.0,344.55,0.25,Hindi,12.56,Working Women,23-05-2025
NY-CMP-37100,Email,Tier 2 City Customers,17.0,"Google, YouTube, Email",65316.0,7658.0,2482.0,877.0,363955.0,240.83,0.72,English,16.87,,30-10-2024
NY-CMP-34067,SEO,College Students,12.0,,93335.0,2095.0,696.0,265.0,63335.0,349.24,-0.32,Bengali,,Youth,13-03-2025
NY-CMP-56542,Influencer,Tier 2 City Customers,14.0,"Email, YouTube",63218.0,4115.0,1071.0,449.0,108658.0,197.28,0.23,Tamil,8.91,Youth,04-02-2025
NY-CMP-23814,Influencer,Premium Shoppers,9.0,"Email, YouTube, WhatsApp",18804.0,2551.0,734.0,540.0,315900.0,390.21,0.5,English,20.34,Youth,18-04-2025
NY-CMP-44552,Email,Premium Shoppers,6.0,Google,58417.0,1209.0,468.0,296.0,118992.0,735.77,-0.45,Hindi,3.38,Working Women,13-09-2024
NY-CMP-33302,Email,College Students,11.0,Email,71207.0,9587.0,4032.0,1323.0,1046493.0,69.83,10.33,Hindi,20.98,Working Women,06-06-2025
NY-CMP-45790,SEO,Premium Shoppers,24.0,YouTube,85037.0,,,2089.0,1359939.0,117.98,4.52,,16.55,Youth,21-04-2025
NY-CMP-30243,Influencer,Tier 2 City Customers,8.0,WhatsApp,23191.0,2208.0,445.0,260.0,127400.0,,-0.36,Hindi,12.56,College Students,16-04-2025
NY-CMP-17297,Influencer,Premium Shoppers,11.0,WhatsApp,17292.0,2192.0,926.0,532.0,254296.0,242.2,0.97,Bengali,21.11,Premium Shoppers,19-11-2024
NY-CMP-15148,Social Media,Youth,30.0,Facebook,32426.0,,1170.0,929.0,282416.0,322.13,-0.06,Tamil,16.26,Premium Shoppers,
NY-CMP-20679,Influencer,College Students,9.0,"Instagram, YouTube, WhatsApp",60926.0,2727.0,1014.0,308.0,168784.0,864.48,-0.37,Tamil,6.65,Premium Shoppers,03-01-2025
NY-CMP-32869,Email,Youth,21.0,"Google, Facebook, WhatsApp",74566.0,5057.0,2269.0,1437.0,1038951.0,51.79,12.96,Hindi,11.75,Youth,03-06-2025
NY-CMP-55324,Paid Ads,Youth,10.0,Facebook,97203.0,9243.0,2471.0,990.0,310860.0,242.31,0.3,Bengali,13.07,Youth,17-07-2024
NY-CMP-51501,Email,Tier 2 City Customers,14.0,"Facebook, YouTube, Google",53823.0,5884.0,2916.0,1155.0,254100.0,47.0,3.68,Bengali,18.5,Working Women,
NY-CMP-54423,SEO,Premium Shoppers,21.0,Email,90662.0,11419.0,3338.0,1173.0,265098.0,142.39,0.59,Tamil,17.57,Youth,15-08-2024
NY-CMP-22211,Paid Ads,Youth,10.0,"WhatsApp, Facebook",42353.0,1027.0,427.0,216.0,130680.0,966.05,-0.37,English,3.94,Working Women,14-08-2024
NY-CMP-2812,SEO,Working Women,26.0,"Google, Facebook",26120.0,1192.0,285.0,218.0,147804.0,300.63,1.26,Bengali,6.49,Premium Shoppers,30-08-2024
NY-CMP-33319,SEO,College Students,22.0,"Facebook, YouTube",75105.0,2527.0,1080.0,469.0,374262.0,190.95,3.18,,5.43,Working Women,25-02-2025
NY-CMP-34404,Social Media,Tier 2 City Customers,16.0,"Google, WhatsApp",52456.0,1617.0,940.0,695.0,469125.0,226.41,1.98,Hindi,6.2,Tier 2 City Customers,04-06-2025
NY-CMP-56338,SEO,Premium Shoppers,17.0,"Google, Email",,6540.0,2566.0,888.0,534576.0,156.99,,Tamil,10.22,College Students,13-07-2024
NY-CMP-24079,Social Media,,29.0,Google,,2092.0,890.0,343.0,257250.0,275.19,1.73,English,13.31,College Students,14-12-2024
NY-CMP-55196,Influencer,Youth,30.0,"Email, Google, Facebook",73488.0,2471.0,1258.0,822.0,261396.0,259.56,0.23,Bengali,6.19,Working Women,08-09-2024
NY-CMP-9654,Influencer,Working Women,26.0,"WhatsApp, Instagram, Facebook",38123.0,3291.0,918.0,583.0,369039.0,88.8,6.13,Hindi,12.57,Premium Shoppers,
NY-CMP-14748,Paid Ads,Youth,18.0,"WhatsApp, Instagram, YouTube",,5525.0,1771.0,642.0,451326.0,126.33,4.56,Tamil,11.06,Tier 2 City Customers,06-03-2025
NY-CMP-33866,Social Media,Tier 2 City Customers,28.0,,25350.0,1944.0,835.0,466.0,268416.0,150.96,2.82,Hindi,12.8,College Students,16-05-2025
NY-CMP-29719,SEO,Working Women,12.0,Instagram,70950.0,4754.0,1587.0,636.0,349164.0,249.83,1.2,Tamil,9.83,,20-05-2025
NY-CMP-35244,Social Media,Youth,23.0,"Email, WhatsApp",47031.0,1413.0,415.0,218.0,128620.0,1183.22,-0.5,English,4.35,Youth,
NY-CMP-44828,Social Media,Premium Shoppers,27.0,WhatsApp,,4251.0,1325.0,498.0,121512.0,243.93,0.0,English,15.48,Youth,12-08-2024
NY-CMP-36869,Social Media,Premium Shoppers,17.0,"Facebook, Google",60024.0,4982.0,2167.0,874.0,204516.0,279.73,-0.16,Tamil,13.37,Premium Shoppers,03-07-2024
NY-CMP-50886,Email,Working Women,11.0,"Facebook, YouTube",76696.0,2865.0,1366.0,1060.0,260760.0,78.08,2.15,Hindi,6.9,Tier 2 City Customers,23-10-2024
NY-CMP-15014,,Youth,,"Email, Facebook",78547.0,6665.0,1363.0,420.0,266280.0,384.88,0.65,Hindi,10.76,,16-10-2024
NY-CMP-8915,Email,Premium Shoppers,7.0,Email,90274.0,12293.0,4557.0,,1572480.0,58.58,11.43,Tamil,21.06,Premium Shoppers,07-08-2024
NY-CMP-50327,Social Media,Premium Shoppers,22.0,"Email, Google",32373.0,1322.0,467.0,269.0,121857.0,758.2,-0.4,English,6.36,Premium Shoppers,12-10-2024
NY-CMP-10061,Influencer,Working Women,24.0,Google,55031.0,7443.0,2847.0,1077.0,850830.0,60.11,12.14,Bengali,,Premium Shoppers,21-12-2024
NY-CMP-52696,Paid Ads,Working Women,14.0,"Google, YouTube, Facebook",49707.0,1142.0,589.0,464.0,280256.0,594.54,0.02,Bengali,4.42,Premium Shoppers,02-12-2024
NY-CMP-50178,Email,Working Women,21.0,"YouTube, Facebook, Email",36372.0,2262.0,688.0,,257070.0,161.85,3.81,Hindi,9.02,Tier 2 City Customers,31-03-2025
NY-CMP-3101,Social Media,Youth,6.0,"Google, Instagram, YouTube",68534.0,5462.0,1613.0,857.0,401076.0,254.69,0.84,Tamil,11.57,,01-01-2025
NY-CMP-13900,Influencer,Youth,6.0,,71196.0,3084.0,966.0,438.0,268056.0,,0.09,Bengali,6.3,College Students,07-07-2024
NY-CMP-50694,Influencer,Youth,18.0,"YouTube, Facebook, Email",84824.0,12645.0,3061.0,934.0,219490.0,117.72,1.0,Bengali,19.62,College Students,18-08-2024
NY-CMP-37414,SEO,Youth,14.0,"Google, Facebook",79096.0,5525.0,2300.0,988.0,242060.0,218.01,0.12,Tamil,11.14,College Students,04-06-2025
NY-CMP-36971,,Premium Shoppers,17.0,Facebook,26646.0,3441.0,1853.0,1448.0,899208.0,70.2,7.85,Bengali,25.3,Tier 2 City Customers,27-02-2025
NY-CMP-6034,SEO,Tier 2 City Customers,30.0,"Google, Instagram",29215.0,2864.0,1248.0,688.0,378400.0,140.83,2.91,Bengali,16.43,Premium Shoppers,26-03-2025
NY-CMP-1373,SEO,College Students,,Facebook,52734.0,2586.0,1001.0,448.0,250432.0,630.36,-0.11,Tamil,7.65,Tier 2 City Customers,29-08-2024
NY-CMP-48889,Social Media,Tier 2 City Customers,20.0,"Facebook, Google",76471.0,2950.0,1302.0,615.0,463095.0,154.6,3.87,Hindi,6.36,Tier 2 City Customers,12-03-2025
NY-CMP-1543,SEO,Youth,17.0,Instagram,77138.0,5782.0,2843.0,2168.0,1723560.0,61.01,12.03,Tamil,13.99,Tier 2 City Customers,04-04-2025
NY-CMP-40318,Email,Working Women,19.0,"Instagram, YouTube, Email",79651.0,3721.0,1663.0,679.0,391104.0,148.06,2.89,Hindi,7.61,Premium Shoppers,01-11-2024
NY-CMP-1454,Social Media,College Students,29.0,Instagram,51566.0,,1115.0,823.0,502030.0,185.78,2.28,Bengali,8.45,Premium Shoppers,27-02-2025
NY-CMP-1930,Email,College Students,21.0,"WhatsApp, Google",24722.0,2665.0,872.0,300.0,158700.0,805.11,-0.34,Tamil,15.52,Working Women,16-05-2025
NY-CMP-43973,Email,Youth,,Email,69856.0,6830.0,1447.0,,655872.0,65.21,9.3,Bengali,13.25,Premium Shoppers,07-09-2024
NY-CMP-21217,Email,Tier 2 City Customers,25.0,Instagram,21508.0,3045.0,1465.0,1065.0,455820.0,66.52,5.43,Bengali,25.92,College Students,28-03-2025
NY-CMP-38061,Social Media,Youth,5.0,YouTube,81900.0,11213.0,6686.0,3671.0,1494097.0,38.54,9.56,Tamil,26.34,College Students,
NY-CMP-25210,Social Media,,6.0,"YouTube, Facebook",61956.0,5834.0,2453.0,1490.0,533420.0,151.0,1.37,Hindi,15.78,Tier 2 City Customers,09-10-2024
NY-CMP-18168,Email,Premium Shoppers,22.0,"Facebook, Instagram",27838.0,3549.0,789.0,437.0,109687.0,247.4,0.01,Bengali,17.15,Working Women,01-06-2025
NY-CMP-20535,Email,Youth,15.0,Email,34411.0,3863.0,826.0,494.0,380874.0,126.82,5.08,Tamil,15.06,,14-04-2025
NY-CMP-16558,SEO,Working Women,24.0,"Google, Email, WhatsApp",98684.0,8307.0,3978.0,1926.0,882108.0,102.99,3.45,Bengali,14.4,Premium Shoppers,16-11-2024
NY-CMP-18163,Paid Ads,Youth,22.0,"Google, Email",84314.0,5492.0,1650.0,1282.0,901246.0,68.19,9.31,English,9.99,Tier 2 City Customers,24-04-2025
NY-CMP-28692,Influencer,,18.0,WhatsApp,97814.0,6032.0,1852.0,910.0,410410.0,217.04,1.08,Bengali,8.99,Working Women,07-12-2024
NY-CMP-6771,Email,College Students,29.0,"YouTube, Google, Instagram",19717.0,2308.0,668.0,343.0,233583.0,290.76,1.34,English,16.83,Premium Shoppers,13-04-2025
NY-CMP-17053,Paid Ads,College Students,15.0,Instagram,39213.0,5000.0,1386.0,,304580.0,178.62,,English,,,19-03-2025
NY-CMP-15081,SEO,Tier 2 City Customers,5.0,YouTube,69042.0,5951.0,1911.0,762.0,300990.0,279.93,0.41,Hindi,12.49,College Students,08-07-2024
NY-CMP-41324,Social Media,Premium Shoppers,14.0,"YouTube, WhatsApp, Instagram",97810.0,2151.0,452.0,306.0,83844.0,705.15,-0.61,,2.97,College Students,18-05-2025
NY-CMP-13498,Paid Ads,College Students,18.0,Instagram,69002.0,3899.0,1148.0,914.0,207478.0,293.36,-0.23,English,8.64,Working Women,23-08-2024
NY-CMP-38319,Email,College Students,21.0,"Facebook, YouTube, Instagram",79246.0,2544.0,759.0,335.0,240195.0,575.46,0.25,Tamil,4.59,Youth,
NY-CMP-38231,Email,College Students,20.0,"Instagram, Google",34160.0,2083.0,685.0,415.0,326605.0,576.54,0.37,English,9.32,Tier 2 City Customers,14-04-2025
NY-CMP-47235,,Tier 2 City Customers,13.0,YouTube,69376.0,5990.0,2469.0,1456.0,,191.25,1.99,English,14.29,College Students,07-03-2025
NY-CMP-8722,Email,Premium Shoppers,10.0,"Google, Facebook",43219.0,6373.0,2394.0,1212.0,763560.0,68.17,8.24,Bengali,23.09,College Students,15-09-2024
NY-CMP-12247,Paid Ads,College Students,13.0,"Google, YouTube, Email",12250.0,925.0,245.0,125.0,79875.0,1058.18,-0.4,Bengali,10.57,,21-07-2024
NY-CMP-50300,Email,Youth,,"YouTube, Instagram",48885.0,6051.0,2072.0,875.0,640500.0,339.65,1.16,Tamil,18.41,Youth,02-01-2025
NY-CMP-49299,,Youth,5.0,"Email, Facebook",11002.0,762.0,339.0,220.0,54340.0,1076.4,-0.77,English,12.01,College Students,
NY-CMP-3758,Social Media,Youth,,Email,72210.0,1678.0,479.0,309.0,63963.0,588.52,-0.65,,3.42,Working Women,31-03-2025
NY-CMP-48386,Email,Youth,26.0,Google,73132.0,4978.0,2846.0,2091.0,1645617.0,98.23,7.01,English,13.56,Working Women,03-08-2024
NY-CMP-33716,Social Media,Premium Shoppers,8.0,"Email, WhatsApp, Google",80204.0,6646.0,2717.0,1843.0,606347.0,113.34,1.9,Bengali,13.97,Premium Shoppers,01-12-2024
NY-CMP-1268,Paid Ads,Premium Shoppers,16.0,"Facebook, WhatsApp",83312.0,7037.0,3321.0,2489.0,569981.0,37.95,5.03,English,15.42,Working Women,09-04-2025
NY-CMP-38007,Influencer,College Students,30.0,Google,,2508.0,511.0,270.0,196020.0,245.17,1.96,Bengali,3.38,Working Women,22-05-2025
NY-CMP-37663,Social Media,College Students,27.0,"Email, WhatsApp, YouTube",69442.0,8352.0,3185.0,1968.0,,27.29,11.24,Hindi,19.45,Working Women,04-12-2024
NY-CMP-45759,Influencer,Tier 2 City Customers,7.0,"WhatsApp, Instagram",55894.0,3714.0,1095.0,524.0,385664.0,476.32,0.55,Bengali,9.54,Tier 2 City Customers,06-04-2025
NY-CMP-20772,Email,Working Women,27.0,"YouTube, Instagram",,6153.0,1731.0,1227.0,791415.0,98.12,5.57,Hindi,,College Students,27-09-2024
NY-CMP-28653,SEO,Working Women,24.0,"Google, Instagram",78124.0,2923.0,1129.0,763.0,402101.0,105.25,4.01,Bengali,6.16,Tier 2 City Customers,06-01-2025
NY-CMP-47205,Email,College Students,,YouTube,96277.0,9002.0,3229.0,1359.0,1045071.0,101.47,6.58,Hindi,14.12,College Students,20-08-2024
NY-CMP-26485,Email,Premium Shoppers,7.0,Facebook,64379.0,,1901.0,1211.0,790783.0,149.45,3.37,Hindi,10.21,Working Women,01-08-2024
NY-CMP-23269,Influencer,Youth,12.0,"Facebook, YouTube, Instagram",46630.0,4173.0,1864.0,793.0,461526.0,198.21,1.94,English,14.65,Premium Shoppers,16-08-2024
NY-CMP-18856,Social Media,Premium Shoppers,22.0,"Google, Facebook",96406.0,9255.0,4108.0,2048.0,598016.0,72.92,3.0,Tamil,15.99,Youth,26-11-2024
NY-CMP-35734,Influencer,Youth,30.0,"WhatsApp, Google, Facebook",,6511.0,2703.0,1801.0,905903.0,151.0,2.33,Tamil,14.01,Working Women,20-03-2025
NY-CMP-34788,Paid Ads,College Students,10.0,"YouTube, WhatsApp",48989.0,5908.0,,1063.0,356105.0,199.37,0.68,Hindi,20.26,Premium Shoppers,09-03-2025
NY-CMP-10648,Influencer,Youth,,"YouTube, WhatsApp, Google",38622.0,2240.0,979.0,720.0,334800.0,195.48,1.38,Hindi,10.2,College Students,22-04-2025
NY-CMP-37633,SEO,,29.0,"Email, Google",,1477.0,612.0,,265559.0,,1.62,Hindi,3.96,College Students,09-12-2024
NY-CMP-26029,Social Media,Tier 2 City Customers,15.0,"Instagram, YouTube",19255.0,,566.0,227.0,93978.0,1306.86,-0.68,Hindi,11.97,Tier 2 City Customers,05-11-2024
NY-CMP-47731,Email,Working Women,10.0,"Instagram, WhatsApp, Facebook",82007.0,9983.0,2253.0,867.0,,271.38,0.89,Hindi,15.98,Tier 2 City Customers,23-02-2025
NY-CMP-16121,Email,Working Women,22.0,"YouTube, Instagram",63630.0,3182.0,924.0,687.0,206100.0,228.01,0.32,English,7.53,Working Women,19-03-2025
NY-CMP-6152,Social Media,Premium Shoppers,15.0,"Facebook, YouTube, WhatsApp",72354.0,3646.0,2088.0,1391.0,585611.0,,1.89,Bengali,9.85,Premium Shoppers,10-02-2025
NY-CMP-26560,SEO,Youth,17.0,"Instagram, YouTube",65820.0,7755.0,2967.0,1496.0,825792.0,,2.01,Hindi,18.56,Working Women,16-04-2025
NY-CMP-34730,SEO,Tier 2 City Customers,5.0,"Instagram, Facebook, YouTube",51608.0,7716.0,3633.0,1387.0,897389.0,176.33,2.67,Hindi,24.68,Premium Shoppers,10-01-2025
NY-CMP-35859,SEO,Premium Shoppers,7.0,Email,41053.0,2386.0,1004.0,518.0,162652.0,537.08,-0.42,Bengali,9.52,College Students,27-02-2025
NY-CMP-20608,SEO,,7.0,"Google, Email, WhatsApp",51295.0,3552.0,2019.0,1018.0,545648.0,150.61,2.56,Hindi,12.85,,04-02-2025
NY-CMP-49619,Email,Premium Shoppers,7.0,"Facebook, WhatsApp, Instagram",62772.0,3037.0,833.0,362.0,80364.0,672.11,-0.67,Tamil,6.74,Youth,29-05-2025
NY-CMP-21391,Influencer,Premium Shoppers,10.0,"WhatsApp, Email, Facebook",86063.0,5663.0,1992.0,1562.0,449856.0,55.31,4.21,,,Tier 2 City Customers,19-10-2024
NY-CMP-51666,SEO,Premium Shoppers,19.0,"Google, Email, YouTube",63845.0,6131.0,2575.0,1292.0,357884.0,166.15,0.67,Bengali,15.66,Working Women,05-10-2024
NY-CMP-22369,Paid Ads,Premium Shoppers,9.0,"Instagram, Email",18549.0,,260.0,134.0,89780.0,462.57,0.45,,6.96,College Students,01-11-2024
NY-CMP-45431,Paid Ads,College Students,13.0,"Email, Google",33918.0,4226.0,876.0,338.0,135876.0,675.34,-0.4,English,16.04,Premium Shoppers,25-08-2024
NY-CMP-38135,Social Media,Youth,25.0,YouTube,38538.0,1530.0,435.0,145.0,29435.0,507.0,-0.6,Hindi,5.48,Youth,06-08-2024
NY-CMP-23678,Influencer,Youth,9.0,Facebook,19422.0,960.0,462.0,233.0,72696.0,,-0.34,Bengali,8.52,Tier 2 City Customers,06-03-2025
NY-CMP-15054,Influencer,,26.0,WhatsApp,74074.0,,1650.0,1226.0,973444.0,86.35,8.2,English,12.88,Premium Shoppers,26-03-2025
NY-CMP-38238,Social Media,Working Women,22.0,"Instagram, Facebook, WhatsApp",56865.0,,2425.0,1148.0,303072.0,225.63,0.17,English,13.92,Premium Shoppers,08-12-2024
NY-CMP-29953,Paid Ads,Premium Shoppers,21.0,"Instagram, Email, WhatsApp",66814.0,5756.0,2101.0,783.0,204363.0,224.34,0.16,English,12.93,College Students,03-05-2025
NY-CMP-42730,Influencer,College Students,,Google,28726.0,2552.0,1194.0,885.0,243375.0,191.09,0.44,Bengali,16.12,Working Women,18-02-2025
NY-CMP-42230,Influencer,College Students,17.0,"Instagram, YouTube",54597.0,,642.0,411.0,168921.0,477.72,-0.14,Tamil,6.13,Premium Shoppers,02-01-2025
NY-CMP-11609,Social Media,College Students,25.0,"WhatsApp, Facebook, YouTube",47835.0,5171.0,2160.0,1376.0,1022368.0,74.85,8.93,Bengali,18.2,College Students,23-03-2025
NY-CMP-33647,,,8.0,"YouTube, WhatsApp, Google",21919.0,3173.0,1647.0,1072.0,,174.07,1.67,Tamil,,Premium Shoppers,19-01-2025
NY-CMP-25716,Email,Working Women,12.0,Facebook,30945.0,3036.0,753.0,344.0,201584.0,298.43,0.96,Bengali,13.36,Youth,11-05-2025
NY-CMP-53034,Paid Ads,,24.0,"Facebook, YouTube",35965.0,2341.0,1227.0,425.0,139825.0,586.34,-0.44,English,11.1,Working Women,28-03-2025
NY-CMP-25899,Influencer,Premium Shoppers,13.0,"Instagram, Facebook, WhatsApp",94368.0,2701.0,783.0,397.0,87340.0,335.15,-0.34,English,4.11,Youth,31-07-2024
NY-CMP-13447,Influencer,Premium Shoppers,20.0,Email,25505.0,,,531.0,270279.0,563.56,-0.1,Tamil,10.7,Premium Shoppers,13-01-2025
NY-CMP-48218,Social Media,Youth,5.0,"Instagram, Google, Email",41686.0,3281.0,1906.0,1380.0,521640.0,185.31,1.04,English,15.75,College Students,10-01-2025
NY-CMP-54568,Social Media,Tier 2 City Customers,7.0,"Email, Facebook, WhatsApp",59132.0,6516.0,2362.0,1226.0,497756.0,70.44,4.76,Hindi,17.09,College Students,
NY-CMP-52129,Social Media,Working Women,22.0,"Email, Google",54508.0,7654.0,3078.0,2177.0,470232.0,62.59,2.45,Hindi,23.68,College Students,17-04-2025
NY-CMP-17271,Paid Ads,Premium Shoppers,19.0,WhatsApp,16497.0,492.0,179.0,66.0,33594.0,4404.76,-0.88,English,4.47,Working Women,
NY-CMP-32060,Paid Ads,Premium Shoppers,7.0,Google,80615.0,5219.0,1423.0,583.0,308990.0,111.18,3.77,Hindi,8.96,,14-09-2024
NY-CMP-14192,,Youth,,"Facebook, YouTube, Email",52537.0,2976.0,1771.0,1241.0,400843.0,104.08,2.1,,11.4,College Students,04-02-2025
NY-CMP-38631,Email,College Students,6.0,"Google, Email, YouTube",16881.0,1412.0,810.0,259.0,70966.0,1137.88,-0.76,Bengali,14.7,Tier 2 City Customers,14-01-2025
NY-CMP-28834,Email,Tier 2 City Customers,30.0,YouTube,23460.0,1281.0,605.0,255.0,,813.94,-0.11,Tamil,9.13,Working Women,
NY-CMP-36839,Influencer,College Students,29.0,"WhatsApp, Instagram",76606.0,3686.0,1949.0,1227.0,559512.0,95.65,3.77,Hindi,8.96,Working Women,30-04-2025
NY-CMP-38836,,Premium Shoppers,7.0,"Instagram, Google, Facebook",38353.0,4140.0,2024.0,1060.0,469580.0,182.55,1.43,Bengali,18.84,College Students,
NY-CMP-26588,Email,Tier 2 City Customers,14.0,"Instagram, YouTube",46016.0,1607.0,808.0,555.0,210345.0,,-0.16,Bengali,6.45,Tier 2 City Customers,11-01-2025
NY-CMP-50562,SEO,Working Women,11.0,"Google, WhatsApp",98321.0,14461.0,,3065.0,1222935.0,,3.78,Hindi,25.59,Youth,23-09-2024
NY-CMP-17013,Influencer,Tier 2 City Customers,10.0,Instagram,29048.0,2130.0,1048.0,832.0,297856.0,327.66,0.09,Bengali,13.8,Youth,25-10-2024
NY-CMP-56081,Influencer,Tier 2 City Customers,6.0,"Google, YouTube, Instagram",20599.0,2509.0,1170.0,790.0,300200.0,120.2,2.16,Hindi,21.7,Working Women,31-12-2024
NY-CMP-34334,SEO,Working Women,28.0,"Email, Facebook, Google",26031.0,3522.0,1094.0,466.0,94132.0,573.58,-0.65,Bengali,19.52,,20-04-2025
NY-CMP-36578,Social Media,Working Women,18.0,WhatsApp,72688.0,5526.0,,1704.0,790656.0,83.29,4.57,English,13.19,College Students,05-01-2025
NY-CMP-32393,Paid Ads,College Students,13.0,"Instagram, WhatsApp, Email",52814.0,7185.0,2609.0,2032.0,611632.0,63.42,3.75,Hindi,22.39,College Students,15-10-2024
NY-CMP-29678,Social Media,Working Women,28.0,Email,33869.0,2200.0,768.0,230.0,74980.0,754.5,-0.57,Bengali,9.44,Tier 2 City Customers,23-03-2025
NY-CMP-29507,Email,Tier 2 City Customers,9.0,"WhatsApp, Facebook",82318.0,11985.0,3854.0,2583.0,1611792.0,56.15,,English,22.38,College Students,
NY-CMP-11613,SEO,Working Women,29.0,,67669.0,3199.0,876.0,554.0,154012.0,377.3,-0.26,Bengali,6.84,Tier 2 City Customers,13-05-2025
NY-CMP-34355,Email,Youth,13.0,YouTube,75045.0,6792.0,3532.0,2291.0,1145500.0,99.0,4.05,Bengali,16.81,Working Women,24-11-2024
NY-CMP-23279,Paid Ads,,15.0,"Email, YouTube, WhatsApp",16140.0,857.0,434.0,196.0,104860.0,1000.61,-0.47,English,9.21,Youth,13-04-2025
NY-CMP-38669,SEO,Youth,22.0,,69987.0,5326.0,1408.0,651.0,233709.0,152.04,1.36,Tamil,10.55,College Students,14-01-2025
NY-CMP-46783,Paid Ads,College Students,18.0,"YouTube, Facebook",85652.0,1740.0,419.0,287.0,148666.0,424.84,0.22,Bengali,2.86,Tier 2 City Customers,01-06-2025
NY-CMP-21864,,Working Women,25.0,"WhatsApp, Email",21858.0,1654.0,451.0,254.0,52070.0,,-0.74,English,10.79,College Students,
NY-CMP-54711,,Premium Shoppers,14.0,YouTube,56223.0,3492.0,969.0,752.0,363968.0,134.66,2.59,Hindi,9.27,Working Women,25-03-2025
NY-CMP-17677,Social Media,Working Women,20.0,"WhatsApp, Instagram",47330.0,6271.0,3513.0,2347.0,638384.0,24.9,9.92,English,25.63,Youth,11-11-2024
NY-CMP-19365,Influencer,Tier 2 City Customers,21.0,"Google, Facebook",29138.0,1554.0,,,124025.0,299.58,-0.32,,10.33,Youth,04-10-2024
NY-CMP-53787,Email,Tier 2 City Customers,15.0,Google,20362.0,1246.0,290.0,132.0,39600.0,1498.08,-0.8,Bengali,8.19,Premium Shoppers,08-11-2024
NY-CMP-20574,Email,Working Women,6.0,"Instagram, Email",21966.0,880.0,383.0,211.0,146223.0,844.65,-0.18,English,6.71,Youth,25-09-2024
NY-CMP-2811,,College Students,7.0,Facebook,54069.0,5575.0,2119.0,1257.0,527940.0,199.46,1.11,English,16.55,Working Women,17-11-2024
NY-CMP-22749,Social Media,Working Women,24.0,Google,30025.0,1016.0,290.0,110.0,73480.0,682.55,-0.02,Bengali,4.72,Premium Shoppers,28-12-2024
NY-CMP-52364,SEO,Tier 2 City Customers,7.0,"YouTube, WhatsApp, Email",83705.0,4010.0,923.0,609.0,434826.0,164.82,3.33,Tamil,6.62,College Students,19-04-2025
NY-CMP-25062,Email,College Students,,"WhatsApp, YouTube",22900.0,760.0,237.0,128.0,95104.0,1289.33,-0.42,Tamil,4.91,Working Women,10-09-2024
NY-CMP-36591,Influencer,Working Women,12.0,"Instagram, Google, Email",28695.0,1177.0,391.0,218.0,113360.0,889.48,,Hindi,6.22,Premium Shoppers,15-04-2025
NY-CMP-18554,Influencer,Youth,19.0,"YouTube, WhatsApp",99051.0,3405.0,1434.0,723.0,312336.0,78.4,4.51,English,5.62,Working Women,15-12-2024
NY-CMP-2967,Paid Ads,Working Women,5.0,Facebook,68525.0,2288.0,544.0,277.0,219107.0,356.82,1.22,English,4.54,College Students,31-07-2024
NY-CMP-48393,SEO,Tier 2 City Customers,6.0,"Instagram, Facebook",13953.0,1303.0,432.0,230.0,77740.0,580.0,-0.42,Hindi,14.08,Tier 2 City Customers,01-09-2024
NY-CMP-12893,Social Media,Working Women,16.0,"Facebook, Google, Email",73989.0,9232.0,3909.0,2457.0,1046682.0,84.2,4.06,Hindi,21.08,Working Women,01-12-2024
NY-CMP-9546,Email,Working Women,26.0,"Instagram, Google, YouTube",88825.0,5657.0,2310.0,799.0,412284.0,276.16,0.87,Hindi,9.87,Tier 2 City Customers,29-11-2024
NY-CMP-53147,SEO,Premium Shoppers,16.0,"Email, WhatsApp, YouTube",66899.0,7105.0,2206.0,,,123.38,4.79,Tamil,15.08,Youth,
NY-CMP-13252,Influencer,Premium Shoppers,10.0,"Instagram, Google, YouTube",73411.0,6696.0,3131.0,,732896.0,155.36,2.98,Hindi,15.0,Working Women,06-10-2024
NY-CMP-52740,Paid Ads,College Students,27.0,Google,,984.0,,327.0,233151.0,392.6,0.82,Hindi,3.9,Tier 2 City Customers,25-11-2024
NY-CMP-52592,Social Media,Premium Shoppers,6.0,"WhatsApp, Email",19155.0,2284.0,750.0,598.0,343252.0,378.5,0.52,Tamil,18.96,Tier 2 City Customers,16-02-2025
NY-CMP-18284,Paid Ads,Premium Shoppers,26.0,"Google, Email",22464.0,2902.0,1687.0,1040.0,267280.0,51.2,4.02,Hindi,25.06,Working Women,20-01-2025
NY-CMP-13315,Social Media,Working Women,12.0,"YouTube, Instagram, Facebook",62626.0,8619.0,2487.0,1970.0,1355360.0,124.67,4.52,Hindi,20.88,,08-12-2024
NY-CMP-4840,Social Media,Working Women,21.0,YouTube,46223.0,1568.0,,556.0,381416.0,147.74,3.64,English,6.48,Premium Shoppers,05-06-2025
NY-CMP-48423,Influencer,Youth,7.0,"Google, YouTube, Instagram",99186.0,8689.0,2507.0,1961.0,1319753.0,135.71,3.96,Hindi,13.26,Premium Shoppers,15-01-2025
NY-CMP-47942,Influencer,Youth,9.0,"Instagram, Facebook, Email",68643.0,6028.0,1259.0,935.0,277695.0,117.04,1.54,English,11.98,Premium Shoppers,28-10-2024
NY-CMP-35155,Influencer,Tier 2 City Customers,29.0,YouTube,29386.0,3380.0,1785.0,,880740.0,128.15,3.92,Bengali,22.33,Premium Shoppers,23-04-2025
NY-CMP-42055,Paid Ads,,20.0,Facebook,90009.0,13486.0,3366.0,,1646615.0,83.21,6.78,Hindi,21.55,Working Women,01-09-2024
NY-CMP-40514,Influencer,Tier 2 City Customers,30.0,Google,66868.0,7280.0,2054.0,1441.0,981321.0,140.65,3.84,Bengali,16.11,Youth,05-04-2025
NY-CMP-16603,Email,Working Women,5.0,"Instagram, Email, Facebook",20011.0,2701.0,1095.0,532.0,368676.0,101.08,5.86,English,,Youth,10-06-2025
NY-CMP-41019,Email,Tier 2 City Customers,7.0,Facebook,20009.0,1565.0,655.0,509.0,387349.0,473.87,0.61,Bengali,13.64,Tier 2 City Customers,17-11-2024
NY-CMP-42012,Paid Ads,Tier 2 City Customers,16.0,WhatsApp,41058.0,1681.0,658.0,310.0,94550.0,646.36,-0.53,Bengali,6.45,Working Women,
NY-CMP-19379,SEO,Working Women,19.0,"YouTube, Instagram, Google",12942.0,,68.0,,16170.0,4371.79,-0.91,Hindi,,Tier 2 City Customers,08-08-2024
NY-CMP-52951,Email,Premium Shoppers,29.0,"Facebook, Google, WhatsApp",,6288.0,2199.0,755.0,530010.0,71.31,8.84,Bengali,10.08,Youth,05-11-2024
NY-CMP-42006,Paid Ads,Tier 2 City Customers,11.0,"WhatsApp, YouTube, Google",17150.0,1538.0,587.0,358.0,147854.0,459.92,-0.1,Hindi,14.48,Working Women,06-02-2025
NY-CMP-50254,SEO,College Students,15.0,"Facebook, Instagram",62340.0,6657.0,3982.0,1867.0,1161274.0,119.9,4.19,Hindi,20.06,Youth,03-03-2025
NY-CMP-56298,SEO,Youth,16.0,"Google, YouTube",10911.0,1552.0,359.0,135.0,38745.0,1009.97,-0.72,,18.75,Tier 2 City Customers,28-08-2024
NY-CMP-9966,Social Media,Youth,7.0,"Instagram, Email",63535.0,4836.0,2469.0,1736.0,781200.0,152.35,1.95,Bengali,14.23,,15-06-2025
NY-CMP-42591,Influencer,Premium Shoppers,20.0,Instagram,49477.0,6156.0,3499.0,2593.0,,28.1,24.12,Tamil,24.75,College Students,06-01-2025
NY-CMP-8267,Paid Ads,Youth,17.0,"Facebook, Email",41065.0,,795.0,439.0,,664.04,-0.38,English,9.14,Tier 2 City Customers,27-08-2024
NY-CMP-16712,Email,Premium Shoppers,23.0,Email,68705.0,9237.0,3852.0,2166.0,1052676.0,69.25,6.02,English,22.2,Tier 2 City Customers,20-01-2025
NY-CMP-10798,Email,Premium Shoppers,28.0,"WhatsApp, Instagram, Facebook",42567.0,925.0,418.0,195.0,62010.0,1233.93,-0.74,Bengali,3.61,Working Women,22-05-2025
NY-CMP-11946,Paid Ads,Youth,7.0,"YouTube, WhatsApp, Google",77383.0,2588.0,600.0,199.0,117012.0,283.72,1.07,Tamil,4.38,Working Women,17-04-2025
NY-CMP-1971,SEO,College Students,8.0,YouTube,68209.0,7861.0,3664.0,1404.0,1076868.0,110.59,5.94,Hindi,18.95,College Students,17-10-2024
NY-CMP-51926,SEO,Working Women,29.0,Email,23140.0,2850.0,1555.0,787.0,467478.0,73.24,7.11,English,22.44,Working Women,27-03-2025
NY-CMP-20151,Influencer,Youth,27.0,"Instagram, YouTube, WhatsApp",35714.0,2251.0,677.0,374.0,230010.0,361.63,0.7,Hindi,9.25,Youth,20-02-2025
NY-CMP-29167,Social Media,College Students,23.0,,90459.0,12998.0,7385.0,4108.0,1150240.0,40.14,5.98,Tamil,27.07,Premium Shoppers,28-11-2024
NY-CMP-46094,Email,Youth,9.0,"Facebook, Email",75715.0,5591.0,,1433.0,442797.0,205.21,0.51,Tamil,12.47,College Students,21-12-2024
NY-CMP-41431,Email,Premium Shoppers,7.0,"WhatsApp, YouTube, Facebook",68490.0,,2606.0,898.0,367282.0,174.29,1.35,Hindi,19.05,Working Women,12-03-2025
NY-CMP-53663,Social Media,Working Women,22.0,"Facebook, WhatsApp, YouTube",60586.0,6518.0,2029.0,1397.0,300355.0,,0.47,English,16.41,Youth,03-07-2024
NY-CMP-36889,Social Media,Tier 2 City Customers,14.0,Instagram,40218.0,1295.0,395.0,309.0,97026.0,843.6,-0.63,Tamil,4.97,College Students,09-04-2025
NY-CMP-7990,Paid Ads,Youth,18.0,WhatsApp,85920.0,7809.0,3711.0,1973.0,670820.0,42.17,7.06,,15.7,Tier 2 City Customers,22-04-2025
NY-CMP-26171,Social Media,Tier 2 City Customers,27.0,"WhatsApp, Email",61706.0,4638.0,1803.0,1133.0,421476.0,240.15,0.55,,12.27,Premium Shoppers,09-12-2024
NY-CMP-43179,SEO,College Students,14.0,"WhatsApp, Instagram",54286.0,4216.0,1077.0,726.0,,287.22,1.52,Bengali,11.09,Premium Shoppers,10-08-2024
NY-CMP-42371,Social Media,Premium Shoppers,25.0,"Facebook, Google, Email",89968.0,12449.0,6167.0,4765.0,3168725.0,23.27,27.58,Hindi,,Premium Shoppers,05-05-2025
NY-CMP-13566,Influencer,College Students,25.0,"Google, Facebook, YouTube",13982.0,1038.0,274.0,138.0,71898.0,1196.55,-0.56,Bengali,10.37,Working Women,13-01-2025
NY-CMP-53216,Influencer,Youth,20.0,Email,64140.0,7459.0,2592.0,1223.0,654305.0,147.75,2.62,Hindi,17.58,Working Women,12-07-2024
NY-CMP-7288,SEO,Premium Shoppers,10.0,"Facebook, YouTube, Instagram",89896.0,6870.0,3010.0,1797.0,700830.0,85.88,3.54,Bengali,12.99,College Students,25-05-2025
NY-CMP-6058,Social Media,Tier 2 City Customers,17.0,"Email, WhatsApp",40676.0,3755.0,2086.0,1025.0,657025.0,93.51,5.86,Tamil,16.88,College Students,18-02-2025
NY-CMP-37478,Social Media,Working Women,19.0,"Instagram, WhatsApp",,3526.0,1727.0,,859155.0,192.48,2.3,Bengali,20.86,College Students,12-08-2024
NY-CMP-25033,SEO,College Students,11.0,WhatsApp,44438.0,5352.0,2657.0,1005.0,680385.0,71.57,8.46,,20.28,Tier 2 City Customers,26-12-2024
NY-CMP-48521,Influencer,Youth,18.0,"Instagram, WhatsApp",43426.0,875.0,195.0,59.0,27022.0,1801.69,-0.75,Tamil,2.6,Youth,26-12-2024
NY-CMP-48447,Influencer,Youth,27.0,"Instagram, Facebook, YouTube",44413.0,1575.0,344.0,209.0,112860.0,1176.44,-0.54,English,4.79,Tier 2 City Customers,04-01-2025
NY-CMP-45444,SEO,Premium Shoppers,18.0,"Instagram, Google, WhatsApp",15535.0,719.0,290.0,,172156.0,1177.06,-0.34,Hindi,7.93,Youth,25-02-2025
NY-CMP-1225,SEO,Tier 2 City Customers,11.0,"Email, YouTube",73140.0,4538.0,1670.0,1298.0,,89.19,2.87,Hindi,10.26,Working Women,27-09-2024
NY-CMP-44976,Paid Ads,Premium Shoppers,5.0,"YouTube, Instagram",82582.0,4749.0,2616.0,1260.0,299880.0,227.57,0.05,Tamil,10.44,Premium Shoppers,15-03-2025
NY-CMP-9659,Paid Ads,Working Women,22.0,Email,47182.0,4249.0,2426.0,788.0,516928.0,258.8,1.53,Hindi,15.82,Tier 2 City Customers,23-01-2025
NY-CMP-27659,Social Media,,13.0,"Email, Facebook",84018.0,6724.0,3766.0,2577.0,1046262.0,35.22,10.53,Hindi,15.55,,15-08-2024
NY-CMP-41062,Paid Ads,,,"YouTube, Facebook, Instagram",58603.0,2452.0,1255.0,506.0,186208.0,467.85,,English,7.19,Working Women,07-04-2025
NY-CMP-1664,Paid Ads,Tier 2 City Customers,27.0,"Instagram, Facebook, YouTube",37348.0,2813.0,1103.0,514.0,340268.0,197.01,2.36,Tamil,11.86,College Students,26-08-2024
NY-CMP-13928,Influencer,Tier 2 City Customers,24.0,Google,76594.0,7421.0,1651.0,1221.0,427350.0,208.89,0.68,English,13.44,Tier 2 City Customers,25-01-2025
NY-CMP-45221,Social Media,College Students,29.0,Email,34780.0,3114.0,1229.0,980.0,301840.0,196.36,0.57,English,15.3,Working Women,
NY-CMP-10869,SEO,Tier 2 City Customers,16.0,Facebook,75480.0,3851.0,1792.0,1344.0,268800.0,38.54,4.19,Bengali,9.26,Working Women,10-11-2024
NY-CMP-17758,Social Media,College Students,24.0,"YouTube, Facebook, Google",22487.0,2278.0,1183.0,589.0,,249.8,0.43,Hindi,18.01,College Students,
NY-CMP-41964,Paid Ads,Premium Shoppers,8.0,"Email, WhatsApp, Instagram",56892.0,6640.0,,2157.0,1182036.0,,6.23,Bengali,20.29,Youth,10-12-2024
NY-CMP-32057,Paid Ads,Working Women,23.0,"Email, Google",97017.0,14051.0,,4820.0,1995480.0,56.68,6.3,Tamil,27.08,Premium Shoppers,27-05-2025
NY-CMP-15902,,Premium Shoppers,9.0,"WhatsApp, Google",61743.0,2854.0,1126.0,574.0,,419.91,0.71,Hindi,7.38,Tier 2 City Customers,05-08-2024
NY-CMP-30573,Email,College Students,11.0,"YouTube, Facebook, Google",94173.0,13341.0,6212.0,2940.0,1043700.0,56.41,5.29,Bengali,23.88,Premium Shoppers,03-09-2024
NY-CMP-26546,Influencer,Premium Shoppers,18.0,"Instagram, YouTube",93398.0,7491.0,3654.0,1671.0,554772.0,,2.19,English,13.72,Premium Shoppers,24-10-2024
NY-CMP-46549,Paid Ads,Youth,16.0,"Instagram, Email, Facebook",63513.0,8531.0,3751.0,2041.0,602095.0,108.7,1.71,Bengali,22.55,Premium Shoppers,01-07-2024
NY-CMP-48236,Influencer,Youth,26.0,"WhatsApp, YouTube",19852.0,,1102.0,779.0,578797.0,210.09,2.54,Hindi,23.44,Youth,06-05-2025
NY-CMP-32190,Social Media,Premium Shoppers,25.0,"Google, YouTube, WhatsApp",21354.0,1707.0,846.0,468.0,129168.0,580.37,-0.52,Bengali,14.15,Working Women,26-11-2024
NY-CMP-37799,Paid Ads,Youth,9.0,"Email, Instagram, Facebook",95698.0,6048.0,1251.0,496.0,173600.0,313.28,0.12,English,8.15,Working Women,11-04-2025
NY-CMP-45635,Influencer,Premium Shoppers,29.0,"Google, WhatsApp, Email",95280.0,5139.0,2297.0,1154.0,378512.0,250.86,0.31,Tamil,9.02,College Students,30-04-2025
NY-CMP-10877,,Youth,11.0,"Facebook, YouTube",58589.0,6066.0,1448.0,767.0,444860.0,219.35,1.64,Tamil,14.13,Premium Shoppers,23-08-2024
NY-CMP-31368,Email,Working Women,10.0,"Instagram, YouTube, Facebook",50002.0,4233.0,1068.0,418.0,209000.0,516.27,-0.03,English,11.44,College Students,
NY-CMP-25613,Email,,24.0,YouTube,49293.0,6518.0,2472.0,998.0,214570.0,263.64,-0.18,Tamil,20.26,,06-04-2025
NY-CMP-3899,Email,College Students,8.0,"YouTube, Facebook, Instagram",90297.0,8172.0,3637.0,2083.0,597821.0,85.97,2.34,Tamil,15.38,Tier 2 City Customers,14-11-2024
NY-CMP-25779,Influencer,Working Women,16.0,YouTube,53322.0,7103.0,3568.0,2610.0,649890.0,35.75,5.97,Bengali,24.91,College Students,10-03-2025
NY-CMP-27134,Paid Ads,Tier 2 City Customers,18.0,"Google, YouTube, Email",15917.0,1397.0,642.0,464.0,310880.0,393.95,0.7,English,15.73,Youth,08-05-2025
NY-CMP-38738,Influencer,,24.0,YouTube,38502.0,2069.0,784.0,453.0,246885.0,276.84,0.97,Hindi,8.59,Working Women,28-04-2025
NY-CMP-20306,Email,College Students,,"Instagram, Email, WhatsApp",97437.0,3945.0,,446.0,221216.0,188.32,1.63,Bengali,6.0,,18-07-2024
NY-CMP-13422,SEO,,,"Instagram, Facebook, Email",66300.0,8150.0,2004.0,1409.0,728453.0,169.39,2.05,Tamil,17.44,Youth,12-11-2024
NY-CMP-19618,SEO,Working Women,15.0,"YouTube, Instagram, Email",83832.0,12203.0,5981.0,3692.0,2828072.0,,20.75,Bengali,26.1,,25-02-2025
NY-CMP-16208,SEO,Tier 2 City Customers,10.0,"Instagram, Google, Email",23659.0,555.0,204.0,129.0,,1042.63,-0.57,English,3.75,Youth,15-03-2025
NY-CMP-47871,SEO,Premium Shoppers,16.0,Google,64149.0,7970.0,3945.0,3028.0,1831940.0,86.69,5.98,English,23.29,Youth,30-04-2025
NY-CMP-1429,SEO,College Students,18.0,"Instagram, WhatsApp, Facebook",66228.0,4227.0,1820.0,592.0,439856.0,378.33,0.96,English,10.02,College Students,13-02-2025
NY-CMP-5829,,Tier 2 City Customers,21.0,"Google, WhatsApp",35999.0,4201.0,1058.0,717.0,390048.0,318.43,0.71,Tamil,16.6,Tier 2 City Customers,23-02-2025
NY-CMP-4222,Email,Tier 2 City Customers,13.0,"WhatsApp, Google, Facebook",96508.0,2978.0,1386.0,948.0,200028.0,275.54,-0.23,English,5.5,Youth,21-02-2025
NY-CMP-5040,Social Media,Premium Shoppers,26.0,Facebook,52700.0,4704.0,2048.0,680.0,262480.0,396.89,-0.03,,14.1,Working Women,
NY-CMP-55978,Influencer,Working Women,16.0,"Email, Google",19400.0,1003.0,372.0,132.0,64812.0,1233.91,-0.6,English,7.77,,27-11-2024
NY-CMP-49944,SEO,Youth,12.0,"YouTube, Facebook",28699.0,2692.0,1109.0,814.0,260480.0,353.93,-0.1,English,16.08,Youth,
NY-CMP-35771,Influencer,,,Facebook,67450.0,4319.0,1784.0,913.0,224598.0,67.08,,Hindi,10.4,College Students,10-09-2024
NY-CMP-55203,Paid Ads,Premium Shoppers,10.0,"WhatsApp, YouTube, Google",34917.0,3392.0,1466.0,1151.0,,148.0,4.3,English,17.21,College Students,30-03-2025
NY-CMP-23600,SEO,Working Women,26.0,"WhatsApp, Facebook",27198.0,3727.0,2068.0,1195.0,885495.0,85.32,7.69,Tamil,25.7,Tier 2 City Customers,27-09-2024
NY-CMP-1381,SEO,College Students,15.0,"YouTube, Facebook",,2735.0,907.0,655.0,145410.0,371.31,-0.4,Tamil,8.93,Youth,23-10-2024
NY-CMP-21464,Paid Ads,Youth,18.0,"Instagram, YouTube",11419.0,663.0,294.0,197.0,48856.0,1268.66,-0.8,Tamil,10.11,Youth,24-04-2025
NY-CMP-7720,SEO,Premium Shoppers,15.0,Email,33275.0,4389.0,1808.0,824.0,568560.0,289.89,1.38,Hindi,21.1,Youth,18-08-2024
NY-CMP-50078,SEO,Tier 2 City Customers,28.0,Facebook,95037.0,3388.0,1131.0,358.0,227688.0,707.61,-0.1,English,5.13,Working Women,05-04-2025
NY-CMP-13957,Paid Ads,Working Women,5.0,"Instagram, Facebook, YouTube",80508.0,9649.0,,1444.0,424536.0,61.43,3.79,Bengali,16.68,Tier 2 City Customers,29-05-2025
NY-CMP-8479,Social Media,College Students,7.0,Google,19730.0,1028.0,582.0,308.0,242088.0,559.45,0.4,,9.72,Youth,12-07-2024
NY-CMP-50042,,Premium Shoppers,14.0,"WhatsApp, Facebook, YouTube",46946.0,4035.0,,631.0,336954.0,96.35,4.54,Tamil,12.17,Working Women,05-05-2025
NY-CMP-28587,SEO,Youth,10.0,,95226.0,,2910.0,1433.0,689273.0,206.91,1.32,Hindi,10.24,Youth,03-09-2024
NY-CMP-32062,SEO,Premium Shoppers,16.0,"WhatsApp, Email",44707.0,,540.0,193.0,142241.0,1125.42,-0.35,English,5.39,Working Women,12-11-2024
NY-CMP-5212,Paid Ads,Premium Shoppers,12.0,Facebook,83337.0,10850.0,3493.0,2661.0,1362432.0,73.62,5.95,Tamil,20.4,Tier 2 City Customers,09-06-2025
NY-CMP-14295,Influencer,College Students,17.0,"Google, YouTube, Facebook",64447.0,6519.0,3498.0,2142.0,1469412.0,28.25,23.29,English,18.87,College Students,11-01-2025
NY-CMP-26011,Social Media,Youth,25.0,Facebook,67064.0,7544.0,1516.0,525.0,414225.0,507.49,0.55,Tamil,14.29,,
NY-CMP-54113,Paid Ads,Youth,26.0,"Instagram, YouTube, Facebook",87242.0,,1143.0,426.0,319500.0,473.95,0.58,English,4.93,Working Women,11-05-2025
NY-CMP-28934,Influencer,Tier 2 City Customers,19.0,"WhatsApp, Google",80628.0,8658.0,2316.0,1331.0,1023539.0,,15.52,Tamil,15.26,Working Women,10-02-2025
NY-CMP-13958,Paid Ads,Premium Shoppers,10.0,Facebook,75565.0,9156.0,3546.0,2438.0,1518874.0,80.87,6.7,Bengali,20.04,Youth,09-07-2024
NY-CMP-25367,Influencer,Youth,19.0,"WhatsApp, Instagram, Google",83605.0,5223.0,2380.0,1883.0,651518.0,,2.1,Hindi,,Tier 2 City Customers,17-11-2024
NY-CMP-31656,Email,Tier 2 City Customers,30.0,"Facebook, WhatsApp, Instagram",99245.0,6563.0,2527.0,1555.0,628220.0,110.12,2.67,Bengali,10.73,Premium Shoppers,15-05-2025
NY-CMP-48588,Email,Tier 2 City Customers,8.0,Email,38705.0,4463.0,2044.0,1580.0,1120220.0,65.73,9.79,,20.89,Youth,24-12-2024
NY-CMP-24210,SEO,Working Women,14.0,"YouTube, Google",79647.0,2890.0,800.0,574.0,350140.0,97.37,5.26,Hindi,5.35,Working Women,04-07-2024
NY-CMP-21996,Email,Youth,22.0,"WhatsApp, Instagram, Facebook",59523.0,,3216.0,1052.0,387136.0,184.59,0.99,English,19.28,Working Women,04-03-2025
NY-CMP-33109,Paid Ads,Youth,21.0,"Facebook, WhatsApp, Email",25221.0,2963.0,1124.0,595.0,354025.0,470.68,0.26,Hindi,18.56,Youth,30-07-2024
NY-CMP-31043,SEO,Tier 2 City Customers,22.0,"Google, WhatsApp",29511.0,3745.0,1525.0,1109.0,642111.0,224.98,1.57,,,College Students,07-12-2024
NY-CMP-26516,SEO,Premium Shoppers,,Facebook,,6772.0,3140.0,1854.0,1323756.0,92.83,6.69,Bengali,15.09,Working Women,24-04-2025
NY-CMP-17275,Paid Ads,Working Women,14.0,Google,75178.0,9439.0,,4256.0,1536416.0,56.01,5.45,Tamil,25.52,Youth,26-03-2025
NY-CMP-3778,Email,Youth,17.0,"Email, WhatsApp",41185.0,1635.0,515.0,386.0,301852.0,380.77,1.05,English,6.16,Premium Shoppers,05-11-2024
NY-CMP-22229,Email,Youth,19.0,"Google, WhatsApp",68911.0,,1609.0,801.0,444555.0,226.15,1.45,English,7.48,Working Women,17-12-2024
NY-CMP-39986,Email,Premium Shoppers,17.0,"WhatsApp, YouTube",93530.0,7162.0,2899.0,2248.0,548512.0,114.88,1.12,Tamil,13.16,Youth,24-07-2024
NY-CMP-16127,SEO,,21.0,"Google, Email",,1735.0,767.0,239.0,146507.0,621.77,-0.01,Hindi,9.26,Tier 2 City Customers,22-11-2024
NY-CMP-21676,Influencer,Premium Shoppers,18.0,Email,34324.0,4455.0,1095.0,725.0,420500.0,214.75,1.7,Hindi,18.28,College Students,17-02-2025
NY-CMP-41367,Paid Ads,College Students,21.0,,38649.0,2599.0,1381.0,836.0,667128.0,241.92,2.3,Hindi,,Tier 2 City Customers,24-02-2025
NY-CMP-6246,Email,College Students,12.0,YouTube,19494.0,2799.0,1048.0,489.0,299757.0,220.57,1.78,Hindi,22.24,Premium Shoppers,13-04-2025
NY-CMP-30313,Paid Ads,Youth,16.0,"Google, YouTube, Instagram",17419.0,1392.0,404.0,,128312.0,402.76,0.85,Tamil,11.3,Youth,10-05-2025
NY-CMP-17875,Paid Ads,Premium Shoppers,17.0,"Instagram, Google, WhatsApp",22886.0,2110.0,831.0,292.0,211992.0,1024.89,-0.29,Hindi,14.13,Working Women,16-03-2025
NY-CMP-29309,Paid Ads,Working Women,29.0,"YouTube, Google, Instagram",,9355.0,5326.0,3914.0,2833736.0,67.37,9.75,Bengali,19.46,Youth,23-05-2025
NY-CMP-2639,SEO,Youth,30.0,"Facebook, Email, Google",52372.0,1320.0,774.0,348.0,171564.0,173.48,1.84,Tamil,4.66,Working Women,22-07-2024
NY-CMP-26057,Influencer,Youth,16.0,Google,58490.0,4517.0,2432.0,1671.0,980877.0,85.12,5.9,Hindi,,,04-10-2024
NY-CMP-26268,Influencer,Working Women,16.0,"Google, Email, WhatsApp",52870.0,1370.0,620.0,483.0,163254.0,465.98,-0.27,Bengali,4.68,Working Women,03-02-2025
NY-CMP-26125,Email,Tier 2 City Customers,18.0,"Email, Google, Facebook",90120.0,9680.0,4513.0,3342.0,1480506.0,46.05,8.62,Bengali,19.46,Tier 2 City Customers,23-03-2025
NY-CMP-37967,Paid Ads,Premium Shoppers,14.0,"Email, Facebook",66174.0,1719.0,787.0,532.0,416556.0,142.93,,Bengali,4.59,Working Women,07-10-2024
NY-CMP-17298,Influencer,Tier 2 City Customers,18.0,Facebook,81322.0,6366.0,1860.0,1416.0,699504.0,115.77,3.27,Bengali,11.86,Premium Shoppers,05-01-2025
NY-CMP-17969,Email,Youth,15.0,"WhatsApp, Email, YouTube",77058.0,,1871.0,,841000.0,,2.86,Tamil,12.79,Working Women,06-01-2025
NY-CMP-20059,Influencer,College Students,18.0,Google,75570.0,7022.0,3079.0,1542.0,1094820.0,75.47,8.41,Tamil,15.41,College Students,03-05-2025
NY-CMP-16506,Paid Ads,Premium Shoppers,5.0,Instagram,11788.0,660.0,296.0,197.0,67965.0,338.8,0.02,English,9.78,Working Women,04-06-2025
NY-CMP-23204,Influencer,College Students,17.0,Instagram,53757.0,7576.0,3477.0,1123.0,617650.0,111.55,3.93,Hindi,22.65,,07-08-2024
NY-CMP-31097,Email,Youth,22.0,"Facebook, Instagram, Google",13214.0,1659.0,356.0,270.0,59400.0,300.44,-0.27,English,17.29,Premium Shoppers,21-04-2025
NY-CMP-7779,Social Media,Youth,8.0,Facebook,57169.0,3918.0,2007.0,783.0,438480.0,378.19,0.48,English,11.73,College Students,
NY-CMP-49213,Social Media,Youth,7.0,"Email, WhatsApp",,5990.0,2550.0,1730.0,882300.0,130.59,2.91,Tamil,19.74,Youth,16-03-2025
NY-CMP-47455,Influencer,Youth,18.0,"Google, Email",78273.0,6022.0,1682.0,613.0,186965.0,123.47,1.47,,10.63,Premium Shoppers,18-01-2025
NY-CMP-21222,Influencer,College Students,24.0,Email,85233.0,12610.0,6054.0,4520.0,1866760.0,29.79,12.86,Hindi,27.2,Youth,19-09-2024
NY-CMP-52908,Paid Ads,Working Women,16.0,Email,75519.0,4162.0,1512.0,472.0,352112.0,191.53,2.89,Hindi,8.14,Working Women,30-05-2025
NY-CMP-32322,Paid Ads,College Students,16.0,,72222.0,8166.0,,1460.0,1007400.0,74.01,8.32,Hindi,17.89,Premium Shoppers,05-04-2025
NY-CMP-54679,SEO,Youth,11.0,"Instagram, Email",44890.0,5242.0,2774.0,1280.0,544000.0,,3.51,Hindi,20.71,Premium Shoppers,09-01-2025
NY-CMP-38042,Social Media,College Students,14.0,"Facebook, Instagram",40205.0,2910.0,781.0,307.0,155649.0,706.78,-0.28,Bengali,9.94,Premium Shoppers,18-10-2024
NY-CMP-22156,Social Media,Tier 2 City Customers,13.0,Email,47361.0,1835.0,521.0,252.0,64512.0,407.65,-0.37,Tamil,5.51,Working Women,
NY-CMP-37752,SEO,Working Women,9.0,YouTube,58942.0,3965.0,1805.0,1410.0,886890.0,111.8,4.63,Bengali,12.18,Tier 2 City Customers,18-02-2025
NY-CMP-19439,Social Media,Working Women,29.0,"YouTube, Google, Facebook",20051.0,2739.0,1188.0,546.0,271362.0,135.03,2.68,Bengali,22.31,Working Women,10-08-2024
NY-CMP-43950,SEO,Premium Shoppers,25.0,Google,68114.0,,3799.0,2122.0,1345348.0,121.06,4.24,English,20.68,,
NY-CMP-34028,Social Media,Tier 2 City Customers,9.0,"Instagram, WhatsApp",78787.0,5303.0,2207.0,931.0,232750.0,292.93,-0.15,Bengali,10.71,Tier 2 City Customers,31-08-2024
NY-CMP-9370,Social Media,Tier 2 City Customers,11.0,"Email, Facebook, Instagram",20167.0,2117.0,,,131738.0,697.27,-0.53,Bengali,15.01,Tier 2 City Customers,06-10-2024
NY-CMP-54567,SEO,Youth,24.0,,83020.0,9060.0,5384.0,2779.0,2109261.0,69.86,9.86,Hindi,20.75,Working Women,19-02-2025
NY-CMP-4834,SEO,Tier 2 City Customers,13.0,"WhatsApp, Facebook",38913.0,2502.0,1340.0,1059.0,567624.0,214.58,,Tamil,12.59,Tier 2 City Customers,27-11-2024
NY-CMP-38864,Influencer,College Students,29.0,Google,62133.0,6761.0,3535.0,2330.0,780550.0,121.15,1.77,Hindi,20.32,Youth,21-07-2024
NY-CMP-12504,Social Media,Working Women,23.0,"Instagram, Google, WhatsApp",63557.0,1464.0,639.0,422.0,89886.0,513.67,,Bengali,3.97,College Students,01-10-2024
NY-CMP-1410,SEO,Tier 2 City Customers,24.0,"YouTube, Facebook",,5680.0,1196.0,456.0,132240.0,339.79,-0.15,Tamil,9.23,Youth,04-01-2025
NY-CMP-34246,SEO,Youth,23.0,"YouTube, Email",48887.0,6214.0,3473.0,1159.0,448533.0,58.36,5.63,English,22.19,Working Women,15-09-2024
NY-CMP-26548,Influencer,Premium Shoppers,13.0,Facebook,30960.0,3460.0,1872.0,656.0,365392.0,236.39,1.36,Hindi,19.34,College Students,11-10-2024
NY-CMP-1812,Email,College Students,13.0,"Instagram, WhatsApp",38408.0,2590.0,,529.0,121670.0,368.1,-0.38,English,11.91,Working Women,20-10-2024
NY-CMP-33393,Paid Ads,Premium Shoppers,22.0,Instagram,,7569.0,,2024.0,1163800.0,127.85,3.5,Tamil,12.47,Working Women,25-03-2025
NY-CMP-32611,Paid Ads,Premium Shoppers,19.0,"Google, YouTube, Facebook",19454.0,1829.0,958.0,397.0,152845.0,474.6,-0.19,English,16.37,Tier 2 City Customers,11-05-2025
NY-CMP-27326,,College Students,17.0,WhatsApp,55910.0,3876.0,1065.0,791.0,511777.0,286.17,1.26,English,,,20-07-2024
NY-CMP-24033,Paid Ads,Premium Shoppers,25.0,Google,23990.0,2931.0,1627.0,1127.0,427133.0,96.67,,Bengali,23.7,Working Women,15-12-2024
NY-CMP-41854,Paid Ads,Tier 2 City Customers,30.0,Facebook,81187.0,,2877.0,2043.0,1354509.0,,12.11,Hindi,16.44,Premium Shoppers,18-01-2025
NY-CMP-51789,Influencer,Working Women,28.0,"YouTube, Google, Email",46308.0,5952.0,2473.0,1380.0,1061220.0,173.88,3.42,English,21.17,Premium Shoppers,
NY-CMP-50357,SEO,Premium Shoppers,24.0,"Instagram, YouTube, WhatsApp",73282.0,1934.0,935.0,600.0,420600.0,,1.53,Tamil,4.73,Youth,16-08-2024
NY-CMP-55036,Social Media,Youth,15.0,"Google, WhatsApp",11828.0,1249.0,670.0,417.0,178893.0,,-0.27,Bengali,19.75,Working Women,03-07-2024
NY-CMP-47042,SEO,College Students,13.0,"Facebook, Google, Instagram",15171.0,2187.0,686.0,464.0,283504.0,430.97,0.42,Tamil,22.0,College Students,13-12-2024
NY-CMP-3322,,Youth,28.0,"Instagram, Google",17161.0,2044.0,616.0,223.0,,255.33,0.77,Tamil,16.8,Tier 2 City Customers,07-04-2025
NY-CMP-39743,Influencer,Tier 2 City Customers,26.0,"Google, Instagram, Email",62938.0,7043.0,1580.0,901.0,544204.0,176.22,2.43,Tamil,15.13,Working Women,11-04-2025
NY-CMP-31518,Social Media,Youth,15.0,YouTube,95396.0,12977.0,3916.0,2754.0,749088.0,43.87,5.2,,20.6,Premium Shoppers,12-12-2024
NY-CMP-44283,Influencer,Youth,23.0,"Instagram, YouTube",66698.0,4031.0,1042.0,688.0,301344.0,233.57,0.88,English,8.64,Youth,16-11-2024
NY-CMP-7537,,Working Women,14.0,"YouTube, Google, Email",49731.0,2664.0,756.0,565.0,269505.0,165.56,1.88,Tamil,8.01,Youth,22-07-2024
NY-CMP-53001,Email,College Students,30.0,WhatsApp,92445.0,9089.0,2097.0,1488.0,922560.0,85.98,6.21,Bengali,,Premium Shoppers,03-10-2024
NY-CMP-11574,Influencer,College Students,22.0,"Instagram, WhatsApp",68933.0,3820.0,1360.0,1023.0,237336.0,229.28,0.01,English,9.0,Tier 2 City Customers,21-11-2024
NY-CMP-48620,Influencer,Working Women,12.0,YouTube,33094.0,4291.0,2165.0,1256.0,550128.0,226.57,0.93,English,23.3,Tier 2 City Customers,24-11-2024
NY-CMP-14845,Email,Working Women,,"WhatsApp, YouTube, Facebook",83796.0,9050.0,2311.0,900.0,185400.0,246.98,-0.17,Tamil,14.63,College Students,18-04-2025
NY-CMP-1430,Email,Tier 2 City Customers,16.0,,98317.0,5518.0,2432.0,1022.0,754236.0,75.06,8.83,Hindi,9.13,College Students,
NY-CMP-38673,,College Students,15.0,Instagram,10073.0,566.0,178.0,135.0,48060.0,1818.19,-0.8,English,8.73,Premium Shoppers,30-03-2025
NY-CMP-47100,Influencer,Youth,24.0,"YouTube, Email, Google",71901.0,7469.0,3090.0,2171.0,1723774.0,127.33,5.24,Bengali,17.7,Premium Shoppers,26-04-2025
NY-CMP-39144,Influencer,Working Women,27.0,"Email, Facebook, WhatsApp",75667.0,9825.0,3871.0,2000.0,1128000.0,42.34,12.32,Bengali,20.74,Working Women,25-08-2024
NY-CMP-32702,Influencer,Youth,9.0,"Facebook, Instagram, YouTube",45742.0,6483.0,3824.0,1461.0,1075296.0,161.03,3.57,Bengali,25.73,Youth,07-02-2025
NY-CMP-52061,Paid Ads,Youth,6.0,"Google, Facebook, WhatsApp",23495.0,2520.0,898.0,529.0,183563.0,180.75,0.92,Hindi,16.8,Youth,08-10-2024
NY-CMP-27070,,College Students,24.0,"YouTube, Google",92950.0,3900.0,1986.0,777.0,171717.0,86.01,1.57,English,7.17,Working Women,27-04-2025
NY-CMP-37002,SEO,Working Women,10.0,WhatsApp,42196.0,4931.0,1959.0,890.0,372020.0,162.45,1.57,English,18.44,Working Women,26-01-2025
NY-CMP-48318,SEO,College Students,13.0,YouTube,64397.0,7673.0,4602.0,3124.0,709148.0,93.13,1.44,Bengali,23.91,College Students,31-08-2024
NY-CMP-3726,Email,Youth,8.0,"YouTube, Facebook",20075.0,453.0,178.0,140.0,31780.0,1544.02,-0.85,English,3.84,Tier 2 City Customers,02-08-2024
NY-CMP-8175,Influencer,Youth,5.0,"Google, WhatsApp, Instagram",94314.0,7881.0,1898.0,,972629.0,101.9,6.08,Bengali,11.8,Working Women,07-11-2024
NY-CMP-5219,Influencer,Working Women,5.0,"WhatsApp, Email",62082.0,4269.0,,1646.0,385164.0,,0.79,Hindi,13.13,Premium Shoppers,22-09-2024
NY-CMP-4073,SEO,Tier 2 City Customers,9.0,,86582.0,7736.0,2300.0,909.0,529038.0,195.66,1.97,Tamil,12.64,College Students,02-07-2024
NY-CMP-19221,Email,College Students,,"Google, YouTube, Instagram",43847.0,5223.0,1182.0,608.0,434112.0,337.57,1.12,Tamil,15.99,Working Women,20-05-2025
NY-CMP-25483,Paid Ads,College Students,8.0,"Facebook, WhatsApp, Email",99323.0,2217.0,474.0,293.0,137417.0,798.95,-0.41,Hindi,3.0,Working Women,12-12-2024
NY-CMP-29580,Influencer,Premium Shoppers,16.0,Google,31814.0,4566.0,1460.0,863.0,491047.0,236.23,1.41,Tamil,21.65,Working Women,
NY-CMP-43804,Social Media,Youth,13.0,"Email, WhatsApp",90529.0,7715.0,1960.0,715.0,443300.0,255.89,1.42,English,11.48,,30-11-2024
NY-CMP-50085,Paid Ads,Tier 2 City Customers,5.0,"Instagram, YouTube",39848.0,4675.0,2734.0,1374.0,864246.0,203.13,2.1,,22.04,Tier 2 City Customers,21-09-2024
NY-CMP-48215,Paid Ads,Youth,15.0,"Facebook, YouTube",98995.0,4760.0,2720.0,958.0,215550.0,227.01,-0.01,Bengali,8.52,College Students,09-07-2024
NY-CMP-45067,Social Media,College Students,20.0,"Instagram, Facebook, YouTube",53934.0,1110.0,402.0,203.0,51359.0,623.25,-0.59,Hindi,3.18,College Students,09-12-2024
NY-CMP-51453,Influencer,Working Women,26.0,"WhatsApp, Google",93833.0,13756.0,4145.0,1379.0,707427.0,,2.48,Hindi,20.55,Youth,10-12-2024
NY-CMP-36778,Influencer,Working Women,14.0,"Instagram, Email, Facebook",,5286.0,2450.0,863.0,652428.0,267.91,1.82,English,20.8,College Students,21-11-2024
NY-CMP-27824,Paid Ads,Working Women,27.0,Email,82598.0,3468.0,1114.0,711.0,153576.0,400.75,-0.46,Hindi,6.41,Youth,25-10-2024
NY-CMP-29110,Social Media,Working Women,14.0,Email,97417.0,10126.0,4529.0,2939.0,1919167.0,44.49,13.68,Bengali,18.06,Youth,13-02-2025
NY-CMP-1585,Email,Premium Shoppers,21.0,"Google, WhatsApp",73006.0,2614.0,1454.0,448.0,129024.0,289.5,-0.01,Bengali,6.19,College Students,20-03-2025
NY-CMP-1896,Influencer,Premium Shoppers,17.0,"WhatsApp, Instagram, Email",50767.0,1160.0,563.0,247.0,64467.0,601.12,-0.57,Bengali,,,10-07-2024
NY-CMP-43451,Email,Premium Shoppers,27.0,"YouTube, Google",10138.0,,267.0,120.0,86760.0,1002.14,-0.28,Hindi,8.39,Youth,06-12-2024
NY-CMP-39988,Social Media,Working Women,29.0,WhatsApp,81068.0,6359.0,1731.0,575.0,279450.0,276.45,0.76,Tamil,10.69,Premium Shoppers,12-03-2025
NY-CMP-30391,Email,Tier 2 City Customers,25.0,YouTube,92885.0,9733.0,2705.0,957.0,298584.0,130.19,1.4,Bengali,14.42,Premium Shoppers,16-12-2024
NY-CMP-36087,SEO,Working Women,11.0,"Facebook, YouTube, Instagram",98582.0,6375.0,2141.0,1118.0,444964.0,,1.15,English,9.77,Premium Shoppers,07-12-2024
NY-CMP-41384,SEO,Premium Shoppers,22.0,"Email, YouTube, Instagram",49812.0,5886.0,2122.0,1457.0,1060696.0,62.43,10.66,Tamil,19.0,Tier 2 City Customers,21-08-2024
NY-CMP-20452,Email,College Students,22.0,Google,60815.0,6520.0,1607.0,831.0,432951.0,143.25,2.64,Tamil,14.73,College Students,24-03-2025
NY-CMP-20444,SEO,Working Women,15.0,"Facebook, Instagram",97803.0,11781.0,5421.0,3413.0,2044387.0,49.53,11.09,Tamil,21.08,Youth,26-04-2025
NY-CMP-53332,,Premium Shoppers,7.0,"YouTube, Facebook, Google",89648.0,9337.0,4164.0,3260.0,1881020.0,20.42,27.26,Bengali,18.7,,21-11-2024
NY-CMP-31727,Email,Tier 2 City Customers,21.0,"Facebook, Instagram",11667.0,444.0,155.0,76.0,37848.0,2996.39,-0.83,Tamil,5.79,Youth,05-06-2025
NY-CMP-55342,Social Media,Youth,9.0,"Instagram, WhatsApp",17019.0,1171.0,,445.0,352440.0,189.03,3.19,Bengali,12.89,Premium Shoppers,16-12-2024
NY-CMP-55576,SEO,Working Women,22.0,,39132.0,4047.0,1049.0,393.0,218115.0,,0.17,Bengali,14.03,College Students,24-08-2024
NY-CMP-55463,Paid Ads,,11.0,"Email, WhatsApp, Instagram",65030.0,1642.0,437.0,160.0,65600.0,1815.34,-0.77,Bengali,3.44,Premium Shoppers,18-10-2024
NY-CMP-9449,Paid Ads,Premium Shoppers,24.0,Facebook,96408.0,13011.0,4498.0,2078.0,1641620.0,54.59,,Bengali,,,09-03-2025
NY-CMP-11474,SEO,Premium Shoppers,9.0,"WhatsApp, Google",26807.0,3348.0,949.0,649.0,245322.0,217.75,0.74,Bengali,18.45,Tier 2 City Customers,31-08-2024
NY-CMP-12988,SEO,Youth,11.0,"Instagram, Email, YouTube",20321.0,1268.0,522.0,197.0,69147.0,1045.47,-0.66,Tamil,9.78,Tier 2 City Customers,02-11-2024
NY-CMP-40418,Social Media,Premium Shoppers,17.0,"Email, Google, Instagram",21872.0,800.0,200.0,137.0,82474.0,2080.93,-0.71,Bengali,5.2,Premium Shoppers,19-03-2025
NY-CMP-24691,,Premium Shoppers,28.0,"YouTube, Google",,3613.0,1689.0,1255.0,377755.0,195.23,0.54,Bengali,12.66,Premium Shoppers,25-09-2024
NY-CMP-9021,Email,College Students,6.0,"WhatsApp, YouTube",82341.0,6640.0,3743.0,2667.0,1850898.0,89.84,6.72,Hindi,15.85,Premium Shoppers,22-07-2024
NY-CMP-4519,Email,Tier 2 City Customers,5.0,Instagram,76779.0,6778.0,3857.0,2237.0,1454050.0,52.96,11.27,Tamil,16.77,Premium Shoppers,09-12-2024
NY-CMP-28699,Email,Youth,14.0,WhatsApp,57751.0,6423.0,2005.0,641.0,496134.0,293.94,1.63,Hindi,15.7,Working Women,01-12-2024
NY-CMP-52913,Influencer,College Students,13.0,"WhatsApp, Instagram, Email",64524.0,3309.0,1396.0,467.0,167186.0,318.9,0.12,Hindi,8.02,College Students,07-07-2024
NY-CMP-50313,Email,College Students,21.0,"WhatsApp, Instagram, Google",88059.0,6130.0,1690.0,1304.0,606360.0,,1.78,,10.36,Premium Shoppers,04-07-2024
NY-CMP-39573,SEO,Tier 2 City Customers,8.0,"Email, WhatsApp, YouTube",78446.0,11281.0,5333.0,3011.0,1493456.0,57.82,7.58,Bengali,25.02,Working Women,14-01-2025
NY-CMP-28442,Paid Ads,Youth,20.0,"Email, Google, Facebook",16399.0,2200.0,1122.0,444.0,191364.0,668.9,-0.36,Tamil,22.96,Tier 2 City Customers,04-12-2024
NY-CMP-21873,Email,Youth,28.0,Facebook,96644.0,3220.0,1265.0,597.0,357603.0,245.85,1.44,Tamil,5.26,Premium Shoppers,23-12-2024
NY-CMP-28936,Email,College Students,28.0,"Email, YouTube, Google",70712.0,3024.0,1464.0,814.0,280830.0,,0.04,English,7.5,College Students,15-09-2024
NY-CMP-43751,Paid Ads,College Students,,"Instagram, WhatsApp",35089.0,2721.0,611.0,302.0,137108.0,727.92,-0.38,Hindi,10.36,Youth,03-02-2025
NY-CMP-52205,Social Media,Working Women,6.0,Instagram,24521.0,3414.0,,801.0,220275.0,140.03,,Bengali,24.97,Working Women,07-04-2025
NY-CMP-12200,Email,College Students,25.0,"YouTube, Google, Facebook",92172.0,11746.0,3978.0,2581.0,1427293.0,44.01,11.56,Tamil,19.86,Premium Shoppers,08-03-2025
NY-CMP-53595,Influencer,Premium Shoppers,29.0,"WhatsApp, Facebook",31169.0,3572.0,,,284859.0,270.4,0.03,Bengali,21.37,Premium Shoppers,22-12-2024
NY-CMP-53633,Email,College Students,10.0,Email,65739.0,7250.0,1558.0,479.0,296501.0,411.27,0.51,Tamil,14.13,College Students,16-03-2025
NY-CMP-7019,Paid Ads,College Students,6.0,"Instagram, WhatsApp, Google",21545.0,2594.0,1071.0,854.0,642208.0,164.23,3.58,English,20.97,Youth,15-05-2025
NY-CMP-10055,Influencer,Tier 2 City Customers,22.0,Google,77660.0,,2872.0,2211.0,1306701.0,97.32,5.07,Tamil,21.33,Youth,16-11-2024
NY-CMP-52985,Email,Youth,6.0,Instagram,29823.0,3580.0,1742.0,997.0,602188.0,150.01,3.03,Tamil,21.19,Premium Shoppers,19-11-2024
NY-CMP-27919,Influencer,Working Women,26.0,"YouTube, WhatsApp",56335.0,6215.0,2031.0,619.0,256266.0,480.36,-0.14,Bengali,15.74,College Students,07-02-2025
NY-CMP-8672,Social Media,Premium Shoppers,13.0,Email,43642.0,1210.0,499.0,194.0,68676.0,461.41,-0.23,Tamil,4.36,Youth,02-09-2024
NY-CMP-27244,Paid Ads,College Students,24.0,"Email, Instagram",66760.0,6409.0,1288.0,429.0,332046.0,348.77,1.22,English,12.17,,09-01-2025
NY-CMP-37563,Influencer,Premium Shoppers,5.0,"Instagram, Email, Facebook",65596.0,2810.0,1513.0,1010.0,603980.0,222.77,1.68,Hindi,8.13,Working Women,28-04-2025
NY-CMP-52851,SEO,Premium Shoppers,17.0,YouTube,82081.0,4572.0,1892.0,743.0,294228.0,301.82,0.31,Hindi,8.78,,10-01-2025
NY-CMP-18117,Email,College Students,6.0,"Facebook, Google, YouTube",89637.0,2644.0,1482.0,1005.0,288435.0,245.63,0.17,Tamil,5.72,Premium Shoppers,05-02-2025
NY-CMP-49023,Email,Tier 2 City Customers,12.0,"YouTube, Instagram, Email",20695.0,1557.0,431.0,,52150.0,1334.64,-0.78,Hindi,10.45,Working Women,06-05-2025
NY-CMP-9550,Email,Premium Shoppers,21.0,,28102.0,1654.0,,740.0,285640.0,103.23,2.74,Tamil,12.03,Youth,16-10-2024
NY-CMP-38345,Social Media,College Students,,"Google, Instagram, Email",14759.0,1226.0,485.0,327.0,210261.0,657.91,-0.02,Hindi,13.81,College Students,19-08-2024
NY-CMP-42479,SEO,Premium Shoppers,24.0,"Google, Email",79018.0,9059.0,4526.0,3595.0,2847240.0,32.05,23.71,Bengali,21.74,Tier 2 City Customers,19-07-2024
NY-CMP-53184,Influencer,Working Women,23.0,"Instagram, Email",26718.0,1733.0,770.0,306.0,101898.0,643.22,-0.48,Bengali,10.51,College Students,07-08-2024
NY-CMP-53901,Email,Youth,28.0,Facebook,56191.0,4539.0,1903.0,1190.0,709240.0,125.5,3.75,Hindi,13.58,Premium Shoppers,10-12-2024
NY-CMP-19111,Paid Ads,College Students,14.0,WhatsApp,72265.0,4297.0,2006.0,1360.0,837760.0,38.64,14.94,English,10.6,College Students,02-06-2025
NY-CMP-45178,Social Media,Tier 2 City Customers,12.0,"Instagram, Facebook",38499.0,3204.0,786.0,,138620.0,816.48,-0.41,Bengali,11.12,Youth,07-10-2024
NY-CMP-32744,Influencer,Tier 2 City Customers,26.0,"Email, WhatsApp, Google",41399.0,4810.0,1630.0,1120.0,735840.0,224.35,1.93,Tamil,18.26,Premium Shoppers,22-04-2025
NY-CMP-8638,Email,Youth,7.0,Instagram,25482.0,3004.0,1334.0,500.0,313500.0,356.24,0.76,English,18.99,Tier 2 City Customers,11-04-2025
NY-CMP-16356,SEO,Working Women,16.0,,,2548.0,1361.0,1051.0,352085.0,111.13,2.01,Tamil,8.25,Working Women,05-05-2025
NY-CMP-37848,Email,Youth,20.0,"Google, Email, WhatsApp",90694.0,4134.0,,378.0,161784.0,150.15,1.85,English,,Premium Shoppers,13-01-2025
NY-CMP-4698,Email,College Students,14.0,Instagram,19335.0,397.0,119.0,52.0,25064.0,1649.58,-0.71,Hindi,2.94,Premium Shoppers,11-04-2025
NY-CMP-29824,Email,Premium Shoppers,16.0,"Google, Instagram, Email",49805.0,3213.0,1335.0,832.0,389376.0,203.06,1.3,Hindi,10.8,Youth,23-07-2024
NY-CMP-28537,Paid Ads,Working Women,27.0,"Email, WhatsApp, Google",88156.0,12287.0,2847.0,1474.0,462836.0,34.58,8.08,Bengali,18.84,Youth,22-08-2024
NY-CMP-16811,Email,Working Women,29.0,Facebook,78690.0,4552.0,2376.0,1460.0,388360.0,202.33,0.31,Bengali,10.66,Working Women,28-04-2025
NY-CMP-43152,Paid Ads,,16.0,"Google, YouTube",54864.0,1725.0,,463.0,157420.0,543.16,-0.37,Tamil,5.25,Working Women,03-07-2024
NY-CMP-11538,Email,Tier 2 City Customers,30.0,,24316.0,2162.0,1226.0,666.0,343656.0,386.56,0.33,English,16.67,Premium Shoppers,15-05-2025
NY-CMP-34454,Influencer,Youth,13.0,"Google, Facebook",48582.0,2936.0,1071.0,697.0,151249.0,122.88,0.77,Bengali,9.68,College Students,16-05-2025
NY-CMP-36202,Paid Ads,Tier 2 City Customers,17.0,"Instagram, WhatsApp, Facebook",17456.0,1591.0,684.0,367.0,131019.0,,0.36,Tamil,15.14,College Students,14-03-2025
NY-CMP-55437,Influencer,College Students,12.0,"YouTube, Email, Facebook",60567.0,7320.0,3847.0,1241.0,631669.0,163.45,2.11,English,,Working Women,19-12-2024
NY-CMP-41526,Social Media,College Students,19.0,"WhatsApp, Email, Google",58983.0,7359.0,2657.0,2007.0,728541.0,110.59,2.28,,20.38,Premium Shoppers,21-01-2025
NY-CMP-5724,SEO,Working Women,25.0,Facebook,68321.0,10070.0,2018.0,1232.0,835296.0,61.86,9.96,Tamil,19.5,College Students,10-08-2024
NY-CMP-33773,Influencer,Youth,25.0,"YouTube, WhatsApp",81411.0,4559.0,1389.0,498.0,385950.0,336.15,1.31,Bengali,,Tier 2 City Customers,18-03-2025
NY-CMP-28292,Email,Youth,28.0,"Instagram, WhatsApp, Facebook",70599.0,9439.0,3111.0,1731.0,1277478.0,81.17,8.09,Bengali,20.23,Working Women,21-11-2024
NY-CMP-4272,SEO,College Students,23.0,YouTube,93375.0,2392.0,1119.0,467.0,159714.0,506.48,-0.32,English,4.26,Tier 2 City Customers,25-07-2024
NY-CMP-27002,Paid Ads,College Students,30.0,"YouTube, Instagram",17727.0,400.0,87.0,33.0,25839.0,,-0.86,Bengali,2.93,Premium Shoppers,05-08-2024
NY-CMP-10568,SEO,Premium Shoppers,29.0,Email,95365.0,13266.0,3950.0,,603750.0,113.38,1.2,Tamil,20.59,Tier 2 City Customers,29-05-2025
NY-CMP-29301,Social Media,College Students,23.0,"Email, Instagram, Google",97694.0,8771.0,1777.0,626.0,472004.0,437.34,0.72,Bengali,11.44,Tier 2 City Customers,18-02-2025
NY-CMP-35378,Influencer,College Students,14.0,"YouTube, Instagram, Email",32484.0,2274.0,1192.0,366.0,,553.05,-0.03,Tamil,11.8,Premium Shoppers,24-10-2024
NY-CMP-37549,Paid Ads,Youth,25.0,Facebook,59351.0,1522.0,646.0,,342244.0,505.22,0.42,English,4.45,Premium Shoppers,16-09-2024
NY-CMP-55105,Paid Ads,Premium Shoppers,6.0,,26928.0,1535.0,915.0,349.0,216380.0,771.81,-0.2,Tamil,10.39,Working Women,16-03-2025
NY-CMP-53002,SEO,Youth,23.0,"Email, Google, Instagram",72487.0,5395.0,1292.0,778.0,588946.0,370.28,1.04,English,10.3,Youth,26-09-2024
NY-CMP-2507,Social Media,Tier 2 City Customers,24.0,"Facebook, Google, YouTube",,2037.0,1004.0,709.0,369389.0,131.64,2.96,Bengali,4.14,Working Women,01-03-2025
NY-CMP-24020,Email,Premium Shoppers,28.0,YouTube,18552.0,2699.0,1472.0,,503982.0,186.54,1.46,Bengali,28.4,College Students,
NY-CMP-34507,Paid Ads,Premium Shoppers,25.0,"Instagram, Email, YouTube",73427.0,7535.0,2765.0,1265.0,775445.0,206.57,1.97,Tamil,15.75,College Students,05-05-2025
NY-CMP-36265,Paid Ads,Tier 2 City Customers,5.0,YouTube,64946.0,4061.0,1056.0,554.0,247084.0,411.52,0.08,Bengali,8.73,Premium Shoppers,21-03-2025
NY-CMP-29124,Paid Ads,Working Women,16.0,Instagram,90671.0,7523.0,3492.0,2324.0,943544.0,67.98,4.97,Tamil,14.71,College Students,04-06-2025
NY-CMP-40926,Influencer,Premium Shoppers,20.0,Google,77569.0,5814.0,3371.0,1186.0,451866.0,52.63,6.24,Tamil,13.37,Premium Shoppers,29-11-2024
NY-CMP-6946,Influencer,College Students,30.0,YouTube,97989.0,5293.0,2049.0,819.0,565929.0,136.87,4.05,English,8.33,Youth,10-08-2024
NY-CMP-32805,Social Media,Premium Shoppers,6.0,YouTube,15478.0,2269.0,769.0,581.0,170814.0,483.77,,Hindi,23.38,Youth,04-06-2025
NY-CMP-27359,Paid Ads,College Students,15.0,"WhatsApp, Google",,3480.0,1727.0,1107.0,561249.0,222.62,1.28,Tamil,13.54,Tier 2 City Customers,29-08-2024
NY-CMP-46418,SEO,Premium Shoppers,10.0,"Facebook, Instagram, WhatsApp",,4212.0,2319.0,1285.0,911065.0,,7.24,Tamil,20.93,Youth,18-11-2024
NY-CMP-18891,SEO,Premium Shoppers,27.0,YouTube,44176.0,4500.0,1876.0,1060.0,764260.0,160.51,3.49,English,16.83,,14-08-2024
NY-CMP-6359,Social Media,Premium Shoppers,,"YouTube, Instagram, Email",53627.0,3125.0,1596.0,638.0,389818.0,424.09,0.44,Tamil,9.99,Youth,09-09-2024
NY-CMP-53911,Social Media,College Students,27.0,,80267.0,,1006.0,709.0,433199.0,201.57,2.03,Bengali,6.26,College Students,15-01-2025
NY-CMP-31281,Paid Ads,Working Women,14.0,Email,17188.0,752.0,191.0,123.0,36162.0,1479.8,-0.8,Tamil,6.2,,17-10-2024
NY-CMP-42215,Social Media,Youth,7.0,"Email, Facebook, YouTube",53993.0,2835.0,1076.0,720.0,164880.0,358.25,-0.36,Hindi,8.58,Youth,01-03-2025
NY-CMP-49100,Influencer,Premium Shoppers,30.0,"Facebook, Google",12066.0,853.0,171.0,55.0,23870.0,3185.58,-0.86,Tamil,8.94,Tier 2 City Customers,07-08-2024
NY-CMP-22279,Influencer,Premium Shoppers,14.0,,88888.0,12487.0,5247.0,2108.0,1564136.0,122.7,5.05,Tamil,22.32,Youth,13-11-2024
NY-CMP-36449,Email,Tier 2 City Customers,7.0,,81578.0,1645.0,,680.0,301920.0,265.79,0.67,,3.99,College Students,16-02-2025
NY-CMP-48866,Influencer,Youth,14.0,"Facebook, YouTube",72407.0,1497.0,414.0,269.0,211434.0,794.87,-0.01,Hindi,3.01,Working Women,01-09-2024
NY-CMP-21692,,Youth,20.0,"Google, YouTube",64449.0,2873.0,1718.0,,297780.0,277.91,0.51,Hindi,8.22,,07-04-2025
NY-CMP-32091,Paid Ads,Working Women,24.0,"Instagram, WhatsApp, Facebook",77309.0,5320.0,2198.0,1250.0,685000.0,72.06,6.6,Hindi,11.34,Tier 2 City Customers,
NY-CMP-2731,Social Media,College Students,15.0,"WhatsApp, YouTube",77999.0,3962.0,1327.0,477.0,360612.0,497.61,0.52,Tamil,7.39,Premium Shoppers,11-02-2025
NY-CMP-56064,SEO,College Students,16.0,WhatsApp,89695.0,7030.0,2357.0,1238.0,768798.0,64.18,,Tamil,11.85,,13-05-2025
NY-CMP-40855,Email,Working Women,26.0,"Google, Email, Facebook",50557.0,3843.0,1804.0,1385.0,635715.0,75.46,5.08,English,,Working Women,15-03-2025
NY-CMP-24522,Influencer,,27.0,"YouTube, Instagram, WhatsApp",93278.0,10252.0,3019.0,959.0,474705.0,308.83,,Tamil,15.26,Premium Shoppers,02-11-2024
NY-CMP-17528,Social Media,Tier 2 City Customers,9.0,"Email, YouTube, WhatsApp",71512.0,3141.0,,1168.0,904032.0,195.73,2.95,Tamil,8.09,College Students,28-12-2024
NY-CMP-43997,Paid Ads,Working Women,27.0,"YouTube, Instagram, Google",55807.0,2210.0,651.0,449.0,309810.0,653.23,0.06,English,5.93,Working Women,14-10-2024
NY-CMP-52903,Email,Working Women,26.0,"Email, WhatsApp",92888.0,5467.0,1224.0,548.0,223036.0,515.76,-0.21,Hindi,7.79,College Students,
NY-CMP-18681,Influencer,Working Women,,Facebook,14874.0,1272.0,688.0,477.0,319590.0,280.51,1.39,Hindi,16.38,Youth,29-04-2025
NY-CMP-28401,SEO,Working Women,22.0,YouTube,46744.0,6998.0,2145.0,1482.0,1096680.0,43.77,15.91,Hindi,22.73,Premium Shoppers,23-04-2025
NY-CMP-8503,Paid Ads,,12.0,"Facebook, Email, Google",11115.0,1388.0,343.0,254.0,150876.0,730.24,-0.19,Tamil,17.86,Working Women,17-09-2024
NY-CMP-56291,Email,Premium Shoppers,20.0,"WhatsApp, YouTube",81039.0,2626.0,1480.0,1106.0,442400.0,123.69,2.23,Hindi,6.43,College Students,07-12-2024
NY-CMP-38362,Social Media,Premium Shoppers,14.0,"YouTube, Google",45563.0,6666.0,2004.0,1144.0,289432.0,63.85,2.96,English,21.54,Tier 2 City Customers,29-09-2024
NY-CMP-12591,Social Media,College Students,13.0,Instagram,16673.0,1120.0,490.0,218.0,143226.0,1142.3,-0.42,Hindi,10.96,College Students,28-11-2024
NY-CMP-9238,Social Media,Working Women,9.0,"Facebook, Instagram",52902.0,3513.0,1764.0,594.0,365310.0,311.28,0.98,Bengali,11.1,Working Women,20-12-2024
NY-CMP-36446,Influencer,Premium Shoppers,28.0,Google,90381.0,1838.0,759.0,584.0,314776.0,308.65,0.75,Tamil,3.52,Premium Shoppers,11-02-2025
NY-CMP-14862,Email,,10.0,"WhatsApp, Facebook",50383.0,7250.0,4212.0,2945.0,1755220.0,36.84,15.18,Bengali,28.59,Premium Shoppers,04-07-2024
NY-CMP-50097,SEO,Premium Shoppers,5.0,"Instagram, Facebook",75474.0,9649.0,4199.0,,,,17.83,English,22.48,Youth,01-02-2025
NY-CMP-46798,Influencer,Tier 2 City Customers,22.0,"Instagram, Facebook, Google",86779.0,12688.0,,1415.0,442895.0,55.32,4.66,Hindi,19.22,Premium Shoppers,13-12-2024
NY-CMP-51361,Influencer,Tier 2 City Customers,14.0,"Email, Facebook",60806.0,3592.0,1685.0,694.0,553812.0,105.74,6.55,English,9.82,Youth,03-07-2024
NY-CMP-20303,Social Media,Youth,28.0,WhatsApp,69927.0,1834.0,792.0,,264067.0,196.03,2.88,Bengali,4.25,College Students,08-05-2025
NY-CMP-20312,Email,Youth,19.0,"YouTube, Google",23718.0,2781.0,1422.0,656.0,417872.0,321.66,0.98,English,20.49,Tier 2 City Customers,20-11-2024
NY-CMP-23472,SEO,Tier 2 City Customers,24.0,WhatsApp,64228.0,6777.0,2553.0,899.0,643684.0,262.14,1.73,Bengali,15.93,Working Women,02-09-2024
NY-CMP-2319,SEO,Premium Shoppers,17.0,WhatsApp,52917.0,4813.0,1868.0,779.0,610736.0,149.03,4.26,Hindi,14.1,Youth,26-11-2024
NY-CMP-39761,SEO,Working Women,10.0,"Google, YouTube, Facebook",81391.0,1779.0,853.0,377.0,,553.41,-0.54,Bengali,3.7,College Students,29-09-2024
NY-CMP-56484,,College Students,27.0,"Instagram, Google",85867.0,9422.0,4968.0,3395.0,,23.32,25.33,Hindi,20.71,Youth,22-05-2025
NY-CMP-52953,Influencer,Premium Shoppers,29.0,"Google, Facebook, YouTube",69661.0,3091.0,964.0,552.0,320160.0,190.2,2.05,Bengali,6.61,College Students,05-05-2025
NY-CMP-44212,SEO,Youth,18.0,"Email, YouTube",57671.0,3364.0,1050.0,586.0,234400.0,400.9,0.0,Hindi,8.67,Working Women,04-12-2024
NY-CMP-16400,Social Media,Working Women,16.0,"Facebook, Email",60262.0,8734.0,5174.0,4070.0,2665850.0,21.72,29.16,Hindi,29.83,Youth,31-08-2024
NY-CMP-30463,Email,Youth,9.0,"Google, Email, Instagram",80838.0,10201.0,5698.0,3237.0,2036073.0,65.39,,Tamil,23.67,,15-03-2025
NY-CMP-5805,Email,Working Women,,,65627.0,5573.0,3210.0,,536257.0,102.46,1.57,Tamil,16.49,College Students,26-07-2024
NY-CMP-14449,Social Media,Premium Shoppers,8.0,,77201.0,11573.0,3596.0,1251.0,311499.0,213.04,0.17,,21.27,Youth,03-04-2025
NY-CMP-34619,Email,Youth,6.0,"Google, YouTube, WhatsApp",86383.0,12575.0,7477.0,5169.0,1276743.0,11.11,21.23,Hindi,29.2,Working Women,23-02-2025
NY-CMP-40658,SEO,Tier 2 City Customers,19.0,WhatsApp,81490.0,6895.0,3858.0,1345.0,837935.0,,7.76,English,14.85,Tier 2 City Customers,27-03-2025
NY-CMP-13187,Influencer,Youth,,Instagram,78984.0,10533.0,6102.0,2547.0,738630.0,,5.2,Tamil,24.29,Working Women,26-07-2024
NY-CMP-4184,Paid Ads,Tier 2 City Customers,23.0,YouTube,28893.0,612.0,322.0,205.0,117670.0,597.86,-0.04,Tamil,3.94,Youth,16-05-2025
NY-CMP-16102,Email,Youth,,,50763.0,,1672.0,524.0,380948.0,128.18,4.67,English,11.16,Premium Shoppers,21-12-2024
NY-CMP-8427,Influencer,Premium Shoppers,13.0,Email,,,774.0,569.0,409111.0,296.4,1.43,Tamil,9.5,Youth,22-08-2024
NY-CMP-48773,Email,Tier 2 City Customers,12.0,"Google, Email, YouTube",44803.0,4394.0,2251.0,1474.0,1012638.0,159.08,3.32,Tamil,18.12,Working Women,24-12-2024
NY-CMP-2175,Email,Youth,13.0,"Instagram, Email",15010.0,,195.0,148.0,115736.0,867.76,-0.1,Bengali,5.66,College Students,28-08-2024
NY-CMP-27830,Email,College Students,30.0,"Instagram, Email",42357.0,,993.0,774.0,381582.0,136.98,2.6,Bengali,15.49,College Students,22-11-2024
NY-CMP-31923,Social Media,College Students,,"Instagram, WhatsApp",51203.0,6740.0,1510.0,1206.0,,75.11,6.04,Hindi,18.47,Tier 2 City Customers,12-03-2025
NY-CMP-32620,Social Media,Tier 2 City Customers,7.0,"Email, Google, Instagram",60777.0,5601.0,1503.0,1127.0,875679.0,84.36,8.21,Tamil,13.54,Working Women,11-01-2025
NY-CMP-8132,Email,Tier 2 City Customers,24.0,"Instagram, Google",39914.0,3481.0,1271.0,957.0,352176.0,220.21,0.67,Hindi,14.3,Premium Shoppers,14-05-2025
NY-CMP-35907,Paid Ads,Working Women,11.0,YouTube,12375.0,1208.0,603.0,464.0,170752.0,348.06,0.06,Hindi,18.38,Youth,11-03-2025
NY-CMP-22666,SEO,Youth,21.0,"Google, Facebook",59611.0,2250.0,710.0,562.0,432178.0,298.37,1.58,English,,Premium Shoppers,06-02-2025
NY-CMP-28709,Paid Ads,Working Women,,"Instagram, WhatsApp, Google",16603.0,516.0,131.0,56.0,35784.0,,-0.85,Hindi,4.23,Premium Shoppers,17-03-2025
NY-CMP-40548,Social Media,College Students,15.0,"Email, Google, Instagram",45778.0,,762.0,368.0,259808.0,624.46,0.13,English,7.23,Working Women,
NY-CMP-49144,Social Media,Premium Shoppers,17.0,Facebook,82678.0,8819.0,3754.0,2155.0,553835.0,104.22,1.47,Tamil,17.81,Premium Shoppers,11-09-2024
NY-CMP-23818,Email,College Students,11.0,"WhatsApp, Email",50058.0,6814.0,2977.0,909.0,225432.0,135.82,0.83,Bengali,21.38,Working Women,21-12-2024
NY-CMP-15103,Paid Ads,Tier 2 City Customers,10.0,WhatsApp,36705.0,2499.0,1121.0,878.0,,174.53,2.17,Hindi,12.25,College Students,31-10-2024
NY-CMP-32421,Influencer,Working Women,16.0,,68376.0,2544.0,1208.0,516.0,337980.0,525.75,0.25,Hindi,6.24,Premium Shoppers,21-02-2025
NY-CMP-14645,Influencer,Working Women,8.0,"Google, WhatsApp, Instagram",76136.0,8169.0,,1636.0,410636.0,153.47,0.64,English,16.88,Youth,22-08-2024
NY-CMP-4180,Email,Working Women,29.0,"Google, Facebook",39747.0,1126.0,513.0,275.0,215050.0,851.73,-0.08,Hindi,4.82,Premium Shoppers,22-10-2024
NY-CMP-35367,Email,Tier 2 City Customers,23.0,Facebook,81810.0,10951.0,5972.0,4720.0,2572400.0,48.55,10.23,Tamil,26.46,Tier 2 City Customers,26-03-2025
NY-CMP-47661,Paid Ads,College Students,20.0,"WhatsApp, Google",75619.0,10739.0,4723.0,2596.0,1674420.0,58.61,10.0,Hindi,23.88,Youth,18-04-2025
NY-CMP-47930,Paid Ads,Working Women,25.0,"YouTube, Email",95388.0,9216.0,4171.0,2125.0,1187875.0,35.52,14.74,English,16.26,Working Women,23-01-2025
NY-CMP-5347,Email,Tier 2 City Customers,28.0,YouTube,58421.0,,992.0,460.0,230920.0,204.8,1.45,English,6.78,Working Women,07-01-2025
NY-CMP-53253,Social Media,Tier 2 City Customers,11.0,"Instagram, Email",97676.0,2885.0,739.0,508.0,370840.0,279.85,1.61,Tamil,4.23,Premium Shoppers,18-06-2025
NY-CMP-26623,Influencer,Tier 2 City Customers,20.0,"Instagram, WhatsApp, Facebook",45884.0,,866.0,509.0,391421.0,,0.99,Tamil,6.15,Youth,21-05-2025
NY-CMP-4375,Social Media,Premium Shoppers,9.0,"Email, YouTube, WhatsApp",32668.0,2808.0,917.0,382.0,118802.0,608.21,-0.49,English,12.57,Tier 2 City Customers,14-07-2024
NY-CMP-39193,Paid Ads,Premium Shoppers,25.0,"YouTube, Google",14619.0,1638.0,872.0,379.0,,,-0.45,Bengali,,Tier 2 City Customers,
NY-CMP-35575,Influencer,Youth,7.0,WhatsApp,82653.0,12296.0,2544.0,1354.0,291110.0,198.36,0.08,,19.59,Premium Shoppers,16-12-2024
NY-CMP-37070,Influencer,,21.0,YouTube,75032.0,6955.0,2573.0,1754.0,910326.0,111.13,3.67,English,15.04,Working Women,16-08-2024
NY-CMP-17759,Social Media,College Students,28.0,"Facebook, Instagram, YouTube",18219.0,1869.0,952.0,695.0,543490.0,108.99,6.17,,19.3,Tier 2 City Customers,28-02-2025
NY-CMP-12307,Social Media,Tier 2 City Customers,14.0,WhatsApp,74042.0,5649.0,2095.0,750.0,165750.0,198.63,0.11,Tamil,11.47,Tier 2 City Customers,08-01-2025
NY-CMP-18487,SEO,Working Women,30.0,Instagram,50906.0,5085.0,2655.0,1356.0,348492.0,192.75,,,17.87,Premium Shoppers,17-01-2025
NY-CMP-53888,Influencer,Premium Shoppers,25.0,Email,48053.0,4949.0,2630.0,,429182.0,122.88,2.6,Bengali,17.79,Youth,28-03-2025
NY-CMP-41074,Influencer,Premium Shoppers,20.0,YouTube,89217.0,7883.0,2977.0,1039.0,653531.0,185.79,2.39,Tamil,13.34,Working Women,13-11-2024
NY-CMP-38287,SEO,College Students,9.0,"Facebook, Google",10693.0,993.0,371.0,207.0,128754.0,1086.96,-0.43,English,14.69,Youth,18-02-2025
NY-CMP-22610,Email,Premium Shoppers,12.0,"Facebook, Email",99310.0,8612.0,4414.0,3026.0,,20.14,14.04,,16.16,College Students,17-11-2024
NY-CMP-42208,,Tier 2 City Customers,10.0,"Google, Email, Instagram",72707.0,6858.0,2346.0,772.0,590580.0,276.86,1.76,Tamil,13.72,Youth,10-08-2024
NY-CMP-51412,Paid Ads,Working Women,,"Email, Google",37678.0,4353.0,,1554.0,862470.0,100.67,4.51,Tamil,,Tier 2 City Customers,24-02-2025
NY-CMP-38990,Paid Ads,College Students,14.0,"Email, WhatsApp",37589.0,2499.0,705.0,243.0,96228.0,364.4,0.09,Hindi,9.17,Working Women,12-10-2024
NY-CMP-53300,Influencer,College Students,24.0,"Instagram, YouTube",89697.0,3507.0,1865.0,938.0,251384.0,260.15,0.03,Hindi,7.03,,14-11-2024
NY-CMP-53162,Influencer,Working Women,16.0,,41574.0,5115.0,2119.0,739.0,484784.0,322.35,1.04,Hindi,19.18,College Students,24-11-2024
NY-CMP-54925,Influencer,College Students,26.0,Facebook,97764.0,3302.0,1171.0,493.0,169099.0,158.45,1.16,,5.08,Working Women,11-04-2025
NY-CMP-26366,Social Media,Tier 2 City Customers,20.0,"YouTube, Facebook, WhatsApp",79618.0,1599.0,347.0,234.0,104832.0,1149.26,-0.61,Hindi,2.74,College Students,
NY-CMP-25695,Paid Ads,Premium Shoppers,7.0,"Google, WhatsApp",84565.0,1802.0,834.0,312.0,68952.0,487.08,-0.55,Hindi,3.49,Youth,09-06-2025
NY-CMP-34492,SEO,Tier 2 City Customers,,"YouTube, Instagram, Email",69857.0,10173.0,3455.0,1285.0,765860.0,131.16,3.54,English,21.35,Youth,26-08-2024
NY-CMP-53979,Social Media,College Students,9.0,"Google, Facebook",31344.0,4110.0,,1193.0,416357.0,234.35,0.49,English,23.37,Working Women,16-04-2025
NY-CMP-1176,Social Media,Premium Shoppers,21.0,"YouTube, WhatsApp",76182.0,5221.0,1153.0,369.0,,457.74,0.51,Tamil,8.85,Youth,27-05-2025
NY-CMP-29354,Email,Tier 2 City Customers,28.0,Email,,363.0,83.0,46.0,10534.0,3671.74,-0.94,Bengali,3.08,Tier 2 City Customers,09-05-2025
NY-CMP-36274,Email,Premium Shoppers,11.0,"Google, Email, Instagram",45379.0,3985.0,2306.0,1257.0,326820.0,155.38,0.67,Hindi,16.63,College Students,15-04-2025
NY-CMP-18713,Email,Working Women,20.0,"WhatsApp, Instagram, Facebook",87977.0,4001.0,893.0,626.0,175280.0,259.08,0.08,Hindi,6.27,Working Women,12-08-2024
NY-CMP-43295,Paid Ads,Youth,17.0,"YouTube, Facebook",34815.0,,2029.0,1556.0,1187228.0,165.08,3.62,Tamil,23.59,Working Women,19-01-2025
NY-CMP-32103,Social Media,Tier 2 City Customers,23.0,"Email, YouTube",91644.0,4471.0,2372.0,1894.0,750024.0,46.24,7.56,Tamil,9.53,Tier 2 City Customers,18-04-2025
NY-CMP-38666,Paid Ads,College Students,9.0,"WhatsApp, YouTube",37193.0,4771.0,2626.0,1205.0,271125.0,95.87,1.35,Bengali,23.13,Tier 2 City Customers,30-09-2024
NY-CMP-54688,Influencer,Youth,9.0,"WhatsApp, Google",39270.0,2296.0,869.0,422.0,184414.0,552.26,-0.21,Bengali,9.13,Premium Shoppers,20-08-2024
NY-CMP-9423,Email,College Students,19.0,"Email, Instagram",70673.0,8923.0,4787.0,2364.0,829764.0,100.69,,Bengali,22.74,Working Women,02-10-2024
NY-CMP-10197,,Premium Shoppers,11.0,WhatsApp,73333.0,4597.0,1596.0,986.0,353974.0,295.22,0.22,Bengali,9.79,College Students,27-01-2025
NY-CMP-6718,Social Media,Working Women,,"Instagram, Email",22267.0,2410.0,1267.0,775.0,230175.0,340.7,-0.13,English,19.99,Working Women,28-09-2024
NY-CMP-30792,SEO,College Students,9.0,YouTube,88891.0,7633.0,3910.0,1795.0,811340.0,154.6,1.92,Hindi,15.0,,04-03-2025
NY-CMP-48666,SEO,Premium Shoppers,27.0,"YouTube, Instagram",79210.0,6666.0,3519.0,1488.0,568416.0,145.51,1.63,Hindi,14.74,Working Women,28-10-2024
NY-CMP-45485,SEO,College Students,20.0,"Google, Facebook",14487.0,1255.0,738.0,525.0,116550.0,254.26,-0.13,Tamil,17.38,Working Women,07-01-2025
NY-CMP-33183,Paid Ads,,23.0,Instagram,80678.0,11576.0,4814.0,1827.0,1079757.0,131.99,3.48,,22.58,College Students,04-08-2024
NY-CMP-53777,Influencer,College Students,16.0,WhatsApp,91580.0,10682.0,2475.0,1549.0,,107.48,1.41,Hindi,16.06,Premium Shoppers,13-09-2024
NY-CMP-4940,Email,Working Women,17.0,"YouTube, Email, Google",77128.0,9367.0,2916.0,1083.0,485184.0,161.24,1.78,English,17.33,College Students,23-12-2024
NY-CMP-6563,Email,Tier 2 City Customers,11.0,"Google, YouTube, Instagram",55333.0,7494.0,2160.0,1018.0,465226.0,52.24,7.75,Bengali,19.29,Youth,17-01-2025
NY-CMP-5918,Influencer,Youth,15.0,Email,37751.0,,1273.0,723.0,507546.0,237.8,1.95,English,15.81,College Students,03-02-2025
NY-CMP-1040,Influencer,Premium Shoppers,29.0,Email,10338.0,864.0,412.0,299.0,,438.17,-0.03,English,,Tier 2 City Customers,15-09-2024
NY-CMP-46873,Social Media,Premium Shoppers,6.0,"Instagram, Google, Facebook",40525.0,,3134.0,2089.0,764574.0,91.89,2.98,Tamil,27.4,,24-01-2025
NY-CMP-40444,Email,Premium Shoppers,18.0,"Email, YouTube, Instagram",24483.0,2630.0,533.0,199.0,78406.0,,-0.29,,13.73,Working Women,15-01-2025
NY-CMP-8339,SEO,Working Women,11.0,"Facebook, WhatsApp, Email",40791.0,4670.0,1221.0,669.0,207390.0,335.24,-0.08,Hindi,16.08,Tier 2 City Customers,
NY-CMP-18162,Social Media,,30.0,"Facebook, Email, YouTube",72733.0,10576.0,4098.0,,703235.0,53.81,6.49,English,22.57,Youth,20-10-2024
NY-CMP-37936,Influencer,Youth,6.0,Instagram,60977.0,7156.0,2631.0,1252.0,340544.0,80.31,2.39,Bengali,18.1,College Students,10-04-2025
NY-CMP-5948,Paid Ads,College Students,24.0,Facebook,46382.0,3745.0,1436.0,875.0,,243.78,0.48,Hindi,13.06,Tier 2 City Customers,13-07-2024
NY-CMP-53530,SEO,Youth,,"Email, Facebook, Google",25644.0,1320.0,,472.0,350224.0,563.69,0.32,Hindi,9.78,Premium Shoppers,28-04-2025
NY-CMP-52884,Social Media,Premium Shoppers,19.0,Instagram,64080.0,7950.0,,1824.0,875520.0,28.12,,Tamil,22.6,Tier 2 City Customers,05-11-2024
NY-CMP-23051,Influencer,Tier 2 City Customers,16.0,"YouTube, Facebook",23309.0,1976.0,1122.0,502.0,387544.0,123.51,5.25,English,15.44,College Students,15-09-2024
NY-CMP-49705,Email,College Students,17.0,Google,23363.0,2806.0,1280.0,508.0,133096.0,444.71,-0.41,Tamil,19.66,Tier 2 City Customers,
NY-CMP-49755,SEO,Tier 2 City Customers,18.0,"WhatsApp, Email, Google",95203.0,5660.0,3228.0,2342.0,1815050.0,,7.72,Tamil,11.8,Youth,11-09-2024
NY-CMP-51977,SEO,College Students,24.0,Email,62188.0,3801.0,2110.0,1345.0,494960.0,141.46,1.6,Tamil,11.67,Premium Shoppers,27-01-2025
NY-CMP-26572,Email,Premium Shoppers,5.0,"Google, Facebook, WhatsApp",53287.0,7983.0,2774.0,1959.0,707199.0,94.95,2.8,Hindi,23.86,Premium Shoppers,30-08-2024
NY-CMP-32861,Paid Ads,Youth,22.0,"Email, WhatsApp",20164.0,2984.0,612.0,362.0,267156.0,649.19,0.14,Hindi,19.63,College Students,22-08-2024
NY-CMP-27608,Social Media,Youth,29.0,"Google, Email, Facebook",50685.0,3080.0,1297.0,1022.0,630574.0,126.58,3.87,Tamil,10.65,Working Women,03-08-2024
NY-CMP-41743,SEO,Premium Shoppers,25.0,"YouTube, WhatsApp",63716.0,5217.0,2220.0,930.0,193440.0,,0.3,Hindi,13.13,Tier 2 City Customers,09-04-2025
NY-CMP-4467,Social Media,Tier 2 City Customers,14.0,Facebook,,,1501.0,556.0,206832.0,194.47,0.91,Tamil,8.02,Youth,05-05-2025
NY-CMP-15657,Social Media,Tier 2 City Customers,6.0,,64822.0,8217.0,3271.0,1073.0,226403.0,53.66,2.93,Tamil,19.38,Tier 2 City Customers,28-03-2025
NY-CMP-10073,Influencer,Working Women,30.0,"Instagram, Facebook, YouTube",43133.0,4910.0,2385.0,1137.0,,111.49,5.64,Tamil,19.55,Tier 2 City Customers,12-04-2025
NY-CMP-48022,SEO,Tier 2 City Customers,9.0,"Facebook, Email",25290.0,1172.0,412.0,153.0,78336.0,423.91,0.21,Bengali,6.87,Tier 2 City Customers,13-01-2025
NY-CMP-54462,Influencer,Premium Shoppers,25.0,Instagram,99024.0,11931.0,4522.0,1721.0,623002.0,39.24,8.23,Bengali,18.35,,26-04-2025
NY-CMP-15403,Paid Ads,Tier 2 City Customers,28.0,"Facebook, Email, YouTube",17042.0,2264.0,574.0,203.0,96222.0,839.24,-0.44,Tamil,17.84,Working Women,28-09-2024
NY-CMP-23664,Social Media,College Students,,WhatsApp,15966.0,1821.0,456.0,308.0,,602.46,-0.36,Bengali,16.19,Premium Shoppers,
NY-CMP-14641,Social Media,Tier 2 City Customers,17.0,YouTube,98896.0,7459.0,3105.0,1689.0,525279.0,76.99,3.04,English,12.39,Youth,19-08-2024
NY-CMP-19684,Email,College Students,,"WhatsApp, YouTube",86295.0,9310.0,4276.0,2761.0,2125970.0,31.63,23.34,Hindi,18.94,Premium Shoppers,10-02-2025
NY-CMP-14033,Paid Ads,Working Women,19.0,YouTube,68710.0,3229.0,834.0,346.0,202064.0,609.94,-0.04,English,6.42,Working Women,22-01-2025
NY-CMP-1199,Influencer,Working Women,14.0,Instagram,23232.0,1381.0,498.0,269.0,101413.0,931.68,-0.6,Tamil,9.25,Working Women,11-05-2025
NY-CMP-52485,Email,Premium Shoppers,27.0,Instagram,80210.0,10444.0,2324.0,1465.0,879000.0,133.38,3.5,Hindi,17.74,Working Women,21-07-2024
NY-CMP-4025,Paid Ads,Premium Shoppers,20.0,Facebook,84465.0,8491.0,2122.0,,1010880.0,51.21,13.06,English,14.23,Working Women,28-05-2025
NY-CMP-32974,Influencer,Premium Shoppers,29.0,"Facebook, WhatsApp",67429.0,3425.0,1799.0,950.0,751450.0,139.09,4.69,Hindi,9.16,Working Women,
NY-CMP-56242,Email,Premium Shoppers,28.0,"Email, Google",26858.0,3568.0,1760.0,,,129.35,4.27,Bengali,23.96,Working Women,10-07-2024
NY-CMP-32868,Influencer,,19.0,"Email, Google, WhatsApp",99787.0,8914.0,3368.0,1506.0,531618.0,100.43,2.51,Tamil,13.82,Youth,28-05-2025
NY-CMP-17869,Paid Ads,College Students,8.0,Facebook,23417.0,1401.0,775.0,508.0,167640.0,517.29,-0.36,Hindi,11.46,College Students,04-01-2025
NY-CMP-24967,SEO,Premium Shoppers,8.0,"Google, YouTube",87032.0,5557.0,2229.0,714.0,277746.0,305.13,0.27,,9.77,Premium Shoppers,22-11-2024
NY-CMP-41107,Influencer,Working Women,8.0,"Email, WhatsApp",49287.0,5712.0,1170.0,542.0,166936.0,242.03,0.27,Tamil,15.06,Youth,27-10-2024
NY-CMP-6918,SEO,Working Women,23.0,Google,70356.0,4848.0,1716.0,1193.0,471235.0,56.56,5.98,English,11.03,Premium Shoppers,25-01-2025
NY-CMP-25834,Social Media,Tier 2 City Customers,,"WhatsApp, Instagram",45349.0,4384.0,893.0,602.0,373240.0,,3.01,Hindi,12.96,Premium Shoppers,17-08-2024
NY-CMP-56259,Influencer,College Students,7.0,,28352.0,1435.0,523.0,,73315.0,674.04,-0.68,Tamil,8.11,Working Women,22-05-2025
NY-CMP-49499,Paid Ads,Working Women,,"WhatsApp, YouTube",90603.0,,7512.0,2948.0,958100.0,29.82,9.9,English,25.81,Working Women,22-05-2025
NY-CMP-46530,Email,Working Women,21.0,Instagram,22033.0,3227.0,1828.0,1110.0,439560.0,174.14,1.27,,27.98,Working Women,12-10-2024
NY-CMP-22916,Social Media,Youth,24.0,YouTube,47883.0,7139.0,2884.0,1259.0,706299.0,214.56,1.61,Tamil,23.56,Working Women,11-04-2025
NY-CMP-15526,Influencer,,20.0,"Email, Instagram",32170.0,4422.0,1241.0,677.0,510458.0,,1.45,Bengali,19.71,Tier 2 City Customers,11-03-2025
NY-CMP-26856,SEO,Tier 2 City Customers,,"YouTube, Instagram, WhatsApp",,7018.0,3586.0,1125.0,261000.0,73.51,2.16,English,14.72,Tier 2 City Customers,15-02-2025
NY-CMP-7545,Social Media,Tier 2 City Customers,19.0,"Google, YouTube, Facebook",84012.0,,5545.0,1883.0,1466857.0,64.21,,English,23.08,College Students,20-05-2025
NY-CMP-44507,Social Media,Premium Shoppers,22.0,"Email, Google",55974.0,7286.0,1568.0,590.0,278480.0,352.25,0.34,Tamil,16.87,Working Women,05-08-2024
NY-CMP-22114,Email,College Students,11.0,YouTube,93382.0,12186.0,7204.0,2993.0,,44.54,6.7,Bengali,23.97,Premium Shoppers,09-03-2025
NY-CMP-1780,Paid Ads,Youth,20.0,"Email, Instagram",64615.0,7428.0,1643.0,547.0,118699.0,341.02,-0.36,English,14.89,College Students,17-11-2024
NY-CMP-36048,,Premium Shoppers,26.0,Instagram,42712.0,2293.0,707.0,419.0,288691.0,668.71,0.03,Tamil,8.0,College Students,22-01-2025
NY-CMP-29777,Email,Premium Shoppers,12.0,"Email, Facebook, Instagram",15626.0,1095.0,560.0,358.0,278166.0,188.79,3.12,Tamil,12.88,Youth,24-12-2024
NY-CMP-37846,Email,Tier 2 City Customers,17.0,YouTube,75059.0,2211.0,545.0,426.0,230040.0,404.34,0.34,Hindi,4.24,Youth,31-01-2025
NY-CMP-44620,Paid Ads,Premium Shoppers,20.0,"Instagram, WhatsApp",39864.0,3943.0,1776.0,953.0,391683.0,274.17,0.5,Tamil,16.74,Youth,28-11-2024
NY-CMP-12632,Paid Ads,Working Women,8.0,Google,26992.0,2651.0,735.0,586.0,276592.0,349.05,0.35,Hindi,14.72,College Students,17-06-2025
NY-CMP-44606,Social Media,Premium Shoppers,9.0,"YouTube, Email",85121.0,1707.0,1009.0,603.0,222507.0,186.0,,,3.9,Tier 2 City Customers,24-04-2025
NY-CMP-16081,SEO,Premium Shoppers,8.0,,52795.0,1663.0,354.0,174.0,109446.0,883.12,-0.29,English,4.15,Youth,29-12-2024
NY-CMP-43580,Paid Ads,,7.0,"Facebook, Instagram",57163.0,1263.0,453.0,347.0,201260.0,501.11,0.16,Hindi,3.61,,29-05-2025
NY-CMP-37217,Paid Ads,Youth,30.0,"Facebook, YouTube, WhatsApp",46329.0,4074.0,2310.0,1215.0,558900.0,177.02,1.6,Tamil,16.4,Premium Shoppers,29-12-2024
NY-CMP-55780,Social Media,Tier 2 City Customers,30.0,"Facebook, Google, Instagram",20200.0,1052.0,214.0,103.0,69422.0,976.92,,Hindi,6.78,Youth,09-04-2025
NY-CMP-50369,Social Media,College Students,6.0,"Facebook, Instagram, YouTube",35178.0,986.0,252.0,146.0,53874.0,1217.55,-0.7,Bengali,3.93,Youth,21-03-2025
NY-CMP-6785,Paid Ads,,23.0,"WhatsApp, YouTube, Email",91898.0,12948.0,4111.0,1643.0,450182.0,99.32,1.76,Hindi,20.35,College Students,08-07-2024
NY-CMP-39223,Social Media,Youth,28.0,"Email, Instagram",19103.0,1894.0,487.0,194.0,46754.0,1076.06,-0.78,English,13.48,Tier 2 City Customers,22-08-2024
NY-CMP-24518,Paid Ads,College Students,26.0,"Instagram, YouTube",42303.0,,814.0,480.0,222720.0,379.43,0.22,Bengali,6.8,Youth,21-07-2024
NY-CMP-47462,Paid Ads,College Students,17.0,"Google, WhatsApp",10818.0,,450.0,160.0,46080.0,1137.51,-0.75,Bengali,13.66,Youth,02-03-2025
NY-CMP-54760,Paid Ads,Working Women,,"Instagram, WhatsApp",32873.0,2786.0,1615.0,,866360.0,232.54,2.08,English,17.07,College Students,06-06-2025
NY-CMP-41273,Influencer,,27.0,Google,25056.0,1798.0,665.0,509.0,203091.0,403.5,-0.01,Bengali,11.86,Working Women,15-04-2025
NY-CMP-52349,Social Media,Tier 2 City Customers,13.0,"Google, Facebook, YouTube",20504.0,2256.0,1113.0,516.0,347268.0,247.64,1.72,Tamil,18.95,Youth,11-12-2024
NY-CMP-9510,Influencer,Youth,,Email,48870.0,1124.0,245.0,112.0,49280.0,2200.12,,English,3.03,Youth,04-03-2025
NY-CMP-20042,Email,Premium Shoppers,29.0,Google,84011.0,8512.0,2088.0,,628296.0,241.32,1.31,Hindi,13.96,,
NY-CMP-12024,Social Media,Working Women,27.0,"Google, WhatsApp, YouTube",53251.0,3260.0,1858.0,1176.0,563304.0,220.63,1.17,Tamil,,Tier 2 City Customers,30-09-2024
NY-CMP-21909,SEO,Tier 2 City Customers,16.0,"WhatsApp, Instagram, YouTube",98387.0,14570.0,3911.0,2911.0,1732045.0,95.97,5.2,Hindi,21.74,Tier 2 City Customers,04-07-2024
NY-CMP-36594,Influencer,Working Women,6.0,"Facebook, YouTube, Instagram",75256.0,1791.0,665.0,420.0,88620.0,143.03,0.48,Bengali,3.82,Premium Shoppers,03-12-2024
NY-CMP-23535,Influencer,Working Women,26.0,WhatsApp,24768.0,,485.0,374.0,235246.0,549.0,0.15,,7.72,Working Women,03-04-2025
NY-CMP-23753,Email,Tier 2 City Customers,,WhatsApp,44656.0,5310.0,2234.0,1692.0,1296072.0,114.39,5.7,English,20.68,College Students,
NY-CMP-46376,Email,Premium Shoppers,13.0,Facebook,71790.0,,4894.0,3003.0,1807806.0,80.97,6.43,Tamil,22.45,Youth,23-01-2025
NY-CMP-2975,SEO,Working Women,28.0,"Facebook, Instagram",78222.0,,2616.0,1457.0,409417.0,42.15,5.67,English,19.23,Youth,16-04-2025
NY-CMP-51477,Paid Ads,College Students,7.0,,84659.0,10391.0,3921.0,1803.0,524673.0,89.62,2.25,English,19.04,Tier 2 City Customers,20-11-2024
NY-CMP-19035,Social Media,Youth,18.0,,47530.0,6170.0,3204.0,1788.0,1285572.0,146.48,3.91,Bengali,23.48,Tier 2 City Customers,28-05-2025
NY-CMP-51282,Influencer,College Students,7.0,Email,33786.0,4479.0,985.0,627.0,180576.0,251.6,0.14,Bengali,18.03,Premium Shoppers,06-09-2024
NY-CMP-14949,Social Media,Premium Shoppers,28.0,"WhatsApp, Google",74839.0,9793.0,3950.0,1220.0,267180.0,144.14,0.52,Bengali,19.99,Working Women,10-03-2025
NY-CMP-38413,Social Media,College Students,26.0,Instagram,51446.0,6831.0,2823.0,2132.0,1038284.0,92.06,4.29,Bengali,22.91,College Students,09-03-2025
NY-CMP-23701,SEO,Working Women,,"Instagram, Facebook",21317.0,2011.0,,394.0,269496.0,203.31,2.36,English,14.39,Tier 2 City Customers,22-05-2025
NY-CMP-17355,Paid Ads,Premium Shoppers,27.0,"Email, Facebook",76635.0,3830.0,822.0,467.0,191937.0,382.93,0.07,Hindi,,Tier 2 City Customers,04-05-2025
NY-CMP-2164,SEO,Working Women,29.0,"Facebook, Email",80303.0,5412.0,1464.0,741.0,299364.0,96.5,3.19,Tamil,,College Students,10-07-2024
NY-CMP-33836,Email,Working Women,20.0,"YouTube, Instagram",10006.0,343.0,147.0,94.0,73414.0,1438.53,-0.46,Bengali,5.84,Working Women,30-01-2025
NY-CMP-16917,SEO,Working Women,8.0,Google,47428.0,1452.0,368.0,204.0,60384.0,1060.0,-0.72,Tamil,4.27,College Students,27-11-2024
NY-CMP-5859,SEO,College Students,21.0,WhatsApp,11998.0,,679.0,418.0,116204.0,582.55,,Tamil,22.6,Youth,12-12-2024
NY-CMP-34127,Email,Working Women,5.0,"Google, Facebook",32683.0,4692.0,1341.0,787.0,368316.0,275.63,0.7,Tamil,20.87,Premium Shoppers,28-04-2025
NY-CMP-42545,Paid Ads,Premium Shoppers,5.0,"Instagram, WhatsApp",,6566.0,1956.0,1332.0,266400.0,60.8,2.29,Hindi,20.29,Youth,29-09-2024
NY-CMP-6089,Email,Youth,15.0,"Facebook, WhatsApp",31189.0,3884.0,1259.0,743.0,197638.0,142.09,0.87,Tamil,18.87,Working Women,20-12-2024
NY-CMP-16742,Influencer,College Students,9.0,"Email, Facebook, WhatsApp",38870.0,1059.0,633.0,307.0,109292.0,685.92,-0.48,English,5.14,Premium Shoppers,21-01-2025
NY-CMP-2180,Social Media,Working Women,7.0,"WhatsApp, YouTube",13249.0,529.0,129.0,57.0,36252.0,1824.47,-0.65,English,5.4,Premium Shoppers,28-04-2025
NY-CMP-7994,Influencer,Tier 2 City Customers,27.0,"Facebook, YouTube",92210.0,11010.0,3935.0,2261.0,1277465.0,122.71,3.6,Tamil,18.66,Working Women,08-04-2025
NY-CMP-31287,Paid Ads,Working Women,14.0,"Email, Google",79384.0,9851.0,3424.0,1962.0,839736.0,152.89,1.8,Hindi,,Premium Shoppers,
NY-CMP-18835,Email,Youth,14.0,Facebook,16484.0,2265.0,1120.0,649.0,202488.0,265.72,0.17,,24.47,Premium Shoppers,02-03-2025
NY-CMP-17169,Paid Ads,Working Women,27.0,,55375.0,5901.0,2844.0,1130.0,,243.36,1.72,Tamil,17.83,Working Women,21-02-2025
NY-CMP-8040,Influencer,Tier 2 City Customers,18.0,Facebook,34443.0,3631.0,1275.0,827.0,493719.0,104.07,4.74,English,16.64,Premium Shoppers,21-05-2025
NY-CMP-42195,Influencer,Tier 2 City Customers,,"YouTube, Email, Instagram",43803.0,4020.0,1578.0,919.0,387818.0,256.55,0.64,Tamil,14.88,Youth,27-09-2024
NY-CMP-22018,Email,Tier 2 City Customers,21.0,"Email, Google",31618.0,3794.0,2264.0,,715778.0,101.04,3.02,English,24.74,Tier 2 City Customers,09-04-2025
NY-CMP-42375,Paid Ads,Tier 2 City Customers,27.0,"Facebook, Email",96198.0,13890.0,,2815.0,1286455.0,38.66,10.82,Bengali,23.91,Tier 2 City Customers,25-11-2024
NY-CMP-19878,Email,Tier 2 City Customers,14.0,"YouTube, Email",13620.0,1960.0,1082.0,848.0,612256.0,188.3,2.83,English,28.56,Premium Shoppers,27-12-2024
NY-CMP-42705,Influencer,,27.0,"Facebook, WhatsApp",49989.0,6456.0,2730.0,2073.0,1648035.0,91.79,7.66,Hindi,22.52,College Students,23-03-2025
NY-CMP-20492,SEO,Premium Shoppers,17.0,"Instagram, Facebook",34762.0,860.0,281.0,127.0,64643.0,1543.57,-0.67,Tamil,3.65,Tier 2 City Customers,09-03-2025
NY-CMP-30914,Social Media,College Students,,"Email, Facebook",80395.0,5050.0,2582.0,1726.0,1113270.0,76.01,7.49,Hindi,11.64,Premium Shoppers,06-02-2025
NY-CMP-8217,Email,Working Women,28.0,,89212.0,9757.0,4184.0,2483.0,677859.0,98.88,1.76,Hindi,18.41,Working Women,29-04-2025
NY-CMP-11276,Email,Tier 2 City Customers,26.0,"Instagram, Facebook, YouTube",65258.0,1768.0,860.0,643.0,167180.0,255.43,0.02,Hindi,5.01,Premium Shoppers,12-05-2025
NY-CMP-50566,SEO,Youth,15.0,,53394.0,6976.0,3291.0,1990.0,,48.18,15.42,Bengali,,College Students,27-08-2024
NY-CMP-43442,SEO,Tier 2 City Customers,,"Instagram, Google",36838.0,1399.0,786.0,360.0,79920.0,335.64,-0.34,Tamil,6.91,Premium Shoppers,05-07-2024
NY-CMP-22718,Paid Ads,Youth,20.0,"Instagram, Google",40860.0,3022.0,1166.0,667.0,439553.0,123.55,4.33,,11.88,Working Women,16-10-2024
NY-CMP-38754,SEO,Working Women,7.0,"YouTube, Google",52812.0,2331.0,545.0,423.0,177660.0,167.24,1.51,Hindi,6.25,Working Women,02-07-2024
NY-CMP-40176,Email,Tier 2 City Customers,7.0,"Instagram, Google",,587.0,,117.0,45162.0,1612.12,-0.76,Tamil,3.74,Premium Shoppers,01-11-2024
NY-CMP-53338,Influencer,Youth,21.0,"Instagram, WhatsApp",61001.0,6126.0,1338.0,975.0,260325.0,97.6,1.74,Hindi,13.83,Youth,03-06-2025
NY-CMP-17584,Email,Tier 2 City Customers,21.0,"Google, Instagram",67799.0,2287.0,717.0,300.0,108600.0,521.53,-0.31,English,4.87,Premium Shoppers,21-12-2024
NY-CMP-5976,Influencer,Tier 2 City Customers,29.0,Instagram,79415.0,3097.0,800.0,483.0,203826.0,476.09,-0.11,Bengali,5.52,Working Women,28-01-2025
NY-CMP-39436,Influencer,Premium Shoppers,7.0,"Facebook, Email, Instagram",12960.0,1908.0,1136.0,615.0,259530.0,241.02,0.75,Tamil,28.23,College Students,16-09-2024
NY-CMP-54155,Social Media,Working Women,28.0,Email,36289.0,5051.0,1406.0,889.0,497840.0,291.05,0.92,English,20.24,Premium Shoppers,14-01-2025
NY-CMP-36441,Paid Ads,Premium Shoppers,5.0,"YouTube, Facebook, WhatsApp",95469.0,5017.0,1343.0,905.0,590060.0,150.87,3.32,English,7.61,Tier 2 City Customers,05-06-2025
NY-CMP-14132,Influencer,Premium Shoppers,21.0,"Instagram, WhatsApp",,4672.0,2550.0,2022.0,1251618.0,99.61,5.21,Bengali,11.12,Working Women,17-12-2024
NY-CMP-47625,Paid Ads,Tier 2 City Customers,30.0,YouTube,86364.0,5072.0,2410.0,1648.0,776208.0,130.13,2.62,,10.57,Premium Shoppers,07-03-2025
NY-CMP-25632,Email,,,Facebook,42950.0,4980.0,2603.0,1643.0,806713.0,81.68,5.01,Bengali,21.48,Premium Shoppers,15-05-2025
NY-CMP-54747,Influencer,Working Women,22.0,"Instagram, WhatsApp, Google",65339.0,3136.0,1187.0,,297038.0,394.31,0.1,Bengali,7.67,College Students,10-01-2025
NY-CMP-43343,Influencer,Working Women,30.0,Facebook,62994.0,4509.0,2038.0,880.0,276320.0,297.12,0.06,Tamil,11.79,Working Women,07-07-2024
NY-CMP-2118,Paid Ads,Working Women,21.0,Google,89576.0,9772.0,5794.0,3779.0,1122363.0,54.07,4.49,Bengali,21.6,Youth,19-08-2024
NY-CMP-33570,Email,Tier 2 City Customers,23.0,"Facebook, WhatsApp",43496.0,5974.0,1619.0,1224.0,684216.0,225.43,1.48,English,20.27,Youth,19-11-2024
NY-CMP-22719,Influencer,Working Women,8.0,Email,91944.0,5695.0,3111.0,963.0,208971.0,121.94,0.78,English,10.62,Tier 2 City Customers,24-05-2025
NY-CMP-17883,SEO,College Students,5.0,"Facebook, WhatsApp, Google",85587.0,10170.0,4103.0,2127.0,1227279.0,95.69,,Hindi,19.16,,05-12-2024
NY-CMP-14203,Email,College Students,29.0,"WhatsApp, Instagram, YouTube",80601.0,4945.0,1652.0,1252.0,593448.0,223.99,1.12,Tamil,9.74,Tier 2 City Customers,
NY-CMP-20955,Email,Premium Shoppers,15.0,"Google, Email",44540.0,4734.0,1383.0,956.0,600368.0,120.98,4.19,Tamil,15.88,Youth,09-10-2024
NY-CMP-15711,Paid Ads,Working Women,5.0,"YouTube, Email, Facebook",49569.0,3198.0,712.0,521.0,230803.0,323.22,0.37,,8.94,Youth,15-09-2024
NY-CMP-31524,Email,Youth,21.0,Facebook,47217.0,5911.0,2730.0,1117.0,621052.0,95.23,4.84,Bengali,20.67,Working Women,28-01-2025
NY-CMP-20670,Social Media,Working Women,27.0,"Instagram, YouTube, Google",87563.0,11732.0,3173.0,1567.0,443461.0,149.86,0.89,Bengali,18.81,Working Women,05-05-2025
NY-CMP-45042,Paid Ads,College Students,28.0,"Instagram, Email",92899.0,6764.0,2866.0,2102.0,424604.0,103.28,,Hindi,12.63,Premium Shoppers,05-01-2025
NY-CMP-53730,Influencer,Youth,6.0,"Google, Email, WhatsApp",69976.0,8025.0,3680.0,2784.0,2218848.0,94.17,7.46,English,20.71,College Students,15-11-2024
NY-CMP-12562,,Working Women,9.0,"Google, Facebook, Email",82144.0,11385.0,6768.0,4953.0,1431417.0,13.0,21.23,Tamil,28.13,Tier 2 City Customers,11-12-2024
NY-CMP-55398,Email,Working Women,,"WhatsApp, Google, Email",15312.0,2025.0,1192.0,926.0,643570.0,278.69,1.49,Bengali,27.06,,04-11-2024
NY-CMP-38954,SEO,Youth,13.0,"YouTube, Google, Instagram",,7910.0,2055.0,1436.0,1003764.0,154.09,3.54,Tamil,18.09,Tier 2 City Customers,13-03-2025
NY-CMP-19486,Influencer,College Students,17.0,"Email, Facebook, Google",33268.0,1195.0,715.0,561.0,167178.0,284.46,0.05,,7.43,Youth,
NY-CMP-41416,Email,College Students,13.0,Facebook,41011.0,1308.0,626.0,491.0,124714.0,347.64,-0.27,English,5.91,Youth,06-12-2024
NY-CMP-3476,Influencer,Tier 2 City Customers,26.0,Instagram,,1967.0,1142.0,714.0,504798.0,,4.48,Tamil,,College Students,04-02-2025
NY-CMP-3777,Social Media,Premium Shoppers,22.0,"Google, Email",36581.0,,2199.0,1025.0,731850.0,238.6,1.99,English,19.23,College Students,06-12-2024
NY-CMP-38166,Social Media,Premium Shoppers,15.0,"Instagram, Email, Facebook",18914.0,570.0,221.0,118.0,67142.0,1922.05,-0.7,Bengali,4.81,Tier 2 City Customers,09-11-2024
NY-CMP-7528,Email,Tier 2 City Customers,12.0,WhatsApp,55041.0,6519.0,2394.0,1300.0,921700.0,72.68,8.76,Tamil,18.56,College Students,14-06-2025
NY-CMP-18115,,Tier 2 City Customers,13.0,Instagram,40558.0,4776.0,2595.0,1512.0,1124928.0,37.75,18.71,Tamil,21.9,College Students,29-08-2024
NY-CMP-26578,,Premium Shoppers,26.0,Facebook,57522.0,8372.0,3343.0,2314.0,1198652.0,76.78,5.75,Tamil,24.39,Working Women,22-07-2024
NY-CMP-43697,,College Students,19.0,"Instagram, YouTube, Google",13913.0,1345.0,536.0,177.0,108501.0,1466.01,-0.58,Bengali,14.79,Working Women,06-06-2025
NY-CMP-30590,Social Media,Premium Shoppers,21.0,Facebook,21508.0,,205.0,78.0,20592.0,3419.08,-0.92,Hindi,4.61,Tier 2 City Customers,03-10-2024
NY-CMP-24878,Social Media,Tier 2 City Customers,6.0,Google,55794.0,3460.0,1511.0,794.0,339832.0,277.01,0.55,Hindi,10.33,College Students,03-02-2025
NY-CMP-1385,Email,Youth,6.0,"Google, Instagram, Email",23913.0,3344.0,1678.0,504.0,402192.0,,1.86,,23.11,Premium Shoppers,21-11-2024
NY-CMP-40021,Email,Premium Shoppers,13.0,"YouTube, Facebook, WhatsApp",85786.0,7688.0,3805.0,2148.0,674472.0,,2.09,English,15.9,Tier 2 City Customers,01-11-2024
NY-CMP-28046,Email,Youth,23.0,Google,23700.0,2155.0,681.0,384.0,140544.0,459.76,-0.2,English,13.59,Youth,05-11-2024
NY-CMP-37995,SEO,Premium Shoppers,19.0,Instagram,31038.0,3440.0,1040.0,765.0,565335.0,122.67,5.02,Tamil,16.9,Tier 2 City Customers,28-02-2025
NY-CMP-48918,Social Media,Youth,22.0,,31604.0,3019.0,1418.0,751.0,205023.0,205.33,0.33,Bengali,16.42,Working Women,10-07-2024
NY-CMP-6476,Influencer,College Students,22.0,YouTube,11228.0,883.0,316.0,115.0,90505.0,1615.57,-0.51,Tamil,11.7,,16-08-2024
NY-CMP-33197,Social Media,Youth,27.0,YouTube,90498.0,5106.0,2802.0,1012.0,238832.0,93.33,1.53,English,9.86,Youth,29-08-2024
NY-CMP-9375,Paid Ads,College Students,18.0,"Google, YouTube, Email",82449.0,7508.0,2490.0,1811.0,903689.0,49.25,9.13,Tamil,14.32,Working Women,29-12-2024
NY-CMP-20573,Influencer,,22.0,"Google, Instagram",24472.0,2421.0,1038.0,724.0,204892.0,386.91,-0.27,English,17.09,Premium Shoppers,25-01-2025
NY-CMP-28613,Email,Premium Shoppers,14.0,Google,11832.0,1721.0,738.0,359.0,197450.0,376.24,0.46,English,23.82,Working Women,21-12-2024
NY-CMP-34738,SEO,College Students,22.0,"Email, Instagram",33925.0,2301.0,1042.0,725.0,260275.0,281.82,0.27,Tamil,11.99,College Students,04-06-2025
NY-CMP-30977,Paid Ads,Premium Shoppers,9.0,"Email, Google",30208.0,1247.0,450.0,,152766.0,861.75,-0.14,Bengali,6.3,Working Women,14-05-2025
NY-CMP-52140,SEO,Premium Shoppers,14.0,"Google, Email, WhatsApp",54501.0,6385.0,2087.0,1266.0,801378.0,211.46,1.99,Tamil,17.87,Working Women,20-10-2024
NY-CMP-12810,Paid Ads,Premium Shoppers,26.0,Google,37267.0,3425.0,,378.0,219996.0,552.43,0.05,Hindi,13.47,Tier 2 City Customers,24-08-2024
NY-CMP-40929,Social Media,College Students,27.0,"WhatsApp, Instagram, Facebook",83420.0,3578.0,1303.0,637.0,245245.0,413.63,-0.07,English,6.61,Premium Shoppers,19-02-2025
NY-CMP-50000,Social Media,Premium Shoppers,8.0,"Instagram, YouTube",31117.0,3316.0,1328.0,622.0,379420.0,401.49,0.52,Bengali,16.92,Working Women,22-03-2025
NY-CMP-49727,Paid Ads,Youth,5.0,"Email, Facebook",16464.0,2355.0,758.0,429.0,169884.0,486.69,-0.19,English,21.51,Tier 2 City Customers,19-02-2025
NY-CMP-50059,Social Media,Working Women,11.0,"Email, Facebook",40180.0,5226.0,2786.0,,900876.0,93.81,3.73,,24.99,Premium Shoppers,09-12-2024
NY-CMP-6564,Social Media,Premium Shoppers,10.0,,10202.0,452.0,173.0,126.0,61236.0,1626.81,-0.7,Tamil,7.36,,15-12-2024
NY-CMP-29579,Influencer,Youth,22.0,"Google, YouTube",36826.0,3947.0,,1608.0,1164192.0,83.72,7.65,Tamil,20.75,Youth,12-12-2024
NY-CMP-37624,SEO,Tier 2 City Customers,9.0,"Facebook, WhatsApp, Google",86204.0,2103.0,595.0,407.0,307692.0,549.49,0.38,Bengali,3.6,College Students,08-12-2024
NY-CMP-55164,,Premium Shoppers,20.0,Facebook,,922.0,494.0,344.0,242864.0,651.65,0.08,Bengali,15.81,,28-07-2024
NY-CMP-39511,,Working Women,14.0,Instagram,84205.0,1700.0,423.0,170.0,,1537.07,-0.75,Bengali,2.72,,12-11-2024
NY-CMP-31342,Influencer,,9.0,"WhatsApp, Google",42402.0,3191.0,1552.0,1154.0,280422.0,245.42,-0.01,Hindi,13.91,Youth,30-12-2024
NY-CMP-49097,Paid Ads,Tier 2 City Customers,28.0,"WhatsApp, Instagram",63542.0,7606.0,2976.0,,575108.0,26.88,8.08,Hindi,20.36,Premium Shoppers,03-09-2024
NY-CMP-43843,SEO,Premium Shoppers,20.0,"Facebook, Google, WhatsApp",88239.0,5967.0,1996.0,650.0,447850.0,204.17,2.37,English,9.76,Premium Shoppers,04-04-2025
NY-CMP-46252,SEO,,12.0,"Instagram, WhatsApp",27150.0,3373.0,1570.0,1063.0,713273.0,,1.45,Bengali,22.12,Premium Shoppers,31-03-2025
NY-CMP-17213,,Tier 2 City Customers,14.0,"Google, Instagram",45107.0,1970.0,715.0,526.0,265104.0,304.04,0.66,English,7.12,Youth,08-03-2025
NY-CMP-51409,Social Media,College Students,15.0,"Email, WhatsApp, Facebook",56744.0,2544.0,1106.0,861.0,476994.0,64.04,7.65,Bengali,7.95,Youth,29-10-2024
NY-CMP-55996,Paid Ads,College Students,13.0,"YouTube, Email",33034.0,4884.0,1519.0,961.0,701530.0,101.07,6.22,Bengali,22.29,College Students,23-02-2025
NY-CMP-22594,Email,,30.0,Instagram,21821.0,,946.0,339.0,176619.0,425.74,0.22,Hindi,,Premium Shoppers,26-02-2025
NY-CMP-42385,Paid Ads,College Students,19.0,"Email, YouTube, Google",71679.0,6595.0,1605.0,546.0,216216.0,479.53,-0.17,Bengali,12.2,Working Women,03-02-2025
NY-CMP-9739,Paid Ads,College Students,25.0,"Instagram, Facebook, Email",75735.0,3983.0,973.0,449.0,114495.0,642.98,,Bengali,,Premium Shoppers,13-07-2024
NY-CMP-43484,Paid Ads,Premium Shoppers,23.0,"Google, Email",23311.0,,499.0,298.0,86420.0,661.38,-0.56,English,13.73,Tier 2 City Customers,04-08-2024
NY-CMP-50036,Paid Ads,Working Women,29.0,WhatsApp,78654.0,3727.0,,832.0,172224.0,143.45,0.44,Bengali,8.16,Youth,30-12-2024
NY-CMP-20771,Email,College Students,,WhatsApp,32851.0,1527.0,762.0,321.0,214428.0,361.76,0.85,Hindi,7.94,Youth,18-02-2025
NY-CMP-9893,Influencer,College Students,29.0,YouTube,76527.0,7972.0,3321.0,1685.0,500445.0,35.14,7.45,Hindi,16.96,,21-04-2025
NY-CMP-36138,Paid Ads,Youth,23.0,Facebook,97897.0,6690.0,3123.0,1627.0,691475.0,137.65,2.09,Bengali,11.69,Youth,22-08-2024
NY-CMP-39060,SEO,Tier 2 City Customers,25.0,Email,34394.0,745.0,359.0,179.0,133713.0,1204.69,-0.38,English,3.73,Tier 2 City Customers,17-10-2024
NY-CMP-53004,Email,Tier 2 City Customers,28.0,"YouTube, Facebook",35047.0,4492.0,2065.0,868.0,417508.0,326.6,0.47,English,21.19,College Students,28-05-2025
NY-CMP-39378,,Tier 2 City Customers,26.0,"Email, Instagram, Facebook",60807.0,1748.0,381.0,222.0,75924.0,1159.05,-0.7,Tamil,3.87,Tier 2 City Customers,20-08-2024
NY-CMP-8478,Paid Ads,Premium Shoppers,,"Instagram, WhatsApp",78930.0,11138.0,5743.0,2067.0,1165788.0,126.32,3.46,Bengali,24.01,Working Women,20-11-2024
NY-CMP-5243,SEO,College Students,21.0,"Email, YouTube",52783.0,4856.0,,1641.0,1237314.0,58.62,11.86,Hindi,17.1,Premium Shoppers,02-10-2024
NY-CMP-11279,Influencer,,5.0,"Facebook, WhatsApp",70860.0,4109.0,2086.0,1589.0,638778.0,162.62,1.47,English,,Tier 2 City Customers,08-11-2024
NY-CMP-6896,Paid Ads,Premium Shoppers,10.0,,,9573.0,5625.0,2083.0,1037334.0,29.81,15.71,Bengali,17.92,Working Women,25-09-2024
NY-CMP-29203,Social Media,Premium Shoppers,26.0,"Google, Email",21267.0,1721.0,1000.0,785.0,302225.0,131.35,1.93,Tamil,16.49,Working Women,22-02-2025
NY-CMP-40163,SEO,Tier 2 City Customers,13.0,"WhatsApp, Email, YouTube",18598.0,2275.0,1318.0,1000.0,468000.0,272.7,0.72,Bengali,,Premium Shoppers,
NY-CMP-10452,Paid Ads,Working Women,19.0,"Facebook, Instagram",76324.0,7485.0,2624.0,885.0,684990.0,112.72,5.87,Hindi,14.4,Premium Shoppers,08-08-2024
NY-CMP-25787,Social Media,College Students,16.0,"YouTube, Instagram",49000.0,6931.0,3891.0,2720.0,1321920.0,99.09,3.9,Hindi,27.64,College Students,13-07-2024
NY-CMP-43884,Influencer,Tier 2 City Customers,13.0,"Instagram, WhatsApp, Facebook",46688.0,2822.0,727.0,337.0,135811.0,626.23,-0.36,Tamil,8.32,Working Women,23-08-2024
NY-CMP-31139,Paid Ads,College Students,23.0,Instagram,24959.0,1112.0,618.0,195.0,43290.0,656.33,-0.66,Tamil,7.71,Premium Shoppers,20-02-2025
NY-CMP-40061,SEO,Working Women,23.0,Instagram,89036.0,10018.0,4192.0,2139.0,1236342.0,54.67,9.57,Hindi,18.36,College Students,05-08-2024
NY-CMP-11689,Email,Premium Shoppers,12.0,,84792.0,6752.0,2583.0,1589.0,1010604.0,,5.09,Bengali,,Youth,11-12-2024
NY-CMP-35376,Email,College Students,21.0,"Facebook, WhatsApp",,7710.0,2177.0,1089.0,779724.0,146.3,3.89,Tamil,12.55,College Students,23-09-2024
NY-CMP-17144,Email,Premium Shoppers,27.0,Instagram,73596.0,2976.0,1157.0,646.0,464474.0,335.92,1.14,English,6.49,College Students,01-10-2024
NY-CMP-56244,Paid Ads,Tier 2 City Customers,23.0,Instagram,40723.0,2312.0,764.0,361.0,186637.0,478.1,0.08,Hindi,8.44,Youth,31-10-2024
NY-CMP-47682,SEO,Tier 2 City Customers,28.0,"WhatsApp, Google",77247.0,2098.0,539.0,236.0,151276.0,1185.08,-0.46,Bengali,3.72,Working Women,29-07-2024
NY-CMP-47769,Social Media,Premium Shoppers,29.0,Email,90776.0,6395.0,1396.0,559.0,444964.0,285.85,1.78,Tamil,9.2,College Students,14-02-2025
NY-CMP-44324,Email,Premium Shoppers,9.0,,22529.0,1826.0,749.0,368.0,81696.0,646.34,-0.66,Bengali,13.06,Premium Shoppers,29-09-2024
NY-CMP-43975,Email,Premium Shoppers,16.0,"YouTube, Email, WhatsApp",21016.0,1878.0,521.0,413.0,113988.0,125.61,1.2,Tamil,13.38,Working Women,08-08-2024
NY-CMP-5128,Social Media,Premium Shoppers,28.0,"Facebook, Instagram, WhatsApp",87970.0,12185.0,5554.0,1819.0,1189626.0,56.01,10.68,English,22.23,Tier 2 City Customers,
NY-CMP-10806,Paid Ads,Youth,24.0,Facebook,32870.0,3550.0,1047.0,346.0,235280.0,169.81,3.0,English,15.04,Premium Shoppers,12-08-2024
NY-CMP-29813,SEO,Tier 2 City Customers,24.0,"Google, Facebook",74282.0,2401.0,859.0,,139860.0,568.36,-0.33,English,4.89,Working Women,02-08-2024
NY-CMP-43990,Influencer,Youth,24.0,"WhatsApp, Instagram",49882.0,3654.0,907.0,511.0,221774.0,423.69,0.02,Bengali,10.17,Tier 2 City Customers,08-09-2024
NY-CMP-6712,SEO,Premium Shoppers,9.0,"Email, YouTube, Facebook",46150.0,6251.0,3492.0,2567.0,,72.3,8.39,Tamil,26.67,Tier 2 City Customers,30-07-2024
NY-CMP-4914,Email,,29.0,"WhatsApp, Facebook",16484.0,1367.0,529.0,385.0,274505.0,389.39,0.83,English,13.84,Working Women,08-12-2024
NY-CMP-31959,SEO,Working Women,7.0,"WhatsApp, Email, Google",41249.0,5214.0,2845.0,1158.0,555840.0,135.54,2.54,Bengali,22.34,College Students,03-08-2024
NY-CMP-53822,Email,Youth,8.0,"Facebook, Google, Instagram",79138.0,11628.0,5592.0,2985.0,2190990.0,28.49,24.76,English,25.53,Tier 2 City Customers,14-12-2024
NY-CMP-32671,Email,Premium Shoppers,15.0,"WhatsApp, Google, YouTube",42834.0,3510.0,1075.0,522.0,161820.0,191.71,0.62,Bengali,11.92,Premium Shoppers,08-08-2024
NY-CMP-36350,Paid Ads,College Students,5.0,WhatsApp,79955.0,10110.0,5537.0,4316.0,2416960.0,43.57,11.85,,24.97,Youth,06-08-2024
NY-CMP-7348,SEO,Youth,27.0,Email,55769.0,4042.0,1111.0,421.0,211342.0,504.7,-0.01,Hindi,9.99,College Students,13-04-2025
NY-CMP-45268,Influencer,Premium Shoppers,25.0,"Email, WhatsApp, YouTube",69394.0,8576.0,2131.0,811.0,527150.0,134.07,3.85,Hindi,16.6,Tier 2 City Customers,03-11-2024
NY-CMP-33104,Email,,8.0,"YouTube, Google",64818.0,6447.0,2983.0,991.0,524239.0,257.91,1.05,Hindi,16.08,Youth,19-09-2024
NY-CMP-23328,,Youth,13.0,Facebook,41112.0,4751.0,1051.0,517.0,172678.0,502.84,-0.34,English,15.37,Youth,04-04-2025
NY-CMP-54154,Paid Ads,Working Women,14.0,YouTube,81388.0,10695.0,3791.0,2802.0,1294524.0,96.2,3.8,Bengali,21.24,Working Women,23-03-2025
NY-CMP-3463,Email,Tier 2 City Customers,,YouTube,63906.0,7294.0,,1889.0,1122066.0,154.02,2.86,English,18.18,Working Women,25-03-2025
NY-CMP-20482,SEO,Premium Shoppers,16.0,Google,41324.0,5581.0,2726.0,1420.0,893180.0,138.56,3.54,Tamil,23.54,College Students,27-03-2025
NY-CMP-10314,Paid Ads,College Students,21.0,"YouTube, WhatsApp, Facebook",23413.0,3460.0,1784.0,1284.0,744720.0,65.7,7.83,Bengali,27.88,College Students,13-09-2024
NY-CMP-50095,Influencer,Tier 2 City Customers,28.0,Facebook,94929.0,4229.0,1842.0,1205.0,731435.0,174.59,2.48,Hindi,7.66,College Students,20-07-2024
NY-CMP-28576,SEO,Premium Shoppers,15.0,YouTube,50894.0,6826.0,2880.0,1110.0,316350.0,124.97,1.28,Tamil,21.25,College Students,22-02-2025
NY-CMP-38046,Email,Youth,8.0,"Email, YouTube, Google",92189.0,8259.0,3417.0,2087.0,421574.0,119.25,,Tamil,14.93,Tier 2 City Customers,07-03-2025
NY-CMP-37699,Email,Youth,8.0,,41753.0,3784.0,2077.0,1623.0,,112.05,4.15,Bengali,17.92,College Students,18-02-2025
NY-CMP-1004,Paid Ads,College Students,10.0,"Facebook, Instagram",96871.0,3743.0,2060.0,1258.0,518296.0,228.6,0.8,Hindi,7.29,Tier 2 City Customers,29-12-2024
NY-CMP-48302,Paid Ads,Working Women,29.0,Email,75226.0,2339.0,1390.0,636.0,398136.0,170.0,2.68,Bengali,5.8,Working Women,03-07-2024
NY-CMP-27670,Social Media,Youth,25.0,"Google, YouTube",84173.0,12333.0,6013.0,3785.0,1400450.0,59.6,5.21,English,26.29,Working Women,05-11-2024
NY-CMP-39925,Influencer,Tier 2 City Customers,9.0,"Google, YouTube, Instagram",93121.0,11480.0,,3421.0,1187087.0,60.08,4.78,Tamil,21.0,Premium Shoppers,04-03-2025
NY-CMP-4751,Paid Ads,College Students,16.0,Facebook,30933.0,1582.0,,278.0,103416.0,189.0,0.97,English,7.56,Premium Shoppers,01-04-2025
NY-CMP-28271,Social Media,Premium Shoppers,24.0,"Instagram, Email",,1798.0,552.0,250.0,139250.0,651.62,-0.15,English,19.68,College Students,23-01-2025
NY-CMP-15478,Influencer,College Students,20.0,Facebook,49688.0,4523.0,2260.0,1805.0,588430.0,146.02,1.23,Tamil,17.28,Working Women,10-01-2025
NY-CMP-21146,SEO,College Students,24.0,"Google, YouTube, Facebook",22021.0,2596.0,1509.0,724.0,439468.0,247.2,1.46,English,21.93,College Students,20-10-2024
NY-CMP-42834,Email,Tier 2 City Customers,9.0,WhatsApp,14687.0,1486.0,350.0,144.0,63504.0,490.62,-0.1,Hindi,13.48,Tier 2 City Customers,08-04-2025
NY-CMP-53467,Social Media,Youth,13.0,"Facebook, Instagram, Email",94994.0,13148.0,,1872.0,1237392.0,80.73,7.19,English,19.82,Working Women,06-02-2025
NY-CMP-33553,SEO,College Students,,"Facebook, WhatsApp, YouTube",63275.0,2757.0,1635.0,992.0,214272.0,289.53,-0.25,English,8.51,College Students,28-01-2025
NY-CMP-38003,Social Media,Premium Shoppers,8.0,"Instagram, YouTube, Google",43532.0,2770.0,1642.0,,366520.0,224.26,1.12,Hindi,11.9,Premium Shoppers,06-06-2025
NY-CMP-54872,Influencer,Youth,28.0,,50496.0,1626.0,340.0,174.0,109620.0,1219.51,-0.48,Bengali,4.24,Youth,17-09-2024
NY-CMP-44944,Email,Working Women,23.0,WhatsApp,88579.0,6880.0,3806.0,2083.0,1197725.0,60.61,8.49,Hindi,14.42,Working Women,16-04-2025
NY-CMP-42738,Email,College Students,19.0,"WhatsApp, Facebook",16053.0,1287.0,733.0,438.0,176514.0,477.53,-0.16,Bengali,15.31,,09-02-2025
NY-CMP-18004,,Premium Shoppers,20.0,WhatsApp,86066.0,3638.0,1669.0,1247.0,761917.0,132.72,3.6,Hindi,7.62,Premium Shoppers,30-11-2024
NY-CMP-30830,SEO,Working Women,7.0,"Facebook, YouTube, Instagram",68367.0,1575.0,725.0,391.0,127857.0,165.59,0.97,Tamil,3.94,College Students,
NY-CMP-34316,Paid Ads,Premium Shoppers,25.0,"Facebook, WhatsApp, Email",26653.0,,276.0,123.0,46617.0,2137.21,-0.82,English,4.23,Working Women,24-11-2024
NY-CMP-40528,Paid Ads,Working Women,22.0,Facebook,14106.0,1692.0,922.0,482.0,126766.0,387.95,,Hindi,21.95,Working Women,
NY-CMP-55710,,Working Women,,"YouTube, Email, Google",80238.0,2571.0,1514.0,558.0,323082.0,122.26,3.74,Bengali,5.79,College Students,22-07-2024
NY-CMP-48810,,Premium Shoppers,21.0,"WhatsApp, Facebook",21509.0,851.0,176.0,113.0,40341.0,,-0.85,English,5.3,Tier 2 City Customers,16-05-2025
NY-CMP-18161,Influencer,Working Women,8.0,"Facebook, Google",71923.0,8554.0,2578.0,1310.0,552820.0,191.87,1.2,Tamil,17.3,Youth,10-07-2024
NY-CMP-50777,SEO,Premium Shoppers,29.0,Facebook,29511.0,1542.0,446.0,299.0,98969.0,270.05,0.23,Tamil,7.75,Tier 2 City Customers,23-10-2024
NY-CMP-39291,Social Media,Youth,20.0,Google,88103.0,11641.0,6098.0,2578.0,525912.0,65.98,2.09,,23.06,Youth,19-03-2025
NY-CMP-20246,Influencer,Premium Shoppers,14.0,"Facebook, WhatsApp",94885.0,10063.0,2644.0,1651.0,917956.0,140.9,2.95,Tamil,15.13,Tier 2 City Customers,24-11-2024
NY-CMP-41377,,Premium Shoppers,10.0,,96850.0,12471.0,5027.0,,876554.0,61.7,5.58,Tamil,20.3,Youth,19-01-2025
NY-CMP-55565,Influencer,Premium Shoppers,17.0,Instagram,65870.0,8010.0,2769.0,1771.0,784553.0,163.36,1.71,Tamil,19.05,Working Women,16-08-2024
NY-CMP-20474,SEO,Tier 2 City Customers,6.0,Instagram,54926.0,5828.0,2021.0,1079.0,419731.0,207.25,0.88,Bengali,16.25,Premium Shoppers,25-04-2025
NY-CMP-10506,Paid Ads,Working Women,30.0,"Instagram, WhatsApp, Google",55342.0,3721.0,,1268.0,259940.0,206.5,-0.01,Tamil,12.88,,27-05-2025
NY-CMP-47272,Social Media,Youth,25.0,"YouTube, Google, WhatsApp",42590.0,1548.0,338.0,,144673.0,505.62,,Tamil,4.9,College Students,29-08-2024
NY-CMP-23577,Influencer,Youth,14.0,Facebook,85508.0,5651.0,1225.0,552.0,129720.0,423.62,-0.45,Tamil,8.69,Youth,23-12-2024
NY-CMP-6763,Email,Working Women,24.0,"Instagram, WhatsApp",58910.0,7308.0,3686.0,,1433170.0,157.86,4.03,English,21.73,Tier 2 City Customers,27-02-2025
NY-CMP-28884,Email,College Students,,Email,65375.0,7141.0,2857.0,941.0,444152.0,,0.85,Bengali,,Working Women,04-04-2025
NY-CMP-42870,Paid Ads,Youth,15.0,"Email, YouTube, WhatsApp",39764.0,4749.0,2233.0,1741.0,391725.0,69.91,2.22,Tamil,21.94,Tier 2 City Customers,
NY-CMP-44218,Email,Youth,5.0,"Email, Instagram",91958.0,4137.0,1598.0,637.0,424879.0,303.06,1.2,Tamil,6.93,Working Women,15-08-2024
NY-CMP-51994,Influencer,Youth,8.0,WhatsApp,37223.0,1014.0,565.0,339.0,129159.0,752.22,-0.49,Hindi,5.15,Tier 2 City Customers,09-07-2024
NY-CMP-40158,Social Media,College Students,25.0,"Google, Facebook, YouTube",57197.0,2899.0,1016.0,440.0,295680.0,168.17,3.0,English,,Youth,28-07-2024
NY-CMP-49806,Email,Working Women,20.0,Instagram,28593.0,1117.0,267.0,176.0,73392.0,933.2,-0.55,English,5.46,Working Women,14-10-2024
NY-CMP-11434,Paid Ads,,25.0,"Facebook, Email, Google",48180.0,3476.0,1749.0,860.0,318200.0,250.28,0.48,English,12.63,Tier 2 City Customers,
NY-CMP-15064,SEO,Youth,13.0,"WhatsApp, Email",46235.0,3028.0,1716.0,,759808.0,95.35,6.78,Bengali,12.48,Tier 2 City Customers,26-03-2025
NY-CMP-37511,Email,Tier 2 City Customers,9.0,WhatsApp,23317.0,3086.0,699.0,509.0,405673.0,400.61,0.99,Hindi,18.42,Youth,17-07-2024
NY-CMP-38501,,Youth,6.0,,47300.0,5759.0,3300.0,1843.0,398088.0,75.79,1.85,Tamil,23.05,Premium Shoppers,15-12-2024
NY-CMP-12342,Social Media,Premium Shoppers,,"Facebook, Email, Google",52298.0,4617.0,1891.0,727.0,459464.0,352.34,0.79,Tamil,13.83,Youth,18-03-2025
NY-CMP-52615,SEO,Working Women,17.0,"WhatsApp, Facebook, YouTube",98584.0,13079.0,6751.0,5039.0,,38.89,7.36,Tamil,25.23,Working Women,29-03-2025
NY-CMP-11675,Social Media,Youth,6.0,"Facebook, Instagram, WhatsApp",91772.0,3800.0,2206.0,1294.0,463252.0,200.91,0.78,English,7.95,Premium Shoppers,18-01-2025
NY-CMP-23613,Influencer,College Students,14.0,"YouTube, Email",,1015.0,534.0,165.0,96855.0,1701.17,-0.65,,9.55,Premium Shoppers,19-10-2024
NY-CMP-16443,Paid Ads,Youth,5.0,"Google, Email",14994.0,927.0,464.0,358.0,227688.0,751.28,,Hindi,11.66,Tier 2 City Customers,26-10-2024
NY-CMP-43306,Email,Premium Shoppers,21.0,"WhatsApp, Google, YouTube",82635.0,,1483.0,1141.0,772457.0,156.44,3.33,Hindi,9.4,Youth,16-01-2025
NY-CMP-53755,SEO,Working Women,7.0,"Email, WhatsApp",98665.0,3938.0,1871.0,1293.0,806832.0,188.25,2.31,,7.2,,02-05-2025
NY-CMP-48541,,College Students,26.0,"Google, Email, Instagram",54625.0,,1129.0,900.0,618300.0,129.41,4.31,Bengali,9.5,College Students,15-09-2024
NY-CMP-19303,SEO,College Students,28.0,"Google, WhatsApp",50868.0,2807.0,946.0,424.0,214968.0,653.84,-0.22,Bengali,8.21,College Students,16-01-2025
NY-CMP-51771,SEO,Youth,5.0,WhatsApp,16536.0,861.0,276.0,183.0,95160.0,1580.46,-0.67,Bengali,7.98,Tier 2 City Customers,23-01-2025
NY-CMP-35616,SEO,Premium Shoppers,25.0,YouTube,20133.0,740.0,216.0,126.0,,1969.83,-0.63,Tamil,5.37,College Students,07-08-2024
NY-CMP-19633,Influencer,Youth,25.0,Google,35493.0,3978.0,1796.0,745.0,312900.0,204.66,1.05,Hindi,18.37,College Students,19-10-2024
NY-CMP-35935,SEO,Youth,17.0,"Instagram, Facebook",73132.0,2789.0,1304.0,407.0,96052.0,638.41,-0.63,English,6.15,Tier 2 City Customers,11-06-2025
NY-CMP-54507,Email,Youth,21.0,"Facebook, YouTube",93213.0,2494.0,832.0,507.0,249951.0,321.91,0.53,English,4.11,Working Women,24-04-2025
NY-CMP-24656,Email,Working Women,8.0,"Email, Google, YouTube",46604.0,5690.0,2522.0,,518040.0,140.66,1.56,Bengali,,Premium Shoppers,13-01-2025
NY-CMP-55363,Influencer,Premium Shoppers,19.0,"YouTube, Facebook",85341.0,2759.0,1159.0,918.0,439722.0,246.8,0.94,Hindi,5.67,Tier 2 City Customers,18-12-2024
NY-CMP-4120,Influencer,Youth,19.0,Email,18984.0,2818.0,867.0,558.0,198090.0,96.68,2.67,English,22.35,Premium Shoppers,21-08-2024
NY-CMP-40150,Influencer,Youth,26.0,Email,18322.0,393.0,,98.0,51842.0,2712.28,-0.8,Hindi,,College Students,07-11-2024
NY-CMP-7434,Social Media,College Students,29.0,"Instagram, Facebook, YouTube",50526.0,,983.0,353.0,148966.0,626.98,,Bengali,8.11,Youth,28-09-2024
NY-CMP-33931,Social Media,,9.0,Google,37801.0,4867.0,1164.0,367.0,242587.0,607.75,0.09,Tamil,16.93,Tier 2 City Customers,
NY-CMP-12212,Paid Ads,Tier 2 City Customers,29.0,,77133.0,7687.0,3473.0,2335.0,1237550.0,73.27,6.23,Hindi,17.5,Premium Shoppers,21-05-2025
NY-CMP-45969,Email,College Students,27.0,"Google, YouTube",50260.0,6211.0,3238.0,1597.0,809679.0,116.06,3.37,Bengali,21.98,Premium Shoppers,17-05-2025
NY-CMP-42353,Email,Working Women,11.0,"WhatsApp, Google",57025.0,7702.0,2848.0,1684.0,550668.0,100.94,2.24,Bengali,21.45,Youth,16-10-2024
NY-CMP-42181,Influencer,Premium Shoppers,27.0,"Instagram, YouTube, Email",29118.0,3375.0,1425.0,637.0,393666.0,238.38,1.59,English,18.67,Youth,06-11-2024
NY-CMP-29131,Paid Ads,Tier 2 City Customers,8.0,"WhatsApp, Instagram",90667.0,13144.0,7469.0,,1025640.0,52.3,5.88,Tamil,25.88,College Students,10-04-2025
NY-CMP-9035,Social Media,Youth,22.0,"Google, Instagram, Email",77782.0,4830.0,1094.0,333.0,144522.0,691.88,-0.37,Tamil,8.04,Working Women,27-09-2024
NY-CMP-53153,Email,Working Women,29.0,"Email, Google",52419.0,5229.0,2088.0,1023.0,495132.0,155.03,2.12,Tamil,15.91,Premium Shoppers,14-12-2024
NY-CMP-53141,,College Students,19.0,"Instagram, Email",42194.0,1144.0,662.0,357.0,145299.0,306.71,0.33,Tamil,5.13,College Students,15-03-2025
NY-CMP-7752,Email,Tier 2 City Customers,22.0,YouTube,80143.0,10017.0,,2404.0,1300564.0,55.0,8.84,Bengali,22.07,Tier 2 City Customers,29-11-2024
NY-CMP-20537,Paid Ads,Tier 2 City Customers,21.0,,28555.0,2079.0,1055.0,583.0,221540.0,464.43,-0.18,English,13.02,Tier 2 City Customers,01-01-2025
NY-CMP-24469,Social Media,College Students,8.0,"Facebook, Google, Email",91617.0,13549.0,3857.0,2354.0,1026344.0,40.39,9.79,Bengali,21.57,Tier 2 City Customers,21-08-2024
NY-CMP-54746,Email,College Students,28.0,"Google, YouTube, Email",92831.0,13650.0,5888.0,3998.0,2070964.0,63.74,7.13,English,25.35,Youth,08-01-2025
NY-CMP-5229,Email,Tier 2 City Customers,19.0,"Instagram, YouTube, Email",76047.0,9802.0,5343.0,1797.0,1266885.0,125.88,4.6,Tamil,22.28,College Students,13-09-2024
NY-CMP-54015,Social Media,Premium Shoppers,28.0,Google,98074.0,13062.0,4975.0,2117.0,1191871.0,80.77,5.97,Bengali,20.55,College Students,01-08-2024
NY-CMP-7917,SEO,College Students,20.0,"Google, Facebook",57442.0,6148.0,3632.0,1222.0,342160.0,90.76,2.09,Tamil,19.15,Tier 2 City Customers,20-08-2024
NY-CMP-33212,SEO,Premium Shoppers,14.0,"Email, WhatsApp",27179.0,2785.0,1417.0,843.0,348159.0,183.07,1.26,Hindi,18.56,College Students,
NY-CMP-47138,Email,Working Women,27.0,"Google, YouTube",76472.0,6762.0,1934.0,1161.0,478332.0,138.97,1.96,English,12.89,Youth,12-07-2024
NY-CMP-52373,Email,College Students,26.0,WhatsApp,62612.0,4483.0,1650.0,1151.0,743546.0,74.91,7.62,Tamil,11.63,Premium Shoppers,29-05-2025
NY-CMP-55382,Influencer,Working Women,7.0,WhatsApp,17802.0,1074.0,455.0,228.0,81168.0,671.14,-0.47,Hindi,9.87,Premium Shoppers,12-03-2025
NY-CMP-16119,Social Media,Youth,24.0,"WhatsApp, Email, YouTube",33678.0,4429.0,1705.0,1004.0,554208.0,284.47,0.94,English,21.19,Tier 2 City Customers,04-05-2025
NY-CMP-16269,Email,Premium Shoppers,13.0,"Instagram, YouTube, WhatsApp",76159.0,6075.0,3252.0,2126.0,1192686.0,38.57,13.55,English,15.04,Working Women,15-06-2025
NY-CMP-17754,Social Media,Youth,16.0,"Google, Instagram",38141.0,2768.0,865.0,393.0,179994.0,473.34,-0.03,,10.56,Tier 2 City Customers,30-01-2025
NY-CMP-45026,Social Media,Tier 2 City Customers,5.0,"Facebook, Instagram",41810.0,3440.0,1848.0,728.0,570752.0,372.82,1.1,English,14.39,Tier 2 City Customers,31-01-2025
NY-CMP-2174,Influencer,College Students,30.0,WhatsApp,97028.0,14251.0,7739.0,4050.0,3126600.0,13.72,55.27,Bengali,,College Students,18-04-2025
NY-CMP-26303,Social Media,Youth,29.0,"Facebook, Instagram, YouTube",85008.0,12727.0,4253.0,2724.0,1135908.0,77.06,4.41,English,23.18,Youth,27-05-2025
NY-CMP-32387,Social Media,Tier 2 City Customers,25.0,"Facebook, Instagram, YouTube",64399.0,,3084.0,1349.0,951045.0,105.79,5.66,Bengali,16.26,,08-08-2024
NY-CMP-21870,Influencer,Working Women,28.0,"Google, Instagram",25507.0,562.0,202.0,144.0,64944.0,2061.83,-0.78,Bengali,3.56,Tier 2 City Customers,15-11-2024
NY-CMP-35066,Social Media,Youth,25.0,"WhatsApp, YouTube, Email",10643.0,1559.0,779.0,,,302.5,0.4,Hindi,25.29,Premium Shoppers,27-03-2025
NY-CMP-32211,Email,Tier 2 City Customers,25.0,"WhatsApp, YouTube",69427.0,7951.0,4182.0,,821678.0,136.19,1.75,Tamil,20.64,Working Women,23-08-2024
NY-CMP-35356,Social Media,College Students,13.0,Instagram,52455.0,2810.0,1129.0,354.0,74340.0,280.39,-0.25,Tamil,8.18,College Students,16-03-2025
NY-CMP-33754,Email,College Students,17.0,"YouTube, Google, Email",35934.0,3209.0,1181.0,828.0,250884.0,223.29,0.36,Tamil,14.52,College Students,17-11-2024
NY-CMP-50839,Influencer,College Students,18.0,"Email, Facebook, Google",41574.0,4307.0,1529.0,,410116.0,248.98,1.73,Tamil,15.49,Working Women,12-12-2024
NY-CMP-53873,Paid Ads,Youth,18.0,"Email, YouTube",24182.0,640.0,207.0,132.0,84480.0,628.3,0.02,Tamil,,Premium Shoppers,12-11-2024
NY-CMP-47424,SEO,College Students,5.0,"YouTube, Facebook, Google",65431.0,5646.0,2878.0,1526.0,511210.0,154.43,1.17,English,15.36,Working Women,24-08-2024
NY-CMP-25201,Social Media,,26.0,Google,61005.0,6653.0,1690.0,896.0,587776.0,118.21,4.55,Bengali,15.14,Tier 2 City Customers,01-12-2024
NY-CMP-25352,Paid Ads,Working Women,12.0,"YouTube, Facebook",78483.0,2631.0,1041.0,431.0,307734.0,,0.13,Bengali,5.23,College Students,18-10-2024
NY-CMP-25645,SEO,Youth,9.0,"Google, Instagram, Facebook",88536.0,4007.0,,,284727.0,122.5,1.62,,7.89,College Students,09-10-2024
NY-CMP-35434,Paid Ads,Tier 2 City Customers,24.0,"Google, YouTube, Facebook",46316.0,,871.0,280.0,113960.0,370.9,0.1,Tamil,7.64,College Students,25-12-2024
NY-CMP-20876,Influencer,Tier 2 City Customers,28.0,"Instagram, WhatsApp, Email",44836.0,3136.0,1739.0,1137.0,618528.0,133.74,3.07,English,13.41,Working Women,17-04-2025
NY-CMP-47903,SEO,College Students,16.0,WhatsApp,45266.0,5324.0,1960.0,872.0,543256.0,331.4,0.88,English,18.02,Working Women,12-01-2025
NY-CMP-31350,Influencer,Tier 2 City Customers,29.0,"Google, Facebook",39577.0,4694.0,1559.0,682.0,519002.0,427.73,0.78,Bengali,17.52,Tier 2 City Customers,
NY-CMP-8289,Email,Premium Shoppers,29.0,"Facebook, WhatsApp, Email",36973.0,2177.0,604.0,446.0,,590.19,0.24,English,8.73,College Students,09-10-2024
NY-CMP-26722,SEO,Premium Shoppers,28.0,"WhatsApp, YouTube, Instagram",14944.0,853.0,190.0,106.0,80242.0,1179.83,-0.36,Hindi,7.69,Premium Shoppers,01-03-2025
NY-CMP-56060,SEO,Premium Shoppers,15.0,"Facebook, Instagram, Email",,7448.0,2044.0,1549.0,1110633.0,77.01,8.31,English,19.9,Working Women,04-05-2025
NY-CMP-37294,SEO,Tier 2 City Customers,20.0,Instagram,58315.0,2780.0,1575.0,970.0,422920.0,,3.46,Hindi,9.13,Premium Shoppers,01-07-2024
NY-CMP-41326,Social Media,Youth,26.0,,64013.0,6755.0,1956.0,1434.0,445974.0,74.33,3.18,Hindi,15.85,Tier 2 City Customers,18-10-2024
NY-CMP-18624,Social Media,College Students,20.0,"Google, Instagram",13285.0,639.0,150.0,97.0,25705.0,3066.74,-0.91,English,6.67,,20-08-2024
NY-CMP-12296,Email,Tier 2 City Customers,9.0,Instagram,56801.0,2567.0,1538.0,786.0,266454.0,291.91,0.16,Hindi,8.61,Premium Shoppers,01-08-2024
NY-CMP-17344,Paid Ads,Premium Shoppers,21.0,WhatsApp,38561.0,5260.0,2268.0,1762.0,955004.0,132.59,3.09,Tamil,24.09,Youth,24-05-2025
NY-CMP-15673,Paid Ads,College Students,28.0,WhatsApp,15005.0,576.0,261.0,183.0,72285.0,614.51,-0.36,Hindi,6.8,College Students,18-02-2025
NY-CMP-20353,Social Media,Tier 2 City Customers,6.0,"Facebook, Google, YouTube",53077.0,3829.0,1241.0,479.0,350628.0,387.01,0.89,Tamil,10.45,Working Women,05-01-2025
NY-CMP-46930,Email,Tier 2 City Customers,28.0,"Google, WhatsApp, Facebook",49404.0,7146.0,,,277794.0,342.13,0.21,Hindi,20.32,College Students,27-02-2025
NY-CMP-19107,Influencer,Premium Shoppers,24.0,"Facebook, Instagram, WhatsApp",43712.0,5046.0,1422.0,1058.0,616814.0,123.02,3.74,Bengali,17.22,College Students,02-03-2025
NY-CMP-44047,SEO,Premium Shoppers,6.0,"Google, Email",80379.0,11270.0,5868.0,2334.0,1741164.0,90.05,7.28,Tamil,24.23,Working Women,19-12-2024
NY-CMP-14963,Email,Premium Shoppers,27.0,"Instagram, WhatsApp",60435.0,5652.0,1823.0,862.0,224982.0,314.49,-0.17,Bengali,13.79,College Students,18-08-2024
NY-CMP-48017,SEO,College Students,9.0,"Facebook, WhatsApp, YouTube",90134.0,2991.0,607.0,388.0,,320.3,1.31,Bengali,4.42,Working Women,14-03-2025
NY-CMP-41086,Email,Working Women,18.0,"Google, WhatsApp, Instagram",72637.0,4275.0,984.0,743.0,526787.0,366.61,0.93,Bengali,8.26,Youth,13-03-2025
NY-CMP-1182,Email,Tier 2 City Customers,9.0,"Email, Facebook, WhatsApp",10381.0,1025.0,243.0,165.0,96690.0,1097.96,-0.47,Tamil,13.8,,07-04-2025
NY-CMP-51261,Paid Ads,College Students,30.0,"Google, Instagram, Email",83673.0,10280.0,3610.0,1576.0,770664.0,159.84,2.06,Tamil,18.48,College Students,11-01-2025
NY-CMP-3097,SEO,Working Women,30.0,"Instagram, Facebook",49447.0,3867.0,1477.0,444.0,319236.0,565.89,0.27,Bengali,11.71,,12-07-2024
NY-CMP-39971,,College Students,22.0,WhatsApp,67448.0,8155.0,1716.0,1226.0,899884.0,234.5,2.13,English,16.45,College Students,04-02-2025
NY-CMP-16297,Paid Ads,Working Women,14.0,"Facebook, Instagram",58998.0,3162.0,1777.0,777.0,516705.0,306.65,1.17,Bengali,9.69,Premium Shoppers,
NY-CMP-21867,Paid Ads,Working Women,29.0,Email,72448.0,1970.0,1043.0,415.0,88810.0,246.21,-0.13,,4.73,Tier 2 City Customers,
NY-CMP-41704,Social Media,Working Women,9.0,"Google, YouTube",73246.0,5093.0,1090.0,787.0,424193.0,128.5,3.19,Tamil,9.52,Premium Shoppers,29-11-2024
NY-CMP-39042,Paid Ads,College Students,11.0,YouTube,12254.0,1529.0,557.0,205.0,143295.0,496.24,0.41,Tamil,18.7,Tier 2 City Customers,25-01-2025
NY-CMP-43109,Social Media,Premium Shoppers,12.0,Email,78323.0,7905.0,1692.0,1309.0,420189.0,120.94,1.65,Tamil,13.92,Premium Shoppers,
NY-CMP-23091,Influencer,Premium Shoppers,18.0,Facebook,38470.0,3180.0,1713.0,1223.0,,,,Hindi,15.9,Working Women,09-06-2025
NY-CMP-22023,Email,Youth,25.0,Email,87797.0,6004.0,3344.0,,363264.0,59.38,3.35,Hindi,12.25,Premium Shoppers,17-04-2025
NY-CMP-1508,Email,College Students,18.0,"WhatsApp, Email",79759.0,,3322.0,2177.0,546427.0,65.12,2.85,English,18.2,Premium Shoppers,11-08-2024
NY-CMP-50160,SEO,Tier 2 City Customers,9.0,,,4977.0,1842.0,1221.0,540903.0,118.91,2.73,Bengali,17.45,Working Women,21-09-2024
NY-CMP-41999,SEO,,14.0,"Facebook, WhatsApp, Google",77218.0,9733.0,3889.0,2281.0,1097161.0,128.48,2.74,Bengali,20.59,Tier 2 City Customers,19-12-2024
NY-CMP-33053,Influencer,Premium Shoppers,21.0,WhatsApp,57074.0,7179.0,2285.0,1660.0,748660.0,41.74,9.81,Bengali,19.49,Working Women,28-12-2024
NY-CMP-8284,Email,Tier 2 City Customers,7.0,"WhatsApp, Facebook, YouTube",92502.0,7885.0,2333.0,,538656.0,169.91,1.92,Bengali,12.22,Working Women,16-08-2024
NY-CMP-6854,Influencer,Working Women,25.0,Google,42727.0,5031.0,2645.0,1333.0,963759.0,168.0,3.3,Hindi,21.09,Tier 2 City Customers,28-02-2025
NY-CMP-42500,,Youth,30.0,Email,71925.0,9626.0,4543.0,2697.0,1952628.0,23.3,30.07,English,23.45,Tier 2 City Customers,14-11-2024
NY-CMP-36072,Social Media,College Students,17.0,"Facebook, Email, YouTube",17081.0,1992.0,559.0,444.0,140748.0,547.13,-0.42,Bengali,17.53,Working Women,14-02-2025
NY-CMP-52602,Influencer,Working Women,,,88376.0,8609.0,3279.0,1976.0,474240.0,32.3,6.43,,15.69,College Students,22-03-2025
NY-CMP-35580,Influencer,College Students,12.0,"Facebook, WhatsApp, Instagram",48928.0,6488.0,,999.0,422577.0,202.52,1.09,Tamil,18.11,Working Women,13-04-2025
NY-CMP-39351,Email,College Students,20.0,"Email, Google, YouTube",74658.0,5687.0,2480.0,1718.0,1123572.0,111.28,4.88,,13.24,Youth,28-12-2024
NY-CMP-30013,Influencer,Premium Shoppers,,"YouTube, Instagram, Google",30885.0,3088.0,962.0,569.0,328313.0,331.98,0.74,Tamil,14.96,Youth,17-12-2024
NY-CMP-16331,Paid Ads,Working Women,29.0,"Instagram, Google",24784.0,3595.0,1510.0,1072.0,728960.0,241.06,1.82,Hindi,24.92,Youth,
NY-CMP-18894,Email,Premium Shoppers,23.0,"Facebook, Email, WhatsApp",36109.0,896.0,319.0,,57912.0,1838.27,-0.75,Hindi,3.72,College Students,11-02-2025
NY-CMP-23381,Social Media,Premium Shoppers,26.0,"WhatsApp, YouTube, Instagram",59879.0,5127.0,2814.0,868.0,614544.0,217.34,2.26,Hindi,14.71,College Students,01-07-2024
NY-CMP-52864,Email,College Students,12.0,YouTube,26616.0,1084.0,639.0,491.0,162030.0,289.95,0.14,Tamil,8.32,,10-10-2024
NY-CMP-32291,Influencer,Working Women,9.0,"Google, WhatsApp",41530.0,5472.0,3153.0,1834.0,766612.0,53.42,6.82,Hindi,25.18,Working Women,02-03-2025
NY-CMP-40457,SEO,College Students,9.0,Email,16532.0,2007.0,962.0,344.0,163056.0,544.64,-0.13,Tamil,20.04,Working Women,25-05-2025
NY-CMP-43872,Email,Premium Shoppers,24.0,Facebook,14903.0,818.0,166.0,124.0,88164.0,1454.4,-0.51,Bengali,7.43,Working Women,27-08-2024
NY-CMP-16714,Social Media,Tier 2 City Customers,8.0,"Email, Google",81934.0,9815.0,4791.0,1632.0,1212576.0,148.5,4.0,Tamil,19.82,Youth,07-06-2025
NY-CMP-27495,Influencer,Premium Shoppers,19.0,"Google, Email",41066.0,,666.0,257.0,147775.0,796.93,-0.28,Tamil,5.13,College Students,17-08-2024
NY-CMP-10093,Influencer,Youth,10.0,"YouTube, Email",50054.0,4461.0,1591.0,1138.0,778392.0,162.5,3.21,Hindi,14.36,Working Women,12-08-2024
NY-CMP-7976,Social Media,Tier 2 City Customers,8.0,"Facebook, YouTube",67726.0,,2755.0,1004.0,743964.0,133.9,4.53,English,17.28,College Students,29-05-2025
NY-CMP-48583,Social Media,Tier 2 City Customers,30.0,"Email, WhatsApp",80731.0,11860.0,3905.0,1876.0,1459528.0,142.57,4.46,Hindi,21.85,College Students,05-10-2024
NY-CMP-47224,Email,Tier 2 City Customers,9.0,"WhatsApp, Instagram, YouTube",35244.0,3048.0,1044.0,619.0,338593.0,186.46,1.93,Tamil,13.37,Tier 2 City Customers,17-12-2024
NY-CMP-37946,SEO,Youth,22.0,"Instagram, WhatsApp",95472.0,,1325.0,992.0,229152.0,114.63,1.02,English,7.22,,07-05-2025
NY-CMP-25999,Email,College Students,19.0,Email,66531.0,9898.0,3407.0,2061.0,978975.0,46.79,9.15,English,23.1,College Students,13-05-2025
NY-CMP-6803,SEO,Tier 2 City Customers,7.0,"Google, Facebook",38627.0,3987.0,2111.0,1357.0,,218.41,1.2,Hindi,19.3,College Students,21-03-2025
NY-CMP-26109,SEO,Working Women,26.0,Email,,7706.0,4336.0,1818.0,538128.0,120.9,1.45,English,22.64,Tier 2 City Customers,12-04-2025
NY-CMP-48595,Email,Youth,22.0,"Google, WhatsApp",73086.0,2977.0,964.0,602.0,323274.0,339.6,0.58,,6.22,College Students,14-02-2025
NY-CMP-23493,Email,College Students,28.0,"YouTube, WhatsApp, Google",93315.0,5536.0,1857.0,1326.0,1054170.0,154.54,4.14,Tamil,9.34,College Students,
NY-CMP-24141,Social Media,Premium Shoppers,17.0,"YouTube, Google, WhatsApp",21496.0,3150.0,990.0,727.0,383129.0,,0.49,Bengali,22.64,Working Women,18-10-2024
NY-CMP-42331,Email,Youth,18.0,Email,70717.0,5611.0,2977.0,910.0,434980.0,235.92,,Hindi,13.43,Tier 2 City Customers,29-05-2025
NY-CMP-48956,,,,Instagram,90064.0,7732.0,3669.0,1188.0,914760.0,99.0,6.78,Bengali,13.98,Youth,26-09-2024
NY-CMP-31643,Social Media,Youth,,Instagram,83307.0,8192.0,4766.0,3310.0,863910.0,42.59,5.13,Tamil,,Working Women,10-10-2024
NY-CMP-16521,SEO,College Students,15.0,"WhatsApp, Email",65425.0,3409.0,1611.0,851.0,559958.0,74.98,7.78,Bengali,8.97,Tier 2 City Customers,08-10-2024
NY-CMP-49446,SEO,Tier 2 City Customers,11.0,Email,74443.0,10473.0,4628.0,2743.0,,,2.99,Hindi,23.97,Working Women,21-08-2024
NY-CMP-19856,Email,Tier 2 City Customers,6.0,Email,87137.0,10507.0,2555.0,1044.0,259956.0,266.25,-0.06,Tamil,,Tier 2 City Customers,17-04-2025
NY-CMP-35939,Email,Youth,21.0,Email,69595.0,5273.0,,383.0,238992.0,508.81,0.23,English,9.89,Premium Shoppers,27-12-2024
NY-CMP-41488,Social Media,Tier 2 City Customers,20.0,YouTube,26406.0,1532.0,609.0,292.0,121764.0,894.05,-0.53,Hindi,9.21,Working Women,18-11-2024
NY-CMP-14458,Social Media,Youth,23.0,"Facebook, WhatsApp, Instagram",13881.0,1851.0,838.0,664.0,446208.0,420.88,0.6,Tamil,24.16,College Students,17-09-2024
NY-CMP-12028,Paid Ads,College Students,7.0,"Email, Instagram, WhatsApp",50854.0,2804.0,1015.0,354.0,92748.0,393.21,-0.33,English,8.21,Working Women,07-01-2025
NY-CMP-35362,Email,College Students,8.0,"YouTube, WhatsApp, Facebook",26626.0,1465.0,455.0,183.0,73017.0,1326.04,-0.7,Hindi,7.9,College Students,12-02-2025
NY-CMP-34502,Email,College Students,25.0,Email,,1132.0,630.0,396.0,110088.0,453.61,-0.39,,8.06,Youth,17-01-2025
NY-CMP-17790,Paid Ads,Tier 2 City Customers,9.0,Email,62104.0,2287.0,1233.0,,649790.0,73.48,8.77,Hindi,7.13,,10-09-2024
NY-CMP-16145,Influencer,Tier 2 City Customers,29.0,"Email, Google",13527.0,655.0,205.0,133.0,47880.0,645.78,-0.44,Tamil,7.34,College Students,11-03-2025
NY-CMP-15518,SEO,College Students,28.0,YouTube,64906.0,,1806.0,1241.0,562173.0,220.87,1.05,Bengali,14.76,College Students,07-09-2024
NY-CMP-26694,,Working Women,12.0,"Google, WhatsApp, Facebook",19704.0,1408.0,308.0,150.0,,463.2,0.59,Hindi,9.47,Working Women,05-05-2025
NY-CMP-22011,Paid Ads,College Students,9.0,Email,23974.0,,381.0,237.0,150258.0,645.7,-0.02,English,7.31,College Students,18-01-2025
NY-CMP-48608,Email,Tier 2 City Customers,9.0,"WhatsApp, Facebook, Google",56435.0,3805.0,1487.0,882.0,363384.0,226.36,0.82,Hindi,10.94,Working Women,03-01-2025
NY-CMP-47626,Social Media,Premium Shoppers,22.0,"Facebook, WhatsApp",53878.0,1363.0,427.0,143.0,37609.0,373.67,,English,3.59,Tier 2 City Customers,27-05-2025
NY-CMP-10450,Social Media,Youth,29.0,WhatsApp,41741.0,5602.0,1971.0,898.0,445408.0,182.65,1.72,Bengali,20.29,Premium Shoppers,06-05-2025
NY-CMP-26477,SEO,College Students,14.0,"Instagram, WhatsApp",20319.0,2852.0,1592.0,577.0,387167.0,,3.21,English,24.71,Premium Shoppers,25-02-2025
NY-CMP-40539,Influencer,Premium Shoppers,22.0,Instagram,13272.0,1024.0,480.0,366.0,117120.0,785.92,-0.59,Tamil,14.09,Tier 2 City Customers,21-11-2024
NY-CMP-41693,Email,Youth,28.0,"Google, Email, Facebook",49335.0,3816.0,865.0,544.0,296480.0,410.65,0.33,Tamil,10.59,Working Women,25-10-2024
NY-CMP-17399,Social Media,Working Women,30.0,YouTube,32562.0,4445.0,1094.0,414.0,93564.0,613.63,-0.63,English,18.28,,23-04-2025
NY-CMP-27612,Social Media,Tier 2 City Customers,9.0,,40187.0,1306.0,347.0,262.0,,348.18,0.46,Hindi,4.77,Premium Shoppers,22-09-2024
NY-CMP-1332,Social Media,Working Women,30.0,"YouTube, Google",65455.0,2458.0,879.0,267.0,126024.0,1113.49,-0.58,Bengali,5.51,Working Women,23-11-2024
NY-CMP-43423,Influencer,Tier 2 City Customers,7.0,"WhatsApp, YouTube, Facebook",29307.0,1154.0,285.0,148.0,83324.0,1674.02,-0.66,Tamil,5.42,Premium Shoppers,
NY-CMP-3349,Paid Ads,,19.0,"WhatsApp, Google, Facebook",51093.0,5327.0,2437.0,800.0,348000.0,70.04,5.21,Hindi,16.76,Working Women,29-05-2025
NY-CMP-7653,Social Media,College Students,17.0,"Email, Facebook",20658.0,2780.0,1096.0,671.0,522038.0,305.36,1.55,Hindi,22.01,Tier 2 City Customers,
NY-CMP-34415,Email,College Students,19.0,"WhatsApp, Google, Email",86053.0,12388.0,6120.0,2517.0,752583.0,112.42,1.66,English,24.43,Youth,30-03-2025
NY-CMP-34259,Influencer,Youth,12.0,"Instagram, WhatsApp, Google",47108.0,6134.0,2468.0,864.0,681696.0,312.74,1.52,Hindi,20.09,Youth,01-05-2025
NY-CMP-10044,SEO,Tier 2 City Customers,30.0,Email,45747.0,3039.0,966.0,,440704.0,226.43,,Hindi,10.12,Youth,18-07-2024
NY-CMP-1274,,,13.0,WhatsApp,52848.0,3450.0,1531.0,1131.0,230724.0,123.84,0.65,English,11.57,Working Women,17-04-2025
NY-CMP-16010,Email,Premium Shoppers,29.0,"Instagram, WhatsApp",17493.0,567.0,293.0,92.0,35328.0,3139.66,-0.88,Hindi,5.44,Premium Shoppers,16-08-2024
NY-CMP-49923,Paid Ads,College Students,27.0,Facebook,95164.0,11673.0,3632.0,2596.0,1235696.0,35.92,12.25,Bengali,18.81,Premium Shoppers,03-07-2024
NY-CMP-4638,SEO,Tier 2 City Customers,,"WhatsApp, YouTube, Email",46630.0,5863.0,3232.0,1567.0,769397.0,102.11,3.81,Tamil,22.87,College Students,15-07-2024
NY-CMP-53891,Influencer,College Students,,"Instagram, Facebook, YouTube",,1978.0,415.0,167.0,44255.0,1294.25,-0.8,Tamil,,Youth,28-10-2024
NY-CMP-40525,Paid Ads,College Students,16.0,,74490.0,9389.0,3442.0,2515.0,648870.0,53.67,3.81,Tamil,20.6,,11-09-2024
NY-CMP-26776,Paid Ads,Youth,27.0,"YouTube, Instagram, Email",,2467.0,798.0,,183105.0,643.32,-0.09,,7.34,Tier 2 City Customers,02-08-2024
NY-CMP-17386,SEO,Youth,15.0,,15873.0,2189.0,,788.0,398728.0,144.3,2.51,Bengali,25.87,Working Women,27-08-2024
NY-CMP-15097,Paid Ads,Working Women,9.0,"WhatsApp, Google",94149.0,12013.0,2506.0,,436436.0,233.29,0.56,English,16.69,College Students,12-02-2025
NY-CMP-23411,Influencer,Tier 2 City Customers,29.0,YouTube,96311.0,2579.0,1269.0,629.0,226440.0,,0.59,Tamil,4.65,Youth,16-05-2025
NY-CMP-13257,Social Media,Working Women,14.0,"YouTube, Instagram, Facebook",10694.0,863.0,473.0,253.0,175329.0,740.89,-0.06,Tamil,,,15-06-2025
NY-CMP-39061,Email,Premium Shoppers,15.0,"Facebook, Email, WhatsApp",58568.0,1465.0,810.0,347.0,149557.0,463.47,-0.07,Bengali,4.48,,12-10-2024
NY-CMP-51974,Paid Ads,Working Women,12.0,"WhatsApp, Email",36837.0,,2462.0,1366.0,321010.0,173.18,0.36,Bengali,22.33,College Students,22-04-2025
NY-CMP-45664,Social Media,,19.0,"Facebook, Instagram, WhatsApp",39055.0,3609.0,927.0,415.0,128650.0,715.12,-0.57,English,12.68,Working Women,15-11-2024
NY-CMP-52315,Social Media,College Students,5.0,,,9027.0,1827.0,1298.0,528286.0,98.73,3.12,Tamil,19.96,Premium Shoppers,15-09-2024
NY-CMP-2317,Email,Youth,29.0,Google,31768.0,3501.0,1657.0,1091.0,830251.0,46.39,15.4,Tamil,19.67,College Students,22-11-2024
NY-CMP-45360,Paid Ads,Working Women,26.0,"Email, YouTube, Instagram",44874.0,3193.0,1237.0,680.0,536520.0,260.76,2.03,Bengali,11.39,Tier 2 City Customers,02-06-2025
NY-CMP-9620,Social Media,Working Women,26.0,"Email, WhatsApp, Instagram",90876.0,9404.0,4278.0,1985.0,1179090.0,33.8,16.58,Tamil,17.24,Premium Shoppers,20-11-2024
NY-CMP-15019,Email,College Students,8.0,Instagram,48304.0,3213.0,930.0,471.0,113511.0,440.24,-0.45,Tamil,9.55,,30-08-2024
NY-CMP-26206,Paid Ads,Tier 2 City Customers,19.0,"Facebook, Email, Instagram",94534.0,3129.0,1488.0,609.0,373926.0,320.17,0.92,,5.53,,31-08-2024
NY-CMP-29764,Paid Ads,Youth,12.0,Facebook,13741.0,1021.0,527.0,377.0,297076.0,411.46,0.92,English,14.01,Youth,27-05-2025
NY-CMP-39685,Email,Working Women,30.0,"Instagram, YouTube",36263.0,2863.0,1630.0,1297.0,955889.0,76.49,8.64,Tamil,15.97,Premium Shoppers,21-10-2024
NY-CMP-1906,Paid Ads,Tier 2 City Customers,17.0,"YouTube, Instagram",62316.0,6986.0,2247.0,1561.0,393372.0,54.14,3.65,English,17.32,Youth,01-07-2024
NY-CMP-47673,Paid Ads,Working Women,11.0,"Facebook, Email",,1430.0,582.0,387.0,262773.0,411.0,0.65,Tamil,5.35,Youth,02-01-2025
NY-CMP-41435,Paid Ads,Tier 2 City Customers,15.0,Email,97760.0,4326.0,1613.0,528.0,214896.0,218.57,0.86,Hindi,6.62,Premium Shoppers,16-11-2024
NY-CMP-47406,Influencer,Working Women,24.0,"Google, WhatsApp, YouTube",32470.0,3985.0,1053.0,338.0,167986.0,209.01,,English,16.56,Tier 2 City Customers,16-07-2024
NY-CMP-6223,Email,,11.0,YouTube,86031.0,8973.0,3946.0,1942.0,1110824.0,57.06,,Tamil,17.27,Working Women,29-12-2024
NY-CMP-50143,Email,Youth,16.0,Google,64059.0,7757.0,2571.0,1671.0,1233198.0,55.5,12.3,Tamil,18.73,Premium Shoppers,04-02-2025
NY-CMP-11085,Influencer,Youth,,Instagram,,5065.0,1122.0,423.0,122670.0,435.16,-0.33,English,9.2,Premium Shoppers,06-05-2025
NY-CMP-4288,,College Students,11.0,"Facebook, YouTube",97409.0,6302.0,3760.0,1512.0,420336.0,168.81,0.65,English,11.88,Youth,08-07-2024
NY-CMP-48748,SEO,Youth,5.0,Email,70010.0,3578.0,1742.0,1090.0,312830.0,49.12,4.84,Tamil,9.16,Working Women,24-11-2024
NY-CMP-16832,SEO,Tier 2 City Customers,12.0,"WhatsApp, Instagram, YouTube",26899.0,1300.0,674.0,530.0,347150.0,203.7,2.22,English,9.31,Premium Shoppers,22-03-2025
NY-CMP-51590,SEO,College Students,13.0,"YouTube, Google",23866.0,2281.0,744.0,319.0,214049.0,656.17,0.02,Bengali,14.01,Premium Shoppers,22-03-2025
NY-CMP-6115,Social Media,Tier 2 City Customers,30.0,WhatsApp,71566.0,2301.0,594.0,345.0,231840.0,465.43,0.44,Hindi,,Working Women,15-04-2025
NY-CMP-30471,Paid Ads,College Students,6.0,Google,34642.0,4738.0,1879.0,942.0,282600.0,87.59,2.43,Bengali,21.82,Working Women,02-06-2025
NY-CMP-53156,Influencer,Premium Shoppers,10.0,"Instagram, WhatsApp, Facebook",49470.0,5708.0,2645.0,1458.0,590490.0,150.49,1.69,Tamil,19.83,Youth,23-10-2024
NY-CMP-45620,Email,,5.0,"Email, Instagram, WhatsApp",,9455.0,4941.0,2044.0,433328.0,143.09,0.48,Tamil,17.92,Youth,
NY-CMP-32264,Influencer,College Students,6.0,"YouTube, Email, WhatsApp",33268.0,2502.0,921.0,571.0,246672.0,335.64,0.29,Tamil,12.01,Premium Shoppers,
NY-CMP-25097,Paid Ads,Working Women,10.0,"WhatsApp, Email, Instagram",96852.0,11756.0,4969.0,2769.0,1456494.0,68.6,6.67,English,20.13,Tier 2 City Customers,17-08-2024
NY-CMP-42380,Social Media,College Students,16.0,"Google, WhatsApp, Facebook",76162.0,9999.0,,3333.0,729927.0,29.47,6.43,Bengali,24.17,Working Women,03-10-2024
NY-CMP-31487,SEO,Youth,8.0,"Instagram, WhatsApp",,6886.0,2270.0,983.0,731352.0,248.34,2.0,Hindi,18.05,Youth,14-10-2024
NY-CMP-13347,SEO,Working Women,8.0,WhatsApp,10978.0,1568.0,494.0,,112392.0,336.53,0.5,Hindi,20.81,Premium Shoppers,29-11-2024
NY-CMP-24900,Social Media,Youth,9.0,"WhatsApp, Email",33272.0,1959.0,1006.0,759.0,278553.0,317.28,0.16,Hindi,11.19,Tier 2 City Customers,30-05-2025
NY-CMP-5264,Email,Tier 2 City Customers,19.0,"YouTube, Google, Instagram",14689.0,1944.0,754.0,473.0,271975.0,439.8,0.31,Tamil,21.59,Tier 2 City Customers,29-09-2024
NY-CMP-42393,Paid Ads,Premium Shoppers,23.0,"Instagram, Email, Facebook",14161.0,617.0,344.0,242.0,154880.0,1163.08,-0.45,Hindi,8.5,Tier 2 City Customers,29-05-2025
NY-CMP-28833,Email,Youth,15.0,"Google, YouTube, Email",59975.0,1823.0,982.0,703.0,377511.0,290.46,0.85,English,5.85,College Students,28-02-2025
NY-CMP-55258,Paid Ads,Premium Shoppers,30.0,"Google, Email",68718.0,3192.0,911.0,705.0,443445.0,413.8,,Bengali,7.0,Youth,15-08-2024
NY-CMP-23816,Paid Ads,Youth,,"Email, Instagram, Facebook",37333.0,807.0,287.0,120.0,81840.0,1325.81,-0.49,Bengali,3.25,College Students,14-09-2024
NY-CMP-49963,Social Media,College Students,20.0,Instagram,79231.0,8115.0,3780.0,2920.0,1749080.0,,,Tamil,18.7,Tier 2 City Customers,28-09-2024
NY-CMP-8892,Social Media,Working Women,29.0,"Facebook, WhatsApp, Instagram",22509.0,2583.0,1409.0,587.0,349852.0,315.71,0.89,English,20.34,Working Women,17-04-2025
NY-CMP-33538,SEO,Tier 2 City Customers,17.0,"Google, Email, Instagram",27954.0,,252.0,189.0,69741.0,927.6,-0.6,Hindi,5.7,Working Women,23-11-2024
NY-CMP-21731,Paid Ads,Working Women,,,,376.0,178.0,80.0,26080.0,1852.44,-0.82,Bengali,5.33,Tier 2 City Customers,19-07-2024
NY-CMP-16217,Paid Ads,Youth,8.0,"YouTube, Instagram, Facebook",88769.0,5474.0,2413.0,1885.0,484445.0,126.9,1.03,English,11.01,Premium Shoppers,08-10-2024
NY-CMP-7366,Email,Tier 2 City Customers,28.0,Instagram,10272.0,914.0,438.0,179.0,94870.0,1527.49,-0.65,Tamil,14.9,College Students,27-10-2024
NY-CMP-3549,SEO,Premium Shoppers,11.0,"Facebook, Google",63440.0,3648.0,1723.0,1265.0,371910.0,145.28,1.02,English,10.46,College Students,06-03-2025
NY-CMP-36530,Paid Ads,College Students,10.0,"Google, YouTube",10779.0,461.0,106.0,39.0,29601.0,3248.95,-0.77,Tamil,5.62,,21-10-2024
NY-CMP-26728,,Working Women,26.0,,42078.0,1054.0,266.0,132.0,50028.0,1830.73,-0.79,Hindi,3.45,Working Women,30-09-2024
NY-CMP-19326,Email,Youth,18.0,YouTube,14986.0,627.0,318.0,119.0,88060.0,523.4,0.41,Hindi,7.1,Working Women,15-05-2025
NY-CMP-10829,Social Media,,25.0,WhatsApp,55841.0,1207.0,532.0,203.0,95207.0,989.9,-0.53,Tamil,3.48,Tier 2 City Customers,02-08-2024
NY-CMP-20321,Email,Tier 2 City Customers,12.0,"Instagram, Facebook",73803.0,7748.0,1973.0,1275.0,665550.0,178.01,1.93,English,14.9,Tier 2 City Customers,13-04-2025
NY-CMP-49591,Social Media,Tier 2 City Customers,28.0,"Facebook, Email",63543.0,9007.0,3171.0,1674.0,694710.0,178.57,1.32,Bengali,21.8,Premium Shoppers,12-08-2024
NY-CMP-35000,Influencer,Tier 2 City Customers,,WhatsApp,49285.0,4720.0,2313.0,1167.0,290583.0,196.15,0.27,Hindi,16.64,Premium Shoppers,16-08-2024
NY-CMP-55977,SEO,Premium Shoppers,13.0,Google,,2818.0,701.0,358.0,152866.0,377.51,0.13,Hindi,12.36,Tier 2 City Customers,31-08-2024
NY-CMP-12836,Influencer,College Students,19.0,"Email, YouTube",28440.0,3651.0,833.0,492.0,138252.0,407.47,-0.31,English,17.5,Tier 2 City Customers,28-12-2024
NY-CMP-27642,Influencer,Working Women,25.0,"Email, Instagram",53594.0,4999.0,1128.0,369.0,225090.0,175.02,2.49,Bengali,12.12,Working Women,20-12-2024
NY-CMP-1114,Social Media,Tier 2 City Customers,27.0,"Facebook, Instagram, YouTube",51006.0,7110.0,2461.0,,432178.0,298.91,0.88,Hindi,20.27,College Students,26-09-2024
NY-CMP-29193,Social Media,Working Women,27.0,"YouTube, Facebook",90457.0,11834.0,,2437.0,1591361.0,74.75,7.74,English,21.15,Premium Shoppers,30-10-2024
NY-CMP-38444,Influencer,College Students,22.0,"WhatsApp, Google, Facebook",79372.0,8277.0,2384.0,1624.0,841232.0,110.59,3.68,Bengali,15.48,Working Women,07-10-2024
NY-CMP-28142,Influencer,Working Women,13.0,Google,11651.0,898.0,,,93328.0,882.25,-0.3,Hindi,11.53,Tier 2 City Customers,29-01-2025
NY-CMP-43467,Social Media,College Students,20.0,"Instagram, Email",62139.0,6790.0,4039.0,2273.0,856921.0,130.29,1.89,Bengali,21.08,Working Women,10-05-2025
NY-CMP-12380,Social Media,Working Women,11.0,"Facebook, Email",76902.0,2933.0,,305.0,206180.0,557.76,0.21,Tamil,5.21,College Students,13-05-2025
NY-CMP-5095,Email,Tier 2 City Customers,14.0,"YouTube, Instagram",98816.0,11335.0,6173.0,3102.0,840642.0,16.93,15.01,Hindi,20.86,Working Women,04-03-2025
NY-CMP-33801,Paid Ads,Youth,17.0,"YouTube, Instagram",28656.0,2687.0,1258.0,828.0,379224.0,359.55,0.27,Hindi,16.66,College Students,04-12-2024
NY-CMP-46690,SEO,Tier 2 City Customers,13.0,YouTube,69716.0,2451.0,662.0,465.0,223665.0,438.49,,English,5.13,Premium Shoppers,19-12-2024
NY-CMP-2710,SEO,Tier 2 City Customers,17.0,"Google, YouTube",23809.0,485.0,191.0,,33120.0,3513.99,-0.87,Tamil,3.14,Working Women,08-08-2024
NY-CMP-48747,Influencer,College Students,25.0,"Instagram, YouTube, Email",68891.0,5706.0,2140.0,728.0,507416.0,248.9,1.8,Hindi,12.45,,27-02-2025
NY-CMP-13955,Influencer,Premium Shoppers,11.0,Facebook,50459.0,4213.0,2020.0,1274.0,551642.0,111.3,2.89,Tamil,14.88,Premium Shoppers,20-01-2025
NY-CMP-13053,Paid Ads,College Students,19.0,"Instagram, YouTube",59165.0,8795.0,3305.0,1485.0,,179.5,0.75,Tamil,22.96,Premium Shoppers,03-02-2025
NY-CMP-25985,Paid Ads,Youth,30.0,YouTube,42629.0,2541.0,577.0,441.0,128772.0,155.19,0.88,Tamil,,College Students,12-03-2025
NY-CMP-49186,Influencer,Youth,,Google,86735.0,5568.0,1960.0,1546.0,950790.0,142.53,3.31,English,10.46,Working Women,13-12-2024
NY-CMP-47855,Influencer,Youth,8.0,"Facebook, Google, Email",,9449.0,2117.0,,468365.0,30.95,8.14,Bengali,14.44,,29-07-2024
NY-CMP-20412,Social Media,Youth,15.0,"Email, Instagram",66426.0,2792.0,1418.0,1007.0,471276.0,99.57,3.7,Tamil,7.85,Working Women,15-08-2024
NY-CMP-26841,Email,Working Women,8.0,"YouTube, Facebook, WhatsApp",97456.0,12848.0,4860.0,1678.0,1147752.0,136.92,4.0,Bengali,,Tier 2 City Customers,03-09-2024
NY-CMP-27156,Email,Tier 2 City Customers,,Facebook,,,1834.0,1030.0,302820.0,122.05,,,25.07,Youth,04-05-2025
NY-CMP-19210,SEO,Youth,15.0,"Facebook, Google",67788.0,4311.0,862.0,450.0,346500.0,184.72,3.17,Bengali,8.29,Tier 2 City Customers,15-05-2025
NY-CMP-7232,SEO,Tier 2 City Customers,27.0,YouTube,19632.0,2284.0,564.0,417.0,130521.0,222.07,0.41,Tamil,16.63,,17-08-2024
NY-CMP-33932,Influencer,College Students,26.0,,68475.0,1671.0,509.0,384.0,173184.0,471.77,-0.04,Hindi,3.74,Youth,03-10-2024
NY-CMP-38109,Influencer,Working Women,28.0,"Email, Google",46829.0,4331.0,2378.0,758.0,153874.0,337.89,-0.4,Hindi,15.95,Tier 2 City Customers,15-10-2024
NY-CMP-17313,SEO,Working Women,,"YouTube, Facebook",97270.0,12842.0,5880.0,2785.0,,93.08,5.7,Bengali,22.11,Youth,05-11-2024
NY-CMP-47378,Email,Working Women,13.0,Facebook,75788.0,5082.0,2402.0,797.0,546742.0,272.25,1.52,Tamil,10.93,Tier 2 City Customers,22-01-2025
NY-CMP-34014,SEO,College Students,5.0,"Facebook, WhatsApp, Email",43339.0,2361.0,783.0,462.0,295218.0,251.6,1.54,Hindi,8.32,Working Women,29-03-2025
NY-CMP-38590,,Youth,12.0,"Facebook, Email",77191.0,10109.0,2729.0,1774.0,1355336.0,128.83,4.93,English,18.93,Working Women,06-11-2024
NY-CMP-50394,Email,Working Women,15.0,"Instagram, WhatsApp",45846.0,6406.0,2078.0,690.0,222180.0,399.88,-0.19,Tamil,20.01,Youth,25-08-2024
NY-CMP-2793,Influencer,Working Women,9.0,WhatsApp,42126.0,2850.0,,821.0,407216.0,254.58,0.95,Tamil,11.52,Working Women,
NY-CMP-16539,Email,Working Women,8.0,"Google, Facebook",34219.0,3193.0,707.0,439.0,300715.0,337.67,1.03,,12.68,Working Women,07-03-2025
NY-CMP-50992,Paid Ads,,27.0,"Facebook, Email, Google",39731.0,2803.0,844.0,640.0,,407.84,,Tamil,10.79,Youth,19-02-2025
NY-CMP-51631,Paid Ads,College Students,22.0,"Instagram, Google, Email",88950.0,7076.0,,1374.0,406704.0,102.82,1.88,English,12.63,Premium Shoppers,23-09-2024
NY-CMP-25358,SEO,Tier 2 City Customers,15.0,"WhatsApp, YouTube",86601.0,6932.0,2989.0,1606.0,1180410.0,35.08,19.95,English,13.31,,04-11-2024
NY-CMP-24975,Email,Tier 2 City Customers,27.0,"Instagram, Email, YouTube",87210.0,3469.0,1766.0,1119.0,,151.88,1.08,Bengali,7.29,Working Women,01-06-2025
NY-CMP-15142,SEO,Working Women,13.0,"YouTube, Google, Facebook",99620.0,4773.0,2312.0,1271.0,319021.0,58.72,3.27,Tamil,8.39,College Students,24-08-2024
NY-CMP-32737,Influencer,Youth,16.0,"Google, Facebook",71172.0,8248.0,4020.0,3151.0,863374.0,83.04,,Hindi,21.66,Working Women,05-10-2024
NY-CMP-11347,Paid Ads,Tier 2 City Customers,12.0,Google,73358.0,10880.0,6409.0,2270.0,1559490.0,123.23,4.57,English,26.66,Youth,30-04-2025
NY-CMP-2498,Influencer,Working Women,6.0,"Google, Instagram",82224.0,7154.0,2875.0,1343.0,457963.0,127.47,1.68,English,13.83,Tier 2 City Customers,18-08-2024
NY-CMP-39616,Email,College Students,22.0,YouTube,41090.0,3055.0,1124.0,694.0,313688.0,374.81,0.21,Bengali,11.86,Tier 2 City Customers,24-09-2024
NY-CMP-31044,Email,Premium Shoppers,7.0,"WhatsApp, YouTube, Google",68595.0,2357.0,1137.0,865.0,325240.0,213.63,0.76,Tamil,6.35,Tier 2 City Customers,23-03-2025
NY-CMP-38347,Influencer,Youth,12.0,"YouTube, Facebook, Instagram",70098.0,1872.0,605.0,386.0,127380.0,447.39,-0.26,Bengali,4.08,Premium Shoppers,10-08-2024
NY-CMP-39957,Social Media,Tier 2 City Customers,22.0,"Email, Google",68539.0,1668.0,731.0,392.0,98000.0,366.94,-0.32,English,4.07,Tier 2 City Customers,26-03-2025
NY-CMP-40024,SEO,Youth,10.0,"Instagram, Google, YouTube",76107.0,,5289.0,3697.0,2879963.0,46.89,15.61,Tamil,24.18,,01-05-2025
NY-CMP-43394,Email,Working Women,27.0,"Google, Instagram, Email",48833.0,2828.0,1657.0,1001.0,397397.0,296.57,0.34,Tamil,11.23,College Students,10-11-2024
NY-CMP-17853,Email,Tier 2 City Customers,20.0,Facebook,97693.0,3677.0,989.0,496.0,105152.0,101.4,1.09,Tamil,5.28,Working Women,12-09-2024
NY-CMP-3980,Social Media,College Students,8.0,,,4777.0,1848.0,1467.0,641079.0,63.18,5.92,Tamil,,College Students,11-01-2025
NY-CMP-16022,Influencer,Working Women,10.0,"Instagram, WhatsApp, YouTube",22930.0,863.0,364.0,281.0,186303.0,379.65,0.75,Hindi,,College Students,12-01-2025
NY-CMP-4928,Paid Ads,Tier 2 City Customers,19.0,Instagram,,3970.0,,,582156.0,,6.96,Hindi,7.51,Youth,03-10-2024
NY-CMP-6537,,Youth,7.0,"Google, Instagram",66094.0,7266.0,1947.0,980.0,274400.0,231.56,0.21,Tamil,15.42,Premium Shoppers,26-05-2025
NY-CMP-1466,Influencer,Premium Shoppers,14.0,Facebook,10438.0,1443.0,456.0,191.0,67805.0,747.9,-0.53,Tamil,20.02,Youth,11-01-2025
NY-CMP-3965,Paid Ads,Tier 2 City Customers,7.0,"Email, Facebook",11725.0,1278.0,330.0,173.0,98437.0,,-0.35,Bengali,15.19,Working Women,25-10-2024
NY-CMP-5060,Social Media,Working Women,10.0,"WhatsApp, Email",92919.0,11157.0,4620.0,1920.0,769920.0,126.59,2.17,Bengali,19.05,College Students,19-07-2024
NY-CMP-56528,Influencer,Youth,25.0,Instagram,10189.0,1229.0,449.0,268.0,128640.0,397.3,0.21,Bengali,19.1,Youth,04-11-2024
NY-CMP-43646,Email,Working Women,14.0,"WhatsApp, YouTube",88430.0,2960.0,1146.0,650.0,,,0.01,Tamil,5.38,College Students,06-02-2025
NY-CMP-32638,Influencer,Youth,18.0,"YouTube, Instagram",81653.0,10702.0,3080.0,1796.0,386140.0,95.41,1.25,Tamil,19.08,Tier 2 City Customers,24-12-2024
NY-CMP-26526,,Premium Shoppers,24.0,"Instagram, Email, Facebook",78085.0,5214.0,1351.0,603.0,162810.0,458.23,-0.41,Tamil,9.18,Tier 2 City Customers,01-10-2024
NY-CMP-6522,Email,Working Women,29.0,"Facebook, Instagram, YouTube",96182.0,3599.0,2018.0,714.0,144942.0,108.29,0.87,,6.58,College Students,12-11-2024
NY-CMP-35078,Social Media,Youth,10.0,"Facebook, Instagram, Email",89005.0,7664.0,2891.0,2223.0,711360.0,37.95,7.43,Bengali,14.36,College Students,27-01-2025
NY-CMP-11012,Social Media,Working Women,8.0,Facebook,90617.0,9555.0,5503.0,3813.0,2447946.0,36.89,16.4,Bengali,20.83,Tier 2 City Customers,11-04-2025
NY-CMP-42887,SEO,Premium Shoppers,21.0,,33118.0,1814.0,475.0,204.0,76704.0,403.8,-0.07,Bengali,7.53,Youth,11-07-2024
NY-CMP-43602,Influencer,Premium Shoppers,21.0,,54697.0,3675.0,1052.0,469.0,347529.0,321.39,1.31,Hindi,9.5,Premium Shoppers,03-04-2025
NY-CMP-46321,Email,Working Women,5.0,"WhatsApp, YouTube",44466.0,2797.0,1480.0,940.0,228420.0,,0.44,Tamil,11.73,Premium Shoppers,12-05-2025
NY-CMP-43414,Email,Working Women,10.0,WhatsApp,94288.0,13933.0,7468.0,3066.0,2228982.0,56.35,11.9,Hindi,25.95,Working Women,01-05-2025
NY-CMP-19534,Social Media,Premium Shoppers,15.0,Google,54969.0,2332.0,475.0,364.0,260988.0,,,Bengali,5.77,Youth,11-05-2025
NY-CMP-48599,Social Media,Youth,17.0,"Instagram, YouTube",67358.0,9915.0,4670.0,2937.0,,57.2,8.0,Tamil,26.01,Working Women,03-02-2025
NY-CMP-2053,Email,Working Women,13.0,Instagram,82725.0,6740.0,2827.0,1804.0,835252.0,78.97,4.86,Tamil,13.75,Working Women,29-07-2024
NY-CMP-29219,Email,Premium Shoppers,29.0,"Facebook, Email",89548.0,5375.0,2842.0,1762.0,819330.0,142.75,2.26,Hindi,11.14,Youth,21-01-2025
NY-CMP-12250,Influencer,Tier 2 City Customers,11.0,"Google, WhatsApp",13283.0,341.0,195.0,113.0,51415.0,1728.93,-0.74,Bengali,4.89,Premium Shoppers,03-05-2025
NY-CMP-1949,SEO,College Students,26.0,"Email, YouTube",75367.0,2927.0,1010.0,424.0,203944.0,379.71,0.27,Bengali,5.79,College Students,02-03-2025
NY-CMP-9643,Social Media,College Students,27.0,"Instagram, Email, Google",36810.0,3589.0,2067.0,1545.0,775590.0,119.58,3.2,Tamil,19.56,Premium Shoppers,13-01-2025
NY-CMP-23609,Influencer,Working Women,18.0,Email,49284.0,6037.0,3604.0,2075.0,1554175.0,42.78,16.51,Hindi,23.77,Working Women,24-07-2024
NY-CMP-32396,Email,Premium Shoppers,12.0,,40211.0,4088.0,1898.0,938.0,594692.0,257.57,1.46,Bengali,17.22,College Students,
NY-CMP-48988,SEO,Premium Shoppers,20.0,"YouTube, WhatsApp, Facebook",25880.0,3179.0,731.0,552.0,401304.0,94.44,6.7,Tamil,17.24,Working Women,03-09-2024
NY-CMP-2590,Paid Ads,Youth,,"Instagram, WhatsApp, Google",80453.0,11592.0,3128.0,2322.0,524772.0,109.83,1.06,Hindi,21.18,Tier 2 City Customers,24-09-2024
NY-CMP-6627,Paid Ads,Working Women,9.0,"Email, WhatsApp, YouTube",46417.0,1202.0,701.0,447.0,143934.0,174.65,0.84,English,5.06,Working Women,05-03-2025
NY-CMP-44260,Social Media,Youth,8.0,"Email, Instagram",28527.0,3467.0,1187.0,440.0,159720.0,576.42,-0.37,English,17.86,Youth,03-07-2024
NY-CMP-29637,Paid Ads,,14.0,"Facebook, Google",62015.0,4691.0,1681.0,1124.0,671028.0,96.78,5.17,Hindi,12.09,Working Women,05-02-2025
NY-CMP-18797,Influencer,Premium Shoppers,7.0,"YouTube, Google",18903.0,497.0,107.0,62.0,39680.0,4113.32,-0.84,Bengali,3.52,Tier 2 City Customers,29-05-2025
NY-CMP-9962,Paid Ads,Working Women,26.0,Google,91614.0,3876.0,1194.0,460.0,344540.0,357.35,1.1,,6.04,Working Women,10-01-2025
NY-CMP-24059,Influencer,Youth,12.0,"YouTube, Google, Instagram",67213.0,8036.0,4189.0,2861.0,1559245.0,30.37,16.94,Bengali,22.45,College Students,
NY-CMP-55244,Email,College Students,9.0,"Email, YouTube",78143.0,,2248.0,1238.0,482820.0,199.51,0.95,English,15.66,College Students,06-09-2024
NY-CMP-48529,Influencer,College Students,27.0,"WhatsApp, Instagram",34564.0,4637.0,2024.0,1440.0,1152000.0,149.5,4.35,English,23.44,Premium Shoppers,18-07-2024
NY-CMP-50215,SEO,Tier 2 City Customers,,Instagram,54751.0,7221.0,3771.0,1748.0,1351204.0,91.73,7.43,Bengali,23.27,Youth,
NY-CMP-29459,,,16.0,"WhatsApp, YouTube, Facebook",,2728.0,1306.0,504.0,327600.0,218.54,1.97,,5.24,College Students,10-04-2025
NY-CMP-11604,Email,Tier 2 City Customers,13.0,"Instagram, Google",36595.0,1005.0,381.0,147.0,106134.0,1321.52,-0.45,Bengali,4.19,College Students,05-12-2024
NY-CMP-21220,,Premium Shoppers,19.0,"Facebook, Email",79470.0,10855.0,5887.0,2295.0,1771740.0,99.73,6.74,Hindi,23.95,Youth,20-11-2024
NY-CMP-23309,Paid Ads,College Students,27.0,"Google, WhatsApp, Instagram",49708.0,2425.0,915.0,276.0,100464.0,973.17,-0.63,Tamil,7.27,Premium Shoppers,30-10-2024
NY-CMP-52167,Paid Ads,Working Women,,"WhatsApp, YouTube",13049.0,366.0,113.0,49.0,,5842.0,-0.95,English,4.05,Tier 2 City Customers,25-08-2024
NY-CMP-45990,Social Media,Youth,10.0,"Email, Google, WhatsApp",88108.0,6859.0,,1257.0,329334.0,116.02,1.26,Bengali,13.8,Premium Shoppers,20-07-2024
NY-CMP-6687,,Working Women,13.0,"YouTube, Instagram",18594.0,840.0,264.0,97.0,21049.0,1970.1,-0.89,Bengali,6.46,College Students,26-05-2025
NY-CMP-12535,Paid Ads,Working Women,14.0,"YouTube, Google, Facebook",25552.0,1767.0,,349.0,161238.0,458.52,0.01,Tamil,11.51,Tier 2 City Customers,04-07-2024
NY-CMP-6253,Social Media,Youth,14.0,"YouTube, Facebook",37857.0,3429.0,1731.0,735.0,400575.0,127.18,3.29,Tamil,15.57,College Students,08-07-2024
NY-CMP-10572,Social Media,Tier 2 City Customers,16.0,"YouTube, Email, WhatsApp",75404.0,9822.0,3749.0,1467.0,877266.0,40.43,13.79,Bengali,19.94,Working Women,17-02-2025
NY-CMP-25330,,Working Women,22.0,"Email, YouTube, Google",30462.0,2037.0,559.0,202.0,112716.0,1254.46,-0.56,Hindi,9.19,Youth,14-05-2025
NY-CMP-21118,SEO,Tier 2 City Customers,11.0,"Facebook, YouTube, WhatsApp",18116.0,1845.0,953.0,691.0,485773.0,201.77,2.48,Hindi,19.26,Youth,27-01-2025
NY-CMP-48745,Social Media,Working Women,6.0,"WhatsApp, Email",15393.0,2304.0,1107.0,802.0,477992.0,141.76,3.2,Hindi,27.37,Premium Shoppers,08-08-2024
NY-CMP-19346,Email,Premium Shoppers,7.0,,69367.0,9115.0,1969.0,1087.0,391320.0,229.3,0.57,English,17.55,Youth,28-05-2025
NY-CMP-48397,Social Media,,7.0,Google,,9233.0,3040.0,2154.0,1647810.0,78.91,8.7,Bengali,16.36,Working Women,25-10-2024
NY-CMP-25304,Paid Ads,Youth,16.0,"Facebook, Instagram, Google",85321.0,6531.0,3135.0,2289.0,666099.0,124.34,1.34,Bengali,14.01,College Students,13-12-2024
NY-CMP-6148,Influencer,Tier 2 City Customers,27.0,"Instagram, Facebook",30242.0,4060.0,881.0,622.0,154878.0,440.29,-0.43,Hindi,18.39,Youth,22-11-2024
NY-CMP-9875,SEO,Premium Shoppers,7.0,"Google, Instagram, Facebook",29290.0,940.0,393.0,192.0,113280.0,392.93,0.5,Hindi,5.21,Youth,25-11-2024
NY-CMP-28282,Paid Ads,Youth,30.0,"Google, YouTube, WhatsApp",47308.0,2184.0,464.0,224.0,100352.0,865.54,-0.48,Tamil,6.07,Premium Shoppers,08-03-2025
NY-CMP-3780,Email,Tier 2 City Customers,5.0,"WhatsApp, Google",84892.0,3004.0,784.0,488.0,154208.0,214.11,0.48,English,5.04,Premium Shoppers,09-08-2024
NY-CMP-42633,Social Media,College Students,6.0,"Instagram, WhatsApp",31515.0,,399.0,254.0,71120.0,664.94,-0.58,Bengali,5.5,Premium Shoppers,13-05-2025
NY-CMP-47933,SEO,Youth,23.0,"Instagram, Google",90352.0,10017.0,2804.0,1438.0,783710.0,180.98,2.01,Bengali,15.78,Tier 2 City Customers,07-07-2024
NY-CMP-44998,Email,,11.0,"Email, Instagram",22166.0,1692.0,787.0,441.0,281799.0,378.93,0.69,Tamil,,Tier 2 City Customers,23-01-2025
NY-CMP-48862,SEO,Working Women,19.0,"Instagram, Facebook, YouTube",66911.0,6833.0,3583.0,2509.0,1201811.0,103.67,3.62,Hindi,19.32,Tier 2 City Customers,28-11-2024
NY-CMP-53483,Email,College Students,5.0,,75894.0,2188.0,1261.0,,679031.0,173.35,2.91,Hindi,5.87,Working Women,12-02-2025
NY-CMP-23295,Email,Youth,30.0,Google,60975.0,5379.0,2633.0,1226.0,485496.0,149.33,1.65,Bengali,15.15,Tier 2 City Customers,12-01-2025
NY-CMP-7513,Email,Youth,,,26561.0,2731.0,1027.0,707.0,325927.0,95.11,3.85,Hindi,16.81,Tier 2 City Customers,17-10-2024
NY-CMP-7013,SEO,Tier 2 City Customers,9.0,,15277.0,1047.0,376.0,119.0,93891.0,1862.99,-0.58,Bengali,10.09,Tier 2 City Customers,23-12-2024
NY-CMP-30591,Paid Ads,Premium Shoppers,16.0,,43290.0,3513.0,1540.0,692.0,363992.0,349.4,0.51,Bengali,13.27,Youth,29-05-2025
NY-CMP-2124,Paid Ads,College Students,20.0,Google,60607.0,1994.0,684.0,435.0,131805.0,658.44,-0.54,,5.14,Working Women,26-07-2024
NY-CMP-8893,Influencer,College Students,14.0,Instagram,38147.0,2366.0,1243.0,985.0,614640.0,92.38,5.75,Tamil,12.04,Premium Shoppers,26-12-2024
NY-CMP-31244,Email,College Students,15.0,"Google, Instagram, WhatsApp",24831.0,1523.0,787.0,545.0,372780.0,548.37,0.25,Bengali,11.5,Youth,15-10-2024
NY-CMP-9899,SEO,College Students,23.0,"Google, Email",92410.0,5533.0,3210.0,2366.0,499226.0,25.04,7.43,Tamil,12.02,Tier 2 City Customers,16-04-2025
NY-CMP-44262,Social Media,College Students,12.0,Google,10494.0,1369.0,759.0,467.0,255916.0,194.06,1.82,Bengali,24.73,Premium Shoppers,18-03-2025
NY-CMP-27438,Influencer,College Students,12.0,"YouTube, Instagram, Email",,3233.0,1071.0,688.0,290336.0,339.96,0.24,Bengali,6.63,Youth,19-03-2025
NY-CMP-15524,Influencer,Premium Shoppers,9.0,Facebook,87898.0,3029.0,1506.0,522.0,254214.0,237.03,1.05,Tamil,5.75,College Students,24-02-2025
NY-CMP-51388,Influencer,Working Women,25.0,Google,51050.0,7321.0,3750.0,2169.0,,61.15,5.07,Hindi,25.94,College Students,28-04-2025
NY-CMP-32642,Email,,9.0,"Facebook, YouTube",42594.0,4249.0,2003.0,1136.0,665696.0,68.78,7.52,Tamil,17.35,Working Women,25-02-2025
NY-CMP-34817,SEO,Tier 2 City Customers,5.0,Instagram,65617.0,,668.0,260.0,177320.0,537.47,,Bengali,4.5,Working Women,26-11-2024
NY-CMP-55745,Influencer,Youth,12.0,"Facebook, Email",73733.0,6740.0,1605.0,781.0,347545.0,163.96,1.71,Tamil,12.38,College Students,21-04-2025
NY-CMP-28986,Paid Ads,College Students,28.0,"WhatsApp, Email, Google",46358.0,4639.0,1566.0,472.0,108088.0,236.07,-0.03,Bengali,14.4,Tier 2 City Customers,
NY-CMP-51327,Influencer,Premium Shoppers,30.0,"Instagram, YouTube, Google",96942.0,12291.0,5803.0,2030.0,1368220.0,101.27,,Tamil,20.76,Working Women,17-04-2025
NY-CMP-4279,Email,Tier 2 City Customers,26.0,"Google, Facebook, YouTube",50563.0,3731.0,1292.0,1028.0,480076.0,225.78,1.07,Tamil,11.97,Youth,12-01-2025
NY-CMP-53749,SEO,Youth,7.0,"Email, WhatsApp, YouTube",56452.0,7752.0,3315.0,1132.0,344128.0,219.63,0.38,Bengali,21.61,,17-01-2025
NY-CMP-36642,SEO,Premium Shoppers,16.0,Email,,1630.0,400.0,229.0,59998.0,1045.9,-0.75,English,3.45,Tier 2 City Customers,07-12-2024
NY-CMP-21928,Email,Premium Shoppers,17.0,"WhatsApp, Facebook",,6109.0,2068.0,1350.0,314550.0,219.51,0.06,Bengali,,College Students,
NY-CMP-33498,SEO,Working Women,7.0,"WhatsApp, Google, YouTube",11818.0,348.0,134.0,104.0,41392.0,1189.94,-0.67,Tamil,4.96,Premium Shoppers,09-02-2025
NY-CMP-30107,Paid Ads,Working Women,10.0,"Instagram, Facebook",58398.0,8708.0,3167.0,1344.0,753984.0,192.42,1.92,English,22.64,Premium Shoppers,09-07-2024
NY-CMP-25179,Email,Youth,5.0,Google,44744.0,2879.0,1114.0,389.0,261019.0,454.79,0.48,Tamil,9.79,Premium Shoppers,18-02-2025
NY-CMP-15402,Influencer,Working Women,26.0,"Instagram, Facebook, YouTube",12331.0,354.0,207.0,95.0,24415.0,3088.79,-0.92,Bengali,5.32,Youth,28-04-2025
NY-CMP-38247,Influencer,Youth,27.0,"Facebook, Instagram",21419.0,701.0,304.0,209.0,155078.0,390.6,0.9,,,Premium Shoppers,02-12-2024
NY-CMP-20617,Email,Working Women,7.0,"WhatsApp, YouTube",,4056.0,2379.0,1201.0,317064.0,46.28,4.7,Hindi,12.69,Tier 2 City Customers,12-11-2024
NY-CMP-14524,SEO,College Students,11.0,Google,17309.0,1623.0,365.0,228.0,90060.0,919.52,-0.57,Tamil,12.8,Tier 2 City Customers,28-02-2025
NY-CMP-13702,,Working Women,10.0,Google,30557.0,4338.0,1462.0,466.0,267484.0,503.88,0.14,Tamil,20.51,Working Women,04-06-2025
NY-CMP-28193,Social Media,Premium Shoppers,13.0,"Email, Google",90631.0,4318.0,2324.0,1330.0,319200.0,161.69,0.48,Bengali,8.8,Youth,28-03-2025
