Campaign_ID,Campaign_Type,Target_Audience,Duration,Channel_Used,Impressions,Clicks,Leads,Conversions,Revenue,Acquisition_Cost,ROI,Language,Engagement_Score,Customer_Segment,Date
PU-CMP-24680,Social Media,Working Women,,"Google, Instagram",91644.0,3874.0,1150.0,735.0,382200.0,104.7,3.97,Tamil,6.28,Tier 2 City Customers,22-09-2024
PU-CMP-18518,SEO,Premium Shoppers,5.0,Instagram,63306.0,8678.0,4162.0,2662.0,921052.0,88.01,2.93,Bengali,24.49,College Students,10-05-2025
PU-CMP-21274,Paid Ads,College Students,7.0,"YouTube, Instagram",47992.0,4607.0,2530.0,1870.0,463760.0,,2.42,Bengali,18.77,Premium Shoppers,22-05-2025
PU-CMP-20858,SEO,Youth,,"Google, Instagram",81767.0,5709.0,1672.0,568.0,428840.0,,3.99,Tamil,9.72,Youth,04-04-2025
PU-CMP-11743,Social Media,,26.0,"YouTube, Instagram, Email",41748.0,2199.0,,767.0,211692.0,182.73,0.51,Bengali,9.83,Tier 2 City Customers,30-09-2024
PU-CMP-27487,Social Media,Youth,22.0,WhatsApp,62558.0,7930.0,3703.0,1825.0,1275675.0,151.96,3.6,Bengali,21.51,Tier 2 City Customers,28-09-2024
PU-CMP-42645,SEO,Working Women,,YouTube,51203.0,2457.0,1063.0,546.0,,343.99,0.14,Bengali,7.94,Youth,12-04-2025
PU-CMP-53032,Influencer,Tier 2 City Customers,15.0,"YouTube, Email, Google",28150.0,3715.0,1586.0,851.0,518259.0,275.83,1.21,Bengali,21.85,Youth,14-11-2024
PU-CMP-50454,Influencer,Premium Shoppers,22.0,"WhatsApp, Email",78057.0,3485.0,972.0,423.0,,288.17,0.45,English,6.25,Premium Shoppers,11-12-2024
PU-CMP-19331,Email,Youth,9.0,"Google, Facebook, Email",12511.0,1243.0,599.0,443.0,293709.0,264.25,1.51,Bengali,18.26,Tier 2 City Customers,08-06-2025
PU-CMP-29697,Email,Premium Shoppers,17.0,"Facebook, YouTube, Email",18188.0,1156.0,342.0,244.0,160552.0,379.21,0.74,Bengali,9.58,Working Women,18-04-2025
PU-CMP-34105,Influencer,Tier 2 City Customers,17.0,"YouTube, Instagram",11203.0,1143.0,234.0,127.0,94107.0,2339.87,-0.68,English,13.42,Tier 2 City Customers,22-04-2025
PU-CMP-56107,Influencer,Tier 2 City Customers,5.0,WhatsApp,79302.0,9801.0,4596.0,2082.0,1213806.0,80.45,6.25,Tamil,20.78,Tier 2 City Customers,20-03-2025
PU-CMP-34184,Paid Ads,College Students,25.0,"YouTube, Email",68283.0,1627.0,447.0,168.0,117096.0,1351.27,-0.48,Bengali,3.28,Premium Shoppers,03-09-2024
PU-CMP-33072,Email,Tier 2 City Customers,5.0,Google,42814.0,1844.0,941.0,636.0,281112.0,280.04,0.58,Hindi,7.99,College Students,20-12-2024
PU-CMP-24153,Influencer,Tier 2 City Customers,6.0,"Email, WhatsApp, Google",69047.0,9183.0,4738.0,1973.0,615576.0,139.18,1.24,English,23.02,College Students,30-11-2024
PU-CMP-30169,,Tier 2 City Customers,19.0,"WhatsApp, Instagram, YouTube",75773.0,5743.0,1766.0,740.0,223480.0,344.75,-0.12,Tamil,10.89,Youth,17-09-2024
PU-CMP-18041,Influencer,Tier 2 City Customers,17.0,"Instagram, YouTube, Email",74950.0,5922.0,2901.0,1551.0,600237.0,191.7,1.02,Hindi,13.84,Youth,
PU-CMP-54416,Paid Ads,Working Women,12.0,Facebook,36924.0,3040.0,989.0,660.0,252120.0,138.65,1.76,Hindi,12.7,Working Women,17-04-2025
PU-CMP-10149,Paid Ads,Working Women,12.0,"Google, YouTube",17163.0,1324.0,728.0,493.0,,306.85,0.27,Tamil,14.83,Youth,16-04-2025
PU-CMP-14325,Social Media,College Students,20.0,"Facebook, Google, WhatsApp",76372.0,3256.0,1345.0,1052.0,521792.0,231.2,1.15,Tamil,7.4,Tier 2 City Customers,02-01-2025
PU-CMP-25757,Social Media,Tier 2 City Customers,10.0,,80596.0,8804.0,2820.0,1001.0,761761.0,232.33,2.28,English,15.66,Premium Shoppers,09-11-2024
PU-CMP-39105,Social Media,Youth,8.0,WhatsApp,80444.0,11533.0,5327.0,1805.0,370025.0,73.45,1.79,Hindi,23.2,Tier 2 City Customers,06-10-2024
PU-CMP-20315,Email,Youth,23.0,"Email, Google",21596.0,2371.0,514.0,235.0,74965.0,1022.87,-0.69,English,14.45,Tier 2 City Customers,17-02-2025
PU-CMP-37338,Paid Ads,Youth,18.0,"WhatsApp, Facebook, Instagram",25744.0,1746.0,633.0,364.0,,547.68,-0.18,Hindi,10.65,,26-01-2025
PU-CMP-28562,Influencer,Working Women,9.0,"Google, Facebook",88633.0,9986.0,3457.0,2744.0,1042720.0,,2.53,Tamil,18.26,College Students,17-06-2025
PU-CMP-53625,Social Media,Working Women,,"WhatsApp, Facebook",43375.0,5452.0,2591.0,1399.0,506438.0,148.78,1.43,Hindi,21.77,Tier 2 City Customers,18-04-2025
PU-CMP-44156,Paid Ads,Premium Shoppers,27.0,"Instagram, Google",60768.0,2179.0,576.0,309.0,168405.0,268.06,1.03,Bengali,5.04,Working Women,01-05-2025
PU-CMP-35662,Influencer,Premium Shoppers,20.0,"Instagram, Facebook, Email",78812.0,6891.0,2988.0,962.0,275132.0,190.68,0.5,English,,College Students,22-03-2025
PU-CMP-3630,Paid Ads,Working Women,,"Google, Facebook",97523.0,11976.0,7157.0,3106.0,2276698.0,49.78,,Bengali,22.8,Working Women,29-08-2024
PU-CMP-10398,Email,Premium Shoppers,16.0,"Instagram, Google",18566.0,585.0,340.0,222.0,67710.0,498.45,-0.39,Hindi,6.18,Working Women,19-12-2024
PU-CMP-7478,Email,Working Women,8.0,YouTube,34596.0,3908.0,1376.0,533.0,135915.0,193.38,0.32,Hindi,16.81,Premium Shoppers,27-08-2024
PU-CMP-25975,Social Media,Tier 2 City Customers,29.0,"WhatsApp, Facebook",43348.0,4718.0,1925.0,752.0,464736.0,133.64,3.62,Tamil,17.06,,
PU-CMP-48091,Social Media,,15.0,"Email, Facebook",45932.0,2558.0,,276.0,80868.0,789.98,-0.63,Bengali,7.46,Youth,25-10-2024
PU-CMP-32020,Email,College Students,11.0,"Instagram, WhatsApp",48501.0,3842.0,825.0,523.0,356163.0,176.74,2.85,Bengali,10.7,Tier 2 City Customers,09-09-2024
PU-CMP-47915,Influencer,Tier 2 City Customers,28.0,"Facebook, WhatsApp",,1282.0,,532.0,142044.0,261.71,0.02,English,6.04,Premium Shoppers,05-12-2024
PU-CMP-30239,Influencer,College Students,20.0,"Facebook, YouTube",62677.0,,3835.0,1460.0,1023460.0,85.1,7.24,Tamil,19.87,College Students,26-12-2024
PU-CMP-23103,Social Media,Youth,20.0,Google,94046.0,4366.0,1181.0,392.0,169736.0,162.51,,Tamil,6.31,Youth,03-01-2025
PU-CMP-1936,,Youth,7.0,"Google, YouTube",,8081.0,2625.0,1318.0,523246.0,129.92,2.06,Hindi,22.17,Tier 2 City Customers,04-01-2025
PU-CMP-13761,Social Media,Premium Shoppers,7.0,"Facebook, WhatsApp, Google",48209.0,4685.0,2383.0,1703.0,461513.0,97.26,1.79,Tamil,18.19,Tier 2 City Customers,
PU-CMP-3528,Influencer,College Students,12.0,"Instagram, Facebook, Google",97373.0,10541.0,5609.0,2271.0,556395.0,130.43,0.88,English,18.92,,07-09-2024
PU-CMP-15449,Paid Ads,Tier 2 City Customers,,"Google, WhatsApp, Email",26200.0,642.0,147.0,116.0,41876.0,529.64,-0.32,Hindi,3.45,Working Women,23-09-2024
PU-CMP-56167,Paid Ads,Youth,18.0,"WhatsApp, Email",43992.0,5649.0,2613.0,1514.0,799392.0,197.85,1.67,Tamil,22.22,Tier 2 City Customers,09-12-2024
,,Working Women,18.0,"Instagram, WhatsApp, Email",73664.0,10126.0,3468.0,2491.0,914197.0,105.12,2.49,English,,Premium Shoppers,27-05-2025
PU-CMP-55231,Social Media,Tier 2 City Customers,29.0,"Email, Google, Facebook",28258.0,2709.0,573.0,413.0,291991.0,646.76,0.09,Hindi,13.08,Working Women,26-05-2025
PU-CMP-29665,Social Media,Tier 2 City Customers,17.0,,13288.0,1122.0,285.0,120.0,81960.0,1722.65,-0.6,English,11.49,Working Women,03-06-2025
PU-CMP-4173,Influencer,,22.0,Instagram,27665.0,3461.0,1903.0,793.0,223626.0,200.6,0.41,Tamil,22.26,Premium Shoppers,07-01-2025
PU-CMP-44546,SEO,Working Women,18.0,YouTube,13170.0,648.0,221.0,68.0,30872.0,741.07,-0.39,English,7.11,Youth,18-10-2024
PU-CMP-28210,SEO,Premium Shoppers,12.0,"Email, YouTube",72912.0,3213.0,1578.0,907.0,306566.0,216.92,0.56,English,7.81,Working Women,27-12-2024
PU-CMP-24445,Influencer,Working Women,12.0,"Facebook, Google",14615.0,1303.0,644.0,222.0,118326.0,512.23,0.04,Tamil,14.84,Youth,17-07-2024
PU-CMP-25965,Influencer,Youth,9.0,Instagram,48692.0,3221.0,1680.0,1112.0,771728.0,127.35,4.45,Hindi,12.35,Working Women,11-12-2024
PU-CMP-8984,,Youth,17.0,"YouTube, WhatsApp, Facebook",38124.0,3408.0,1927.0,1342.0,581086.0,184.92,1.34,Hindi,17.51,Youth,13-09-2024
PU-CMP-9279,Social Media,Premium Shoppers,8.0,Google,81831.0,3206.0,1111.0,580.0,367720.0,276.69,1.29,Tamil,5.98,Working Women,22-09-2024
PU-CMP-32581,Paid Ads,Working Women,29.0,"YouTube, Email",,11040.0,4858.0,2062.0,435082.0,138.69,0.52,Bengali,17.99,Youth,01-10-2024
PU-CMP-12153,Influencer,Tier 2 City Customers,16.0,Facebook,86731.0,6434.0,3464.0,2283.0,1223688.0,51.23,9.46,Bengali,14.04,College Students,16-04-2025
PU-CMP-48852,Email,Youth,,Instagram,54547.0,6190.0,1559.0,596.0,452364.0,353.06,1.15,English,15.3,Working Women,10-11-2024
PU-CMP-21832,Social Media,Premium Shoppers,,Instagram,61777.0,2843.0,1094.0,,425136.0,254.04,1.05,Hindi,7.69,Tier 2 City Customers,29-04-2025
PU-CMP-17889,Social Media,Working Women,12.0,"Google, WhatsApp",10290.0,1174.0,448.0,135.0,,1630.01,-0.7,Hindi,17.07,Premium Shoppers,02-01-2025
PU-CMP-9270,Influencer,,10.0,"Email, WhatsApp, Google",,1654.0,561.0,298.0,92678.0,383.24,-0.19,Bengali,21.26,Youth,01-03-2025
PU-CMP-46263,SEO,Youth,25.0,"WhatsApp, Facebook, Instagram",17517.0,502.0,192.0,102.0,24582.0,1022.13,-0.76,Hindi,4.54,Premium Shoppers,18-07-2024
PU-CMP-28872,SEO,College Students,13.0,Facebook,44524.0,3502.0,1716.0,890.0,227840.0,306.68,-0.17,Tamil,13.72,Tier 2 City Customers,29-08-2024
PU-CMP-42624,Influencer,Working Women,21.0,"Email, WhatsApp, Google",65675.0,6076.0,3159.0,1147.0,729492.0,189.91,2.35,English,15.81,Youth,31-03-2025
PU-CMP-18210,,Tier 2 City Customers,10.0,"Facebook, Instagram",41278.0,4646.0,2423.0,1850.0,534650.0,64.63,3.47,,21.61,College Students,12-05-2025
PU-CMP-32985,,Premium Shoppers,7.0,"YouTube, Google, WhatsApp",70558.0,3732.0,1169.0,,141664.0,411.76,-0.26,Tamil,7.61,College Students,25-10-2024
PU-CMP-8785,Email,College Students,14.0,"YouTube, WhatsApp",77874.0,6825.0,2986.0,1300.0,266500.0,41.91,3.89,English,14.27,Youth,28-04-2025
PU-CMP-40286,SEO,Tier 2 City Customers,16.0,"Google, YouTube, Email",,3049.0,737.0,521.0,184955.0,172.21,1.06,Hindi,8.78,Youth,03-04-2025
PU-CMP-12799,Social Media,Tier 2 City Customers,14.0,"Instagram, Email",71219.0,9944.0,4396.0,2235.0,1197960.0,112.3,3.77,Tamil,23.27,Tier 2 City Customers,23-07-2024
PU-CMP-28173,Influencer,College Students,,"Facebook, Google, Email",67516.0,8032.0,2662.0,1756.0,1011456.0,64.75,7.9,Tamil,18.44,Premium Shoppers,02-04-2025
PU-CMP-53291,Email,Working Women,12.0,"YouTube, WhatsApp, Facebook",,8868.0,,857.0,249387.0,309.36,-0.06,Bengali,17.0,Tier 2 City Customers,
PU-CMP-46442,Influencer,Working Women,17.0,"YouTube, Facebook, Google",43176.0,4776.0,1793.0,836.0,,284.93,0.11,Hindi,17.15,College Students,19-02-2025
PU-CMP-38315,,Youth,15.0,"Google, WhatsApp, Facebook",62090.0,4897.0,2909.0,2026.0,1100118.0,127.49,3.26,Bengali,15.84,Premium Shoppers,14-10-2024
PU-CMP-46642,Email,Tier 2 City Customers,,,,2942.0,1386.0,693.0,412335.0,280.95,1.12,Bengali,6.01,Youth,04-07-2024
PU-CMP-37462,Email,Premium Shoppers,28.0,"WhatsApp, YouTube, Instagram",44609.0,6223.0,2406.0,1557.0,1205118.0,81.98,8.44,English,22.83,Youth,04-11-2024
PU-CMP-15831,Email,Tier 2 City Customers,17.0,"WhatsApp, Email, YouTube",42724.0,5047.0,2667.0,1409.0,542465.0,197.23,0.95,English,21.35,College Students,
PU-CMP-4394,Email,Working Women,10.0,"Facebook, WhatsApp",17793.0,1874.0,904.0,,501200.0,79.08,7.85,Bengali,19.64,Tier 2 City Customers,27-07-2024
PU-CMP-46757,Paid Ads,,5.0,,40875.0,,1158.0,743.0,539418.0,67.49,9.76,Hindi,11.92,Premium Shoppers,30-08-2024
PU-CMP-1292,Paid Ads,Premium Shoppers,17.0,YouTube,,2976.0,1369.0,1020.0,464100.0,189.6,1.4,Hindi,15.45,Working Women,17-01-2025
PU-CMP-17071,Social Media,Working Women,17.0,"Email, WhatsApp, YouTube",,1397.0,549.0,358.0,242724.0,403.94,0.68,Bengali,6.4,Premium Shoppers,09-11-2024
PU-CMP-40247,SEO,Youth,20.0,"Instagram, Facebook",70911.0,10298.0,4142.0,1697.0,819651.0,121.72,2.97,English,22.76,Working Women,15-09-2024
PU-CMP-41653,SEO,College Students,29.0,"Facebook, Google",36639.0,3898.0,1348.0,540.0,271620.0,268.57,,English,15.79,Youth,10-07-2024
PU-CMP-17109,Email,Tier 2 City Customers,21.0,Facebook,25391.0,3285.0,1392.0,686.0,327222.0,159.0,2.0,English,21.12,,21-08-2024
PU-CMP-3757,Social Media,Working Women,13.0,"Facebook, Email",66623.0,8015.0,2621.0,1309.0,302379.0,128.13,0.8,Bengali,17.93,College Students,30-10-2024
PU-CMP-37144,Email,Tier 2 City Customers,30.0,"YouTube, Google",61185.0,4322.0,1287.0,893.0,435784.0,83.38,4.85,Hindi,10.63,Premium Shoppers,14-11-2024
PU-CMP-42665,Influencer,Tier 2 City Customers,,Email,69299.0,7785.0,1917.0,1343.0,351866.0,183.79,0.43,Tamil,15.94,College Students,04-09-2024
PU-CMP-11772,Paid Ads,Tier 2 City Customers,15.0,YouTube,79617.0,6373.0,2106.0,1611.0,739449.0,48.57,8.45,Hindi,12.67,Working Women,26-01-2025
PU-CMP-5144,Email,Youth,21.0,WhatsApp,59682.0,6371.0,1487.0,1183.0,901446.0,178.91,3.26,Tamil,15.15,Tier 2 City Customers,08-11-2024
PU-CMP-46598,Paid Ads,Working Women,,"Facebook, Instagram",42288.0,2057.0,606.0,400.0,318800.0,564.26,0.41,Tamil,7.24,College Students,21-10-2024
PU-CMP-2126,Paid Ads,Premium Shoppers,8.0,"Instagram, Facebook, YouTube",75851.0,4379.0,1132.0,448.0,242816.0,217.9,1.49,English,7.86,Youth,01-07-2024
PU-CMP-47963,SEO,Premium Shoppers,22.0,Facebook,82624.0,8635.0,2200.0,1502.0,1102468.0,167.37,,Tamil,14.93,Tier 2 City Customers,28-05-2025
PU-CMP-46317,Influencer,Tier 2 City Customers,10.0,"Instagram, YouTube",13050.0,1162.0,602.0,474.0,,519.28,-0.43,Hindi,17.15,Premium Shoppers,15-09-2024
PU-CMP-48106,Influencer,Tier 2 City Customers,11.0,WhatsApp,36379.0,4577.0,2017.0,767.0,181012.0,235.54,0.0,Bengali,20.23,College Students,06-12-2024
PU-CMP-48178,,College Students,14.0,"Facebook, Google, YouTube",13451.0,1286.0,692.0,364.0,,408.49,0.94,English,17.41,College Students,08-07-2024
,Influencer,Youth,20.0,Google,36425.0,4640.0,1889.0,1358.0,441350.0,195.24,0.66,Hindi,21.65,Tier 2 City Customers,
PU-CMP-28878,Social Media,Tier 2 City Customers,13.0,"WhatsApp, Google, YouTube",27418.0,3644.0,1044.0,501.0,100200.0,515.52,-0.61,Hindi,18.93,Youth,05-08-2024
PU-CMP-10731,SEO,Tier 2 City Customers,27.0,,75870.0,11052.0,3969.0,1790.0,1097270.0,36.23,15.92,Bengali,22.16,Working Women,29-12-2024
PU-CMP-2005,Paid Ads,Youth,21.0,,,4516.0,1808.0,749.0,412699.0,190.48,1.89,English,7.27,Premium Shoppers,15-03-2025
PU-CMP-40783,Paid Ads,Youth,14.0,"Facebook, YouTube, Google",77019.0,5907.0,2238.0,946.0,731258.0,149.85,4.16,English,11.8,Tier 2 City Customers,31-03-2025
PU-CMP-16423,SEO,College Students,14.0,"Instagram, Email, YouTube",79202.0,7550.0,3524.0,1387.0,744819.0,62.31,7.62,,15.73,Premium Shoppers,11-01-2025
PU-CMP-20780,Influencer,Youth,5.0,WhatsApp,56921.0,3738.0,1438.0,774.0,,167.75,3.69,Tamil,10.45,College Students,23-04-2025
PU-CMP-19083,Email,Premium Shoppers,7.0,"Instagram, Google, Facebook",27632.0,2436.0,574.0,417.0,280224.0,,2.57,Hindi,12.4,Tier 2 City Customers,18-04-2025
PU-CMP-37983,Paid Ads,Tier 2 City Customers,9.0,"Instagram, Email, YouTube",28897.0,4130.0,2080.0,1230.0,845010.0,53.05,11.95,Bengali,25.75,Youth,26-02-2025
PU-CMP-13932,Paid Ads,Premium Shoppers,15.0,,43140.0,1597.0,601.0,355.0,159040.0,194.7,,Tamil,,College Students,13-09-2024
PU-CMP-50214,Paid Ads,Youth,16.0,,76969.0,8486.0,2441.0,1808.0,1356000.0,31.69,22.66,Tamil,16.55,College Students,05-02-2025
PU-CMP-36311,SEO,Premium Shoppers,9.0,"Facebook, WhatsApp, Email",71885.0,2359.0,793.0,442.0,201110.0,510.31,-0.11,,5.0,Premium Shoppers,15-05-2025
PU-CMP-13733,Influencer,College Students,9.0,"Facebook, YouTube, Email",90364.0,10738.0,5184.0,2928.0,1007232.0,41.03,7.38,Bengali,20.86,Premium Shoppers,14-09-2024
PU-CMP-24858,Paid Ads,College Students,,"Email, Instagram",65444.0,7087.0,2499.0,,591705.0,194.11,1.51,Tamil,16.5,Youth,27-02-2025
PU-CMP-23952,SEO,Tier 2 City Customers,23.0,,40335.0,1838.0,1096.0,402.0,104922.0,132.21,0.97,Hindi,8.27,Premium Shoppers,06-07-2024
PU-CMP-14948,SEO,Premium Shoppers,18.0,"Instagram, Google",46690.0,3753.0,1749.0,577.0,342738.0,322.85,0.84,Hindi,13.02,Tier 2 City Customers,11-09-2024
,SEO,Premium Shoppers,30.0,Email,82163.0,4414.0,2107.0,1549.0,1143162.0,131.84,4.6,English,9.82,College Students,08-08-2024
PU-CMP-18086,SEO,Working Women,28.0,"Instagram, Email, WhatsApp",98513.0,3522.0,749.0,517.0,200596.0,326.04,0.19,Tamil,4.86,Youth,08-03-2025
PU-CMP-26928,Paid Ads,College Students,8.0,"Email, Facebook, Google",94793.0,5180.0,1192.0,615.0,158670.0,221.26,0.17,Hindi,7.37,Premium Shoppers,07-07-2024
PU-CMP-43631,Influencer,Premium Shoppers,22.0,Facebook,25163.0,1299.0,459.0,304.0,162944.0,256.34,1.09,Hindi,8.19,Tier 2 City Customers,07-10-2024
PU-CMP-4263,Influencer,Tier 2 City Customers,23.0,"Google, YouTube, Instagram",98884.0,12794.0,6779.0,4671.0,3279042.0,34.13,19.57,English,24.52,Tier 2 City Customers,10-11-2024
PU-CMP-43732,,Tier 2 City Customers,29.0,"Instagram, WhatsApp",37045.0,4107.0,1613.0,712.0,190104.0,410.24,-0.35,English,17.36,Working Women,06-02-2025
PU-CMP-39604,Influencer,Working Women,27.0,"YouTube, Email",42327.0,2967.0,1229.0,943.0,241408.0,56.68,3.52,English,12.14,College Students,06-04-2025
PU-CMP-32725,Social Media,Tier 2 City Customers,11.0,"Email, WhatsApp, Facebook",59328.0,2390.0,1352.0,614.0,197094.0,271.36,0.18,Bengali,7.34,Premium Shoppers,04-11-2024
PU-CMP-56126,Social Media,Tier 2 City Customers,5.0,"Facebook, Email, Instagram",67230.0,8573.0,5069.0,2486.0,569294.0,82.33,1.78,Tamil,23.99,Premium Shoppers,28-10-2024
PU-CMP-53452,Influencer,Working Women,16.0,"Google, YouTube",21176.0,1405.0,392.0,213.0,142497.0,840.6,-0.2,English,9.49,Youth,05-07-2024
PU-CMP-10351,,Working Women,9.0,"Google, WhatsApp",49288.0,6972.0,2333.0,1099.0,847329.0,79.21,8.73,,21.11,Working Women,08-02-2025
PU-CMP-4154,Social Media,College Students,27.0,WhatsApp,34277.0,706.0,247.0,169.0,119821.0,1091.33,-0.35,Hindi,3.27,Tier 2 City Customers,06-12-2024
PU-CMP-15401,Social Media,Youth,5.0,"Email, Google, Facebook",30515.0,3179.0,,597.0,134922.0,221.31,0.02,Hindi,15.07,College Students,14-10-2024
PU-CMP-52440,SEO,Tier 2 City Customers,28.0,YouTube,12439.0,931.0,378.0,158.0,77420.0,1348.9,-0.64,Bengali,11.79,Working Women,18-07-2024
PU-CMP-54766,Social Media,Youth,17.0,Facebook,,5476.0,,1092.0,397488.0,238.74,0.52,Bengali,9.1,Tier 2 City Customers,23-12-2024
PU-CMP-52434,Email,Working Women,18.0,"Email, Instagram",97608.0,14519.0,7969.0,4765.0,3130605.0,41.25,14.93,English,27.92,College Students,30-01-2025
PU-CMP-38286,Email,,10.0,YouTube,44867.0,1944.0,515.0,358.0,216590.0,322.96,0.87,Bengali,6.28,Working Women,22-10-2024
PU-CMP-53288,Social Media,Tier 2 City Customers,15.0,"Facebook, YouTube, Google",11900.0,1703.0,848.0,441.0,111573.0,420.17,-0.4,Tamil,25.14,Tier 2 City Customers,16-08-2024
PU-CMP-13212,Paid Ads,Working Women,20.0,WhatsApp,18623.0,2607.0,883.0,602.0,460530.0,169.68,3.51,Hindi,21.97,College Students,19-02-2025
PU-CMP-23714,Influencer,Premium Shoppers,23.0,"Google, Facebook, Email",96584.0,13567.0,7898.0,5975.0,3387825.0,24.05,22.57,Hindi,28.41,Premium Shoppers,29-08-2024
PU-CMP-18121,Paid Ads,Tier 2 City Customers,8.0,"Google, Email",60137.0,6628.0,3802.0,2584.0,1056856.0,,3.17,English,21.64,College Students,09-05-2025
PU-CMP-43139,SEO,Youth,12.0,"YouTube, Facebook, WhatsApp",67354.0,7807.0,3254.0,1373.0,579406.0,198.29,1.13,Hindi,18.46,Tier 2 City Customers,02-07-2024
PU-CMP-53964,Email,Premium Shoppers,,"Facebook, WhatsApp, Google",84868.0,6604.0,2438.0,1560.0,698880.0,48.01,8.33,Tamil,12.49,Youth,30-11-2024
PU-CMP-8070,Email,,13.0,"WhatsApp, Email, Instagram",50775.0,2374.0,944.0,311.0,218633.0,886.37,-0.21,Hindi,7.15,Premium Shoppers,10-06-2025
PU-CMP-35677,Paid Ads,Premium Shoppers,18.0,"Facebook, YouTube, WhatsApp",39522.0,5104.0,2760.0,1081.0,429157.0,254.23,0.56,Tamil,22.63,College Students,26-04-2025
PU-CMP-8209,Paid Ads,College Students,15.0,"Google, WhatsApp",62367.0,5764.0,1362.0,515.0,209090.0,,-0.17,Tamil,12.25,College Students,06-05-2025
PU-CMP-23839,SEO,Youth,19.0,"WhatsApp, Facebook, Google",80521.0,6485.0,3700.0,2209.0,1634660.0,126.04,4.87,Hindi,15.39,Tier 2 City Customers,19-03-2025
PU-CMP-39843,Social Media,Working Women,16.0,,26013.0,1346.0,348.0,174.0,82824.0,534.79,-0.11,Hindi,7.18,Working Women,16-01-2025
PU-CMP-9565,Paid Ads,Youth,30.0,"YouTube, Facebook",,2742.0,1238.0,986.0,676396.0,51.05,12.44,English,5.09,Youth,14-10-2024
PU-CMP-48989,Email,Premium Shoppers,12.0,"WhatsApp, Email, Facebook",20781.0,2641.0,1511.0,885.0,321255.0,272.4,0.33,Tamil,24.24,Youth,
PU-CMP-35486,Influencer,College Students,23.0,"YouTube, WhatsApp",26737.0,1961.0,442.0,134.0,74772.0,1006.34,-0.45,Hindi,9.49,Tier 2 City Customers,01-08-2024
PU-CMP-50338,SEO,Premium Shoppers,14.0,"YouTube, WhatsApp, Email",49387.0,2049.0,904.0,424.0,242952.0,412.35,0.39,Tamil,6.84,Youth,18-09-2024
PU-CMP-49837,SEO,Tier 2 City Customers,5.0,"WhatsApp, Google, Instagram",97839.0,12769.0,6421.0,3922.0,1996298.0,49.68,9.25,English,23.62,Tier 2 City Customers,
PU-CMP-52595,Paid Ads,,10.0,,14799.0,1063.0,451.0,249.0,77688.0,613.91,-0.49,Tamil,11.91,College Students,25-07-2024
PU-CMP-14441,Influencer,Premium Shoppers,,"YouTube, Google",92722.0,3150.0,1352.0,551.0,338314.0,167.39,2.67,Hindi,5.45,Tier 2 City Customers,28-04-2025
PU-CMP-21120,,Working Women,14.0,,12458.0,902.0,238.0,127.0,71247.0,841.98,-0.33,English,10.17,Premium Shoppers,25-05-2025
PU-CMP-1462,SEO,Tier 2 City Customers,7.0,"WhatsApp, Google, YouTube",60073.0,6273.0,1760.0,1386.0,1107414.0,153.55,4.2,Hindi,15.68,Working Women,07-07-2024
PU-CMP-30266,,Tier 2 City Customers,27.0,,11177.0,1027.0,573.0,374.0,243474.0,675.22,-0.04,Hindi,17.66,Youth,02-02-2025
PU-CMP-15753,Social Media,College Students,7.0,"Instagram, WhatsApp",28888.0,,1640.0,,358050.0,94.41,,Bengali,17.9,College Students,20-07-2024
PU-CMP-20661,Social Media,Working Women,18.0,"YouTube, Instagram, Email",72348.0,10629.0,,2560.0,,81.48,3.42,English,24.22,Youth,11-12-2024
PU-CMP-43383,SEO,Tier 2 City Customers,24.0,Email,46612.0,5335.0,1688.0,736.0,169280.0,,-0.26,English,16.65,Working Women,
PU-CMP-24381,Social Media,Premium Shoppers,,"YouTube, WhatsApp, Facebook",91643.0,7199.0,1899.0,1211.0,337869.0,54.43,4.13,Tamil,11.25,Premium Shoppers,12-05-2025
PU-CMP-48729,Influencer,Youth,18.0,Google,35049.0,1289.0,616.0,475.0,257925.0,327.17,0.66,English,6.79,Working Women,31-05-2025
PU-CMP-55202,Email,College Students,28.0,"Instagram, WhatsApp, Google",68644.0,3050.0,1162.0,733.0,322520.0,279.46,0.57,Hindi,7.2,Premium Shoppers,17-12-2024
,Email,College Students,18.0,"Instagram, Facebook",87390.0,5951.0,1327.0,428.0,332984.0,151.27,4.14,English,8.82,Tier 2 City Customers,30-12-2024
PU-CMP-4156,Paid Ads,College Students,24.0,"Facebook, Instagram, YouTube",34013.0,4624.0,2539.0,1699.0,1309929.0,144.07,4.35,Tamil,26.05,College Students,03-05-2025
PU-CMP-16459,Paid Ads,Youth,13.0,Email,32859.0,2486.0,1459.0,,122032.0,441.57,-0.4,English,13.42,Working Women,25-02-2025
PU-CMP-10006,Email,Youth,9.0,"YouTube, WhatsApp, Facebook",73948.0,10609.0,3776.0,2271.0,1190004.0,28.59,,Tamil,22.52,Youth,11-11-2024
PU-CMP-44987,SEO,Youth,24.0,WhatsApp,76141.0,10299.0,,2654.0,1449084.0,32.42,15.84,Hindi,21.41,Tier 2 City Customers,16-07-2024
PU-CMP-46851,SEO,Premium Shoppers,7.0,Instagram,38483.0,4665.0,1464.0,804.0,191352.0,254.08,-0.06,Hindi,18.02,Working Women,28-08-2024
PU-CMP-11193,,Tier 2 City Customers,8.0,"YouTube, Instagram, Google",63472.0,8133.0,2670.0,1187.0,714574.0,50.19,11.0,Bengali,18.89,Working Women,05-05-2025
PU-CMP-30694,Influencer,Youth,25.0,Google,77115.0,2230.0,1070.0,553.0,111153.0,123.7,0.62,Hindi,5.0,Tier 2 City Customers,14-11-2024
PU-CMP-9420,Paid Ads,Premium Shoppers,23.0,YouTube,44170.0,6158.0,1921.0,897.0,501423.0,322.97,0.73,Bengali,20.32,Working Women,05-05-2025
PU-CMP-35993,Social Media,College Students,15.0,"Instagram, Facebook",22705.0,3217.0,944.0,582.0,376554.0,224.34,1.88,Bengali,20.89,College Students,08-07-2024
PU-CMP-5828,Influencer,College Students,6.0,"Email, WhatsApp",37860.0,4567.0,1741.0,1146.0,,176.68,0.91,Tamil,19.69,Youth,04-10-2024
PU-CMP-2138,Email,Youth,21.0,Facebook,58044.0,4690.0,1959.0,1299.0,619623.0,42.0,10.36,Tamil,13.69,Premium Shoppers,18-03-2025
PU-CMP-14030,Social Media,Premium Shoppers,27.0,"WhatsApp, Facebook",45253.0,2108.0,767.0,554.0,387246.0,507.37,0.38,,7.58,College Students,19-05-2025
,Social Media,College Students,10.0,"Instagram, WhatsApp",66132.0,,2764.0,1596.0,884184.0,142.41,2.89,Bengali,17.04,Premium Shoppers,23-12-2024
PU-CMP-51333,Influencer,College Students,26.0,Google,69306.0,8205.0,2470.0,800.0,185600.0,279.63,,English,16.56,Premium Shoppers,15-10-2024
PU-CMP-23193,Email,Tier 2 City Customers,23.0,"Email, Facebook",44209.0,3343.0,728.0,382.0,236458.0,612.99,0.01,Hindi,10.07,Premium Shoppers,08-10-2024
PU-CMP-42014,Email,Tier 2 City Customers,21.0,,59664.0,3619.0,790.0,415.0,299215.0,360.27,1.0,Bengali,8.09,Tier 2 City Customers,28-10-2024
PU-CMP-19649,Social Media,,9.0,Google,85367.0,10463.0,4271.0,1985.0,1504630.0,45.81,15.55,Tamil,19.58,Youth,13-01-2025
PU-CMP-54822,SEO,Tier 2 City Customers,10.0,"Google, Instagram",35303.0,4695.0,2269.0,1635.0,897615.0,66.91,7.21,Tamil,24.36,College Students,24-05-2025
PU-CMP-38896,Email,Tier 2 City Customers,26.0,Email,84702.0,5553.0,1433.0,465.0,249705.0,170.08,2.16,English,8.8,Tier 2 City Customers,20-02-2025
PU-CMP-27834,Social Media,Youth,8.0,"Google, WhatsApp, Instagram",15225.0,1332.0,430.0,181.0,36200.0,1052.87,-0.81,Bengali,12.76,Tier 2 City Customers,30-03-2025
PU-CMP-30106,SEO,Working Women,21.0,Google,56091.0,4263.0,2393.0,756.0,441504.0,98.41,,English,13.21,Tier 2 City Customers,26-09-2024
PU-CMP-33918,Influencer,College Students,,Instagram,82419.0,9151.0,2523.0,2008.0,819264.0,108.85,2.75,Hindi,16.6,Tier 2 City Customers,20-09-2024
PU-CMP-16694,Email,Tier 2 City Customers,8.0,"WhatsApp, YouTube",53915.0,3626.0,760.0,375.0,188250.0,729.42,-0.31,,8.83,Working Women,20-02-2025
PU-CMP-31739,Influencer,College Students,13.0,"Instagram, WhatsApp",27065.0,2319.0,729.0,550.0,158400.0,495.89,-0.42,English,13.29,Premium Shoppers,15-08-2024
PU-CMP-31004,Paid Ads,Tier 2 City Customers,11.0,"Google, Email, YouTube",68259.0,9306.0,5143.0,2891.0,1312514.0,93.2,3.87,Hindi,25.4,Youth,01-10-2024
PU-CMP-15865,Email,Premium Shoppers,19.0,"Instagram, YouTube",73108.0,,4414.0,1862.0,510188.0,51.62,4.31,Hindi,19.54,Working Women,20-09-2024
PU-CMP-38619,Paid Ads,Premium Shoppers,17.0,"Instagram, YouTube",53702.0,2378.0,1073.0,576.0,188352.0,482.77,-0.32,Hindi,7.5,Youth,30-07-2024
PU-CMP-47703,Paid Ads,Working Women,22.0,"YouTube, Google, Instagram",92177.0,2813.0,640.0,376.0,261320.0,630.47,0.1,Tamil,4.15,Premium Shoppers,14-07-2024
PU-CMP-6428,,College Students,12.0,Facebook,33442.0,3767.0,1567.0,566.0,156782.0,235.75,0.17,Tamil,17.64,Tier 2 City Customers,13-05-2025
PU-CMP-5639,Email,College Students,10.0,Facebook,20602.0,1706.0,850.0,588.0,314580.0,294.72,0.82,Tamil,15.26,Tier 2 City Customers,14-09-2024
PU-CMP-27146,SEO,Youth,23.0,"Email, Google, Instagram",18410.0,1554.0,531.0,278.0,167634.0,309.85,0.95,English,12.84,Premium Shoppers,17-05-2025
PU-CMP-10263,SEO,Youth,14.0,Google,76419.0,4663.0,2215.0,1313.0,877084.0,175.38,2.81,Bengali,10.72,Youth,26-12-2024
PU-CMP-17022,SEO,Premium Shoppers,20.0,WhatsApp,23523.0,500.0,137.0,94.0,60066.0,1353.12,-0.53,Hindi,3.11,Youth,11-03-2025
PU-CMP-55836,Influencer,Youth,6.0,,70048.0,5444.0,,1373.0,1073686.0,60.44,11.94,Bengali,13.63,College Students,09-12-2024
PU-CMP-48245,Influencer,College Students,17.0,"WhatsApp, Instagram",74141.0,5028.0,1865.0,1454.0,505992.0,130.97,1.66,English,11.26,Premium Shoppers,04-06-2025
PU-CMP-35013,SEO,,21.0,"Email, YouTube, Google",29828.0,1454.0,375.0,238.0,151606.0,1138.25,-0.44,Tamil,6.93,Premium Shoppers,21-09-2024
PU-CMP-15129,Influencer,Tier 2 City Customers,9.0,"WhatsApp, Google",70648.0,5204.0,2259.0,1338.0,933924.0,71.94,8.7,English,12.46,Premium Shoppers,12-07-2024
PU-CMP-46590,Influencer,Youth,18.0,Facebook,76477.0,10900.0,6048.0,4405.0,1995465.0,27.51,15.47,Bengali,27.92,Tier 2 City Customers,
PU-CMP-52837,SEO,Premium Shoppers,28.0,"Facebook, WhatsApp",28149.0,2956.0,,549.0,337086.0,488.74,0.26,Tamil,17.42,Working Women,07-08-2024
PU-CMP-3579,Email,College Students,23.0,WhatsApp,,5913.0,1191.0,823.0,568693.0,353.75,0.95,English,8.51,Premium Shoppers,19-07-2024
PU-CMP-48360,Influencer,College Students,22.0,Facebook,62791.0,4740.0,2618.0,1538.0,1090442.0,123.63,4.73,English,14.17,Working Women,31-03-2025
PU-CMP-54360,,Youth,24.0,"Instagram, Email, Google",99202.0,2088.0,722.0,,103740.0,435.9,-0.43,Tamil,,Tier 2 City Customers,01-09-2024
PU-CMP-6929,Email,Premium Shoppers,17.0,"WhatsApp, Email",25501.0,2235.0,1209.0,720.0,331920.0,345.19,0.34,English,16.33,Working Women,03-03-2025
PU-CMP-28754,Paid Ads,Tier 2 City Customers,16.0,"Email, Facebook",29853.0,4266.0,1056.0,339.0,249843.0,429.08,0.72,Hindi,18.96,Working Women,20-12-2024
PU-CMP-42994,Social Media,College Students,24.0,"Email, Google",70402.0,5014.0,1432.0,1023.0,732468.0,183.4,2.9,Bengali,10.61,Youth,07-03-2025
PU-CMP-30329,SEO,Tier 2 City Customers,25.0,WhatsApp,86554.0,4429.0,1166.0,741.0,380133.0,262.41,0.95,Hindi,7.32,Premium Shoppers,09-02-2025
PU-CMP-39372,Paid Ads,Tier 2 City Customers,9.0,YouTube,97036.0,8218.0,4452.0,2740.0,1413840.0,81.77,5.31,Hindi,15.88,Premium Shoppers,10-06-2025
PU-CMP-18293,Social Media,Working Women,13.0,Email,81019.0,7778.0,4392.0,3351.0,2365806.0,41.98,15.82,,19.16,Working Women,18-05-2025
PU-CMP-39769,Influencer,Youth,10.0,"Google, WhatsApp, Email",23272.0,1331.0,293.0,121.0,41261.0,1013.54,-0.66,Bengali,7.5,Premium Shoppers,09-04-2025
PU-CMP-26253,,,27.0,"Email, Facebook",97931.0,7267.0,2559.0,1916.0,1036556.0,48.58,10.14,Bengali,11.99,Premium Shoppers,24-05-2025
PU-CMP-45233,Paid Ads,Working Women,16.0,"Instagram, Google, Facebook",35288.0,2009.0,620.0,337.0,127386.0,648.41,-0.42,Bengali,8.41,Youth,23-01-2025
PU-CMP-24187,Paid Ads,Tier 2 City Customers,25.0,"Google, YouTube, Email",58819.0,,2457.0,844.0,326628.0,198.4,0.95,Bengali,18.42,Tier 2 City Customers,05-03-2025
PU-CMP-14702,SEO,College Students,12.0,"Email, YouTube",49260.0,,1415.0,931.0,474810.0,129.29,2.94,English,16.53,Tier 2 City Customers,20-12-2024
PU-CMP-42980,Email,,19.0,"Email, WhatsApp, Google",80278.0,,2677.0,1669.0,338807.0,123.56,0.64,Bengali,13.2,Premium Shoppers,29-05-2025
PU-CMP-7948,SEO,Youth,,Google,77700.0,1816.0,564.0,325.0,78325.0,156.41,0.54,Bengali,3.48,Tier 2 City Customers,26-07-2024
PU-CMP-36448,Influencer,College Students,,"YouTube, Email, WhatsApp",23095.0,2723.0,1055.0,819.0,328419.0,361.88,0.11,Hindi,19.9,Tier 2 City Customers,25-02-2025
PU-CMP-5573,SEO,Premium Shoppers,23.0,"YouTube, WhatsApp",31920.0,3993.0,2375.0,900.0,598500.0,198.2,2.36,Tamil,22.77,Working Women,06-08-2024
PU-CMP-41382,Social Media,Tier 2 City Customers,15.0,"Instagram, Facebook, Google",95460.0,2171.0,910.0,541.0,286730.0,99.3,4.34,,3.79,College Students,
PU-CMP-34659,Social Media,,30.0,YouTube,44514.0,4242.0,1303.0,397.0,166343.0,588.86,-0.29,Bengali,13.35,Tier 2 City Customers,14-04-2025
,Paid Ads,Working Women,14.0,Facebook,42306.0,6144.0,2623.0,1642.0,407216.0,146.69,0.69,Hindi,24.6,Tier 2 City Customers,10-10-2024
PU-CMP-39708,Influencer,Premium Shoppers,15.0,"Facebook, Instagram, Email",10148.0,736.0,152.0,46.0,17986.0,3578.46,-0.89,Bengali,9.2,College Students,10-08-2024
PU-CMP-4131,Influencer,College Students,8.0,Email,17568.0,1347.0,708.0,241.0,120018.0,775.95,-0.36,English,13.07,Youth,08-06-2025
PU-CMP-32576,Influencer,Working Women,24.0,WhatsApp,69713.0,10210.0,4839.0,2550.0,1802850.0,51.25,12.8,English,25.24,Tier 2 City Customers,18-05-2025
PU-CMP-21518,,Premium Shoppers,5.0,"Email, Facebook, Instagram",,2367.0,996.0,452.0,203400.0,258.49,0.74,English,8.15,Youth,05-07-2024
PU-CMP-35230,Paid Ads,Premium Shoppers,18.0,"Instagram, Facebook, Email",56983.0,5356.0,2525.0,1547.0,994721.0,34.57,17.6,Tamil,16.55,College Students,10-08-2024
PU-CMP-42581,Email,Youth,22.0,"Email, WhatsApp, Google",57886.0,8654.0,4300.0,2933.0,1542758.0,62.02,7.48,Bengali,27.45,Youth,27-07-2024
PU-CMP-21650,Paid Ads,Working Women,13.0,Google,66120.0,5256.0,2110.0,1650.0,478500.0,33.21,7.73,English,13.64,Youth,09-02-2025
PU-CMP-35291,Email,,8.0,Instagram,89788.0,11436.0,2573.0,1964.0,465468.0,148.21,0.6,Tamil,17.79,College Students,12-03-2025
PU-CMP-30575,Social Media,Working Women,6.0,"Google, Facebook, Instagram",40781.0,3241.0,1708.0,653.0,231162.0,458.04,-0.23,,13.74,Tier 2 City Customers,06-01-2025
PU-CMP-40588,Influencer,Premium Shoppers,12.0,"Email, Facebook",83826.0,10665.0,4700.0,1633.0,718520.0,,2.11,Tamil,20.28,Tier 2 City Customers,19-02-2025
PU-CMP-20127,Influencer,Tier 2 City Customers,7.0,"Google, Instagram",41223.0,4145.0,1429.0,491.0,329461.0,209.01,2.21,Bengali,14.71,Youth,12-03-2025
PU-CMP-1998,Influencer,Working Women,19.0,Facebook,33325.0,2358.0,786.0,584.0,272144.0,,1.29,English,11.19,College Students,28-08-2024
PU-CMP-25675,SEO,Tier 2 City Customers,25.0,Email,63285.0,5461.0,,1223.0,364454.0,229.32,0.3,Bengali,13.45,Premium Shoppers,26-10-2024
PU-CMP-44765,Social Media,Premium Shoppers,14.0,"Facebook, Instagram",17713.0,,181.0,124.0,57040.0,945.78,-0.51,Hindi,4.8,Working Women,23-01-2025
PU-CMP-39766,Influencer,Premium Shoppers,9.0,Facebook,33697.0,3682.0,1028.0,507.0,248430.0,,1.58,Bengali,15.48,Premium Shoppers,11-06-2025
PU-CMP-41135,SEO,Premium Shoppers,29.0,"YouTube, Instagram, WhatsApp",37485.0,4069.0,1865.0,657.0,254259.0,173.93,1.23,English,17.58,Working Women,06-11-2024
PU-CMP-36112,Paid Ads,Working Women,12.0,Facebook,68336.0,9311.0,5459.0,1722.0,1107246.0,91.93,5.99,Bengali,24.13,Premium Shoppers,09-10-2024
PU-CMP-3515,Email,Working Women,16.0,Instagram,58672.0,7010.0,2925.0,1268.0,678380.0,163.26,2.28,Tamil,19.09,College Students,08-08-2024
PU-CMP-47299,Social Media,Youth,18.0,Email,45490.0,4395.0,1390.0,677.0,448851.0,153.21,3.33,Bengali,14.21,,07-07-2024
PU-CMP-9490,SEO,Premium Shoppers,22.0,"Facebook, WhatsApp, Email",92707.0,6774.0,3739.0,2196.0,1578924.0,119.95,4.99,Bengali,13.71,Tier 2 City Customers,
PU-CMP-52298,Paid Ads,College Students,17.0,"Google, Email, YouTube",80083.0,8485.0,4953.0,2219.0,1564395.0,115.83,5.09,Bengali,19.55,Working Women,18-11-2024
PU-CMP-43513,Influencer,Premium Shoppers,30.0,"Google, Facebook, Instagram",87027.0,9525.0,5579.0,,1382856.0,120.02,5.12,English,19.52,Working Women,17-09-2024
PU-CMP-27343,Influencer,Youth,6.0,Email,76118.0,4359.0,2400.0,770.0,,193.79,2.47,Hindi,9.89,Working Women,14-06-2025
PU-CMP-42040,Influencer,Youth,10.0,"YouTube, Facebook, Google",49324.0,1165.0,352.0,247.0,190684.0,1005.94,-0.23,Tamil,3.58,College Students,13-07-2024
PU-CMP-38156,Social Media,Tier 2 City Customers,15.0,"Instagram, WhatsApp, Email",40156.0,5831.0,1747.0,1175.0,511125.0,53.96,7.06,Tamil,21.8,,27-02-2025
PU-CMP-37543,SEO,Working Women,30.0,"Email, Facebook",30013.0,2144.0,1128.0,614.0,400942.0,96.63,5.76,Bengali,12.95,College Students,16-11-2024
PU-CMP-52055,Influencer,Tier 2 City Customers,8.0,"YouTube, Google",67750.0,2399.0,916.0,392.0,100352.0,179.63,0.43,Bengali,5.47,Premium Shoppers,25-04-2025
PU-CMP-56543,Social Media,Youth,11.0,"YouTube, Facebook, WhatsApp",47303.0,3290.0,1157.0,,628520.0,123.24,,Tamil,11.15,Tier 2 City Customers,07-06-2025
PU-CMP-46474,Email,Premium Shoppers,29.0,"YouTube, Facebook, Google",97846.0,5166.0,2065.0,924.0,291984.0,270.03,0.17,Bengali,8.33,Tier 2 City Customers,22-01-2025
PU-CMP-7978,Social Media,Working Women,7.0,"WhatsApp, Email, YouTube",12911.0,397.0,,129.0,69918.0,1353.16,-0.6,English,5.5,Tier 2 City Customers,29-01-2025
PU-CMP-17563,Social Media,Tier 2 City Customers,17.0,"WhatsApp, Facebook",99072.0,6012.0,2534.0,1855.0,654815.0,,4.18,Hindi,10.5,Premium Shoppers,03-02-2025
PU-CMP-29681,Email,Premium Shoppers,9.0,Instagram,73476.0,7129.0,3336.0,2383.0,636261.0,90.47,1.95,Hindi,17.49,Tier 2 City Customers,17-03-2025
PU-CMP-33652,SEO,Premium Shoppers,14.0,"YouTube, Email",19413.0,948.0,331.0,153.0,33201.0,1148.6,-0.81,English,7.38,Premium Shoppers,13-11-2024
PU-CMP-29622,Email,Tier 2 City Customers,9.0,Facebook,58122.0,,1096.0,452.0,231876.0,,0.54,Hindi,7.74,Tier 2 City Customers,11-02-2025
PU-CMP-4502,,Working Women,19.0,Instagram,,8095.0,4826.0,3079.0,1776583.0,57.43,9.05,English,21.86,College Students,15-04-2025
PU-CMP-29617,Paid Ads,Premium Shoppers,16.0,Google,56265.0,7742.0,4613.0,2008.0,1379496.0,76.2,8.02,,25.53,Premium Shoppers,20-05-2025
PU-CMP-33900,Social Media,Tier 2 City Customers,12.0,"Instagram, Facebook, Google",39963.0,2558.0,676.0,514.0,278588.0,166.79,2.25,Bengali,9.38,Youth,19-07-2024
PU-CMP-1914,Paid Ads,College Students,24.0,Instagram,89353.0,1982.0,854.0,,253487.0,229.29,0.76,,3.88,Youth,10-07-2024
PU-CMP-38162,Email,College Students,12.0,"Email, Google, YouTube",44505.0,2003.0,855.0,,133518.0,218.34,0.06,English,7.72,Tier 2 City Customers,10-09-2024
PU-CMP-45303,Paid Ads,College Students,11.0,"Email, Instagram, Facebook",33481.0,744.0,315.0,213.0,165501.0,1287.77,-0.4,English,3.8,Youth,08-06-2025
PU-CMP-26337,Email,Youth,13.0,"Instagram, Email",83874.0,3190.0,1801.0,634.0,460284.0,338.97,1.14,English,6.71,,20-08-2024
PU-CMP-44529,Influencer,College Students,20.0,"Google, Email, Instagram",23914.0,,906.0,567.0,277263.0,354.07,0.38,English,16.78,Working Women,04-03-2025
PU-CMP-49258,Email,Premium Shoppers,24.0,"Facebook, Google, Email",97534.0,13792.0,7887.0,2598.0,898908.0,19.62,16.64,Bengali,24.89,Premium Shoppers,26-03-2025
PU-CMP-6936,Paid Ads,Youth,5.0,WhatsApp,91588.0,11115.0,3675.0,1351.0,968667.0,181.72,2.95,Hindi,17.62,Working Women,27-07-2024
PU-CMP-52952,SEO,College Students,21.0,"Google, Instagram, Email",74196.0,6474.0,1345.0,1024.0,418816.0,174.56,1.34,Bengali,11.92,Youth,27-11-2024
PU-CMP-41360,Social Media,Working Women,29.0,"YouTube, Instagram",32819.0,3433.0,943.0,592.0,254560.0,271.77,0.58,English,15.14,College Students,13-10-2024
PU-CMP-37128,Influencer,College Students,30.0,"Google, Facebook, YouTube",61281.0,,,1662.0,546798.0,33.42,8.85,Hindi,14.53,College Students,09-09-2024
PU-CMP-32140,Influencer,Tier 2 City Customers,26.0,Email,74240.0,1593.0,902.0,524.0,,446.87,0.44,Bengali,,College Students,17-05-2025
PU-CMP-56331,Paid Ads,College Students,,Email,61476.0,1981.0,,849.0,466950.0,190.03,1.89,English,6.5,Tier 2 City Customers,11-09-2024
PU-CMP-31864,Social Media,Youth,22.0,"Google, YouTube",84258.0,11063.0,5002.0,2138.0,838096.0,43.17,8.08,Hindi,21.6,Working Women,19-03-2025
PU-CMP-39120,Email,Working Women,8.0,"Google, Email",77023.0,3020.0,1801.0,1218.0,722274.0,162.09,2.66,Hindi,7.84,Premium Shoppers,25-10-2024
PU-CMP-34432,Influencer,Working Women,12.0,"WhatsApp, Email, Google",92650.0,11618.0,6073.0,2684.0,1371524.0,96.58,4.29,Tamil,21.99,College Students,06-02-2025
PU-CMP-8401,Social Media,Tier 2 City Customers,5.0,YouTube,15305.0,638.0,305.0,233.0,,469.17,0.37,Tamil,7.68,Youth,14-05-2025
PU-CMP-47290,Influencer,Premium Shoppers,12.0,Google,82963.0,7865.0,1670.0,759.0,371910.0,138.97,2.53,Hindi,12.41,Working Women,29-10-2024
PU-CMP-55295,Influencer,Working Women,20.0,Facebook,37056.0,1377.0,396.0,,47400.0,1027.24,-0.77,,5.32,College Students,21-01-2025
PU-CMP-42056,Influencer,Premium Shoppers,19.0,"Facebook, YouTube",98078.0,12506.0,2801.0,1408.0,321024.0,45.51,4.01,English,17.04,Tier 2 City Customers,05-09-2024
PU-CMP-36876,SEO,Youth,,"Instagram, Email, WhatsApp",75416.0,,6472.0,2423.0,516099.0,43.22,3.93,Tamil,26.7,,03-06-2025
PU-CMP-25906,Paid Ads,Working Women,27.0,"WhatsApp, Google",94442.0,12254.0,6286.0,2111.0,519306.0,108.06,1.28,Tamil,21.87,College Students,23-01-2025
PU-CMP-52577,Paid Ads,Premium Shoppers,13.0,"Instagram, Google, YouTube",65161.0,3871.0,1696.0,718.0,522704.0,,1.15,Hindi,9.65,Premium Shoppers,10-12-2024
PU-CMP-52285,Email,,29.0,,46244.0,2671.0,842.0,611.0,304278.0,172.16,1.89,Hindi,8.92,Premium Shoppers,24-10-2024
PU-CMP-37441,Email,Premium Shoppers,24.0,"Facebook, Google",51494.0,2094.0,1110.0,,657397.0,356.97,1.22,Tamil,7.83,,18-04-2025
PU-CMP-51668,Social Media,,20.0,YouTube,92287.0,6787.0,2705.0,1654.0,1214036.0,161.59,3.54,Tamil,12.08,Working Women,28-03-2025
PU-CMP-36589,Email,Youth,5.0,"Email, WhatsApp",66730.0,5130.0,1761.0,699.0,448758.0,331.59,0.94,Hindi,11.37,Tier 2 City Customers,25-05-2025
PU-CMP-54673,Influencer,College Students,29.0,"Email, WhatsApp, Instagram",81453.0,6603.0,3436.0,1548.0,1034064.0,89.0,6.51,Hindi,14.23,Premium Shoppers,
PU-CMP-52224,SEO,College Students,23.0,"YouTube, Email",,2601.0,876.0,483.0,275310.0,196.42,1.9,Bengali,21.06,College Students,20-05-2025
PU-CMP-19473,SEO,College Students,5.0,"YouTube, Instagram, Google",20398.0,1928.0,720.0,524.0,364704.0,404.81,0.72,English,15.55,Working Women,02-07-2024
PU-CMP-36718,Email,Working Women,7.0,"Facebook, YouTube, Google",51858.0,6093.0,2947.0,957.0,469887.0,261.12,0.88,Hindi,19.28,College Students,04-04-2025
,SEO,Premium Shoppers,8.0,"Google, Email, WhatsApp",20941.0,1116.0,500.0,298.0,161814.0,729.21,-0.26,,9.14,,17-09-2024
PU-CMP-17992,Paid Ads,Premium Shoppers,18.0,WhatsApp,25762.0,2541.0,935.0,290.0,118610.0,853.83,-0.52,,14.62,College Students,16-12-2024
PU-CMP-51674,Influencer,Youth,14.0,"Google, Email, Facebook",65563.0,9802.0,4828.0,3041.0,1344122.0,98.48,3.49,Tamil,26.95,College Students,20-04-2025
PU-CMP-52010,Social Media,Youth,6.0,"Google, Instagram, Email",99406.0,13624.0,7686.0,3923.0,2134112.0,36.63,13.85,Bengali,25.38,Working Women,13-03-2025
PU-CMP-37058,Social Media,Premium Shoppers,8.0,"YouTube, WhatsApp",30839.0,2530.0,751.0,466.0,,579.95,-0.48,English,,Tier 2 City Customers,26-12-2024
PU-CMP-48669,Paid Ads,Premium Shoppers,16.0,"WhatsApp, YouTube, Facebook",64509.0,6655.0,3630.0,,634942.0,,,Tamil,18.83,Premium Shoppers,15-10-2024
PU-CMP-13623,Email,Working Women,24.0,YouTube,94857.0,,2534.0,1295.0,292670.0,107.28,1.11,Tamil,,College Students,23-03-2025
PU-CMP-29056,Email,Premium Shoppers,29.0,"YouTube, Instagram",26216.0,,643.0,349.0,151466.0,332.69,0.3,Hindi,8.37,Working Women,11-10-2024
PU-CMP-17382,Paid Ads,College Students,15.0,Instagram,97834.0,5126.0,1661.0,1041.0,387252.0,165.01,1.25,English,8.0,College Students,28-11-2024
PU-CMP-43667,Paid Ads,Working Women,13.0,"Google, Facebook, WhatsApp",40092.0,4675.0,2457.0,1584.0,1119888.0,56.37,11.54,Hindi,21.74,Working Women,11-01-2025
PU-CMP-46023,Influencer,Premium Shoppers,28.0,WhatsApp,22256.0,1301.0,469.0,335.0,190280.0,646.86,-0.12,Bengali,9.46,Tier 2 City Customers,12-01-2025
PU-CMP-24493,Paid Ads,College Students,23.0,"YouTube, Google, Facebook",52676.0,4957.0,1844.0,1434.0,936402.0,51.18,11.76,English,15.63,College Students,26-08-2024
PU-CMP-15448,Influencer,College Students,8.0,"Facebook, Google",26846.0,3567.0,1806.0,1101.0,236715.0,118.9,0.81,Hindi,24.12,Working Women,12-02-2025
PU-CMP-15791,Social Media,Tier 2 City Customers,24.0,Google,89301.0,3192.0,1186.0,810.0,269730.0,198.37,0.68,English,5.81,Premium Shoppers,
PU-CMP-15229,Email,,26.0,WhatsApp,36866.0,4361.0,1290.0,985.0,715110.0,233.3,2.11,Tamil,18.0,Premium Shoppers,11-03-2025
PU-CMP-56196,Email,College Students,23.0,Email,75858.0,6771.0,1955.0,,791250.0,,2.32,Tamil,12.89,Premium Shoppers,29-05-2025
PU-CMP-55155,SEO,College Students,28.0,"YouTube, WhatsApp",97235.0,,1393.0,514.0,329988.0,459.06,0.4,Tamil,6.65,College Students,20-09-2024
PU-CMP-21853,Social Media,Working Women,6.0,"Google, Email",74719.0,2875.0,1483.0,576.0,381888.0,446.23,0.49,,6.6,Premium Shoppers,21-11-2024
PU-CMP-49017,Email,College Students,14.0,YouTube,95010.0,12064.0,5621.0,4005.0,1217520.0,21.64,,Hindi,22.83,College Students,30-09-2024
PU-CMP-27792,Email,Youth,8.0,WhatsApp,48298.0,1569.0,843.0,647.0,182454.0,191.35,0.47,English,6.33,College Students,23-09-2024
PU-CMP-42417,Email,Working Women,20.0,"Instagram, Google",36382.0,3815.0,1451.0,948.0,203820.0,123.06,0.75,Bengali,17.08,Working Women,03-04-2025
PU-CMP-30183,SEO,Premium Shoppers,17.0,Instagram,48032.0,4900.0,2345.0,,911808.0,92.19,5.25,Hindi,18.38,Youth,19-08-2024
PU-CMP-20688,SEO,Working Women,21.0,"Google, Email",49279.0,2444.0,811.0,588.0,180516.0,368.77,-0.17,Bengali,7.8,Premium Shoppers,21-05-2025
PU-CMP-16255,Email,Youth,,"Facebook, Email",24854.0,3019.0,1674.0,748.0,,190.25,0.57,Hindi,21.89,Working Women,25-09-2024
PU-CMP-27712,Paid Ads,,29.0,"Google, Email, YouTube",86070.0,12832.0,3963.0,1668.0,1147584.0,99.65,5.9,Hindi,21.45,Youth,22-07-2024
PU-CMP-55574,Email,College Students,7.0,"Google, Instagram, YouTube",23281.0,813.0,282.0,209.0,130207.0,1131.24,-0.45,Tamil,5.6,Youth,26-11-2024
PU-CMP-9780,Influencer,Working Women,8.0,Facebook,13338.0,787.0,161.0,122.0,73688.0,1557.75,-0.61,Tamil,8.02,Tier 2 City Customers,15-10-2024
PU-CMP-55447,SEO,,11.0,Google,65910.0,8036.0,3240.0,,586340.0,138.35,1.75,Tamil,19.45,Premium Shoppers,21-10-2024
PU-CMP-23533,Influencer,Youth,21.0,,31272.0,,1562.0,1191.0,277503.0,176.0,0.32,Hindi,23.71,Youth,23-03-2025
PU-CMP-33382,Influencer,Youth,,"Email, Instagram",22968.0,1499.0,531.0,192.0,102720.0,1280.25,-0.58,Tamil,9.67,College Students,17-11-2024
PU-CMP-47885,Email,Premium Shoppers,9.0,"WhatsApp, Instagram, Email",63094.0,4225.0,2533.0,1235.0,594035.0,177.63,1.71,Tamil,12.67,Tier 2 City Customers,10-02-2025
PU-CMP-43396,SEO,Working Women,20.0,Google,25771.0,1647.0,550.0,399.0,110124.0,264.23,0.04,Tamil,10.07,College Students,10-07-2024
PU-CMP-36250,Email,,18.0,"YouTube, WhatsApp",96815.0,11859.0,3969.0,1616.0,510656.0,53.31,,Hindi,18.02,Youth,21-07-2024
PU-CMP-35667,Email,Tier 2 City Customers,8.0,"Google, Instagram",,11273.0,3611.0,2504.0,681088.0,56.49,3.82,English,18.84,Tier 2 City Customers,01-11-2024
PU-CMP-49624,Paid Ads,Premium Shoppers,24.0,Email,67027.0,6981.0,1961.0,1323.0,938007.0,60.3,10.76,Bengali,,College Students,19-12-2024
PU-CMP-42704,Influencer,Youth,28.0,"Google, Instagram",48654.0,2877.0,1207.0,566.0,446574.0,404.82,0.95,Bengali,9.56,Premium Shoppers,01-09-2024
PU-CMP-33241,SEO,Premium Shoppers,28.0,Email,67770.0,7437.0,3319.0,2458.0,909460.0,65.57,4.64,,19.5,Working Women,05-02-2025
PU-CMP-4804,Email,Youth,5.0,"Google, Email",37818.0,1554.0,783.0,385.0,233695.0,763.89,-0.21,Bengali,,Tier 2 City Customers,17-12-2024
PU-CMP-46601,Influencer,Premium Shoppers,17.0,"Instagram, Google, Email",92557.0,4281.0,1464.0,838.0,583248.0,197.5,2.52,Bengali,7.11,Premium Shoppers,08-04-2025
PU-CMP-9193,Social Media,Youth,21.0,"YouTube, WhatsApp",39622.0,2047.0,709.0,,346701.0,393.06,0.8,English,8.19,Working Women,23-03-2025
PU-CMP-36834,Paid Ads,Youth,17.0,"Instagram, WhatsApp",54384.0,1647.0,750.0,251.0,135791.0,534.75,0.01,Tamil,4.87,Youth,26-09-2024
PU-CMP-15424,SEO,College Students,19.0,"Google, Email",96878.0,8840.0,4003.0,1769.0,518317.0,130.94,1.24,Hindi,15.08,Youth,
PU-CMP-32350,Influencer,Working Women,26.0,"Google, YouTube",58485.0,3533.0,1000.0,469.0,254198.0,427.41,0.27,Hindi,,College Students,29-01-2025
PU-CMP-28515,Social Media,Premium Shoppers,13.0,Instagram,59887.0,7593.0,2238.0,821.0,220028.0,217.85,0.23,English,17.79,Tier 2 City Customers,10-05-2025
PU-CMP-25457,Social Media,Youth,20.0,YouTube,18328.0,2327.0,812.0,515.0,386765.0,458.09,0.64,Tamil,19.94,Youth,19-04-2025
PU-CMP-37750,Email,Youth,8.0,"Email, Instagram",58023.0,2764.0,968.0,606.0,156954.0,162.97,0.59,Tamil,7.48,Tier 2 City Customers,
PU-CMP-33493,Social Media,Premium Shoppers,5.0,Facebook,18579.0,1462.0,444.0,290.0,140070.0,988.91,-0.51,Bengali,11.82,Tier 2 City Customers,17-12-2024
PU-CMP-55998,Influencer,College Students,6.0,,16374.0,1815.0,555.0,225.0,91350.0,880.17,-0.54,English,15.85,Youth,27-10-2024
PU-CMP-8524,Email,Working Women,8.0,,50103.0,6167.0,3059.0,2158.0,1372488.0,92.51,5.87,Tamil,22.72,Youth,19-12-2024
PU-CMP-11163,Paid Ads,College Students,23.0,"Email, WhatsApp",48488.0,1258.0,419.0,148.0,81400.0,512.76,0.07,English,3.76,Premium Shoppers,09-12-2024
PU-CMP-39166,,College Students,8.0,,79389.0,3619.0,789.0,237.0,95511.0,615.25,-0.34,Bengali,5.85,Premium Shoppers,10-09-2024
PU-CMP-23312,SEO,Youth,11.0,"Email, YouTube",15084.0,399.0,197.0,99.0,22374.0,1112.24,-0.8,Tamil,4.61,Youth,17-01-2025
PU-CMP-26998,Influencer,Premium Shoppers,20.0,"Email, YouTube",94938.0,12317.0,4706.0,1779.0,1261311.0,116.07,5.11,Tamil,19.8,College Students,01-12-2024
PU-CMP-4003,SEO,College Students,21.0,Email,59168.0,5449.0,2931.0,1427.0,463775.0,71.96,3.52,Hindi,16.57,Tier 2 City Customers,05-04-2025
PU-CMP-43502,Influencer,Tier 2 City Customers,12.0,,,2934.0,913.0,418.0,119130.0,504.23,-0.43,Hindi,7.0,,11-11-2024
PU-CMP-23278,,Tier 2 City Customers,19.0,WhatsApp,41526.0,2271.0,1344.0,999.0,756243.0,199.08,,Hindi,11.11,Youth,02-08-2024
PU-CMP-7648,SEO,Youth,7.0,"Email, Google, Facebook",56540.0,4045.0,866.0,558.0,129456.0,525.39,-0.56,Hindi,9.67,Tier 2 City Customers,02-12-2024
PU-CMP-40052,Social Media,,12.0,"Facebook, WhatsApp, Google",89976.0,11570.0,3336.0,1227.0,434358.0,75.5,,English,17.93,Youth,09-10-2024
PU-CMP-32412,Email,Tier 2 City Customers,10.0,"Email, Instagram, Google",37816.0,2161.0,1226.0,848.0,,203.69,2.86,English,11.2,Premium Shoppers,07-06-2025
PU-CMP-19841,SEO,Working Women,10.0,Instagram,74811.0,1991.0,1168.0,887.0,393828.0,243.27,0.83,Bengali,5.41,Youth,19-08-2024
PU-CMP-7904,Social Media,Premium Shoppers,29.0,Instagram,76422.0,1871.0,892.0,698.0,140298.0,366.39,-0.45,Bengali,4.53,Youth,06-01-2025
PU-CMP-56496,Influencer,,18.0,Facebook,46378.0,2113.0,995.0,362.0,111858.0,528.76,-0.42,Hindi,7.48,Youth,01-02-2025
PU-CMP-9909,Social Media,College Students,23.0,"Facebook, Google",44731.0,1146.0,,,45936.0,460.58,-0.24,Bengali,3.56,Working Women,31-03-2025
PU-CMP-24125,Influencer,Youth,30.0,"Email, WhatsApp",93880.0,4041.0,1644.0,,239994.0,469.42,-0.15,English,6.7,Youth,14-02-2025
PU-CMP-12749,Influencer,Tier 2 City Customers,20.0,Email,26136.0,820.0,364.0,215.0,135880.0,994.15,-0.36,Hindi,5.35,Youth,08-02-2025
PU-CMP-41303,Influencer,College Students,12.0,"WhatsApp, Facebook, Instagram",45386.0,4999.0,1197.0,452.0,154132.0,239.19,,English,14.65,Premium Shoppers,22-02-2025
PU-CMP-20770,Influencer,Tier 2 City Customers,28.0,"Email, Facebook",38595.0,4805.0,2791.0,1228.0,975032.0,90.09,7.81,Hindi,22.86,Youth,18-01-2025
PU-CMP-24847,Social Media,Working Women,23.0,"WhatsApp, Facebook",26444.0,2051.0,508.0,302.0,150698.0,922.15,-0.46,Bengali,10.82,Youth,21-01-2025
PU-CMP-33122,Email,Youth,21.0,YouTube,29081.0,2784.0,856.0,,,391.85,-0.41,Tamil,14.38,Tier 2 City Customers,12-12-2024
PU-CMP-22201,Email,Working Women,13.0,"Facebook, Instagram, YouTube",39263.0,2471.0,570.0,206.0,44290.0,443.71,,English,8.27,Youth,13-04-2025
PU-CMP-52413,Social Media,,21.0,"WhatsApp, Google, YouTube",45584.0,6716.0,2041.0,1434.0,507636.0,,,English,22.36,College Students,13-11-2024
PU-CMP-32228,Social Media,Premium Shoppers,23.0,Facebook,75591.0,3805.0,1174.0,803.0,216007.0,169.31,0.59,English,7.65,College Students,09-11-2024
PU-CMP-3298,Email,Tier 2 City Customers,30.0,YouTube,38423.0,4067.0,2267.0,1634.0,593142.0,54.09,5.71,Tamil,20.74,Premium Shoppers,28-03-2025
PU-CMP-52497,Paid Ads,Premium Shoppers,29.0,"Google, Facebook, WhatsApp",76034.0,9019.0,,,,69.32,7.41,Hindi,18.12,Working Women,09-03-2025
PU-CMP-13440,Paid Ads,Youth,26.0,"Instagram, WhatsApp, Google",96004.0,4128.0,1256.0,574.0,243950.0,137.03,2.1,English,6.21,Tier 2 City Customers,04-05-2025
PU-CMP-5162,SEO,Youth,29.0,"WhatsApp, YouTube, Facebook",43944.0,5397.0,3103.0,2175.0,1502925.0,56.14,11.31,Hindi,24.29,Working Women,28-12-2024
PU-CMP-35532,Influencer,Premium Shoppers,21.0,WhatsApp,22047.0,2822.0,1190.0,635.0,389255.0,441.4,0.39,English,21.08,,23-09-2024
,Influencer,Tier 2 City Customers,21.0,,53584.0,2039.0,691.0,268.0,139628.0,581.59,-0.1,Hindi,5.59,College Students,13-03-2025
PU-CMP-36197,,Youth,8.0,"Facebook, YouTube, WhatsApp",21594.0,1893.0,590.0,469.0,327831.0,351.06,0.99,Tamil,13.67,Youth,04-12-2024
PU-CMP-19359,Social Media,Tier 2 City Customers,14.0,"Email, YouTube, Google",23386.0,2598.0,1465.0,685.0,172620.0,193.25,0.3,Hindi,20.3,Working Women,07-10-2024
PU-CMP-13027,Influencer,Tier 2 City Customers,20.0,"Email, Facebook",88433.0,11968.0,4811.0,3693.0,2016378.0,33.29,15.4,English,23.15,Working Women,29-01-2025
PU-CMP-45329,Paid Ads,,13.0,"Email, Google",57790.0,7918.0,3005.0,1949.0,463862.0,39.21,5.07,Hindi,22.27,College Students,09-12-2024
PU-CMP-24409,Paid Ads,Working Women,21.0,"Google, YouTube",65289.0,,411.0,148.0,74148.0,,-0.29,Hindi,3.6,Youth,15-01-2025
PU-CMP-1273,Email,College Students,5.0,YouTube,50387.0,5243.0,2388.0,872.0,210152.0,,-0.29,Hindi,16.88,Tier 2 City Customers,18-02-2025
PU-CMP-1776,Email,Youth,30.0,"Instagram, Email",77787.0,7678.0,2690.0,,486717.0,26.04,7.87,English,16.04,Youth,08-03-2025
PU-CMP-5883,Email,Premium Shoppers,17.0,"Instagram, YouTube",85097.0,7162.0,3390.0,2282.0,1312150.0,,14.49,Tamil,15.08,Youth,17-04-2025
PU-CMP-27493,Email,Working Women,26.0,Facebook,66273.0,8376.0,,1203.0,528117.0,,1.51,English,19.81,Tier 2 City Customers,08-05-2025
PU-CMP-29910,SEO,Premium Shoppers,26.0,Instagram,62170.0,6868.0,1411.0,614.0,477078.0,379.7,1.05,Hindi,14.3,College Students,24-09-2024
PU-CMP-47936,Influencer,Youth,27.0,"Instagram, Google, YouTube",19208.0,1210.0,624.0,267.0,124422.0,1123.4,-0.59,English,10.94,Tier 2 City Customers,14-09-2024
PU-CMP-2039,Social Media,Tier 2 City Customers,18.0,YouTube,98596.0,2024.0,1012.0,646.0,213826.0,134.09,1.47,Bengali,3.73,Youth,07-10-2024
PU-CMP-3493,Influencer,Tier 2 City Customers,6.0,"Email, WhatsApp, Facebook",14732.0,1352.0,649.0,418.0,158422.0,,0.39,Tamil,16.42,College Students,28-01-2025
PU-CMP-17670,Social Media,Tier 2 City Customers,18.0,"Google, Instagram, YouTube",73280.0,6553.0,1976.0,1159.0,920246.0,242.65,2.27,Bengali,13.22,Premium Shoppers,14-02-2025
PU-CMP-25344,Influencer,College Students,10.0,"Email, WhatsApp",48823.0,5778.0,,,769149.0,212.53,1.58,Hindi,21.59,,12-04-2025
PU-CMP-31169,Influencer,College Students,14.0,"Instagram, Facebook",10445.0,386.0,155.0,69.0,16698.0,3008.97,,Tamil,5.84,Working Women,04-05-2025
PU-CMP-28600,Email,College Students,30.0,"Facebook, YouTube",63669.0,4933.0,2329.0,1267.0,912240.0,121.31,4.94,Bengali,13.4,Working Women,07-11-2024
PU-CMP-54743,Paid Ads,Youth,12.0,"Email, Facebook",16974.0,,936.0,530.0,209880.0,451.2,-0.12,Bengali,18.84,College Students,29-07-2024
PU-CMP-21041,Email,College Students,20.0,"Facebook, Google",95512.0,8118.0,4340.0,1792.0,826112.0,34.54,12.35,Tamil,14.92,Youth,13-07-2024
PU-CMP-36486,SEO,Premium Shoppers,6.0,"Instagram, WhatsApp, Facebook",49109.0,6479.0,1686.0,1092.0,236964.0,180.8,0.2,English,18.85,Tier 2 City Customers,18-07-2024
PU-CMP-21071,SEO,Tier 2 City Customers,10.0,"Email, Instagram",41141.0,4360.0,2533.0,1937.0,1452750.0,123.99,5.05,Tamil,,Tier 2 City Customers,08-08-2024
PU-CMP-14342,Social Media,Working Women,25.0,Email,63082.0,8945.0,3911.0,1360.0,1082560.0,76.46,,Tamil,,Youth,16-11-2024
PU-CMP-35038,Email,Premium Shoppers,28.0,Email,54728.0,5198.0,2536.0,1289.0,344163.0,43.12,5.19,English,16.49,Working Women,
PU-CMP-13633,Paid Ads,College Students,29.0,WhatsApp,89918.0,10485.0,3506.0,1143.0,676656.0,97.47,5.07,English,16.83,College Students,28-01-2025
,Paid Ads,,17.0,"WhatsApp, Facebook, YouTube",66834.0,9102.0,2730.0,1844.0,1403284.0,93.65,,Hindi,20.46,Working Women,17-08-2024
PU-CMP-30616,Social Media,Youth,,"Email, Instagram, WhatsApp",84360.0,2681.0,1349.0,801.0,574317.0,260.47,1.75,Hindi,5.73,College Students,18-10-2024
PU-CMP-7875,Paid Ads,Premium Shoppers,9.0,Email,45588.0,1580.0,467.0,158.0,42028.0,973.39,-0.73,Tamil,4.84,College Students,06-11-2024
PU-CMP-52532,Social Media,Working Women,13.0,YouTube,52055.0,3895.0,1249.0,769.0,494467.0,98.2,5.55,Tamil,11.36,,04-02-2025
PU-CMP-11894,Paid Ads,Premium Shoppers,28.0,"Email, Facebook, Instagram",28857.0,1468.0,822.0,552.0,422832.0,238.05,2.22,Tamil,9.85,Working Women,17-11-2024
PU-CMP-42470,Paid Ads,College Students,10.0,"Email, Facebook",68274.0,1872.0,667.0,243.0,191484.0,,0.04,Bengali,4.07,Youth,02-05-2025
PU-CMP-36665,Influencer,Working Women,22.0,"WhatsApp, YouTube, Email",85879.0,10100.0,3998.0,3148.0,1013656.0,73.37,3.39,Tamil,,Youth,26-09-2024
PU-CMP-52046,SEO,Premium Shoppers,22.0,,60694.0,4767.0,2613.0,1320.0,707520.0,75.29,6.12,Hindi,14.33,Premium Shoppers,
PU-CMP-22704,SEO,Youth,14.0,Google,17760.0,1905.0,1139.0,538.0,398658.0,210.97,2.51,Bengali,20.17,College Students,01-04-2025
PU-CMP-32064,Social Media,Premium Shoppers,,WhatsApp,48365.0,1061.0,252.0,83.0,24236.0,1948.6,-0.85,Hindi,2.89,Working Women,16-07-2024
PU-CMP-18095,Influencer,Premium Shoppers,7.0,Instagram,55982.0,5760.0,1411.0,936.0,745992.0,119.03,5.7,Bengali,14.48,College Students,08-10-2024
PU-CMP-29818,Email,Tier 2 City Customers,19.0,Email,97462.0,10394.0,3444.0,1770.0,569940.0,64.78,3.97,Bengali,16.01,College Students,03-02-2025
PU-CMP-19400,Email,Tier 2 City Customers,5.0,"Facebook, YouTube",15784.0,1684.0,489.0,347.0,238736.0,753.0,-0.09,Hindi,15.97,College Students,11-06-2025
PU-CMP-34540,Email,Working Women,27.0,Google,32077.0,4570.0,942.0,431.0,211621.0,253.62,,Hindi,18.53,Tier 2 City Customers,01-04-2025
PU-CMP-46282,Influencer,College Students,7.0,"Google, Facebook, WhatsApp",,3091.0,1067.0,624.0,127920.0,99.45,1.06,English,14.43,Working Women,03-10-2024
PU-CMP-18841,Paid Ads,College Students,21.0,"WhatsApp, YouTube",51643.0,1513.0,697.0,445.0,125045.0,544.3,-0.48,English,5.14,Tier 2 City Customers,11-07-2024
PU-CMP-7927,SEO,Youth,19.0,Email,11498.0,363.0,,73.0,58327.0,4028.81,-0.8,Bengali,4.91,Premium Shoppers,22-08-2024
PU-CMP-21891,,Premium Shoppers,13.0,"Facebook, YouTube",40238.0,2692.0,1546.0,636.0,165996.0,209.65,0.24,Bengali,,Premium Shoppers,10-03-2025
PU-CMP-5086,Email,Premium Shoppers,12.0,"WhatsApp, Google, Email",97539.0,9527.0,3496.0,1299.0,922290.0,117.53,5.04,Hindi,14.68,College Students,21-05-2025
PU-CMP-49985,SEO,College Students,,"Facebook, Email, Google",33388.0,3820.0,1315.0,681.0,229497.0,376.6,-0.11,Hindi,,College Students,05-04-2025
PU-CMP-22218,SEO,Working Women,8.0,Facebook,86680.0,8959.0,2255.0,1278.0,263268.0,216.68,-0.05,Tamil,14.41,Premium Shoppers,10-05-2025
PU-CMP-23971,Social Media,Premium Shoppers,29.0,"Email, WhatsApp, Google",16339.0,2338.0,1039.0,794.0,330304.0,140.92,1.95,Tamil,,Working Women,28-05-2025
PU-CMP-53877,Influencer,Premium Shoppers,7.0,"WhatsApp, Facebook, Email",13894.0,486.0,122.0,85.0,57630.0,2751.4,-0.75,Hindi,4.99,Premium Shoppers,05-10-2024
PU-CMP-21361,Influencer,Youth,11.0,Google,94417.0,11888.0,4428.0,2306.0,811712.0,40.59,7.67,Hindi,19.72,Youth,08-08-2024
PU-CMP-50860,Influencer,College Students,29.0,YouTube,,3184.0,915.0,370.0,213860.0,755.42,-0.23,Hindi,4.99,College Students,02-03-2025
PU-CMP-1431,SEO,College Students,14.0,"Google, WhatsApp, Instagram",14828.0,1578.0,902.0,465.0,182280.0,396.53,-0.01,Hindi,19.86,Tier 2 City Customers,18-02-2025
,Influencer,Premium Shoppers,6.0,Instagram,63289.0,5049.0,2027.0,,1197430.0,92.4,7.58,Tamil,13.57,Tier 2 City Customers,19-08-2024
PU-CMP-15279,Social Media,Tier 2 City Customers,25.0,"Google, YouTube",77099.0,9718.0,5684.0,2172.0,590784.0,104.39,1.61,Hindi,22.79,Youth,10-04-2025
PU-CMP-15050,Influencer,Youth,15.0,,50647.0,6199.0,1917.0,686.0,427378.0,291.42,1.14,English,17.38,College Students,06-12-2024
PU-CMP-48044,Paid Ads,Tier 2 City Customers,18.0,"Email, Facebook",27931.0,3689.0,1778.0,,528406.0,201.76,1.14,Tamil,23.96,College Students,21-08-2024
PU-CMP-34962,Social Media,Working Women,25.0,"YouTube, Email, Facebook",44825.0,1419.0,657.0,405.0,171315.0,143.26,1.95,Tamil,5.53,Youth,19-04-2025
PU-CMP-55952,Social Media,Youth,10.0,"Google, WhatsApp, Instagram",50869.0,6929.0,3818.0,1235.0,678015.0,209.32,1.62,Tamil,23.55,Premium Shoppers,16-12-2024
PU-CMP-12648,Paid Ads,College Students,30.0,Email,55183.0,2636.0,1037.0,593.0,224747.0,186.34,1.03,Bengali,7.73,College Students,04-11-2024
PU-CMP-10841,Paid Ads,Tier 2 City Customers,27.0,"Google, Facebook, Email",69727.0,3956.0,1935.0,967.0,497038.0,102.7,4.0,Tamil,9.84,Premium Shoppers,18-02-2025
PU-CMP-46153,Email,Tier 2 City Customers,10.0,"Instagram, Facebook, YouTube",35635.0,3514.0,1322.0,399.0,264537.0,734.43,-0.1,Tamil,14.69,,30-07-2024
PU-CMP-24203,Paid Ads,Youth,17.0,"Google, Instagram, Facebook",55729.0,6620.0,1659.0,837.0,354051.0,125.33,2.38,Tamil,16.36,College Students,21-02-2025
PU-CMP-14139,SEO,Tier 2 City Customers,,Google,44519.0,1904.0,787.0,256.0,101120.0,849.5,-0.54,Hindi,6.62,College Students,24-04-2025
PU-CMP-23775,Social Media,College Students,14.0,"Facebook, YouTube",62592.0,4563.0,2479.0,806.0,344968.0,162.73,1.63,English,12.54,Working Women,
PU-CMP-34841,Influencer,Tier 2 City Customers,20.0,,15126.0,1721.0,593.0,257.0,141607.0,902.54,-0.39,Tamil,17.0,Premium Shoppers,
PU-CMP-36861,Social Media,College Students,7.0,"Email, YouTube",,1347.0,745.0,272.0,94112.0,497.5,-0.3,Tamil,12.53,Youth,09-07-2024
PU-CMP-53456,SEO,Premium Shoppers,22.0,"Instagram, Google, YouTube",65947.0,1669.0,990.0,532.0,187264.0,556.88,-0.37,Bengali,4.84,College Students,14-01-2025
PU-CMP-32314,Paid Ads,Tier 2 City Customers,9.0,"Email, Google, Instagram",28124.0,1622.0,373.0,280.0,108640.0,314.84,0.23,English,8.09,Premium Shoppers,03-03-2025
PU-CMP-34761,Social Media,Tier 2 City Customers,19.0,"Instagram, WhatsApp, YouTube",27989.0,3149.0,1556.0,839.0,376711.0,308.09,0.46,English,19.81,Working Women,29-03-2025
PU-CMP-38513,Social Media,College Students,10.0,YouTube,48444.0,7147.0,3266.0,1058.0,637974.0,67.63,7.92,Bengali,23.68,Tier 2 City Customers,05-04-2025
PU-CMP-48289,Influencer,Premium Shoppers,30.0,Google,94076.0,4338.0,1412.0,,525905.0,123.34,,Hindi,7.16,Working Women,27-11-2024
PU-CMP-53282,Social Media,,25.0,"Instagram, YouTube, WhatsApp",40216.0,5029.0,2351.0,1000.0,341000.0,133.33,1.56,Hindi,20.84,Working Women,01-04-2025
PU-CMP-48481,SEO,College Students,27.0,"Email, Google",74028.0,8095.0,2055.0,1135.0,844440.0,176.26,3.22,Bengali,15.24,Working Women,24-10-2024
PU-CMP-16013,SEO,Premium Shoppers,17.0,Instagram,31550.0,3862.0,822.0,351.0,149175.0,576.81,-0.26,Tamil,15.96,Premium Shoppers,02-11-2024
PU-CMP-14571,Social Media,Premium Shoppers,19.0,"Instagram, Email",60138.0,6336.0,1356.0,706.0,272516.0,403.27,-0.04,Tamil,13.96,Tier 2 City Customers,16-03-2025
PU-CMP-9400,Email,Working Women,28.0,"Instagram, WhatsApp",53640.0,4061.0,,703.0,264328.0,131.54,1.86,Hindi,12.05,Premium Shoppers,10-08-2024
PU-CMP-49166,SEO,Tier 2 City Customers,14.0,"WhatsApp, Email, Instagram",61450.0,4712.0,2738.0,1422.0,692514.0,95.7,,Bengali,14.44,College Students,08-09-2024
PU-CMP-5265,Social Media,College Students,6.0,"Instagram, Facebook, Google",97958.0,5108.0,2802.0,1646.0,877318.0,69.14,6.71,,9.76,Premium Shoppers,10-05-2025
PU-CMP-11477,SEO,College Students,20.0,"Instagram, YouTube",14985.0,1680.0,796.0,493.0,174522.0,297.68,0.19,Tamil,19.81,,04-07-2024
PU-CMP-54064,Influencer,Tier 2 City Customers,9.0,YouTube,85419.0,3034.0,1667.0,890.0,460130.0,187.72,1.75,Bengali,6.55,College Students,03-11-2024
PU-CMP-30683,Paid Ads,Tier 2 City Customers,13.0,"Instagram, YouTube, Facebook",76322.0,9612.0,3160.0,1298.0,586696.0,48.28,8.36,,18.44,Tier 2 City Customers,26-01-2025
PU-CMP-9481,,Tier 2 City Customers,20.0,"Facebook, Email",19511.0,1794.0,990.0,379.0,179267.0,324.7,0.46,English,16.21,College Students,28-08-2024
PU-CMP-21660,Influencer,Premium Shoppers,14.0,,12109.0,1481.0,,250.0,113750.0,688.71,-0.34,English,17.8,Working Women,
PU-CMP-43930,Social Media,Working Women,8.0,"WhatsApp, Email, Google",14188.0,1166.0,422.0,,109356.0,1853.76,-0.62,Hindi,12.29,Working Women,01-11-2024
PU-CMP-7247,Email,Youth,29.0,"Instagram, YouTube",85028.0,2654.0,1214.0,820.0,470680.0,346.97,0.65,Tamil,5.51,College Students,02-08-2024
PU-CMP-37826,Paid Ads,Youth,25.0,"Instagram, YouTube",12214.0,1157.0,437.0,309.0,137196.0,425.83,0.04,Tamil,,Youth,13-09-2024
PU-CMP-30274,Email,Premium Shoppers,18.0,,45273.0,5427.0,2774.0,1168.0,456688.0,237.39,0.65,Bengali,20.69,Premium Shoppers,30-01-2025
PU-CMP-19696,Influencer,Youth,27.0,Email,62322.0,4052.0,2355.0,940.0,708760.0,95.06,6.93,English,11.79,Premium Shoppers,
PU-CMP-17072,Social Media,Youth,30.0,WhatsApp,94750.0,11166.0,6054.0,3115.0,2236570.0,63.49,10.31,Hindi,21.46,Tier 2 City Customers,06-07-2024
PU-CMP-27133,Paid Ads,Working Women,21.0,"WhatsApp, Google, Email",86201.0,12444.0,3448.0,,291030.0,243.85,0.09,Hindi,,Youth,
PU-CMP-44133,Email,Premium Shoppers,5.0,"YouTube, Instagram, Email",68720.0,3359.0,1778.0,639.0,477333.0,85.87,7.7,Hindi,,College Students,09-05-2025
PU-CMP-11280,Influencer,Tier 2 City Customers,13.0,"Email, Instagram",28970.0,3867.0,1250.0,,425048.0,189.83,1.82,Hindi,20.4,,18-09-2024
PU-CMP-49340,Influencer,Premium Shoppers,29.0,Email,61621.0,2908.0,798.0,388.0,159468.0,737.69,-0.44,Tamil,6.64,Youth,17-02-2025
PU-CMP-52366,Email,,13.0,Instagram,,7162.0,3927.0,1207.0,955944.0,,3.01,Tamil,15.99,Working Women,11-11-2024
PU-CMP-18666,SEO,College Students,29.0,YouTube,22451.0,942.0,431.0,272.0,193936.0,,0.02,English,7.33,College Students,04-09-2024
PU-CMP-31460,Influencer,College Students,6.0,,54435.0,7107.0,3723.0,2639.0,1630902.0,29.26,20.12,Tamil,24.74,Youth,11-08-2024
PU-CMP-36722,SEO,College Students,19.0,"WhatsApp, Instagram",11910.0,906.0,509.0,337.0,205233.0,172.69,2.53,English,14.71,Working Women,26-09-2024
PU-CMP-45860,Email,College Students,20.0,"Email, YouTube",98889.0,3741.0,1414.0,651.0,292299.0,240.2,0.87,Tamil,5.87,College Students,24-12-2024
PU-CMP-46792,Influencer,,26.0,"WhatsApp, Instagram",10735.0,629.0,178.0,79.0,17459.0,3317.81,-0.93,Hindi,8.25,Working Women,11-03-2025
PU-CMP-33138,Social Media,Premium Shoppers,26.0,"Email, WhatsApp",76361.0,9608.0,5536.0,1920.0,1288320.0,127.12,4.28,Tamil,22.35,Youth,09-10-2024
PU-CMP-29918,Paid Ads,Premium Shoppers,14.0,"Google, WhatsApp",76766.0,11402.0,4529.0,3240.0,1030320.0,24.16,12.16,Tamil,24.97,College Students,14-12-2024
PU-CMP-47706,Influencer,Youth,15.0,"Instagram, WhatsApp",74939.0,2824.0,1539.0,956.0,429244.0,251.01,0.79,Tamil,7.1,Youth,15-09-2024
PU-CMP-20463,Email,Working Women,27.0,"YouTube, Email",85661.0,4340.0,1993.0,969.0,310080.0,58.39,4.48,,8.52,Premium Shoppers,22-02-2025
PU-CMP-49441,SEO,Premium Shoppers,5.0,Google,35101.0,882.0,375.0,138.0,36846.0,2007.38,-0.87,English,3.97,,22-02-2025
PU-CMP-47236,Paid Ads,Youth,15.0,"YouTube, Google, Email",34445.0,2235.0,702.0,396.0,263340.0,460.74,0.44,English,9.68,Youth,30-08-2024
PU-CMP-23969,Paid Ads,Working Women,19.0,Email,78919.0,10897.0,2759.0,,1132302.0,89.08,5.49,Bengali,19.79,Tier 2 City Customers,01-08-2024
PU-CMP-37192,Email,Working Women,28.0,"YouTube, WhatsApp, Email",41360.0,3488.0,1213.0,673.0,492636.0,211.79,2.46,Bengali,12.99,Tier 2 City Customers,11-07-2024
PU-CMP-2221,Influencer,Premium Shoppers,21.0,"YouTube, Instagram",67407.0,8933.0,4867.0,2606.0,828708.0,112.1,1.84,Tamil,24.34,Working Women,01-02-2025
PU-CMP-35914,Email,Youth,7.0,,,3243.0,1912.0,648.0,159408.0,314.56,-0.22,Bengali,7.94,Youth,17-03-2025
PU-CMP-9368,Paid Ads,Youth,30.0,Facebook,52410.0,6684.0,2098.0,660.0,394680.0,227.07,1.63,Hindi,18.02,Working Women,24-12-2024
PU-CMP-29782,Social Media,Youth,10.0,"Email, Google, Facebook",65699.0,8192.0,3087.0,1685.0,780155.0,126.72,,English,19.73,,02-03-2025
PU-CMP-37589,Email,Premium Shoppers,29.0,Facebook,90780.0,7936.0,3578.0,1887.0,1045398.0,31.99,16.32,Tamil,14.76,Working Women,15-07-2024
PU-CMP-31032,Influencer,Premium Shoppers,15.0,"YouTube, Email",18198.0,399.0,149.0,66.0,48774.0,3007.06,-0.75,Hindi,3.37,Working Women,08-06-2025
PU-CMP-41323,SEO,Youth,22.0,"YouTube, WhatsApp",46823.0,3149.0,1459.0,620.0,450120.0,83.73,7.67,Tamil,11.17,Working Women,31-10-2024
PU-CMP-30840,Influencer,College Students,20.0,"Instagram, WhatsApp",24442.0,2322.0,1378.0,739.0,351025.0,121.78,2.9,Tamil,18.16,Tier 2 City Customers,21-08-2024
PU-CMP-30574,Email,Working Women,11.0,Email,53142.0,6334.0,1470.0,589.0,372248.0,461.79,0.37,Bengali,15.79,Youth,31-05-2025
PU-CMP-9451,SEO,Premium Shoppers,12.0,Facebook,73047.0,10712.0,4574.0,2771.0,728773.0,33.15,6.93,Bengali,24.72,Premium Shoppers,25-04-2025
PU-CMP-2097,Influencer,Premium Shoppers,12.0,"Google, Facebook",51545.0,6332.0,3591.0,1321.0,603697.0,116.58,2.92,English,21.81,Premium Shoppers,31-12-2024
PU-CMP-2246,Paid Ads,,,Instagram,30030.0,957.0,245.0,191.0,127206.0,1300.69,-0.49,Bengali,4.64,Tier 2 City Customers,04-12-2024
PU-CMP-31264,Influencer,Tier 2 City Customers,9.0,Facebook,70085.0,7077.0,3482.0,1892.0,537328.0,98.61,1.88,Hindi,,College Students,01-06-2025
PU-CMP-9971,SEO,Premium Shoppers,17.0,"YouTube, Instagram, Google",90992.0,11609.0,6380.0,2564.0,699972.0,88.52,2.08,Tamil,22.59,Tier 2 City Customers,30-09-2024
PU-CMP-33288,Paid Ads,Tier 2 City Customers,28.0,WhatsApp,88478.0,2613.0,1186.0,823.0,213157.0,172.09,0.5,Bengali,5.22,Tier 2 City Customers,13-09-2024
PU-CMP-27311,Paid Ads,College Students,9.0,"WhatsApp, Instagram, Google",60730.0,,1605.0,678.0,436632.0,400.92,0.61,Tamil,12.57,Tier 2 City Customers,06-02-2025
PU-CMP-30771,Social Media,Youth,12.0,,43714.0,2625.0,1442.0,780.0,608400.0,360.4,1.16,Bengali,11.09,Working Women,15-09-2024
PU-CMP-56527,Social Media,College Students,20.0,"WhatsApp, Facebook",41423.0,5936.0,1649.0,1160.0,894360.0,225.64,2.42,English,21.11,Tier 2 City Customers,16-08-2024
PU-CMP-48886,Email,Youth,14.0,YouTube,,9089.0,3130.0,2069.0,1020017.0,52.85,8.33,English,14.83,Working Women,02-08-2024
PU-CMP-8821,Social Media,Youth,30.0,"WhatsApp, YouTube",23760.0,1986.0,938.0,,476091.0,153.63,3.51,Hindi,15.2,Youth,12-10-2024
PU-CMP-13376,Social Media,College Students,8.0,WhatsApp,13185.0,711.0,343.0,164.0,47232.0,1300.98,-0.78,Bengali,9.24,College Students,21-02-2025
PU-CMP-20714,,Tier 2 City Customers,12.0,"Instagram, WhatsApp",88430.0,8779.0,3714.0,1875.0,875625.0,122.22,2.82,,16.25,Youth,23-02-2025
PU-CMP-40703,Social Media,Tier 2 City Customers,26.0,Facebook,93730.0,2265.0,1234.0,418.0,244112.0,589.77,-0.01,Tamil,4.18,Tier 2 City Customers,16-12-2024
PU-CMP-38811,Influencer,Tier 2 City Customers,,Facebook,40894.0,5644.0,3020.0,1089.0,505296.0,50.36,8.21,Tamil,23.85,College Students,11-07-2024
,Social Media,Youth,10.0,"Email, Google",39533.0,,2503.0,1739.0,742553.0,45.89,8.3,Hindi,23.67,Tier 2 City Customers,05-04-2025
PU-CMP-8687,Social Media,Youth,17.0,"Google, Email",16418.0,848.0,192.0,75.0,53175.0,1431.56,-0.5,Hindi,6.79,Working Women,06-06-2025
PU-CMP-26483,Email,,20.0,"Email, YouTube, Facebook",,1518.0,807.0,496.0,237584.0,188.65,1.54,English,18.65,College Students,12-07-2024
PU-CMP-40814,Paid Ads,Premium Shoppers,23.0,"Google, WhatsApp",25255.0,3446.0,772.0,277.0,132683.0,564.24,-0.15,Bengali,,Premium Shoppers,28-11-2024
PU-CMP-38509,SEO,Youth,5.0,Facebook,88770.0,2634.0,,431.0,218086.0,575.04,,English,4.82,College Students,16-10-2024
PU-CMP-35483,Paid Ads,College Students,26.0,Instagram,62739.0,8484.0,4148.0,1308.0,875052.0,160.39,3.17,English,22.22,Working Women,23-03-2025
PU-CMP-30625,Email,College Students,28.0,"Instagram, YouTube",64842.0,5939.0,1651.0,724.0,174484.0,358.47,,Tamil,12.82,,16-08-2024
PU-CMP-22052,Social Media,Premium Shoppers,13.0,"WhatsApp, YouTube",97655.0,2076.0,946.0,311.0,136218.0,590.24,-0.26,Tamil,3.41,College Students,02-02-2025
PU-CMP-40509,Paid Ads,Working Women,20.0,Facebook,63300.0,2392.0,1046.0,673.0,496001.0,369.48,0.99,Hindi,6.49,College Students,20-05-2025
PU-CMP-15969,Email,Premium Shoppers,24.0,"WhatsApp, Facebook",24191.0,1070.0,241.0,81.0,50706.0,651.81,-0.04,Tamil,5.75,Youth,26-08-2024
PU-CMP-10025,Email,Tier 2 City Customers,19.0,"WhatsApp, Facebook",68732.0,10272.0,4838.0,2791.0,1635526.0,84.61,5.93,Hindi,,Tier 2 City Customers,04-02-2025
PU-CMP-17916,Email,Tier 2 City Customers,27.0,Instagram,38511.0,1878.0,1000.0,528.0,382272.0,419.48,,Tamil,8.84,,18-08-2024
PU-CMP-52266,Email,Premium Shoppers,18.0,"YouTube, WhatsApp",94607.0,7640.0,3134.0,1808.0,1155312.0,65.72,8.72,English,13.3,Youth,18-09-2024
PU-CMP-48592,Email,Premium Shoppers,6.0,"Facebook, YouTube, WhatsApp",,6113.0,1751.0,,805056.0,89.95,6.47,English,20.79,Tier 2 City Customers,22-08-2024
PU-CMP-38411,SEO,Working Women,22.0,"Instagram, Google, YouTube",21104.0,621.0,217.0,153.0,92412.0,480.94,0.26,Bengali,4.7,Premium Shoppers,14-04-2025
PU-CMP-33255,Paid Ads,Tier 2 City Customers,25.0,"Facebook, Google, Instagram",84080.0,2382.0,891.0,529.0,192027.0,373.86,-0.03,Tamil,4.52,Youth,
PU-CMP-41689,SEO,Premium Shoppers,16.0,"Email, Facebook",64529.0,1565.0,345.0,271.0,193494.0,865.73,-0.18,Bengali,3.38,Tier 2 City Customers,23-08-2024
PU-CMP-47536,,Youth,27.0,Facebook,36726.0,1058.0,594.0,272.0,,901.36,-0.71,Bengali,5.24,,29-01-2025
PU-CMP-52850,Influencer,Tier 2 City Customers,20.0,"Google, Instagram, WhatsApp",37918.0,3456.0,1564.0,889.0,243586.0,158.1,0.73,English,15.58,Youth,25-05-2025
PU-CMP-42467,SEO,Youth,11.0,"Facebook, Email, Google",19133.0,2288.0,959.0,491.0,211130.0,259.72,0.66,Tamil,19.54,Working Women,30-07-2024
PU-CMP-14912,Email,Tier 2 City Customers,27.0,"Google, Facebook",,1492.0,508.0,222.0,150738.0,430.89,0.58,Bengali,5.25,Tier 2 City Customers,12-04-2025
PU-CMP-29961,Influencer,College Students,14.0,WhatsApp,54525.0,8000.0,2735.0,1916.0,1241568.0,143.19,3.53,English,23.2,Youth,25-08-2024
PU-CMP-17125,SEO,Tier 2 City Customers,7.0,"Email, Facebook, YouTube",,8470.0,3107.0,941.0,718924.0,293.29,1.6,Bengali,15.44,Working Women,27-08-2024
PU-CMP-41120,SEO,College Students,20.0,"WhatsApp, Instagram",37842.0,2795.0,1475.0,730.0,216810.0,320.9,-0.07,Hindi,13.21,Working Women,06-11-2024
PU-CMP-52791,Influencer,Tier 2 City Customers,16.0,"Google, WhatsApp",50057.0,4514.0,1699.0,814.0,424908.0,355.43,0.47,Tamil,14.04,College Students,16-05-2025
PU-CMP-8844,Social Media,,16.0,"Instagram, WhatsApp, Facebook",26822.0,1369.0,708.0,269.0,,767.51,-0.09,Tamil,8.75,Youth,30-05-2025
PU-CMP-51078,Influencer,Youth,16.0,"WhatsApp, YouTube, Instagram",10603.0,778.0,452.0,171.0,107046.0,1335.44,-0.53,Tamil,,Youth,09-11-2024
PU-CMP-54958,SEO,Tier 2 City Customers,20.0,"YouTube, Instagram",22309.0,2294.0,760.0,542.0,184822.0,326.59,0.04,English,16.12,Youth,31-12-2024
PU-CMP-46160,SEO,Working Women,17.0,YouTube,35794.0,2410.0,548.0,334.0,115564.0,192.37,0.8,Bengali,9.2,Working Women,11-10-2024
PU-CMP-55445,SEO,Premium Shoppers,16.0,YouTube,15656.0,1168.0,544.0,407.0,284493.0,271.18,1.58,Bengali,13.53,Premium Shoppers,29-08-2024
PU-CMP-42716,Social Media,Premium Shoppers,20.0,"WhatsApp, Facebook",60630.0,2139.0,902.0,566.0,331110.0,304.13,0.92,Tamil,,Working Women,14-03-2025
PU-CMP-46834,Influencer,Tier 2 City Customers,12.0,"WhatsApp, YouTube, Instagram",89492.0,4120.0,1437.0,506.0,393668.0,,0.32,Bengali,6.77,Youth,04-12-2024
PU-CMP-27635,Email,Working Women,30.0,"WhatsApp, Facebook, Google",94415.0,2133.0,1163.0,,560252.0,,1.64,Tamil,4.28,Youth,31-01-2025
PU-CMP-28760,Paid Ads,College Students,21.0,"WhatsApp, Instagram, Email",69441.0,,2375.0,1771.0,897897.0,50.27,9.08,Hindi,12.47,Tier 2 City Customers,26-08-2024
PU-CMP-19380,Influencer,Youth,20.0,"YouTube, Email, Google",56013.0,4300.0,1139.0,576.0,245376.0,157.8,1.7,Tamil,10.74,College Students,01-07-2024
PU-CMP-1586,Influencer,Working Women,14.0,"Google, Facebook",20736.0,2254.0,757.0,235.0,69325.0,1159.52,-0.75,English,15.65,Working Women,15-12-2024
PU-CMP-28554,Paid Ads,Working Women,26.0,Instagram,78397.0,3030.0,924.0,381.0,236601.0,388.6,0.6,Tamil,5.53,Youth,27-11-2024
PU-CMP-40527,Influencer,College Students,8.0,"Instagram, Google, WhatsApp",53412.0,4479.0,2031.0,953.0,227767.0,124.94,0.91,Tamil,13.97,Premium Shoppers,04-05-2025
PU-CMP-48325,Influencer,Tier 2 City Customers,,"Facebook, Google",12264.0,1155.0,412.0,325.0,151450.0,223.27,1.09,Hindi,15.43,Tier 2 City Customers,14-03-2025
PU-CMP-11064,SEO,Premium Shoppers,28.0,"Instagram, Google, Email",97650.0,7769.0,4318.0,2158.0,1603394.0,38.05,18.53,Tamil,14.59,College Students,03-10-2024
PU-CMP-13214,Influencer,Working Women,28.0,YouTube,53435.0,1396.0,282.0,,107447.0,931.73,-0.17,English,3.4,Youth,24-07-2024
PU-CMP-48632,Influencer,Tier 2 City Customers,20.0,"Email, Instagram, YouTube",,9840.0,4753.0,1648.0,726768.0,40.68,9.84,Hindi,23.58,Youth,24-10-2024
PU-CMP-40428,Social Media,Youth,11.0,"Facebook, WhatsApp, YouTube",92212.0,4808.0,1485.0,545.0,218545.0,530.78,-0.24,English,7.42,Premium Shoppers,03-03-2025
PU-CMP-39770,,Premium Shoppers,26.0,"Instagram, Google, YouTube",96384.0,8026.0,4470.0,3185.0,856765.0,68.38,2.93,Hindi,16.27,College Students,16-02-2025
PU-CMP-6011,Influencer,College Students,16.0,Google,86973.0,11474.0,4583.0,2839.0,2259844.0,50.4,14.79,English,21.73,Working Women,02-09-2024
PU-CMP-51143,SEO,Premium Shoppers,,Email,35161.0,2403.0,486.0,366.0,172386.0,245.35,0.92,Hindi,9.26,Youth,
PU-CMP-55966,Influencer,Premium Shoppers,15.0,"Google, WhatsApp, Facebook",94619.0,5572.0,1772.0,1189.0,447064.0,181.87,1.07,Tamil,9.02,College Students,10-07-2024
PU-CMP-28714,Influencer,Premium Shoppers,25.0,"YouTube, Email",15536.0,1999.0,764.0,545.0,198380.0,174.6,1.08,English,21.29,College Students,07-03-2025
PU-CMP-37005,Email,Tier 2 City Customers,11.0,,21902.0,1455.0,638.0,453.0,230124.0,498.04,0.02,Bengali,11.62,College Students,14-01-2025
,Influencer,College Students,10.0,Google,42529.0,4961.0,2373.0,720.0,417600.0,310.3,0.87,Bengali,18.94,College Students,17-03-2025
PU-CMP-17391,,Premium Shoppers,14.0,YouTube,42674.0,5129.0,2842.0,1922.0,461280.0,57.75,3.16,English,23.18,Tier 2 City Customers,03-05-2025
PU-CMP-41888,Social Media,College Students,25.0,,66897.0,2593.0,590.0,466.0,222748.0,118.62,3.03,Hindi,5.45,College Students,22-03-2025
PU-CMP-51728,SEO,Premium Shoppers,30.0,"Email, Facebook",52081.0,4181.0,,1524.0,594360.0,112.29,2.47,Tamil,14.82,Premium Shoppers,23-01-2025
PU-CMP-45519,SEO,Tier 2 City Customers,12.0,YouTube,49380.0,4554.0,2679.0,1177.0,,42.95,12.2,Hindi,17.03,College Students,02-07-2024
PU-CMP-56056,Social Media,Premium Shoppers,8.0,"Instagram, Google",72334.0,3316.0,1122.0,792.0,262152.0,114.38,1.89,English,7.23,Working Women,25-02-2025
PU-CMP-27682,Email,Youth,19.0,"YouTube, Instagram",36579.0,4123.0,2406.0,1591.0,,169.77,1.31,Bengali,22.2,Tier 2 City Customers,05-12-2024
PU-CMP-54758,SEO,Premium Shoppers,27.0,"Instagram, Google, YouTube",61364.0,6193.0,2089.0,805.0,313950.0,349.71,0.12,English,14.81,Youth,15-03-2025
PU-CMP-27257,Social Media,Tier 2 City Customers,5.0,"Email, WhatsApp",81465.0,11196.0,4166.0,2225.0,631900.0,82.82,2.43,English,21.59,,31-08-2024
PU-CMP-25184,,College Students,7.0,"YouTube, WhatsApp, Google",87987.0,4093.0,1940.0,1359.0,921402.0,,6.06,English,8.4,,12-02-2025
PU-CMP-42292,Paid Ads,Working Women,8.0,Facebook,14663.0,1641.0,983.0,315.0,88200.0,304.0,-0.08,Bengali,20.04,Tier 2 City Customers,25-08-2024
PU-CMP-22073,Influencer,Premium Shoppers,9.0,"Google, WhatsApp, Facebook",73178.0,5143.0,2378.0,1450.0,358150.0,51.48,3.8,Bengali,12.26,Youth,24-01-2025
PU-CMP-3960,SEO,,19.0,"Email, Instagram, YouTube",47107.0,4309.0,2473.0,1233.0,366201.0,42.46,6.0,,17.01,Premium Shoppers,08-01-2025
PU-CMP-30597,Paid Ads,Tier 2 City Customers,16.0,"Google, Facebook, Email",85254.0,11406.0,5867.0,2845.0,1604580.0,68.14,7.28,Tamil,23.6,Youth,18-02-2025
PU-CMP-31862,Influencer,Youth,12.0,"YouTube, Instagram, Google",95473.0,13865.0,8289.0,5171.0,3480083.0,39.46,16.05,Bengali,28.62,College Students,16-01-2025
PU-CMP-6157,Paid Ads,Working Women,11.0,"Email, Instagram",14945.0,473.0,,104.0,60736.0,1539.09,-0.62,English,5.34,Working Women,13-03-2025
PU-CMP-5269,Email,Premium Shoppers,14.0,,48344.0,4413.0,1151.0,691.0,275018.0,258.51,0.54,Hindi,12.94,Premium Shoppers,26-01-2025
PU-CMP-17311,Paid Ads,,19.0,Facebook,61964.0,3128.0,1476.0,472.0,209568.0,415.43,0.07,English,,Tier 2 City Customers,06-10-2024
PU-CMP-53214,SEO,Premium Shoppers,21.0,"Instagram, Google",80874.0,6028.0,3549.0,2189.0,575707.0,117.94,1.23,Hindi,14.55,College Students,04-05-2025
PU-CMP-12605,Social Media,Premium Shoppers,16.0,"Google, WhatsApp",92434.0,2645.0,744.0,577.0,286769.0,516.16,-0.04,English,4.29,Youth,24-02-2025
PU-CMP-2388,SEO,Tier 2 City Customers,18.0,"Email, YouTube, Google",76976.0,11293.0,2462.0,1310.0,915690.0,150.93,,Bengali,19.57,Premium Shoppers,27-05-2025
PU-CMP-12082,Influencer,Working Women,16.0,"Facebook, Instagram, Google",63088.0,2505.0,994.0,407.0,129426.0,536.77,-0.41,Bengali,6.19,Youth,23-05-2025
PU-CMP-24841,,Tier 2 City Customers,13.0,"Facebook, WhatsApp, Instagram",82455.0,10131.0,4944.0,3408.0,1789200.0,35.66,13.72,Hindi,22.42,Tier 2 City Customers,01-06-2025
PU-CMP-37517,,Working Women,9.0,Instagram,63199.0,5596.0,3065.0,2206.0,1597144.0,116.0,5.24,Tamil,17.19,Youth,07-06-2025
PU-CMP-48228,SEO,Working Women,12.0,Google,88093.0,8025.0,3574.0,2145.0,1499355.0,50.96,12.72,English,15.6,Youth,08-01-2025
PU-CMP-47323,Email,Tier 2 City Customers,24.0,"Email, WhatsApp, Facebook",42342.0,1807.0,833.0,373.0,160390.0,560.49,-0.23,Bengali,7.12,Tier 2 City Customers,14-07-2024
PU-CMP-49904,SEO,College Students,7.0,Email,83231.0,4931.0,2941.0,1993.0,1325345.0,97.72,5.81,Tamil,11.85,Tier 2 City Customers,20-12-2024
PU-CMP-56136,Email,College Students,29.0,Email,37184.0,4366.0,1293.0,790.0,353920.0,175.59,1.55,Hindi,17.34,Youth,15-01-2025
PU-CMP-3247,Influencer,Premium Shoppers,24.0,,71293.0,3909.0,2197.0,973.0,518609.0,209.02,1.55,Tamil,9.93,College Students,21-05-2025
PU-CMP-43827,Email,Tier 2 City Customers,,"YouTube, WhatsApp",84504.0,8658.0,2469.0,1217.0,582943.0,245.37,0.95,,14.61,College Students,02-02-2025
PU-CMP-14066,Paid Ads,Tier 2 City Customers,7.0,"WhatsApp, Instagram, Facebook",37495.0,1457.0,376.0,244.0,159088.0,541.23,0.2,English,5.54,College Students,24-04-2025
PU-CMP-1578,SEO,College Students,10.0,"Instagram, Google",75087.0,7281.0,1566.0,954.0,684018.0,157.62,3.55,Hindi,13.05,Premium Shoppers,11-03-2025
PU-CMP-38074,Influencer,Premium Shoppers,16.0,Google,,7900.0,2646.0,1611.0,452691.0,106.55,1.64,Bengali,17.42,Premium Shoppers,15-09-2024
PU-CMP-3360,Influencer,Premium Shoppers,24.0,WhatsApp,97545.0,9186.0,4955.0,2412.0,738072.0,47.03,5.51,English,16.97,Working Women,07-05-2025
PU-CMP-4653,Social Media,Premium Shoppers,28.0,"Email, Google",27398.0,1670.0,398.0,171.0,97299.0,1572.58,-0.64,Bengali,8.17,Premium Shoppers,18-05-2025
PU-CMP-3949,,College Students,6.0,"Google, Instagram, YouTube",,2323.0,1028.0,580.0,215760.0,269.72,0.38,English,4.17,College Students,02-12-2024
PU-CMP-32532,SEO,Working Women,6.0,"YouTube, Instagram",13133.0,675.0,278.0,173.0,84597.0,1267.67,-0.61,Tamil,8.57,Premium Shoppers,24-03-2025
PU-CMP-21896,Influencer,Working Women,19.0,Facebook,32676.0,1417.0,592.0,299.0,179699.0,971.34,-0.38,Tamil,7.06,Working Women,27-05-2025
PU-CMP-48621,SEO,Working Women,5.0,"Facebook, WhatsApp",49204.0,3767.0,1854.0,1302.0,496062.0,84.32,3.52,English,14.07,Working Women,
PU-CMP-10842,,Premium Shoppers,24.0,"Facebook, Email",21313.0,1302.0,683.0,534.0,197580.0,102.18,2.62,English,11.82,Working Women,30-05-2025
PU-CMP-25163,SEO,,15.0,WhatsApp,42046.0,1498.0,,437.0,198398.0,,-0.32,Bengali,6.25,College Students,17-08-2024
PU-CMP-26387,Social Media,Youth,17.0,Google,27465.0,3860.0,973.0,687.0,473343.0,385.3,0.79,Bengali,20.1,Tier 2 City Customers,27-10-2024
PU-CMP-35676,Email,Tier 2 City Customers,14.0,"Email, WhatsApp, YouTube",37841.0,4397.0,1633.0,930.0,667740.0,278.78,1.58,Hindi,18.39,College Students,01-06-2025
PU-CMP-44117,Paid Ads,Working Women,9.0,WhatsApp,33476.0,1160.0,619.0,303.0,232098.0,839.72,-0.09,English,6.22,Tier 2 City Customers,19-01-2025
PU-CMP-22816,,Youth,24.0,Google,29523.0,3209.0,1646.0,740.0,401080.0,113.44,3.78,English,18.95,Working Women,21-10-2024
PU-CMP-48214,Influencer,Working Women,5.0,"YouTube, Facebook, Instagram",88122.0,11758.0,2607.0,1877.0,1251959.0,79.99,7.34,,18.43,Working Women,13-04-2025
PU-CMP-47543,Influencer,Working Women,25.0,"Email, YouTube, Facebook",13982.0,379.0,215.0,,35616.0,2846.82,-0.87,Tamil,4.93,Premium Shoppers,23-04-2025
PU-CMP-32763,SEO,College Students,10.0,"WhatsApp, Email",70071.0,2735.0,695.0,321.0,252306.0,415.61,0.89,Tamil,5.35,Youth,05-08-2024
PU-CMP-10892,Social Media,Tier 2 City Customers,27.0,"Google, YouTube",87833.0,7239.0,2857.0,1498.0,606690.0,181.63,1.23,Bengali,13.2,Premium Shoppers,01-02-2025
PU-CMP-49418,Influencer,Working Women,19.0,,36288.0,5332.0,2382.0,1797.0,411513.0,58.09,2.94,Tamil,26.21,Premium Shoppers,26-01-2025
PU-CMP-52289,Email,Premium Shoppers,26.0,Facebook,65965.0,6443.0,2641.0,1259.0,842271.0,71.08,8.41,Tamil,15.68,Tier 2 City Customers,13-11-2024
PU-CMP-39439,,Premium Shoppers,7.0,Instagram,,2225.0,490.0,325.0,188825.0,228.91,1.54,Bengali,4.91,Tier 2 City Customers,27-07-2024
PU-CMP-34054,SEO,Premium Shoppers,16.0,"YouTube, Email, Instagram",97862.0,2421.0,1102.0,645.0,453435.0,377.1,0.86,Bengali,4.26,College Students,09-09-2024
PU-CMP-13725,Social Media,Tier 2 City Customers,28.0,"Google, Instagram",62863.0,1648.0,906.0,704.0,543488.0,331.39,1.33,English,5.18,Working Women,04-07-2024
PU-CMP-16350,Social Media,Premium Shoppers,,"YouTube, Google, WhatsApp",44957.0,1670.0,747.0,427.0,260897.0,581.39,0.05,Hindi,6.33,Premium Shoppers,03-06-2025
PU-CMP-47640,Social Media,College Students,10.0,YouTube,37838.0,933.0,389.0,221.0,99892.0,1052.21,-0.57,Bengali,4.08,Working Women,13-11-2024
PU-CMP-5614,Social Media,Premium Shoppers,,Email,60233.0,7065.0,2516.0,1876.0,392084.0,37.0,4.65,Tamil,19.02,Premium Shoppers,04-07-2024
PU-CMP-15467,,Youth,28.0,"Facebook, WhatsApp",75414.0,10210.0,3390.0,2471.0,1183609.0,34.9,12.72,Tamil,21.31,Premium Shoppers,28-05-2025
PU-CMP-51726,Paid Ads,Premium Shoppers,20.0,"Facebook, Email",34138.0,2863.0,1483.0,1102.0,431984.0,170.25,1.3,Bengali,15.96,,
PU-CMP-46355,Paid Ads,,28.0,"YouTube, Email, Facebook",25886.0,2106.0,,321.0,,203.6,1.24,Bengali,12.09,,10-08-2024
PU-CMP-2314,Influencer,Youth,30.0,"Facebook, Email, Instagram",42335.0,1414.0,,291.0,65475.0,329.12,-0.32,English,5.49,Working Women,24-07-2024
PU-CMP-43601,,Working Women,15.0,"Google, Email, Instagram",,4048.0,2123.0,,621428.0,159.7,1.89,Tamil,,Premium Shoppers,11-08-2024
PU-CMP-27376,Paid Ads,Youth,10.0,"WhatsApp, Instagram",47287.0,5020.0,1219.0,745.0,273415.0,252.88,0.45,English,14.77,Youth,18-02-2025
,Influencer,Tier 2 City Customers,9.0,"Facebook, YouTube, Email",93616.0,11681.0,6326.0,1960.0,574280.0,97.4,2.01,Bengali,21.33,Working Women,10-02-2025
PU-CMP-39380,,College Students,6.0,Google,16084.0,1631.0,,402.0,267732.0,296.23,1.25,Tamil,16.38,Working Women,11-03-2025
PU-CMP-33617,,Premium Shoppers,11.0,"Google, Facebook",19865.0,403.0,104.0,31.0,,3378.81,-0.91,Hindi,2.71,Premium Shoppers,10-12-2024
PU-CMP-46451,Paid Ads,Youth,21.0,"Email, Google, Instagram",44932.0,,731.0,569.0,433009.0,,,Hindi,9.57,College Students,29-07-2024
PU-CMP-17111,Paid Ads,Youth,28.0,"YouTube, WhatsApp, Facebook",44759.0,2827.0,953.0,508.0,338836.0,576.68,0.16,Tamil,,College Students,29-01-2025
PU-CMP-12789,SEO,College Students,7.0,"YouTube, Facebook, Email",13476.0,374.0,90.0,31.0,12214.0,9664.48,-0.96,Bengali,3.67,Youth,08-08-2024
PU-CMP-21458,SEO,College Students,25.0,"Email, WhatsApp",31747.0,1695.0,410.0,212.0,126140.0,928.37,-0.36,English,7.3,,28-05-2025
PU-CMP-36668,SEO,Premium Shoppers,14.0,Facebook,,2810.0,1314.0,662.0,224418.0,173.57,0.95,Hindi,24.08,Youth,27-09-2024
PU-CMP-32441,SEO,Premium Shoppers,15.0,"Instagram, WhatsApp, Facebook",,4955.0,1444.0,950.0,197600.0,216.28,-0.04,Bengali,17.69,,24-07-2024
PU-CMP-38717,Paid Ads,Working Women,29.0,Facebook,94264.0,9876.0,2687.0,1770.0,1306260.0,74.06,8.96,Hindi,15.21,Youth,15-07-2024
PU-CMP-40431,Social Media,Premium Shoppers,27.0,"Google, Facebook, WhatsApp",12663.0,465.0,249.0,82.0,35998.0,2671.34,-0.84,Bengali,6.29,Youth,25-05-2025
PU-CMP-45585,Email,Premium Shoppers,,Facebook,82278.0,9891.0,4206.0,2929.0,890416.0,62.65,3.85,Hindi,20.69,Working Women,14-11-2024
PU-CMP-15146,Paid Ads,Premium Shoppers,8.0,"YouTube, Google, WhatsApp",28787.0,,1783.0,980.0,431200.0,114.88,2.83,Hindi,22.02,Tier 2 City Customers,09-06-2025
PU-CMP-27513,Social Media,Tier 2 City Customers,15.0,Instagram,80668.0,5126.0,2209.0,1637.0,671170.0,166.07,1.47,Tamil,11.12,Tier 2 City Customers,20-01-2025
PU-CMP-31468,Email,College Students,15.0,"Facebook, Google",41153.0,4969.0,2181.0,1494.0,878472.0,162.02,2.63,Bengali,21.0,Tier 2 City Customers,27-08-2024
,Paid Ads,Working Women,30.0,"Instagram, WhatsApp",86205.0,10099.0,4643.0,1689.0,1013400.0,,2.69,Hindi,19.06,Youth,02-07-2024
PU-CMP-38632,Social Media,Tier 2 City Customers,6.0,YouTube,29582.0,987.0,520.0,163.0,117523.0,1274.91,-0.43,Bengali,5.65,Tier 2 City Customers,04-04-2025
PU-CMP-10384,Social Media,College Students,27.0,"Email, Google, WhatsApp",10270.0,339.0,184.0,59.0,25960.0,2957.49,-0.85,Tamil,5.67,Working Women,29-08-2024
PU-CMP-45274,Social Media,,16.0,"Email, Google, WhatsApp",29509.0,4197.0,947.0,285.0,203775.0,316.14,1.26,Tamil,18.4,Youth,05-04-2025
PU-CMP-47219,SEO,College Students,19.0,"Email, WhatsApp, Google",41622.0,2353.0,1124.0,682.0,417384.0,333.46,0.84,Bengali,9.99,College Students,02-07-2024
PU-CMP-34884,Paid Ads,Working Women,22.0,"Google, Facebook",39234.0,5696.0,,903.0,241101.0,134.47,0.99,Hindi,20.77,College Students,16-03-2025
PU-CMP-55416,Email,Working Women,15.0,Google,12206.0,300.0,121.0,96.0,36000.0,2069.17,-0.82,English,4.24,Working Women,13-04-2025
PU-CMP-18452,Social Media,Premium Shoppers,17.0,"WhatsApp, Facebook, YouTube",67293.0,9181.0,3454.0,1517.0,547637.0,99.52,2.63,Tamil,21.03,Premium Shoppers,15-07-2024
PU-CMP-45162,Paid Ads,College Students,27.0,"YouTube, Email, Google",,4433.0,1049.0,413.0,212282.0,611.0,-0.16,English,6.16,College Students,
PU-CMP-8064,Paid Ads,Premium Shoppers,19.0,"Email, Google, YouTube",30126.0,1407.0,751.0,278.0,147896.0,360.35,0.48,English,8.09,Premium Shoppers,12-10-2024
PU-CMP-22829,Email,Premium Shoppers,18.0,Facebook,93914.0,12264.0,4258.0,2787.0,710685.0,98.94,1.58,Hindi,20.56,Tier 2 City Customers,30-10-2024
PU-CMP-30923,Social Media,Youth,21.0,"Instagram, Email, Facebook",13869.0,2062.0,671.0,302.0,167308.0,322.1,0.72,Hindi,,College Students,21-12-2024
PU-CMP-41479,Social Media,Premium Shoppers,19.0,"Facebook, Email",29041.0,2147.0,985.0,531.0,167265.0,282.35,0.12,English,12.61,Premium Shoppers,01-07-2024
PU-CMP-1251,Paid Ads,College Students,19.0,,83263.0,3369.0,1997.0,671.0,296582.0,242.63,0.82,English,,Premium Shoppers,28-02-2025
PU-CMP-17776,Email,Tier 2 City Customers,19.0,"WhatsApp, YouTube",38864.0,4517.0,1097.0,601.0,,311.44,0.95,English,15.99,Tier 2 City Customers,30-07-2024
PU-CMP-10324,,Tier 2 City Customers,27.0,"WhatsApp, Email",45663.0,1969.0,838.0,614.0,211216.0,232.4,0.48,Bengali,7.49,Tier 2 City Customers,02-09-2024
PU-CMP-51610,Influencer,College Students,17.0,"Google, Email",40938.0,1726.0,986.0,298.0,154364.0,481.8,0.08,Hindi,7.35,Youth,28-10-2024
PU-CMP-24602,Social Media,Youth,6.0,"YouTube, Email, Facebook",18636.0,1151.0,555.0,387.0,108747.0,672.16,-0.58,English,11.23,Tier 2 City Customers,
PU-CMP-33829,Paid Ads,Youth,27.0,Google,91510.0,11420.0,4215.0,2497.0,933878.0,89.17,3.19,English,19.81,Working Women,27-07-2024
PU-CMP-46667,Paid Ads,Youth,,"Google, WhatsApp",,1191.0,707.0,316.0,204452.0,486.27,0.33,Hindi,7.26,,31-12-2024
,SEO,Premium Shoppers,9.0,"Email, WhatsApp",40438.0,5350.0,2651.0,1705.0,700755.0,89.0,3.62,Hindi,24.0,College Students,20-11-2024
PU-CMP-10613,Paid Ads,Working Women,12.0,WhatsApp,95890.0,9089.0,3203.0,1738.0,,151.4,2.11,Bengali,14.63,Premium Shoppers,05-08-2024
PU-CMP-8515,Paid Ads,Youth,6.0,Email,66476.0,8645.0,,3475.0,1977275.0,62.18,,Hindi,25.29,Premium Shoppers,05-02-2025
PU-CMP-19591,Social Media,Youth,20.0,Google,16467.0,402.0,226.0,78.0,,1176.37,-0.72,Tamil,4.29,College Students,18-09-2024
PU-CMP-33438,Paid Ads,Tier 2 City Customers,11.0,WhatsApp,47651.0,6541.0,3205.0,2458.0,973368.0,121.01,2.27,Tamil,25.61,Youth,16-05-2025
PU-CMP-19623,Email,Working Women,10.0,"Email, Google, Facebook",70493.0,3200.0,758.0,527.0,221340.0,435.69,-0.04,English,6.36,Premium Shoppers,13-02-2025
PU-CMP-26773,Social Media,,13.0,"WhatsApp, Facebook, Instagram",53859.0,2982.0,1338.0,,408126.0,165.42,2.03,Hindi,9.53,College Students,02-07-2024
PU-CMP-33989,Social Media,College Students,20.0,"Email, YouTube",77966.0,7566.0,3634.0,1886.0,1288138.0,119.07,4.74,Tamil,16.78,Youth,17-02-2025
,Email,Tier 2 City Customers,26.0,"Google, Instagram",98481.0,4745.0,2752.0,1742.0,1351792.0,64.64,11.01,Tamil,9.38,College Students,07-08-2024
PU-CMP-28455,Email,Premium Shoppers,11.0,"Facebook, Email",41162.0,4960.0,2624.0,1634.0,508174.0,75.79,3.1,Bengali,,Premium Shoppers,19-05-2025
PU-CMP-10057,Email,College Students,7.0,Facebook,20806.0,2000.0,1013.0,578.0,388994.0,515.0,0.31,Bengali,17.26,Tier 2 City Customers,24-05-2025
PU-CMP-25037,Email,Working Women,19.0,"Email, WhatsApp, YouTube",79539.0,10251.0,2806.0,1776.0,598512.0,153.67,1.19,Tamil,18.65,College Students,16-02-2025
PU-CMP-35417,Paid Ads,Youth,20.0,WhatsApp,74580.0,6326.0,2289.0,1187.0,661159.0,69.23,7.05,Bengali,13.14,Premium Shoppers,14-07-2024
PU-CMP-33120,Email,Premium Shoppers,8.0,"YouTube, Instagram",18767.0,642.0,354.0,190.0,98420.0,424.31,0.22,Hindi,6.32,Working Women,09-12-2024
PU-CMP-41320,SEO,Premium Shoppers,30.0,Email,38257.0,2367.0,1377.0,1068.0,826632.0,127.11,5.09,Bengali,12.58,Youth,16-09-2024
PU-CMP-31142,Paid Ads,Premium Shoppers,16.0,"YouTube, Google, WhatsApp",96327.0,4534.0,1881.0,1190.0,822290.0,108.81,5.35,,7.89,Youth,21-10-2024
PU-CMP-9441,Social Media,College Students,25.0,"WhatsApp, Google, Facebook",19546.0,507.0,168.0,80.0,20160.0,1481.79,-0.83,Hindi,3.86,Premium Shoppers,03-09-2024
PU-CMP-56272,Influencer,College Students,23.0,"Facebook, Instagram, WhatsApp",87313.0,13007.0,2759.0,1894.0,723508.0,117.2,,Hindi,20.23,Youth,
PU-CMP-51173,Email,Working Women,8.0,Facebook,96167.0,10978.0,5353.0,1607.0,1132935.0,97.18,6.25,English,18.65,Premium Shoppers,24-04-2025
PU-CMP-21626,,Tier 2 City Customers,26.0,YouTube,72439.0,6021.0,1731.0,679.0,151417.0,134.87,0.65,English,11.64,Premium Shoppers,17-12-2024
PU-CMP-8416,Social Media,Working Women,9.0,"Email, YouTube",43496.0,2202.0,662.0,349.0,129130.0,752.44,-0.51,Bengali,7.39,Premium Shoppers,24-11-2024
PU-CMP-52102,Email,College Students,6.0,"WhatsApp, Email, Instagram",53839.0,6454.0,1754.0,573.0,264726.0,92.4,4.0,Tamil,16.31,Premium Shoppers,03-12-2024
PU-CMP-25234,Paid Ads,Youth,23.0,"Google, Email",31412.0,3650.0,765.0,549.0,183366.0,327.12,0.02,English,15.8,Premium Shoppers,27-02-2025
PU-CMP-40171,Paid Ads,Tier 2 City Customers,22.0,"WhatsApp, Google, Instagram",28055.0,,585.0,183.0,43188.0,1332.4,-0.82,Bengali,9.26,College Students,01-07-2024
,Paid Ads,Working Women,14.0,Email,54431.0,4904.0,1817.0,1167.0,476136.0,124.08,2.29,Hindi,14.49,Premium Shoppers,
PU-CMP-56460,Email,College Students,19.0,"Google, Facebook",82181.0,8195.0,4464.0,,540768.0,105.45,1.45,Bengali,17.95,Working Women,24-05-2025
PU-CMP-4758,SEO,Youth,27.0,"Facebook, Email",36073.0,4689.0,1883.0,1298.0,510114.0,213.22,0.84,Bengali,,Youth,20-03-2025
PU-CMP-2583,,Youth,,"Email, Instagram, Google",15645.0,477.0,204.0,119.0,82467.0,2231.45,-0.69,,5.11,College Students,20-02-2025
PU-CMP-37440,Influencer,Youth,17.0,"Email, Instagram, Facebook",89983.0,4755.0,2472.0,1584.0,727056.0,51.01,8.0,English,9.79,College Students,19-10-2024
PU-CMP-52464,SEO,Youth,7.0,"Google, Email",99420.0,5834.0,1533.0,475.0,314450.0,449.65,0.47,Hindi,7.89,Tier 2 City Customers,27-09-2024
PU-CMP-54771,SEO,College Students,10.0,"Google, WhatsApp, Instagram",,8226.0,2125.0,1588.0,887692.0,175.77,2.18,English,15.91,College Students,19-01-2025
PU-CMP-2281,Social Media,Premium Shoppers,20.0,"Instagram, Facebook, Email",68210.0,3975.0,1710.0,1357.0,544157.0,182.48,1.2,Bengali,10.32,College Students,18-07-2024
PU-CMP-7132,Social Media,College Students,22.0,Google,63225.0,,1388.0,745.0,164645.0,75.39,1.93,Bengali,7.87,Youth,05-01-2025
PU-CMP-43706,Social Media,,22.0,WhatsApp,45179.0,4298.0,1058.0,,167811.0,,-0.17,Tamil,12.72,Working Women,18-07-2024
PU-CMP-52993,SEO,College Students,11.0,"Google, YouTube",22422.0,3214.0,719.0,,195471.0,516.06,,Tamil,19.03,Working Women,03-01-2025
PU-CMP-39228,Influencer,College Students,15.0,"Email, Facebook",19306.0,447.0,195.0,83.0,33117.0,3046.27,-0.87,Bengali,3.76,College Students,19-12-2024
PU-CMP-54292,SEO,,17.0,Email,75750.0,6428.0,1975.0,1266.0,912786.0,161.97,3.45,English,12.76,Premium Shoppers,04-08-2024
PU-CMP-51458,Email,Youth,21.0,WhatsApp,94814.0,8381.0,4839.0,2668.0,557612.0,78.45,1.66,Tamil,16.76,Working Women,20-09-2024
PU-CMP-48667,Social Media,Tier 2 City Customers,10.0,Google,,6948.0,3047.0,1253.0,,137.17,1.18,Tamil,19.99,Tier 2 City Customers,13-07-2024
,Paid Ads,College Students,18.0,"WhatsApp, Instagram, YouTube",82231.0,9129.0,2522.0,892.0,593180.0,119.35,4.57,Hindi,15.25,College Students,06-09-2024
PU-CMP-47419,Paid Ads,College Students,18.0,"YouTube, Google",95691.0,,1731.0,912.0,345648.0,107.14,2.54,Tamil,10.43,Tier 2 City Customers,10-05-2025
PU-CMP-2372,Paid Ads,Premium Shoppers,22.0,"Facebook, Google",74897.0,9406.0,2864.0,2200.0,528000.0,66.93,2.59,Bengali,19.32,Tier 2 City Customers,09-02-2025
PU-CMP-22987,Email,Tier 2 City Customers,15.0,,22400.0,1701.0,599.0,295.0,83485.0,813.01,-0.65,Hindi,11.58,Tier 2 City Customers,05-02-2025
PU-CMP-17507,Influencer,Tier 2 City Customers,14.0,"Email, YouTube, Facebook",28740.0,3142.0,768.0,384.0,223488.0,400.26,0.45,English,14.94,Working Women,24-07-2024
PU-CMP-41579,Influencer,Working Women,14.0,"Email, Google",,6736.0,3999.0,2989.0,2077355.0,76.0,8.14,English,24.7,Tier 2 City Customers,10-05-2025
PU-CMP-28816,Email,College Students,23.0,"WhatsApp, Email, Instagram",48675.0,2617.0,1417.0,1081.0,363216.0,67.66,3.97,Hindi,10.51,Tier 2 City Customers,20-02-2025
PU-CMP-16006,Paid Ads,Tier 2 City Customers,27.0,Email,74141.0,3679.0,825.0,321.0,89559.0,268.51,0.04,English,6.51,Youth,29-10-2024
PU-CMP-3710,Social Media,Tier 2 City Customers,8.0,"WhatsApp, Google",40126.0,1090.0,574.0,201.0,77184.0,1434.14,-0.73,,4.65,Tier 2 City Customers,01-11-2024
PU-CMP-18112,Social Media,Premium Shoppers,8.0,"Instagram, YouTube",13603.0,1203.0,694.0,373.0,175310.0,403.4,0.17,Tamil,16.69,Tier 2 City Customers,30-01-2025
PU-CMP-36867,Email,Tier 2 City Customers,5.0,"WhatsApp, Instagram",70963.0,4662.0,1178.0,436.0,,451.7,-0.51,Hindi,8.84,Youth,24-12-2024
PU-CMP-53200,SEO,Working Women,14.0,"Email, YouTube, WhatsApp",85307.0,8296.0,3203.0,1092.0,561288.0,,3.38,Hindi,14.76,Tier 2 City Customers,05-09-2024
PU-CMP-46987,Paid Ads,College Students,,"Facebook, Instagram, WhatsApp",40452.0,5823.0,2759.0,974.0,444144.0,82.85,4.5,English,23.62,Tier 2 City Customers,03-09-2024
PU-CMP-11915,Paid Ads,Working Women,18.0,"Instagram, Email",37690.0,2679.0,706.0,,,467.61,0.3,Bengali,9.55,College Students,25-09-2024
PU-CMP-41672,Social Media,College Students,24.0,,91191.0,10169.0,5232.0,3770.0,2819960.0,21.05,34.54,English,21.02,Youth,10-09-2024
PU-CMP-3969,Paid Ads,Tier 2 City Customers,30.0,WhatsApp,73593.0,5393.0,,641.0,,395.45,1.0,English,11.09,Youth,22-04-2025
PU-CMP-49956,SEO,Premium Shoppers,,"Google, YouTube, Email",58398.0,7399.0,2303.0,1498.0,1090544.0,53.33,12.65,Tamil,19.18,College Students,04-03-2025
PU-CMP-27443,Paid Ads,College Students,22.0,Facebook,13185.0,1045.0,461.0,195.0,133575.0,708.99,-0.03,English,12.9,Youth,29-09-2024
PU-CMP-8920,Influencer,Youth,29.0,"Google, WhatsApp",50966.0,5629.0,1584.0,674.0,522350.0,401.08,0.93,Hindi,15.48,College Students,22-12-2024
PU-CMP-13687,Influencer,Tier 2 City Customers,21.0,Instagram,53455.0,3954.0,1266.0,640.0,248320.0,249.44,0.56,English,10.96,Youth,13-09-2024
PU-CMP-30563,SEO,Youth,22.0,Facebook,24355.0,2571.0,1084.0,610.0,237900.0,453.07,-0.14,Hindi,17.51,Tier 2 City Customers,26-10-2024
PU-CMP-6683,Influencer,Youth,10.0,"Email, Instagram",45904.0,3414.0,1394.0,498.0,,174.36,1.7,Bengali,11.56,Premium Shoppers,22-02-2025
PU-CMP-48791,Social Media,Youth,7.0,WhatsApp,87618.0,5816.0,2540.0,771.0,234384.0,200.3,0.52,Tamil,10.42,Youth,11-11-2024
PU-CMP-31393,SEO,Premium Shoppers,13.0,"Facebook, Instagram, Email",45081.0,1550.0,375.0,254.0,52324.0,612.1,-0.66,Hindi,4.83,,02-01-2025
,SEO,Youth,10.0,"Email, YouTube",61038.0,5944.0,2649.0,1785.0,1374450.0,,15.03,English,17.0,Tier 2 City Customers,15-05-2025
PU-CMP-37675,Influencer,College Students,12.0,Email,53777.0,6791.0,3851.0,1747.0,1219406.0,124.71,4.6,English,23.04,Premium Shoppers,07-10-2024
PU-CMP-10750,Email,Working Women,12.0,Google,99210.0,7021.0,3562.0,1688.0,762976.0,47.97,8.42,Hindi,12.37,College Students,24-11-2024
PU-CMP-2584,Email,Working Women,13.0,"WhatsApp, YouTube, Facebook",72935.0,4369.0,2280.0,1130.0,290410.0,232.99,0.1,Tamil,,College Students,09-09-2024
PU-CMP-2410,Influencer,Working Women,28.0,YouTube,33834.0,1912.0,548.0,225.0,76500.0,239.6,0.42,Tamil,7.94,Working Women,02-04-2025
PU-CMP-41489,Email,Youth,21.0,"Email, Facebook, YouTube",43229.0,1047.0,242.0,136.0,95744.0,2172.63,-0.68,Hindi,3.3,Working Women,10-04-2025
PU-CMP-35966,Social Media,Working Women,20.0,Instagram,26534.0,3430.0,1465.0,457.0,292023.0,360.95,0.77,English,20.17,Premium Shoppers,24-10-2024
PU-CMP-7887,SEO,Working Women,22.0,"YouTube, Instagram, Facebook",70818.0,2041.0,734.0,469.0,359723.0,596.83,0.29,Hindi,4.58,Premium Shoppers,03-07-2024
PU-CMP-37529,SEO,Working Women,28.0,Email,18813.0,1397.0,837.0,271.0,156096.0,887.55,-0.35,Hindi,13.32,Premium Shoppers,22-12-2024
PU-CMP-37515,Paid Ads,,9.0,"Instagram, YouTube",62016.0,6035.0,2526.0,962.0,634920.0,,1.58,English,15.36,Premium Shoppers,15-03-2025
PU-CMP-13645,Paid Ads,College Students,10.0,"Instagram, YouTube, WhatsApp",30304.0,2891.0,,,402948.0,143.63,3.0,Bengali,16.11,College Students,10-07-2024
PU-CMP-26450,SEO,Premium Shoppers,6.0,,61280.0,4643.0,,,432588.0,211.6,1.67,Hindi,10.82,Tier 2 City Customers,26-07-2024
PU-CMP-15759,SEO,Youth,10.0,"YouTube, Email, Facebook",11951.0,1777.0,531.0,306.0,69462.0,950.17,-0.76,Bengali,21.87,College Students,05-05-2025
PU-CMP-23823,SEO,,19.0,Facebook,13182.0,698.0,354.0,200.0,148800.0,990.99,-0.25,Bengali,9.5,Working Women,27-02-2025
PU-CMP-12321,Email,Tier 2 City Customers,9.0,"Email, YouTube",12459.0,,350.0,196.0,109564.0,908.59,,Bengali,16.06,College Students,01-04-2025
PU-CMP-19466,,Youth,,YouTube,67001.0,8833.0,2634.0,1173.0,742509.0,188.99,2.35,Tamil,18.87,Tier 2 City Customers,10-10-2024
PU-CMP-45996,Email,College Students,24.0,"Google, WhatsApp",54534.0,4742.0,2747.0,888.0,235320.0,224.9,0.18,Hindi,,Working Women,11-09-2024
PU-CMP-49546,SEO,Working Women,28.0,"Instagram, Email",80563.0,4107.0,,1163.0,888532.0,65.7,10.63,Tamil,8.77,College Students,17-09-2024
PU-CMP-54316,Social Media,Tier 2 City Customers,14.0,"YouTube, WhatsApp, Google",84520.0,5598.0,2235.0,900.0,459000.0,162.28,2.14,Hindi,10.33,Premium Shoppers,27-12-2024
PU-CMP-14649,Email,Premium Shoppers,16.0,"Instagram, Google, Facebook",55120.0,6363.0,2263.0,918.0,193698.0,277.02,-0.24,,17.31,Premium Shoppers,23-10-2024
PU-CMP-36061,SEO,Youth,9.0,"Google, Email, Instagram",82388.0,2970.0,1484.0,741.0,227487.0,103.74,1.96,Hindi,6.31,Youth,21-11-2024
PU-CMP-42543,Paid Ads,Premium Shoppers,6.0,"Google, WhatsApp, Email",52150.0,2948.0,1479.0,607.0,258582.0,413.02,0.03,English,9.65,Tier 2 City Customers,08-04-2025
PU-CMP-53242,Paid Ads,Youth,10.0,WhatsApp,67499.0,3373.0,1790.0,1216.0,536256.0,,1.01,Bengali,9.45,Working Women,30-01-2025
PU-CMP-9450,Social Media,Youth,6.0,"WhatsApp, Facebook, Google",30997.0,,461.0,282.0,63450.0,754.5,-0.7,,8.57,Working Women,24-11-2024
PU-CMP-53185,Social Media,Premium Shoppers,13.0,"Facebook, Email, Google",,8241.0,2617.0,929.0,433843.0,252.72,0.85,English,12.14,Youth,07-01-2025
PU-CMP-11575,Email,Working Women,8.0,"Google, Email, Instagram",37763.0,1314.0,737.0,507.0,184548.0,460.07,-0.21,Tamil,6.77,Premium Shoppers,26-10-2024
PU-CMP-9543,SEO,Youth,,"Facebook, Email, Instagram",14001.0,748.0,293.0,93.0,65658.0,1643.0,,Hindi,8.1,Tier 2 City Customers,14-04-2025
PU-CMP-20722,Paid Ads,College Students,7.0,WhatsApp,17304.0,2120.0,,564.0,284820.0,,0.41,Tamil,21.06,Premium Shoppers,09-05-2025
PU-CMP-7658,Email,Working Women,21.0,"WhatsApp, Instagram, Facebook",96637.0,2947.0,591.0,206.0,142552.0,615.01,,Hindi,3.87,Premium Shoppers,04-09-2024
PU-CMP-8266,Email,,15.0,"Facebook, WhatsApp, Email",86471.0,,2730.0,2002.0,1539538.0,33.79,21.76,Tamil,20.18,Youth,06-11-2024
PU-CMP-39423,Email,Youth,17.0,WhatsApp,12124.0,808.0,273.0,199.0,47959.0,1019.24,-0.76,Bengali,10.56,Premium Shoppers,
PU-CMP-55020,Email,Tier 2 City Customers,24.0,"Facebook, Instagram, YouTube",28980.0,2319.0,1143.0,516.0,125388.0,468.5,-0.48,Bengali,13.73,Youth,28-02-2025
PU-CMP-55170,Email,Premium Shoppers,26.0,Email,27902.0,998.0,574.0,412.0,132252.0,131.44,1.44,English,7.11,College Students,01-11-2024
PU-CMP-41094,Email,Tier 2 City Customers,21.0,"Email, Instagram, WhatsApp",85671.0,2688.0,1137.0,662.0,238982.0,226.45,0.59,Bengali,5.24,Working Women,29-09-2024
PU-CMP-1697,Social Media,Tier 2 City Customers,24.0,"Email, Instagram, WhatsApp",78189.0,10496.0,3859.0,,1189914.0,173.68,3.18,English,20.46,College Students,10-12-2024
PU-CMP-38917,Influencer,Tier 2 City Customers,5.0,"Email, Instagram",90844.0,10704.0,5988.0,3813.0,999006.0,14.57,16.99,Hindi,,College Students,22-07-2024
PU-CMP-4189,Influencer,College Students,23.0,Google,57870.0,2750.0,741.0,454.0,288744.0,411.69,0.54,Bengali,6.82,Working Women,07-02-2025
PU-CMP-52473,Email,Tier 2 City Customers,17.0,"WhatsApp, Facebook",66164.0,1583.0,783.0,564.0,279744.0,101.11,3.91,Tamil,4.43,College Students,28-07-2024
PU-CMP-5252,,Tier 2 City Customers,5.0,"WhatsApp, YouTube",87197.0,12502.0,6498.0,3942.0,,53.35,10.85,English,26.31,Premium Shoppers,02-10-2024
PU-CMP-38652,Paid Ads,Working Women,17.0,"Facebook, Google, Email",,7967.0,2519.0,830.0,336980.0,243.16,0.67,English,14.64,Youth,03-12-2024
PU-CMP-52737,Influencer,Working Women,12.0,"Google, WhatsApp",99833.0,12991.0,5880.0,3927.0,793254.0,60.13,2.36,Hindi,22.84,Youth,29-04-2025
PU-CMP-16132,,Premium Shoppers,24.0,,62335.0,9163.0,2744.0,2029.0,1197110.0,52.78,10.18,Bengali,22.36,Tier 2 City Customers,13-05-2025
PU-CMP-15013,Email,Working Women,24.0,"WhatsApp, Instagram",40574.0,1921.0,473.0,142.0,,1025.63,-0.25,Tamil,6.25,Working Women,05-05-2025
PU-CMP-20891,Influencer,College Students,20.0,,12576.0,1281.0,390.0,187.0,132396.0,1171.3,-0.4,Bengali,14.77,Premium Shoppers,02-12-2024
PU-CMP-49887,Paid Ads,College Students,12.0,"YouTube, Google, Facebook",72952.0,,2710.0,2014.0,525654.0,56.64,3.61,Tamil,19.8,Youth,10-12-2024
PU-CMP-2842,Social Media,College Students,19.0,"Email, WhatsApp",,6032.0,3038.0,1030.0,796190.0,138.56,4.58,Tamil,19.39,Working Women,26-11-2024
PU-CMP-42840,SEO,,,"Email, Facebook, YouTube",73671.0,6652.0,2608.0,1439.0,860522.0,52.89,10.31,Tamil,14.52,Working Women,07-03-2025
PU-CMP-13331,Email,,,"Google, WhatsApp",34402.0,4305.0,1872.0,1402.0,588840.0,55.25,6.6,English,22.03,Working Women,
PU-CMP-30502,SEO,Tier 2 City Customers,5.0,"WhatsApp, Facebook, Email",88742.0,8169.0,4723.0,3464.0,2109576.0,23.86,24.52,Bengali,18.43,Tier 2 City Customers,14-11-2024
PU-CMP-9357,Social Media,Working Women,5.0,"Facebook, YouTube, WhatsApp",43454.0,5910.0,1408.0,655.0,454570.0,112.31,5.18,Tamil,18.35,Youth,06-07-2024
PU-CMP-4882,,Premium Shoppers,8.0,"Google, Facebook, Instagram",,6401.0,1999.0,691.0,236322.0,108.1,2.16,Bengali,10.98,College Students,24-11-2024
PU-CMP-5097,Influencer,College Students,27.0,"Google, WhatsApp",15400.0,1964.0,1149.0,885.0,300015.0,214.85,0.58,Hindi,25.96,Tier 2 City Customers,21-10-2024
PU-CMP-20409,SEO,Working Women,24.0,"Email, Google, Facebook",67573.0,1354.0,462.0,178.0,130474.0,1535.64,-0.52,Hindi,2.95,Working Women,
PU-CMP-47433,Social Media,College Students,12.0,"Google, Facebook",34944.0,4296.0,1278.0,896.0,188160.0,298.91,-0.3,Tamil,18.52,Tier 2 City Customers,02-11-2024
PU-CMP-39434,Influencer,College Students,25.0,"Google, Instagram, WhatsApp",62742.0,3939.0,1171.0,652.0,322088.0,84.02,4.88,English,9.18,Tier 2 City Customers,28-10-2024
PU-CMP-47761,SEO,Working Women,24.0,"Instagram, Facebook",85138.0,5083.0,2297.0,1454.0,311156.0,168.82,0.27,English,10.38,Working Women,
PU-CMP-37920,Social Media,Premium Shoppers,16.0,"Facebook, YouTube, Instagram",39210.0,2674.0,817.0,512.0,352256.0,105.2,5.54,Hindi,10.21,College Students,18-04-2025
PU-CMP-22184,Paid Ads,Premium Shoppers,21.0,"Instagram, WhatsApp, Email",61790.0,3238.0,1052.0,759.0,305877.0,142.52,1.83,Bengali,8.17,Tier 2 City Customers,14-07-2024
PU-CMP-52477,Influencer,Premium Shoppers,25.0,"Instagram, YouTube",37693.0,2068.0,495.0,321.0,90522.0,443.55,-0.36,,7.65,Premium Shoppers,27-08-2024
PU-CMP-9182,Paid Ads,Youth,22.0,"Email, Facebook, Google",35243.0,3701.0,1540.0,964.0,316192.0,297.13,0.1,Tamil,17.61,Premium Shoppers,22-02-2025
PU-CMP-30931,Influencer,Premium Shoppers,11.0,"Instagram, YouTube",20931.0,1188.0,455.0,141.0,98841.0,439.52,0.59,English,8.52,College Students,01-05-2025
PU-CMP-54152,SEO,Premium Shoppers,23.0,"WhatsApp, YouTube",96436.0,13720.0,6555.0,3686.0,899384.0,13.87,16.59,Hindi,24.85,Premium Shoppers,08-07-2024
PU-CMP-36101,Social Media,Youth,17.0,"Facebook, YouTube, WhatsApp",85063.0,3828.0,1707.0,775.0,618450.0,285.0,1.8,English,7.42,Youth,
PU-CMP-15000,SEO,Tier 2 City Customers,14.0,Google,,6396.0,1314.0,760.0,403560.0,213.64,1.49,Bengali,13.49,Working Women,29-01-2025
PU-CMP-27242,,Tier 2 City Customers,23.0,"Email, Instagram, Google",47702.0,3918.0,2349.0,,730908.0,273.96,1.6,Tamil,15.29,Tier 2 City Customers,13-01-2025
PU-CMP-25674,Social Media,Working Women,14.0,"Google, WhatsApp",,3292.0,1970.0,714.0,230622.0,242.17,0.33,Tamil,,Working Women,11-12-2024
PU-CMP-51528,Email,Youth,30.0,"Facebook, Instagram",41868.0,,699.0,370.0,249750.0,385.14,0.75,Tamil,10.66,Premium Shoppers,07-12-2024
PU-CMP-55910,Social Media,Premium Shoppers,7.0,YouTube,93409.0,2709.0,860.0,644.0,171948.0,427.78,-0.38,Hindi,4.51,Youth,23-01-2025
PU-CMP-24942,Social Media,College Students,26.0,,27700.0,570.0,124.0,49.0,35182.0,3365.29,-0.79,English,2.68,Youth,24-04-2025
PU-CMP-3191,Influencer,Working Women,24.0,Instagram,88951.0,11057.0,2856.0,1055.0,826065.0,116.11,5.74,Bengali,16.83,Working Women,07-03-2025
PU-CMP-48898,Email,Working Women,6.0,"WhatsApp, Instagram, Email",28212.0,917.0,254.0,173.0,60377.0,381.01,-0.08,English,4.76,College Students,23-04-2025
PU-CMP-33071,SEO,Working Women,18.0,YouTube,99784.0,7214.0,3012.0,928.0,718272.0,185.5,3.17,Bengali,11.18,Tier 2 City Customers,02-02-2025
PU-CMP-36883,SEO,Youth,17.0,Facebook,97261.0,11870.0,3273.0,1293.0,272823.0,202.69,0.04,Hindi,16.9,Working Women,15-11-2024
PU-CMP-8272,SEO,College Students,20.0,YouTube,,823.0,191.0,57.0,19038.0,5104.02,-0.93,English,3.87,Tier 2 City Customers,20-08-2024
PU-CMP-48503,Influencer,College Students,19.0,WhatsApp,25076.0,3540.0,1171.0,742.0,309414.0,95.75,3.35,Hindi,21.75,Premium Shoppers,21-04-2025
PU-CMP-27742,Social Media,Premium Shoppers,25.0,"WhatsApp, Email, Google",65483.0,6188.0,2208.0,1739.0,1361637.0,77.38,9.12,English,15.48,Tier 2 City Customers,31-12-2024
PU-CMP-51715,SEO,Youth,20.0,Email,64957.0,3032.0,1107.0,846.0,426384.0,275.71,0.83,Bengali,7.67,Premium Shoppers,23-04-2025
PU-CMP-37604,SEO,Working Women,10.0,Google,,1295.0,634.0,253.0,180136.0,812.11,-0.12,Bengali,6.83,College Students,24-05-2025
PU-CMP-34602,Email,,15.0,YouTube,13487.0,1920.0,1092.0,554.0,306916.0,526.31,0.05,Tamil,26.44,Youth,01-09-2024
PU-CMP-11445,Paid Ads,Premium Shoppers,26.0,,13524.0,1477.0,543.0,417.0,219342.0,400.21,0.31,Hindi,18.02,Tier 2 City Customers,11-01-2025
PU-CMP-46616,Email,College Students,26.0,Email,35432.0,2916.0,1408.0,837.0,,352.81,1.16,Hindi,14.57,Tier 2 City Customers,
PU-CMP-52215,Social Media,Working Women,21.0,"YouTube, WhatsApp, Facebook",23314.0,3379.0,1996.0,,492414.0,113.2,4.67,,26.34,Premium Shoppers,21-03-2025
PU-CMP-45000,Social Media,,12.0,"Facebook, Email",97042.0,,1469.0,796.0,240392.0,,0.47,English,6.66,Working Women,28-01-2025
PU-CMP-14398,Influencer,Working Women,16.0,"WhatsApp, YouTube",98143.0,13937.0,5579.0,2408.0,602000.0,106.08,1.36,Tamil,22.34,Working Women,16-02-2025
PU-CMP-4095,Email,Working Women,24.0,"Google, WhatsApp, Email",16026.0,1277.0,648.0,332.0,90636.0,830.67,-0.67,Hindi,14.08,Youth,
,SEO,Working Women,27.0,"Google, YouTube",72907.0,8364.0,3951.0,3066.0,668388.0,58.7,2.71,Hindi,21.1,College Students,19-10-2024
PU-CMP-10485,SEO,Tier 2 City Customers,21.0,WhatsApp,41373.0,4944.0,1437.0,643.0,354936.0,255.65,,Hindi,16.98,Working Women,18-11-2024
PU-CMP-51383,SEO,Tier 2 City Customers,18.0,"YouTube, Facebook, Google",18087.0,1188.0,632.0,485.0,113490.0,111.34,1.1,Hindi,12.74,Tier 2 City Customers,17-05-2025
PU-CMP-27593,,College Students,21.0,"WhatsApp, Facebook",,1678.0,486.0,231.0,,504.25,0.28,English,4.5,Youth,
PU-CMP-46796,Email,Tier 2 City Customers,5.0,"Email, Facebook",67998.0,3744.0,,597.0,277008.0,,-0.02,English,8.95,Premium Shoppers,07-10-2024
PU-CMP-11113,Social Media,,29.0,"WhatsApp, Email",49879.0,7256.0,1960.0,659.0,166727.0,92.84,1.73,Tamil,19.8,College Students,10-03-2025
PU-CMP-37209,Influencer,Working Women,13.0,Google,42277.0,1878.0,716.0,280.0,60760.0,271.8,-0.2,Bengali,6.8,Premium Shoppers,23-03-2025
PU-CMP-23510,Paid Ads,Premium Shoppers,10.0,"Facebook, YouTube, Email",17543.0,744.0,197.0,69.0,14697.0,2199.13,-0.9,Hindi,5.76,Tier 2 City Customers,07-10-2024
PU-CMP-28067,Influencer,Youth,6.0,"YouTube, Email, Instagram",94167.0,7342.0,3338.0,1310.0,917000.0,166.21,3.21,English,12.73,College Students,25-10-2024
PU-CMP-38144,SEO,Youth,18.0,"WhatsApp, Email",91599.0,12358.0,4898.0,3001.0,2160720.0,88.31,7.15,Hindi,22.11,Working Women,
PU-CMP-39959,SEO,College Students,28.0,"Instagram, Facebook",72795.0,6551.0,3740.0,2078.0,839512.0,102.98,2.92,Hindi,16.99,Working Women,03-05-2025
PU-CMP-42259,Influencer,Working Women,16.0,"Facebook, WhatsApp",70781.0,8287.0,3861.0,2500.0,617500.0,115.04,1.15,Hindi,20.69,College Students,05-07-2024
PU-CMP-21251,Social Media,Working Women,27.0,"Facebook, Instagram, Google",43731.0,2079.0,926.0,382.0,172282.0,214.98,1.1,Bengali,7.75,,19-12-2024
PU-CMP-5679,Social Media,Working Women,18.0,Email,21051.0,928.0,413.0,181.0,111315.0,660.25,-0.07,Hindi,7.23,Premium Shoppers,05-06-2025
PU-CMP-30758,Email,,19.0,,58947.0,2107.0,1243.0,934.0,614572.0,242.05,1.72,Bengali,7.27,Premium Shoppers,29-07-2024
PU-CMP-3893,Social Media,Youth,24.0,Email,77533.0,5824.0,1264.0,436.0,307816.0,260.36,1.71,English,9.7,Premium Shoppers,23-04-2025
PU-CMP-42046,SEO,College Students,,"Email, YouTube, WhatsApp",55093.0,2779.0,1454.0,779.0,372362.0,267.96,0.78,Bengali,9.1,Premium Shoppers,12-12-2024
PU-CMP-4142,SEO,Tier 2 City Customers,22.0,Google,75014.0,9682.0,2815.0,2151.0,1180899.0,106.8,4.14,Hindi,19.53,Working Women,10-09-2024
PU-CMP-53695,Email,Tier 2 City Customers,15.0,Google,32766.0,3807.0,1993.0,852.0,450708.0,,2.73,Bengali,20.3,Working Women,16-09-2024
,SEO,College Students,17.0,"Email, Instagram, YouTube",91545.0,3707.0,,1256.0,411968.0,100.58,2.26,,7.49,Premium Shoppers,10-05-2025
PU-CMP-50753,,Youth,5.0,Email,96385.0,13645.0,,2112.0,606144.0,91.86,2.12,Bengali,,Tier 2 City Customers,03-03-2025
PU-CMP-7793,Email,Premium Shoppers,15.0,YouTube,96539.0,,632.0,443.0,171884.0,538.22,-0.28,Hindi,3.19,College Students,11-11-2024
PU-CMP-49422,Email,Youth,15.0,"Google, Facebook",66203.0,7540.0,2531.0,1151.0,813757.0,228.27,2.1,English,16.95,Youth,27-07-2024
PU-CMP-17987,,College Students,17.0,"Google, YouTube, Email",18457.0,626.0,138.0,72.0,52632.0,3122.58,,English,4.53,Premium Shoppers,18-04-2025
PU-CMP-2661,Paid Ads,Tier 2 City Customers,6.0,"Google, Facebook",65680.0,9809.0,4482.0,3196.0,,27.45,10.51,Bengali,26.62,Premium Shoppers,06-11-2024
PU-CMP-4661,Social Media,Youth,5.0,Instagram,35261.0,1972.0,1120.0,608.0,468160.0,258.17,1.98,English,10.49,Working Women,22-03-2025
PU-CMP-46636,Paid Ads,College Students,,"YouTube, Facebook, Instagram",90709.0,8255.0,,1460.0,435080.0,178.83,0.67,Hindi,13.5,Tier 2 City Customers,28-03-2025
PU-CMP-49960,Email,Working Women,6.0,WhatsApp,98711.0,8737.0,2982.0,1944.0,559872.0,120.37,1.39,Tamil,13.84,College Students,22-07-2024
PU-CMP-18432,SEO,Working Women,16.0,"WhatsApp, Facebook",13746.0,926.0,269.0,132.0,69696.0,2178.9,-0.76,Bengali,9.65,Working Women,09-04-2025
PU-CMP-15528,Email,Premium Shoppers,21.0,"Google, Instagram, Facebook",20559.0,662.0,359.0,199.0,134325.0,256.83,1.63,Bengali,5.93,Youth,18-02-2025
PU-CMP-36700,SEO,Premium Shoppers,28.0,"Facebook, Google, Instagram",48205.0,2786.0,819.0,477.0,168381.0,448.94,-0.21,Bengali,8.47,College Students,07-12-2024
PU-CMP-12359,Email,Working Women,14.0,Instagram,13081.0,396.0,172.0,94.0,59690.0,1038.36,-0.39,English,5.06,Premium Shoppers,27-01-2025
PU-CMP-29998,Social Media,Working Women,19.0,"WhatsApp, Google, YouTube",90058.0,5007.0,1882.0,1223.0,582148.0,56.61,7.41,Bengali,9.01,Working Women,
PU-CMP-41917,SEO,College Students,24.0,"Email, WhatsApp",13544.0,1277.0,460.0,216.0,74736.0,970.96,-0.64,English,14.42,Working Women,03-11-2024
PU-CMP-11522,Social Media,College Students,5.0,Facebook,80380.0,3915.0,833.0,649.0,293997.0,394.01,0.15,English,,Premium Shoppers,
PU-CMP-2670,Email,College Students,23.0,Email,65435.0,3009.0,929.0,645.0,421185.0,296.77,1.2,Bengali,7.0,Premium Shoppers,11-09-2024
PU-CMP-38399,Paid Ads,Tier 2 City Customers,6.0,"WhatsApp, Google, Email",91479.0,9421.0,2325.0,1823.0,1091977.0,53.81,10.13,English,14.83,Youth,27-08-2024
PU-CMP-49150,Email,Tier 2 City Customers,20.0,WhatsApp,67997.0,8806.0,4216.0,1856.0,742400.0,102.35,2.91,Tamil,21.88,Premium Shoppers,29-07-2024
PU-CMP-15513,Paid Ads,College Students,11.0,"Email, WhatsApp",59246.0,6765.0,2900.0,1925.0,436975.0,122.53,0.85,Tamil,19.56,,11-12-2024
PU-CMP-8845,SEO,Working Women,5.0,"Google, WhatsApp",81793.0,10112.0,4509.0,1417.0,797771.0,174.51,,English,19.61,Tier 2 City Customers,09-12-2024
PU-CMP-17714,SEO,Tier 2 City Customers,20.0,Google,88231.0,10032.0,5494.0,3353.0,2125802.0,20.62,29.74,English,21.4,Tier 2 City Customers,27-08-2024
PU-CMP-38969,SEO,Tier 2 City Customers,28.0,"WhatsApp, Instagram, YouTube",58024.0,2120.0,904.0,504.0,391104.0,151.09,4.14,Tamil,6.08,Premium Shoppers,04-09-2024
PU-CMP-39901,Social Media,Youth,5.0,"Instagram, YouTube, WhatsApp",18602.0,1035.0,,196.0,118384.0,794.01,-0.24,Bengali,8.76,College Students,
PU-CMP-24709,Social Media,College Students,30.0,"YouTube, Instagram",,7099.0,4064.0,2107.0,1510719.0,77.51,8.25,English,19.27,Working Women,05-08-2024
PU-CMP-2621,SEO,College Students,18.0,,70627.0,1576.0,856.0,534.0,338022.0,303.72,1.08,Bengali,4.2,Tier 2 City Customers,20-05-2025
PU-CMP-40571,Social Media,Youth,23.0,"YouTube, Instagram, Google",44168.0,4508.0,1752.0,918.0,624240.0,138.47,3.91,Bengali,16.25,Tier 2 City Customers,14-10-2024
PU-CMP-38776,Influencer,College Students,10.0,WhatsApp,42326.0,4694.0,2762.0,1349.0,986119.0,38.13,18.17,English,20.8,Tier 2 City Customers,28-04-2025
PU-CMP-43111,Paid Ads,Working Women,5.0,"WhatsApp, Facebook, Email",52017.0,1788.0,560.0,273.0,71799.0,239.9,,English,5.04,College Students,17-06-2025
PU-CMP-40473,Influencer,Premium Shoppers,,"Instagram, YouTube, Google",71814.0,4103.0,2364.0,1327.0,,83.37,2.45,Bengali,10.85,Working Women,25-02-2025
PU-CMP-37944,Social Media,College Students,7.0,"Google, Email, Facebook",42739.0,2783.0,1018.0,320.0,,906.59,-0.42,Bengali,9.64,Premium Shoppers,11-01-2025
PU-CMP-51561,,Working Women,15.0,WhatsApp,90489.0,4440.0,,779.0,217341.0,362.58,-0.23,Hindi,8.17,Tier 2 City Customers,04-05-2025
PU-CMP-45970,Paid Ads,Tier 2 City Customers,27.0,Facebook,35252.0,2007.0,1032.0,813.0,289428.0,165.38,1.15,Bengali,10.93,Youth,12-05-2025
PU-CMP-22222,Paid Ads,College Students,29.0,Google,62502.0,1801.0,559.0,193.0,77972.0,975.0,-0.59,Tamil,4.08,College Students,05-04-2025
PU-CMP-45234,Social Media,Youth,7.0,WhatsApp,12856.0,1178.0,416.0,330.0,255420.0,534.85,0.45,Hindi,14.97,Premium Shoppers,03-02-2025
PU-CMP-10118,SEO,Youth,30.0,"Instagram, Google, Facebook",90994.0,11198.0,2706.0,2096.0,1360304.0,83.71,6.75,English,17.58,Working Women,26-04-2025
PU-CMP-15916,SEO,Working Women,,"Facebook, WhatsApp, YouTube",91295.0,6238.0,3491.0,1902.0,981432.0,37.95,12.6,Hindi,12.74,Youth,13-07-2024
PU-CMP-52264,Paid Ads,College Students,7.0,"Google, Instagram",82401.0,5032.0,1287.0,610.0,410530.0,128.74,4.23,Tamil,8.41,Tier 2 City Customers,16-09-2024
PU-CMP-14077,SEO,Premium Shoppers,8.0,"WhatsApp, Google, Instagram",53473.0,7650.0,4018.0,3155.0,2306305.0,78.89,8.27,Hindi,27.72,Tier 2 City Customers,14-09-2024
PU-CMP-20269,Influencer,Youth,18.0,Facebook,41931.0,4689.0,1396.0,1069.0,385909.0,96.93,2.72,English,17.06,Youth,20-03-2025
PU-CMP-9145,Influencer,,5.0,Email,46437.0,5840.0,2473.0,1739.0,1239907.0,161.29,3.42,Bengali,21.65,Youth,13-12-2024
,SEO,Premium Shoppers,23.0,"YouTube, Instagram, Google",88035.0,10576.0,4090.0,2108.0,569160.0,,2.43,Hindi,19.05,,03-10-2024
PU-CMP-17420,Paid Ads,Working Women,14.0,"Facebook, WhatsApp",63997.0,1364.0,427.0,239.0,58794.0,948.13,-0.74,English,3.17,College Students,31-10-2024
PU-CMP-11801,SEO,Working Women,9.0,"Email, YouTube",52643.0,3220.0,991.0,442.0,352716.0,156.39,4.1,Hindi,8.84,Youth,21-11-2024
PU-CMP-10553,,Youth,18.0,"Email, Facebook",25873.0,975.0,403.0,280.0,80640.0,921.16,-0.69,Hindi,6.41,College Students,05-07-2024
PU-CMP-14924,Social Media,Tier 2 City Customers,24.0,"YouTube, Instagram",68705.0,5567.0,1717.0,1267.0,297745.0,161.08,0.46,Hindi,12.45,College Students,30-01-2025
PU-CMP-51169,Paid Ads,Youth,,"Instagram, Facebook",14235.0,1772.0,955.0,310.0,241800.0,472.07,0.65,English,21.33,Premium Shoppers,27-07-2024
PU-CMP-30718,Email,Youth,5.0,"Email, WhatsApp",17976.0,467.0,221.0,122.0,31354.0,687.84,-0.63,Hindi,4.51,Tier 2 City Customers,12-04-2025
PU-CMP-3592,Influencer,Premium Shoppers,9.0,Email,89653.0,12531.0,6153.0,3872.0,3070496.0,58.94,,Hindi,25.16,Working Women,20-09-2024
PU-CMP-50281,Paid Ads,Premium Shoppers,11.0,"WhatsApp, YouTube",15143.0,,433.0,247.0,57304.0,388.88,-0.4,English,12.18,College Students,07-04-2025
PU-CMP-19087,Paid Ads,Premium Shoppers,20.0,"YouTube, Facebook",27892.0,659.0,300.0,149.0,90145.0,588.27,0.03,English,3.97,Premium Shoppers,19-12-2024
PU-CMP-9788,Paid Ads,Tier 2 City Customers,5.0,Instagram,60490.0,8804.0,2523.0,797.0,409658.0,302.3,0.7,English,20.04,College Students,29-08-2024
PU-CMP-4761,Email,Premium Shoppers,16.0,WhatsApp,84803.0,11047.0,3145.0,2014.0,561906.0,113.41,1.46,Hindi,19.11,Working Women,14-11-2024
PU-CMP-4393,Paid Ads,Working Women,5.0,WhatsApp,81466.0,1815.0,418.0,251.0,79567.0,1132.88,-0.72,Bengali,3.05,Working Women,24-05-2025
PU-CMP-47594,Paid Ads,Premium Shoppers,27.0,"Email, Instagram, Facebook",46807.0,6847.0,1898.0,650.0,408200.0,196.26,2.2,Tamil,20.07,Premium Shoppers,17-02-2025
PU-CMP-18598,Social Media,College Students,6.0,"Facebook, Email, Instagram",44660.0,1983.0,734.0,497.0,170471.0,255.68,0.34,Hindi,7.2,College Students,14-10-2024
PU-CMP-47053,SEO,Tier 2 City Customers,27.0,"Email, YouTube",86351.0,12213.0,6235.0,2748.0,1876884.0,101.67,5.72,Bengali,24.55,Premium Shoppers,21-11-2024
PU-CMP-17392,Influencer,Tier 2 City Customers,19.0,WhatsApp,,3449.0,1837.0,854.0,476532.0,295.87,,Bengali,9.98,Working Women,23-04-2025
PU-CMP-6954,Paid Ads,Premium Shoppers,17.0,"Google, Facebook, Email",,3615.0,1829.0,1412.0,687644.0,82.77,4.88,English,19.14,Tier 2 City Customers,
PU-CMP-34173,Influencer,Premium Shoppers,12.0,"Facebook, Email",85188.0,7707.0,3301.0,2107.0,1434867.0,87.59,6.78,Tamil,15.4,College Students,07-08-2024
PU-CMP-17290,Paid Ads,Youth,9.0,Google,73420.0,2015.0,441.0,266.0,159866.0,719.39,-0.16,Bengali,3.71,Premium Shoppers,24-11-2024
PU-CMP-52353,Paid Ads,Youth,25.0,YouTube,65782.0,2178.0,700.0,394.0,90620.0,,0.08,English,4.97,Premium Shoppers,25-04-2025
PU-CMP-18802,SEO,Tier 2 City Customers,22.0,"Facebook, YouTube, Google",75779.0,3974.0,1415.0,560.0,383040.0,394.96,0.73,English,7.85,Tier 2 City Customers,15-02-2025
PU-CMP-38218,SEO,Youth,7.0,"YouTube, Email",87397.0,4953.0,2164.0,1511.0,852204.0,153.13,2.68,Tamil,9.87,College Students,16-05-2025
PU-CMP-3098,Paid Ads,Tier 2 City Customers,10.0,Email,73840.0,7411.0,4103.0,,1403430.0,62.37,8.2,English,18.9,Working Women,28-04-2025
PU-CMP-36015,Social Media,Tier 2 City Customers,22.0,Google,64820.0,5586.0,1682.0,1247.0,344172.0,167.92,0.64,,13.14,Premium Shoppers,15-05-2025
,SEO,Premium Shoppers,17.0,Facebook,34059.0,1175.0,355.0,229.0,174498.0,,,Tamil,5.16,College Students,30-09-2024
PU-CMP-35452,Paid Ads,Premium Shoppers,18.0,"Google, Facebook",55922.0,7429.0,2365.0,1495.0,826735.0,187.44,1.95,English,20.19,Tier 2 City Customers,23-11-2024
PU-CMP-1659,Influencer,Tier 2 City Customers,,"YouTube, Instagram, Email",84581.0,6907.0,2064.0,1625.0,411125.0,115.23,1.2,Hindi,12.53,Premium Shoppers,17-03-2025
PU-CMP-44916,Paid Ads,Working Women,9.0,"Instagram, Google, Email",,4988.0,1364.0,866.0,567230.0,179.89,2.64,Tamil,13.13,Youth,11-05-2025
PU-CMP-16135,Influencer,Premium Shoppers,13.0,"Google, YouTube, Instagram",93476.0,8566.0,1875.0,1439.0,820230.0,174.19,2.27,Hindi,12.71,Tier 2 City Customers,10-01-2025
PU-CMP-33056,Paid Ads,Tier 2 City Customers,20.0,Google,62095.0,4063.0,2040.0,1115.0,452690.0,174.74,1.32,Hindi,11.62,Premium Shoppers,02-12-2024
PU-CMP-47908,Social Media,Youth,6.0,"WhatsApp, Google",33966.0,802.0,160.0,89.0,,2979.6,-0.74,English,3.09,Tier 2 City Customers,06-01-2025
PU-CMP-40368,,Working Women,13.0,Email,28838.0,714.0,189.0,104.0,43160.0,547.12,-0.24,Bengali,3.49,College Students,05-10-2024
PU-CMP-55773,Email,Tier 2 City Customers,24.0,"WhatsApp, YouTube",48797.0,3046.0,1389.0,647.0,423785.0,159.89,,Hindi,10.41,Tier 2 City Customers,28-05-2025
PU-CMP-16189,SEO,Working Women,10.0,"WhatsApp, Facebook",97625.0,8738.0,3025.0,2306.0,1558856.0,22.49,29.06,English,14.41,College Students,01-11-2024
PU-CMP-30679,Social Media,Working Women,24.0,"Instagram, YouTube",81914.0,9643.0,3349.0,2504.0,1983168.0,85.15,8.3,Hindi,18.92,Working Women,23-10-2024
,Influencer,Tier 2 City Customers,28.0,"Google, Email, Facebook",12560.0,1097.0,542.0,371.0,91266.0,,-0.31,Tamil,16.0,Premium Shoppers,12-02-2025
PU-CMP-29882,SEO,Working Women,15.0,"WhatsApp, Facebook, Email",47311.0,3214.0,1857.0,733.0,549017.0,400.75,0.87,Tamil,12.27,Premium Shoppers,06-11-2024
PU-CMP-47117,Paid Ads,Tier 2 City Customers,23.0,Email,32635.0,2185.0,1113.0,447.0,304854.0,121.89,4.6,Hindi,11.48,Youth,06-06-2025
PU-CMP-13263,Paid Ads,,6.0,"YouTube, Instagram, Google",89147.0,3415.0,1587.0,1039.0,418717.0,253.76,0.59,English,6.78,Working Women,19-11-2024
PU-CMP-12645,Social Media,Youth,28.0,Facebook,90314.0,11176.0,5434.0,1696.0,1244864.0,,9.68,Bengali,20.27,College Students,27-02-2025
PU-CMP-1729,SEO,Tier 2 City Customers,27.0,Facebook,90862.0,4121.0,1103.0,398.0,230442.0,,2.05,English,6.19,Premium Shoppers,15-04-2025
PU-CMP-2414,Social Media,College Students,30.0,"Email, WhatsApp",78787.0,5763.0,2419.0,1773.0,549630.0,83.6,2.71,Bengali,12.64,Premium Shoppers,19-04-2025
PU-CMP-30357,Social Media,College Students,10.0,"Instagram, YouTube",86447.0,3933.0,1756.0,1329.0,272445.0,199.63,0.03,Hindi,8.12,Premium Shoppers,
PU-CMP-35951,Paid Ads,Youth,7.0,"Email, Instagram, YouTube",31098.0,3072.0,1332.0,951.0,507834.0,100.41,4.32,Hindi,17.22,Premium Shoppers,17-06-2025
PU-CMP-28496,SEO,Premium Shoppers,23.0,WhatsApp,84175.0,7286.0,1688.0,,154235.0,446.3,-0.37,Bengali,11.31,Tier 2 City Customers,02-03-2025
PU-CMP-39820,SEO,Tier 2 City Customers,7.0,"YouTube, Facebook, WhatsApp",93674.0,2613.0,1259.0,584.0,252872.0,454.43,-0.05,Tamil,4.76,College Students,03-05-2025
PU-CMP-14856,,Tier 2 City Customers,14.0,"Google, WhatsApp",88868.0,4291.0,,1166.0,755568.0,101.88,5.36,Bengali,8.05,Working Women,25-10-2024
PU-CMP-41334,Influencer,Working Women,26.0,"Google, Email, Facebook",32146.0,1424.0,680.0,503.0,385298.0,128.21,4.97,English,8.11,Tier 2 City Customers,12-04-2025
PU-CMP-36949,Social Media,Working Women,7.0,"Facebook, WhatsApp, Google",67937.0,5497.0,2938.0,886.0,546662.0,165.98,2.72,Bengali,13.72,Premium Shoppers,10-05-2025
PU-CMP-38871,SEO,Premium Shoppers,17.0,"Instagram, Email",41244.0,4407.0,2376.0,910.0,223860.0,,-0.21,English,18.65,College Students,22-11-2024
PU-CMP-31332,Email,,15.0,"Google, Email, WhatsApp",17172.0,2119.0,526.0,168.0,39144.0,1399.87,-0.83,English,16.38,College Students,10-04-2025
PU-CMP-21717,SEO,Working Women,,"Email, Instagram",48787.0,2940.0,870.0,677.0,421771.0,376.16,0.66,Tamil,9.2,Working Women,27-04-2025
PU-CMP-50987,Paid Ads,Premium Shoppers,21.0,"WhatsApp, Email, Instagram",45909.0,,227.0,88.0,,918.5,-0.3,English,3.01,Working Women,16-10-2024
PU-CMP-16897,SEO,Tier 2 City Customers,22.0,"Google, Facebook, Email",70220.0,7854.0,2729.0,1760.0,851840.0,162.4,1.98,English,17.58,Working Women,21-03-2025
,Email,Premium Shoppers,30.0,Email,42758.0,1007.0,464.0,174.0,113448.0,885.64,-0.26,Bengali,3.85,Premium Shoppers,09-12-2024
PU-CMP-30755,Influencer,College Students,25.0,Facebook,92777.0,7595.0,3285.0,1185.0,466890.0,59.39,5.63,English,13.0,Working Women,12-10-2024
PU-CMP-33673,Social Media,College Students,6.0,"WhatsApp, YouTube, Google",23844.0,1075.0,531.0,221.0,134368.0,516.0,0.18,Tamil,7.66,College Students,24-02-2025
PU-CMP-39200,Influencer,College Students,9.0,"Instagram, WhatsApp",71289.0,6093.0,2966.0,2045.0,1417185.0,141.98,3.88,Hindi,15.58,College Students,02-02-2025
PU-CMP-13959,,College Students,22.0,"Google, Facebook, YouTube",27982.0,1696.0,866.0,279.0,193347.0,849.44,-0.18,Tamil,10.15,Premium Shoppers,31-12-2024
PU-CMP-15001,,Working Women,25.0,WhatsApp,84890.0,5226.0,2740.0,1366.0,969860.0,131.6,4.4,English,10.99,Tier 2 City Customers,30-07-2024
PU-CMP-35852,Paid Ads,College Students,11.0,"Email, Instagram, YouTube",66198.0,4370.0,972.0,591.0,333324.0,287.17,0.96,Tamil,8.96,Premium Shoppers,13-06-2025
PU-CMP-52105,Social Media,College Students,16.0,"Google, Facebook",31333.0,1920.0,453.0,317.0,75446.0,374.38,-0.36,English,8.59,Youth,23-08-2024
PU-CMP-38866,Social Media,Tier 2 City Customers,10.0,"YouTube, Facebook",80817.0,7172.0,1600.0,552.0,220800.0,460.09,-0.13,Hindi,11.54,Tier 2 City Customers,09-01-2025
PU-CMP-35167,Paid Ads,Working Women,23.0,"Facebook, Email, Google",32853.0,2900.0,1666.0,1253.0,327033.0,89.54,1.92,Tamil,17.71,College Students,13-03-2025
PU-CMP-7383,Social Media,College Students,29.0,"Email, WhatsApp",82233.0,4330.0,1113.0,,114000.0,273.11,-0.12,Bengali,7.2,Premium Shoppers,17-03-2025
PU-CMP-42209,Paid Ads,Tier 2 City Customers,10.0,"Instagram, Facebook",44130.0,5546.0,2570.0,1057.0,819175.0,155.6,3.98,English,20.79,Youth,07-11-2024
PU-CMP-41432,Social Media,College Students,11.0,YouTube,69104.0,7733.0,3995.0,2599.0,1985636.0,62.52,11.22,Bengali,20.73,Premium Shoppers,01-03-2025
,SEO,Working Women,30.0,"YouTube, WhatsApp",19604.0,1705.0,541.0,244.0,70272.0,548.98,-0.48,Bengali,12.7,Youth,29-11-2024
PU-CMP-38962,Paid Ads,Premium Shoppers,29.0,,90807.0,4974.0,1613.0,991.0,389463.0,62.8,5.26,English,8.35,College Students,04-02-2025
PU-CMP-44304,Social Media,,6.0,"Facebook, WhatsApp, Email",51040.0,7590.0,3141.0,1743.0,425292.0,108.71,1.24,Hindi,24.44,Working Women,24-07-2024
PU-CMP-32628,Influencer,Youth,17.0,Google,79873.0,4944.0,1609.0,1154.0,563152.0,242.04,1.02,Bengali,9.65,Working Women,20-11-2024
PU-CMP-19419,Paid Ads,Working Women,5.0,Email,59566.0,5712.0,2755.0,1953.0,1107351.0,,6.6,English,17.49,Youth,10-11-2024
PU-CMP-29385,Paid Ads,College Students,12.0,Google,44176.0,1224.0,339.0,144.0,63792.0,1586.97,-0.72,Tamil,3.86,Working Women,05-10-2024
PU-CMP-29532,SEO,Tier 2 City Customers,20.0,"Instagram, Google",74269.0,9307.0,3787.0,2888.0,2194880.0,48.36,14.72,Tamil,21.52,Youth,10-04-2025
PU-CMP-45984,Email,Premium Shoppers,28.0,Facebook,72468.0,7970.0,3047.0,2267.0,1403273.0,35.57,16.4,Tamil,18.33,Working Women,06-08-2024
PU-CMP-23730,Email,Youth,30.0,"Email, WhatsApp",42552.0,5708.0,1386.0,1013.0,220834.0,148.06,0.47,Bengali,19.05,Tier 2 City Customers,22-11-2024
PU-CMP-49041,Paid Ads,Premium Shoppers,14.0,"Email, Google, Facebook",71979.0,5157.0,2379.0,979.0,494395.0,69.24,6.29,Bengali,,College Students,16-04-2025
PU-CMP-15848,SEO,Premium Shoppers,8.0,"Google, WhatsApp, Instagram",77445.0,4289.0,1368.0,1066.0,538330.0,161.56,2.13,English,8.68,Premium Shoppers,
PU-CMP-38462,Email,Working Women,9.0,"Email, WhatsApp, Facebook",97031.0,5397.0,2291.0,1415.0,768345.0,61.67,7.81,Tamil,9.38,Youth,04-08-2024
PU-CMP-10728,Email,Premium Shoppers,30.0,,86315.0,3986.0,1378.0,,,234.68,1.91,English,6.95,Youth,29-12-2024
PU-CMP-23071,SEO,Youth,17.0,"Facebook, Google",32570.0,1885.0,694.0,464.0,310416.0,271.76,1.46,Hindi,9.34,College Students,20-02-2025
PU-CMP-19988,Email,Working Women,25.0,"Email, YouTube",39430.0,1650.0,670.0,510.0,351390.0,472.5,0.46,Hindi,7.18,Premium Shoppers,18-04-2025
PU-CMP-48689,Email,Premium Shoppers,21.0,"Google, Email, YouTube",97931.0,12075.0,4506.0,3422.0,2641784.0,16.82,44.89,Hindi,20.43,Working Women,23-12-2024
PU-CMP-9191,Influencer,Tier 2 City Customers,9.0,Instagram,,4613.0,2190.0,758.0,502554.0,335.63,0.98,Bengali,7.74,College Students,29-11-2024
PU-CMP-48754,Influencer,Tier 2 City Customers,29.0,YouTube,95252.0,13804.0,4286.0,2098.0,568558.0,28.96,,Hindi,21.19,Youth,18-03-2025
PU-CMP-17601,Paid Ads,Working Women,5.0,"Facebook, Google, YouTube",,1248.0,724.0,506.0,368368.0,512.12,0.42,Bengali,14.35,Youth,18-01-2025
PU-CMP-11941,Paid Ads,Tier 2 City Customers,18.0,"Facebook, YouTube, Google",20961.0,2558.0,1114.0,660.0,225720.0,354.57,-0.04,Tamil,20.67,Working Women,21-08-2024
,Paid Ads,College Students,11.0,"WhatsApp, Google, Instagram",16328.0,510.0,264.0,137.0,75898.0,1951.88,-0.72,,5.58,Youth,21-01-2025
,Influencer,Tier 2 City Customers,27.0,Facebook,38369.0,1603.0,687.0,498.0,123006.0,164.14,0.5,Hindi,7.27,Working Women,
PU-CMP-41013,SEO,Tier 2 City Customers,29.0,Google,67560.0,4807.0,2798.0,1578.0,757440.0,,8.2,Hindi,13.59,Premium Shoppers,21-01-2025
PU-CMP-17612,Email,Working Women,,"Instagram, Google, Email",50202.0,5088.0,1983.0,978.0,492912.0,198.91,1.53,English,16.03,Tier 2 City Customers,07-11-2024
PU-CMP-44313,Email,Youth,8.0,"Facebook, Google",27482.0,3121.0,1369.0,915.0,726510.0,226.85,2.5,Hindi,19.67,,06-05-2025
PU-CMP-36104,SEO,Youth,17.0,"Google, YouTube, Instagram",14713.0,1211.0,463.0,227.0,163440.0,1180.13,-0.39,Hindi,12.92,Youth,07-12-2024
PU-CMP-49461,Influencer,Working Women,19.0,"WhatsApp, Google",87570.0,8732.0,4355.0,2128.0,972496.0,,,Bengali,17.37,College Students,
PU-CMP-55701,Paid Ads,College Students,29.0,Google,73838.0,5375.0,3086.0,1096.0,442784.0,197.42,1.05,Hindi,12.94,Tier 2 City Customers,13-02-2025
PU-CMP-49089,SEO,Premium Shoppers,7.0,"YouTube, WhatsApp",24595.0,3318.0,1493.0,,465234.0,72.37,7.06,Tamil,,Working Women,09-07-2024
PU-CMP-34446,Social Media,Working Women,25.0,"YouTube, Email, Google",10369.0,621.0,320.0,206.0,159032.0,615.95,0.25,Hindi,11.06,College Students,30-01-2025
PU-CMP-7468,Paid Ads,Tier 2 City Customers,26.0,Google,56633.0,4843.0,1861.0,576.0,,193.38,1.45,Hindi,12.85,Premium Shoppers,30-04-2025
PU-CMP-16982,,Working Women,19.0,"Facebook, WhatsApp",30331.0,1610.0,766.0,562.0,151740.0,239.63,0.13,Tamil,9.69,Working Women,28-02-2025
PU-CMP-21024,Social Media,Premium Shoppers,10.0,"Email, Facebook, Instagram",58131.0,2710.0,823.0,581.0,420644.0,279.13,1.59,English,7.08,Tier 2 City Customers,11-06-2025
PU-CMP-52518,Influencer,Tier 2 City Customers,30.0,"YouTube, Email, Facebook",,3430.0,1035.0,419.0,314250.0,209.84,2.57,Hindi,15.83,College Students,26-03-2025
PU-CMP-29096,Paid Ads,Youth,24.0,"Instagram, WhatsApp",93556.0,2780.0,1448.0,1025.0,603725.0,73.39,7.03,Bengali,5.61,Premium Shoppers,22-03-2025
PU-CMP-27441,Social Media,College Students,9.0,"Email, Instagram, WhatsApp",84265.0,4874.0,1064.0,659.0,430327.0,367.15,0.78,Hindi,7.83,College Students,30-09-2024
PU-CMP-23790,Social Media,Youth,23.0,Google,74585.0,7950.0,4111.0,2693.0,786356.0,75.05,2.89,English,19.78,Working Women,14-01-2025
PU-CMP-40440,Influencer,Youth,11.0,"Instagram, YouTube, WhatsApp",,5673.0,,1411.0,393669.0,151.13,0.85,English,12.47,Youth,07-08-2024
PU-CMP-16551,Social Media,Tier 2 City Customers,7.0,Email,85366.0,12688.0,6233.0,3904.0,2689856.0,18.02,37.23,Tamil,26.74,Tier 2 City Customers,23-08-2024
PU-CMP-47012,Social Media,College Students,22.0,,41989.0,1251.0,665.0,239.0,67876.0,1075.02,-0.74,English,5.13,Premium Shoppers,02-10-2024
PU-CMP-27072,Paid Ads,Working Women,17.0,"Instagram, Facebook, WhatsApp",30002.0,4069.0,1433.0,1128.0,798624.0,243.5,1.91,English,22.1,College Students,04-01-2025
PU-CMP-47986,Email,Youth,6.0,"YouTube, Google",53111.0,2279.0,1022.0,581.0,341628.0,344.16,0.71,Bengali,7.31,Premium Shoppers,08-04-2025
PU-CMP-37420,Social Media,Youth,29.0,Facebook,26378.0,1006.0,212.0,64.0,38272.0,3622.41,-0.83,Bengali,4.86,Premium Shoppers,26-11-2024
PU-CMP-9318,Social Media,Premium Shoppers,23.0,"WhatsApp, Email, YouTube",77507.0,2024.0,910.0,547.0,246150.0,322.59,0.39,English,,Tier 2 City Customers,14-01-2025
PU-CMP-35201,Email,Premium Shoppers,18.0,"WhatsApp, Facebook, YouTube",45574.0,944.0,247.0,153.0,31365.0,1614.68,-0.87,Hindi,2.95,College Students,17-07-2024
PU-CMP-16142,Email,College Students,8.0,"Instagram, WhatsApp, YouTube",18630.0,407.0,123.0,87.0,31233.0,2425.62,-0.85,,3.31,Youth,13-01-2025
PU-CMP-55320,SEO,Youth,27.0,"Instagram, YouTube, Email",55131.0,7355.0,3946.0,2461.0,1289564.0,29.25,16.92,English,24.96,Tier 2 City Customers,02-03-2025
PU-CMP-51792,Email,Tier 2 City Customers,24.0,"Google, WhatsApp",19675.0,2948.0,925.0,558.0,149544.0,134.93,0.99,Tamil,22.52,Working Women,
PU-CMP-32577,Influencer,Tier 2 City Customers,9.0,"Facebook, Instagram",52194.0,4309.0,1853.0,949.0,386243.0,286.94,0.42,Bengali,13.62,Tier 2 City Customers,28-01-2025
,Paid Ads,Working Women,25.0,,82418.0,9931.0,2207.0,1624.0,967904.0,170.56,2.49,Bengali,16.7,Premium Shoppers,16-01-2025
PU-CMP-36785,SEO,College Students,11.0,"WhatsApp, Google",32828.0,3016.0,1483.0,1032.0,285864.0,168.69,0.64,Bengali,16.85,Working Women,17-10-2024
PU-CMP-22342,Social Media,Youth,,"Email, YouTube",51236.0,7526.0,2815.0,2152.0,1680712.0,125.58,5.22,Bengali,24.38,Premium Shoppers,29-12-2024
PU-CMP-37107,,Youth,25.0,"YouTube, WhatsApp",61460.0,8333.0,1815.0,1407.0,409437.0,115.7,1.52,English,,Tier 2 City Customers,05-09-2024
PU-CMP-32179,Social Media,College Students,15.0,Email,90147.0,6542.0,1569.0,1003.0,698088.0,107.65,5.47,Bengali,10.11,Tier 2 City Customers,07-02-2025
PU-CMP-43273,Paid Ads,Working Women,5.0,"Facebook, Google",80286.0,3980.0,2034.0,1060.0,729280.0,151.92,3.53,English,8.81,Tier 2 City Customers,18-05-2025
PU-CMP-10010,Social Media,Youth,9.0,"Instagram, WhatsApp",,1627.0,677.0,327.0,217128.0,228.04,1.91,Bengali,13.35,Premium Shoppers,23-09-2024
PU-CMP-24370,,Tier 2 City Customers,13.0,Facebook,58590.0,6463.0,3545.0,2105.0,,98.0,6.41,English,20.67,College Students,10-02-2025
PU-CMP-5168,SEO,Premium Shoppers,25.0,"Google, Email",30448.0,1935.0,1149.0,643.0,435311.0,278.42,1.43,Hindi,12.24,Working Women,02-10-2024
PU-CMP-18616,Influencer,Premium Shoppers,9.0,"Instagram, Google, Facebook",40167.0,4424.0,2489.0,1437.0,672516.0,,9.88,Tamil,20.79,Youth,25-07-2024
PU-CMP-15073,Email,College Students,20.0,"Instagram, Email, YouTube",50019.0,1819.0,567.0,314.0,140986.0,710.08,-0.37,Hindi,5.4,Tier 2 City Customers,06-01-2025
PU-CMP-3668,Email,College Students,27.0,"Google, Instagram",82303.0,1918.0,740.0,271.0,155012.0,939.23,-0.39,English,3.56,College Students,22-04-2025
PU-CMP-41333,Paid Ads,Youth,21.0,Email,92078.0,6975.0,2288.0,813.0,611376.0,215.66,2.49,Hindi,,Premium Shoppers,15-10-2024
PU-CMP-9115,Email,Tier 2 City Customers,23.0,Email,95276.0,3089.0,1395.0,767.0,273819.0,91.86,2.89,Hindi,5.51,Premium Shoppers,31-12-2024
PU-CMP-20415,Social Media,College Students,18.0,"Facebook, WhatsApp",47600.0,5215.0,3127.0,1591.0,738224.0,108.22,3.29,Tamil,,Youth,18-01-2025
,Influencer,Youth,12.0,Facebook,97624.0,9110.0,1828.0,,483184.0,153.44,1.63,Bengali,12.43,,19-11-2024
PU-CMP-46577,Paid Ads,Premium Shoppers,15.0,Google,,3882.0,1945.0,966.0,709044.0,292.13,1.51,Hindi,22.83,Premium Shoppers,05-09-2024
PU-CMP-17425,Email,Youth,6.0,Google,50400.0,2868.0,912.0,593.0,148250.0,380.7,-0.34,,8.68,Youth,30-05-2025
PU-CMP-6835,Influencer,Youth,30.0,"Email, Google, Instagram",70675.0,8423.0,3948.0,1505.0,453005.0,128.66,1.34,Bengali,19.63,Youth,04-03-2025
PU-CMP-32717,Email,,27.0,"Google, WhatsApp, Instagram",32048.0,3427.0,1574.0,579.0,353769.0,197.26,2.1,Tamil,17.41,Working Women,03-07-2024
PU-CMP-24818,SEO,College Students,25.0,"YouTube, WhatsApp, Facebook",11765.0,1096.0,560.0,369.0,105534.0,810.13,-0.65,Tamil,17.21,College Students,03-10-2024
PU-CMP-50766,Email,Working Women,17.0,"WhatsApp, Instagram, YouTube",20467.0,2069.0,1071.0,428.0,179760.0,294.88,0.42,Tamil,,Premium Shoppers,07-03-2025
PU-CMP-9908,Social Media,Working Women,11.0,"Email, WhatsApp",72436.0,6192.0,1504.0,1147.0,621674.0,232.51,1.33,English,12.21,Working Women,09-02-2025
PU-CMP-5510,Influencer,Youth,9.0,"WhatsApp, Email",31379.0,2028.0,1079.0,388.0,153260.0,477.36,-0.17,Hindi,11.14,,03-11-2024
PU-CMP-41981,Paid Ads,Premium Shoppers,21.0,"Facebook, Google",67965.0,10086.0,4356.0,1571.0,1200244.0,78.93,8.68,Tamil,23.56,Tier 2 City Customers,03-10-2024
PU-CMP-48166,,Working Women,18.0,"Email, WhatsApp",43080.0,4807.0,2108.0,1113.0,775761.0,133.35,,English,18.64,College Students,04-01-2025
PU-CMP-22798,Email,Tier 2 City Customers,16.0,,66502.0,,2428.0,,740360.0,162.12,1.75,Tamil,20.27,Youth,16-01-2025
PU-CMP-19809,Influencer,College Students,9.0,Email,18521.0,1712.0,672.0,358.0,283894.0,322.11,1.46,Tamil,14.8,Tier 2 City Customers,
PU-CMP-33715,Social Media,Premium Shoppers,23.0,YouTube,86719.0,8984.0,1945.0,1379.0,,155.85,0.36,English,14.19,Youth,22-12-2024
PU-CMP-41121,SEO,Tier 2 City Customers,12.0,"Facebook, WhatsApp",60069.0,,2365.0,1881.0,707256.0,128.07,1.94,Hindi,21.58,Tier 2 City Customers,22-01-2025
PU-CMP-15579,Social Media,Working Women,11.0,YouTube,54836.0,7034.0,3965.0,1205.0,810965.0,150.86,3.46,English,22.26,College Students,06-02-2025
PU-CMP-22379,Influencer,Tier 2 City Customers,29.0,YouTube,66549.0,3499.0,1048.0,803.0,350108.0,135.78,2.21,Hindi,,Premium Shoppers,19-12-2024
PU-CMP-49534,SEO,College Students,13.0,"YouTube, Instagram, Facebook",87905.0,2045.0,803.0,490.0,230300.0,586.15,-0.2,English,3.8,Premium Shoppers,21-10-2024
PU-CMP-4168,Email,Youth,7.0,"Google, WhatsApp, Facebook",83148.0,5404.0,1331.0,869.0,363242.0,294.13,0.42,English,9.15,Working Women,30-09-2024
PU-CMP-33270,Email,Working Women,7.0,"Email, Facebook",,3143.0,1007.0,664.0,486712.0,361.76,1.03,Hindi,9.54,Working Women,21-08-2024
PU-CMP-4645,Paid Ads,Premium Shoppers,13.0,Email,52635.0,7849.0,3715.0,2830.0,1242370.0,20.5,20.42,Hindi,27.35,Working Women,17-05-2025
PU-CMP-47312,SEO,College Students,12.0,"Email, Google",63627.0,3894.0,855.0,578.0,449106.0,357.17,1.18,,8.37,Premium Shoppers,23-03-2025
PU-CMP-28667,Influencer,Tier 2 City Customers,28.0,Facebook,85064.0,11588.0,5713.0,4149.0,1435554.0,41.89,7.26,Bengali,25.22,Premium Shoppers,24-07-2024
PU-CMP-25628,Social Media,Youth,29.0,"Instagram, Facebook, WhatsApp",52784.0,1444.0,864.0,459.0,300186.0,465.96,0.4,Tamil,5.24,College Students,19-12-2024
PU-CMP-31190,SEO,Working Women,17.0,"Email, Google",39042.0,3753.0,1883.0,757.0,489779.0,344.12,0.88,Tamil,16.37,Tier 2 City Customers,26-08-2024
PU-CMP-17408,SEO,College Students,27.0,"Facebook, YouTube, Instagram",55051.0,1920.0,531.0,248.0,152520.0,977.19,-0.37,Tamil,4.9,Premium Shoppers,07-03-2025
,Social Media,Working Women,25.0,"Google, YouTube",44988.0,1318.0,335.0,196.0,68404.0,1084.95,-0.68,English,4.11,Tier 2 City Customers,14-01-2025
PU-CMP-44992,Influencer,Youth,10.0,"Facebook, Instagram, Email",61762.0,2442.0,689.0,347.0,258168.0,849.15,-0.12,Bengali,5.63,College Students,18-01-2025
PU-CMP-50259,Social Media,College Students,20.0,"Instagram, Google, WhatsApp",94919.0,13171.0,5588.0,4303.0,2736708.0,16.9,36.64,Hindi,24.3,Youth,16-10-2024
PU-CMP-26400,,Premium Shoppers,17.0,,63018.0,4902.0,2568.0,1220.0,527040.0,122.81,2.52,Hindi,13.79,Tier 2 City Customers,04-12-2024
PU-CMP-42249,SEO,Tier 2 City Customers,,"WhatsApp, Facebook, Email",27464.0,2486.0,1280.0,542.0,156096.0,369.17,-0.22,Hindi,15.69,College Students,11-12-2024
PU-CMP-29676,Social Media,Youth,17.0,"WhatsApp, Instagram, Email",39391.0,1605.0,,394.0,148538.0,285.87,0.32,Bengali,6.66,Premium Shoppers,29-11-2024
PU-CMP-56302,Influencer,Working Women,29.0,,11327.0,988.0,253.0,180.0,70740.0,575.51,,Bengali,12.55,Tier 2 City Customers,30-03-2025
PU-CMP-2219,Email,College Students,23.0,"Email, WhatsApp, Facebook",49709.0,5916.0,2042.0,906.0,279048.0,86.88,2.55,Bengali,17.83,Tier 2 City Customers,09-04-2025
PU-CMP-54204,Paid Ads,Youth,7.0,"Facebook, Instagram",79910.0,11803.0,5793.0,2948.0,689832.0,80.43,1.91,Bengali,25.71,Working Women,28-05-2025
PU-CMP-37155,SEO,Tier 2 City Customers,11.0,"Google, Email, Facebook",26952.0,3609.0,1658.0,718.0,516242.0,162.04,3.44,Bengali,22.21,College Students,09-04-2025
PU-CMP-38764,Email,Tier 2 City Customers,10.0,Google,58832.0,1333.0,,215.0,125775.0,817.95,-0.28,Hindi,3.71,Working Women,31-07-2024
PU-CMP-1644,SEO,College Students,20.0,,50766.0,3808.0,2209.0,1638.0,1302210.0,151.68,4.24,Bengali,15.08,Tier 2 City Customers,01-10-2024
PU-CMP-25725,Social Media,Premium Shoppers,28.0,"Email, Facebook",60229.0,3399.0,800.0,287.0,61131.0,746.39,-0.71,Tamil,7.45,,14-09-2024
PU-CMP-50370,SEO,Premium Shoppers,9.0,"YouTube, WhatsApp, Facebook",82123.0,8639.0,2513.0,1675.0,,77.84,3.29,English,15.62,Tier 2 City Customers,17-08-2024
PU-CMP-51381,SEO,,13.0,"Email, YouTube",39846.0,2761.0,792.0,615.0,273675.0,193.93,1.29,English,10.46,College Students,28-02-2025
PU-CMP-45322,Paid Ads,Working Women,12.0,"YouTube, Email",16198.0,1925.0,814.0,245.0,111720.0,905.72,-0.5,Bengali,18.42,Youth,
PU-CMP-27628,Social Media,,9.0,"Email, Instagram",15445.0,740.0,217.0,109.0,35970.0,1923.54,-0.83,Bengali,6.9,College Students,28-05-2025
PU-CMP-50410,SEO,College Students,7.0,"Email, Facebook",30070.0,4042.0,1764.0,1181.0,439332.0,236.94,0.57,Bengali,23.24,Tier 2 City Customers,21-09-2024
PU-CMP-45988,Email,Premium Shoppers,19.0,"Email, Facebook, YouTube",93311.0,11982.0,3869.0,2664.0,1134864.0,34.81,11.24,Tamil,19.84,Premium Shoppers,29-05-2025
PU-CMP-27180,Paid Ads,College Students,14.0,Google,12493.0,1593.0,918.0,349.0,98069.0,549.88,-0.49,Hindi,22.89,College Students,02-01-2025
PU-CMP-15224,SEO,Premium Shoppers,5.0,"Instagram, Facebook",27594.0,1688.0,967.0,763.0,225848.0,313.0,-0.05,English,12.39,Working Women,31-01-2025
PU-CMP-41242,Email,College Students,6.0,Facebook,32453.0,1571.0,636.0,410.0,229190.0,378.96,0.48,Bengali,8.06,Youth,12-03-2025
PU-CMP-24011,Influencer,Working Women,20.0,"WhatsApp, Instagram, Facebook",47803.0,3713.0,1443.0,1079.0,,194.4,1.74,Tamil,13.04,Tier 2 City Customers,24-04-2025
PU-CMP-49265,Email,Premium Shoppers,25.0,"Facebook, WhatsApp",46232.0,6576.0,1358.0,907.0,580480.0,329.02,0.95,Bengali,19.12,Youth,03-04-2025
PU-CMP-53946,Email,Working Women,10.0,"WhatsApp, Instagram, Email",81014.0,10999.0,6477.0,1985.0,545875.0,138.04,0.99,English,,Working Women,07-01-2025
PU-CMP-36926,Social Media,College Students,20.0,"Google, Email",21532.0,2222.0,997.0,423.0,186543.0,601.3,-0.27,Hindi,16.91,College Students,12-08-2024
PU-CMP-50321,Paid Ads,Working Women,28.0,"WhatsApp, YouTube",72800.0,3667.0,1774.0,820.0,239440.0,223.94,0.3,Tamil,8.6,College Students,09-12-2024
PU-CMP-25132,Email,Premium Shoppers,28.0,"YouTube, Facebook",73325.0,10880.0,5321.0,3713.0,2517414.0,51.97,12.05,Bengali,27.16,College Students,21-09-2024
PU-CMP-49006,Social Media,Working Women,7.0,,29806.0,2159.0,525.0,379.0,114837.0,599.02,-0.49,English,10.28,Working Women,10-09-2024
PU-CMP-38250,,Premium Shoppers,10.0,Instagram,71073.0,7983.0,3166.0,2188.0,1229656.0,131.63,3.27,English,18.77,Youth,09-12-2024
PU-CMP-47913,SEO,College Students,12.0,Email,11858.0,1213.0,410.0,267.0,152190.0,268.46,1.12,Hindi,15.94,Youth,02-03-2025
PU-CMP-34916,Social Media,Working Women,9.0,Instagram,25934.0,1599.0,822.0,481.0,269841.0,363.43,0.54,Hindi,11.19,,18-05-2025
PU-CMP-30847,SEO,Premium Shoppers,17.0,"Google, Instagram, Facebook",11561.0,1071.0,364.0,232.0,102544.0,,-0.64,Hindi,14.42,Tier 2 City Customers,31-12-2024
PU-CMP-54089,SEO,Working Women,25.0,Google,17562.0,933.0,403.0,153.0,68391.0,983.11,-0.55,Hindi,8.48,Working Women,08-03-2025
PU-CMP-43052,Email,Youth,19.0,"Instagram, Facebook, Google",37567.0,2989.0,988.0,329.0,76657.0,154.09,0.51,Hindi,11.46,College Students,10-07-2024
PU-CMP-1396,Influencer,Youth,17.0,"Email, YouTube, Instagram",32077.0,4177.0,2301.0,1232.0,,119.58,2.96,Bengali,24.04,,02-06-2025
,SEO,Youth,15.0,"Google, WhatsApp",50279.0,3921.0,2126.0,1046.0,291834.0,108.65,1.57,Hindi,14.11,Tier 2 City Customers,10-10-2024
PU-CMP-6134,Influencer,College Students,14.0,WhatsApp,31666.0,3090.0,1014.0,678.0,140346.0,371.63,-0.44,Tamil,15.1,Premium Shoppers,
PU-CMP-11016,Email,Premium Shoppers,29.0,"WhatsApp, Instagram",86214.0,3099.0,1808.0,618.0,414060.0,125.27,4.35,Tamil,,Premium Shoppers,03-01-2025
PU-CMP-10561,Social Media,Tier 2 City Customers,24.0,"YouTube, WhatsApp",36831.0,1591.0,906.0,385.0,193655.0,164.82,,Bengali,7.82,Premium Shoppers,21-05-2025
PU-CMP-4214,Social Media,Tier 2 City Customers,8.0,WhatsApp,89747.0,2955.0,1040.0,678.0,199332.0,133.07,1.21,,5.21,College Students,27-09-2024
PU-CMP-5046,SEO,College Students,6.0,"Email, Instagram, Google",87421.0,10718.0,5585.0,3064.0,1519744.0,37.52,12.22,Tamil,22.15,Youth,14-12-2024
PU-CMP-35253,Email,Working Women,30.0,,10020.0,425.0,191.0,126.0,36540.0,690.0,-0.58,English,7.41,Working Women,27-08-2024
PU-CMP-4085,Influencer,Working Women,13.0,"YouTube, Instagram, Email",22790.0,,546.0,172.0,136912.0,1405.79,-0.43,Tamil,9.46,Working Women,11-01-2025
PU-CMP-6729,Social Media,Working Women,23.0,"WhatsApp, Facebook",54839.0,6814.0,1425.0,674.0,190742.0,148.58,0.9,Bengali,16.25,College Students,03-04-2025
PU-CMP-11132,,Working Women,8.0,Email,40583.0,3080.0,1728.0,1323.0,431298.0,43.04,6.57,Tamil,15.11,Youth,03-08-2024
PU-CMP-48170,Social Media,Tier 2 City Customers,19.0,Instagram,97822.0,6176.0,1827.0,647.0,264623.0,236.41,0.73,Tamil,8.84,College Students,21-02-2025
PU-CMP-52854,Paid Ads,Working Women,22.0,,78135.0,3553.0,791.0,275.0,168575.0,655.08,-0.06,,5.91,Premium Shoppers,19-10-2024
PU-CMP-21007,SEO,Tier 2 City Customers,12.0,"Instagram, WhatsApp, YouTube",42134.0,3742.0,1160.0,859.0,654558.0,122.11,5.24,Bengali,13.67,Youth,16-10-2024
PU-CMP-13609,Email,Working Women,20.0,"YouTube, Email, Facebook",43022.0,6076.0,3565.0,2058.0,989898.0,28.7,,Hindi,27.19,Youth,09-08-2024
PU-CMP-40893,Paid Ads,Premium Shoppers,10.0,"Instagram, WhatsApp",62286.0,7693.0,4538.0,3305.0,2610950.0,32.77,23.11,Tamil,24.94,Working Women,12-06-2025
PU-CMP-22126,Paid Ads,Tier 2 City Customers,26.0,"YouTube, Google, Email",37699.0,898.0,413.0,,82314.0,342.21,-0.11,Bengali,4.19,Working Women,08-05-2025
PU-CMP-23264,,Working Women,21.0,"YouTube, Facebook",87436.0,3304.0,1269.0,904.0,717776.0,289.43,1.74,Bengali,,College Students,25-09-2024
,Paid Ads,Youth,15.0,"Facebook, Email",41098.0,6113.0,1943.0,1166.0,670450.0,103.41,4.56,Tamil,22.44,Premium Shoppers,22-07-2024
PU-CMP-35643,SEO,Working Women,13.0,Facebook,41492.0,5269.0,1909.0,595.0,454580.0,,0.56,Hindi,18.73,Tier 2 City Customers,22-07-2024
PU-CMP-8100,Email,Premium Shoppers,23.0,,23032.0,2713.0,867.0,411.0,107682.0,591.49,-0.56,Hindi,17.33,Youth,14-05-2025
PU-CMP-19283,Influencer,Youth,25.0,"YouTube, Instagram",16262.0,2256.0,492.0,289.0,144789.0,859.35,-0.42,Hindi,18.68,Tier 2 City Customers,28-11-2024
PU-CMP-28899,SEO,College Students,30.0,"Instagram, WhatsApp",80950.0,6518.0,2494.0,,531652.0,68.9,3.08,Bengali,13.47,,14-02-2025
PU-CMP-19049,SEO,Tier 2 City Customers,17.0,"Facebook, Google, YouTube",10399.0,1069.0,404.0,283.0,155084.0,552.23,-0.01,English,16.89,Tier 2 City Customers,
PU-CMP-49537,Social Media,Tier 2 City Customers,18.0,"Google, YouTube, Email",67348.0,9563.0,4952.0,2550.0,1858950.0,24.28,29.02,Hindi,25.34,College Students,16-11-2024
PU-CMP-11125,Social Media,College Students,21.0,,,899.0,503.0,238.0,,604.7,-0.63,Bengali,6.88,Working Women,03-06-2025
PU-CMP-38202,Social Media,Tier 2 City Customers,15.0,"Google, YouTube, Instagram",41649.0,2085.0,824.0,394.0,304562.0,568.91,0.36,English,7.93,Tier 2 City Customers,07-07-2024
PU-CMP-45132,Email,College Students,7.0,"Instagram, Facebook",78419.0,8708.0,2806.0,1792.0,1345792.0,142.1,4.28,English,16.97,College Students,20-08-2024
PU-CMP-23370,Paid Ads,Working Women,13.0,"Instagram, YouTube",35689.0,3965.0,1850.0,1174.0,704400.0,238.39,1.52,English,19.58,College Students,31-01-2025
PU-CMP-19536,Social Media,College Students,7.0,Google,37951.0,3462.0,1799.0,,554124.0,153.02,3.78,Tamil,15.86,Working Women,31-12-2024
PU-CMP-54891,Email,Working Women,9.0,"Facebook, Instagram",55692.0,1864.0,389.0,140.0,51660.0,1002.06,-0.63,Tamil,4.3,Working Women,12-05-2025
PU-CMP-10462,Email,Youth,30.0,Google,90448.0,10356.0,,2209.0,1340863.0,134.92,3.5,Tamil,19.92,Tier 2 City Customers,29-03-2025
PU-CMP-55410,SEO,College Students,11.0,Email,70017.0,3564.0,1043.0,819.0,301392.0,328.9,0.12,Tamil,7.75,Youth,20-05-2025
PU-CMP-30366,SEO,Working Women,18.0,"Instagram, Facebook, WhatsApp",32990.0,3190.0,954.0,400.0,259600.0,,0.23,Tamil,13.77,Working Women,23-05-2025
PU-CMP-3574,Paid Ads,College Students,22.0,,21077.0,636.0,134.0,86.0,66908.0,2966.26,-0.74,Hindi,4.06,Working Women,02-08-2024
PU-CMP-28904,Influencer,Tier 2 City Customers,8.0,YouTube,77200.0,7374.0,2998.0,1726.0,524704.0,111.87,1.72,Hindi,15.67,Premium Shoppers,10-08-2024
,Email,College Students,14.0,"WhatsApp, Instagram, Google",62551.0,6909.0,2464.0,1549.0,309800.0,116.1,0.72,Bengali,17.46,Working Women,14-09-2024
PU-CMP-44244,Paid Ads,Working Women,18.0,Instagram,43415.0,4112.0,,1724.0,524096.0,56.75,4.36,Hindi,19.04,Working Women,13-03-2025
PU-CMP-24001,Email,Working Women,6.0,"Email, Instagram, Facebook",51143.0,5882.0,3249.0,1658.0,1286608.0,49.73,14.6,Bengali,21.1,Premium Shoppers,19-04-2025
PU-CMP-4899,Email,Premium Shoppers,20.0,"Email, WhatsApp",88689.0,4384.0,1748.0,1297.0,522691.0,131.45,2.07,Bengali,8.38,Youth,10-07-2024
PU-CMP-36964,Social Media,Youth,13.0,"Email, Instagram, Facebook",66383.0,1828.0,734.0,313.0,164638.0,590.24,-0.11,Bengali,4.33,Working Women,30-10-2024
PU-CMP-15311,Email,College Students,15.0,"Facebook, Email, Google",13198.0,1580.0,,400.0,267600.0,667.53,0.0,Hindi,19.61,Working Women,12-11-2024
PU-CMP-28090,Social Media,College Students,20.0,"Facebook, Email",,11676.0,2750.0,1270.0,786130.0,139.76,3.43,Hindi,15.92,College Students,23-10-2024
PU-CMP-28851,SEO,College Students,13.0,"Google, YouTube, Email",14390.0,1470.0,337.0,175.0,49175.0,422.04,-0.33,Bengali,13.77,Premium Shoppers,29-11-2024
PU-CMP-35358,Influencer,Working Women,7.0,Email,13293.0,723.0,427.0,291.0,188859.0,761.93,-0.15,English,10.84,College Students,16-03-2025
PU-CMP-10584,Influencer,College Students,17.0,"YouTube, Facebook",16197.0,1613.0,698.0,316.0,204452.0,583.38,0.11,,16.22,Youth,17-09-2024
PU-CMP-14770,Paid Ads,Premium Shoppers,13.0,"WhatsApp, Facebook, YouTube",44548.0,3852.0,1226.0,586.0,193380.0,147.46,1.24,Hindi,12.71,Youth,08-05-2025
PU-CMP-52149,SEO,Working Women,23.0,"Google, Email, WhatsApp",53051.0,2740.0,772.0,500.0,192500.0,144.24,1.67,English,7.56,Premium Shoppers,26-12-2024
PU-CMP-51842,Email,Youth,20.0,"YouTube, Google, Facebook",,4909.0,2016.0,1287.0,778635.0,44.18,12.7,Tamil,8.78,Youth,24-12-2024
PU-CMP-5251,Email,Youth,30.0,YouTube,96334.0,2934.0,1412.0,712.0,462088.0,416.96,,English,5.25,Youth,06-09-2024
PU-CMP-2253,SEO,Youth,30.0,Google,12813.0,442.0,,58.0,20880.0,3174.19,-0.89,English,5.25,Tier 2 City Customers,12-02-2025
PU-CMP-35345,SEO,Youth,,"WhatsApp, Email",82434.0,5338.0,1301.0,423.0,244071.0,647.05,-0.11,English,8.57,Tier 2 City Customers,28-02-2025
PU-CMP-3907,Email,Working Women,8.0,"Facebook, WhatsApp",,4166.0,1967.0,593.0,305395.0,259.75,0.98,Bengali,23.53,Tier 2 City Customers,11-06-2025
PU-CMP-47281,SEO,Working Women,13.0,"Email, Facebook",18269.0,2267.0,867.0,636.0,221964.0,267.08,0.31,Bengali,20.64,Tier 2 City Customers,15-12-2024
PU-CMP-33759,Email,College Students,14.0,"Email, Instagram",64674.0,2510.0,969.0,684.0,151848.0,114.58,0.94,English,6.44,Youth,25-02-2025
PU-CMP-49897,Influencer,Tier 2 City Customers,23.0,"WhatsApp, Email, Instagram",13902.0,815.0,224.0,85.0,29325.0,1421.12,-0.76,Tamil,,Tier 2 City Customers,11-01-2025
PU-CMP-5035,Social Media,Youth,11.0,,89685.0,3308.0,1893.0,1479.0,1051569.0,58.17,11.22,Bengali,7.45,Working Women,07-04-2025
PU-CMP-4735,Paid Ads,Premium Shoppers,14.0,Facebook,26893.0,1120.0,529.0,260.0,122460.0,793.91,-0.41,Hindi,7.1,,21-07-2024
PU-CMP-55815,,Working Women,18.0,Email,92716.0,8999.0,2563.0,1554.0,458430.0,102.99,,Hindi,14.15,Premium Shoppers,30-05-2025
PU-CMP-39047,Email,,24.0,,,3241.0,1921.0,728.0,420056.0,,0.54,Bengali,8.49,College Students,28-09-2024
PU-CMP-20015,Email,College Students,5.0,Instagram,61297.0,6812.0,,2389.0,1180166.0,124.52,2.97,English,20.81,Tier 2 City Customers,23-08-2024
PU-CMP-2632,Paid Ads,College Students,15.0,Google,80822.0,4297.0,1547.0,1116.0,804636.0,87.76,7.22,Tamil,,Premium Shoppers,25-01-2025
PU-CMP-47061,Email,Premium Shoppers,24.0,Email,91103.0,7108.0,4201.0,1475.0,764050.0,159.95,2.24,Tamil,14.03,Premium Shoppers,01-10-2024
PU-CMP-9178,Social Media,Youth,,Instagram,65915.0,6675.0,2754.0,1582.0,522060.0,86.24,2.83,Bengali,16.7,Working Women,09-07-2024
PU-CMP-2486,Email,Youth,30.0,Email,14529.0,1713.0,836.0,383.0,246269.0,740.67,-0.13,Bengali,20.18,Tier 2 City Customers,20-10-2024
PU-CMP-23022,Social Media,Premium Shoppers,26.0,"YouTube, Google, Email",91574.0,3761.0,1842.0,1084.0,836848.0,47.45,15.27,Hindi,7.3,Premium Shoppers,15-01-2025
PU-CMP-21506,SEO,Working Women,20.0,"WhatsApp, Google",,5486.0,3054.0,2420.0,1662540.0,61.49,10.17,Tamil,12.98,Tier 2 City Customers,29-08-2024
PU-CMP-33554,Email,Youth,22.0,"Google, Facebook, WhatsApp",,13569.0,5806.0,3721.0,1559099.0,28.94,13.48,Tamil,24.36,Working Women,17-12-2024
PU-CMP-21624,Social Media,Working Women,6.0,"Facebook, Google, Email",43507.0,5669.0,2169.0,1557.0,593217.0,113.02,2.37,Bengali,21.59,Premium Shoppers,29-03-2025
PU-CMP-35251,SEO,Youth,11.0,YouTube,14099.0,1222.0,397.0,254.0,129540.0,1085.86,-0.53,Bengali,13.28,Premium Shoppers,15-04-2025
PU-CMP-29170,Social Media,Working Women,9.0,"Google, Facebook, YouTube",95833.0,8469.0,4792.0,2464.0,588896.0,73.84,2.24,Bengali,16.41,Working Women,
PU-CMP-49712,Influencer,,30.0,WhatsApp,52541.0,3043.0,1621.0,748.0,204204.0,,0.76,English,10.3,Working Women,16-04-2025
,Email,College Students,10.0,"Email, Instagram, Google",92042.0,2193.0,515.0,406.0,235074.0,426.58,0.36,English,3.38,College Students,01-04-2025
PU-CMP-18792,Email,Premium Shoppers,6.0,"YouTube, Facebook, Instagram",77682.0,6165.0,2120.0,640.0,312960.0,100.85,3.85,Hindi,11.49,Tier 2 City Customers,20-10-2024
PU-CMP-44951,Paid Ads,Youth,28.0,"Google, YouTube, Email",77667.0,8664.0,3023.0,1598.0,1217676.0,31.55,23.15,Tamil,17.11,Premium Shoppers,12-10-2024
PU-CMP-39822,SEO,College Students,30.0,"Google, WhatsApp",73215.0,5632.0,1629.0,953.0,667100.0,203.83,2.43,English,11.22,College Students,07-10-2024
PU-CMP-23876,Social Media,Premium Shoppers,24.0,"Facebook, Email, YouTube",97306.0,10053.0,4937.0,2534.0,1515332.0,52.41,10.41,Tamil,18.01,College Students,11-03-2025
PU-CMP-34599,Social Media,Youth,28.0,WhatsApp,47100.0,3694.0,1898.0,779.0,247722.0,137.32,1.32,Hindi,13.53,Working Women,08-12-2024
PU-CMP-46326,Email,Youth,13.0,"Facebook, Instagram",11560.0,858.0,322.0,165.0,42405.0,1590.87,-0.84,Hindi,11.63,Working Women,
PU-CMP-41508,Influencer,College Students,12.0,"Google, Email, Instagram",32740.0,4817.0,2747.0,1325.0,954000.0,,10.78,English,27.15,,21-10-2024
PU-CMP-9478,,Tier 2 City Customers,25.0,Facebook,11432.0,557.0,291.0,168.0,63672.0,591.62,-0.36,,8.89,Tier 2 City Customers,19-03-2025
,SEO,Youth,19.0,WhatsApp,95330.0,10188.0,4117.0,2618.0,1803802.0,,11.72,Bengali,17.75,Working Women,23-02-2025
PU-CMP-46065,Email,Tier 2 City Customers,6.0,"Email, WhatsApp",96801.0,11384.0,3367.0,1199.0,,43.72,16.5,Hindi,16.48,Working Women,21-04-2025
PU-CMP-7573,Social Media,Tier 2 City Customers,19.0,"YouTube, WhatsApp, Facebook",71537.0,9882.0,5405.0,2655.0,1648755.0,58.86,9.55,Hindi,25.08,Tier 2 City Customers,23-05-2025
PU-CMP-47206,SEO,,13.0,"WhatsApp, Instagram, Email",40258.0,3435.0,1008.0,618.0,156354.0,91.64,1.76,Bengali,12.57,College Students,22-05-2025
PU-CMP-14131,Email,Working Women,14.0,"WhatsApp, Facebook, Google",22744.0,2701.0,1453.0,530.0,,423.66,0.88,English,20.59,Tier 2 City Customers,18-12-2024
PU-CMP-53800,SEO,Tier 2 City Customers,23.0,"YouTube, WhatsApp",36887.0,2730.0,,667.0,,282.4,-0.04,Bengali,13.08,Premium Shoppers,27-11-2024
PU-CMP-10403,SEO,Working Women,10.0,"YouTube, Email, WhatsApp",70934.0,8834.0,2812.0,1405.0,1048130.0,206.8,2.61,Bengali,18.4,Premium Shoppers,02-07-2024
PU-CMP-11600,Influencer,Working Women,22.0,YouTube,,7503.0,2988.0,1586.0,813618.0,43.92,10.68,Hindi,18.26,College Students,08-02-2025
PU-CMP-5248,Influencer,Tier 2 City Customers,22.0,"Google, Facebook, YouTube",89884.0,,836.0,537.0,272796.0,201.71,1.52,Tamil,4.49,Tier 2 City Customers,18-08-2024
PU-CMP-33814,Influencer,Youth,12.0,Instagram,70977.0,3694.0,1250.0,404.0,314716.0,275.57,1.83,English,7.53,Premium Shoppers,
PU-CMP-55488,Email,College Students,,"Google, WhatsApp, Facebook",89463.0,10754.0,2874.0,1362.0,347310.0,209.89,0.21,Hindi,16.76,College Students,05-05-2025
PU-CMP-8201,Social Media,Youth,10.0,Google,98622.0,9873.0,,1647.0,1212192.0,113.4,5.49,Hindi,16.32,Working Women,
PU-CMP-29017,SEO,Youth,12.0,Google,25160.0,2921.0,1024.0,590.0,270220.0,285.22,0.61,English,18.02,Youth,17-12-2024
PU-CMP-7484,Email,College Students,9.0,"Google, YouTube",79246.0,1655.0,605.0,313.0,75120.0,727.07,-0.67,Bengali,3.25,Tier 2 City Customers,21-08-2024
PU-CMP-1890,Email,Tier 2 City Customers,8.0,"Google, YouTube, Email",48163.0,4799.0,2728.0,1633.0,395186.0,37.75,5.41,English,19.02,Youth,05-06-2025
PU-CMP-34068,Email,Premium Shoppers,19.0,"Google, Facebook, WhatsApp",91330.0,8243.0,4503.0,1684.0,894204.0,114.34,3.64,,15.8,Premium Shoppers,07-03-2025
PU-CMP-33653,Email,College Students,16.0,"WhatsApp, Email, YouTube",29376.0,1275.0,,382.0,245244.0,356.87,0.8,Tamil,7.69,College Students,29-11-2024
PU-CMP-25692,Influencer,Working Women,13.0,"WhatsApp, YouTube, Email",95123.0,4381.0,1628.0,1149.0,747999.0,115.01,4.66,Hindi,7.52,Youth,10-07-2024
PU-CMP-49129,Influencer,College Students,16.0,"Facebook, Google, YouTube",62633.0,2275.0,1269.0,597.0,182085.0,206.01,0.48,English,6.61,Working Women,11-07-2024
PU-CMP-1708,Email,Premium Shoppers,15.0,"Facebook, WhatsApp, Instagram",97076.0,,2726.0,1176.0,854952.0,,1.96,Tamil,13.43,Youth,29-11-2024
PU-CMP-32207,SEO,,30.0,"WhatsApp, Instagram, Facebook",56524.0,6141.0,2136.0,1445.0,1072190.0,167.55,3.43,English,17.2,Premium Shoppers,30-07-2024
PU-CMP-9578,Paid Ads,Working Women,8.0,"Google, Facebook, Email",35217.0,5204.0,2297.0,1179.0,,225.9,0.86,Hindi,,Premium Shoppers,06-10-2024
PU-CMP-25567,Paid Ads,Premium Shoppers,9.0,Google,89852.0,13424.0,7191.0,3056.0,1124608.0,82.46,3.46,Tamil,26.34,Working Women,03-06-2025
PU-CMP-12900,Paid Ads,Working Women,7.0,"Instagram, Email, Google",90813.0,3435.0,1347.0,413.0,300251.0,430.07,0.69,Tamil,5.72,Working Women,16-04-2025
PU-CMP-55523,Paid Ads,Youth,8.0,"Google, WhatsApp",55039.0,5786.0,1852.0,1241.0,843880.0,114.27,4.95,Hindi,16.13,College Students,13-08-2024
PU-CMP-18599,Social Media,Youth,10.0,"Instagram, Google, YouTube",62723.0,,1500.0,712.0,501960.0,163.6,3.31,Hindi,11.1,Premium Shoppers,12-10-2024
PU-CMP-37326,Paid Ads,Premium Shoppers,14.0,"WhatsApp, Facebook, Email",27163.0,2079.0,992.0,602.0,353976.0,486.42,0.21,English,13.52,Working Women,22-10-2024
PU-CMP-15499,Social Media,Youth,24.0,"Google, Instagram",,3291.0,866.0,385.0,269500.0,698.22,0.0,Bengali,16.25,Working Women,01-08-2024
PU-CMP-32623,Social Media,Working Women,16.0,Instagram,76611.0,4910.0,2842.0,1931.0,391993.0,116.6,0.74,Tamil,12.64,Tier 2 City Customers,16-04-2025
PU-CMP-31583,SEO,Tier 2 City Customers,30.0,"Facebook, Instagram, WhatsApp",87194.0,6004.0,2593.0,1027.0,670631.0,95.33,,Hindi,11.04,Working Women,10-07-2024
PU-CMP-50825,Influencer,College Students,20.0,"YouTube, WhatsApp",31636.0,3986.0,1169.0,618.0,266358.0,479.52,-0.1,Hindi,18.25,Working Women,31-05-2025
PU-CMP-30460,Social Media,Premium Shoppers,30.0,Facebook,47338.0,5207.0,2031.0,,239351.0,152.65,0.42,Tamil,17.62,College Students,30-09-2024
PU-CMP-9473,Paid Ads,Premium Shoppers,8.0,"YouTube, Google, Facebook",27455.0,1754.0,584.0,237.0,159738.0,910.49,-0.26,Hindi,9.38,College Students,28-08-2024
PU-CMP-22603,SEO,Tier 2 City Customers,7.0,Facebook,62236.0,1515.0,442.0,253.0,189244.0,693.99,0.08,English,3.55,Youth,21-02-2025
PU-CMP-49085,,College Students,18.0,Email,43038.0,5007.0,2550.0,1758.0,467628.0,139.28,0.91,Bengali,21.64,Premium Shoppers,18-05-2025
PU-CMP-43093,Influencer,Working Women,15.0,"Instagram, YouTube",59538.0,4012.0,1154.0,481.0,,105.71,1.5,Hindi,9.48,Youth,
PU-CMP-48635,Social Media,Working Women,16.0,"Email, YouTube, WhatsApp",33615.0,3074.0,1391.0,574.0,367360.0,315.74,1.03,English,14.99,Working Women,11-03-2025
PU-CMP-20904,Email,Working Women,23.0,"WhatsApp, Instagram, YouTube",41639.0,5569.0,2945.0,1153.0,570735.0,218.47,1.27,Tamil,23.22,Working Women,17-04-2025
PU-CMP-54321,SEO,Tier 2 City Customers,13.0,"Google, WhatsApp",84818.0,12397.0,2491.0,1210.0,804650.0,227.37,1.92,Tamil,18.98,Premium Shoppers,14-09-2024
PU-CMP-4780,Email,College Students,25.0,Email,51009.0,4575.0,2564.0,1523.0,491929.0,134.94,1.39,Bengali,16.98,Youth,14-09-2024
PU-CMP-5039,Influencer,Premium Shoppers,28.0,"YouTube, WhatsApp",56253.0,1240.0,598.0,344.0,120744.0,715.98,-0.51,Hindi,3.88,College Students,10-11-2024
PU-CMP-7651,Email,Premium Shoppers,22.0,WhatsApp,92932.0,,6092.0,3630.0,1974720.0,,20.32,Tamil,22.1,College Students,17-03-2025
PU-CMP-11241,Email,Tier 2 City Customers,26.0,"Facebook, WhatsApp, Email",51796.0,3632.0,1466.0,509.0,375642.0,170.86,3.32,English,10.83,College Students,13-01-2025
PU-CMP-29720,Email,College Students,9.0,WhatsApp,32801.0,2661.0,1323.0,478.0,211276.0,587.53,-0.25,Bengali,13.6,Premium Shoppers,
PU-CMP-15720,Email,Youth,26.0,YouTube,81164.0,,2958.0,1138.0,236704.0,172.2,0.21,English,12.56,Premium Shoppers,24-07-2024
PU-CMP-18037,Social Media,Youth,15.0,"Instagram, WhatsApp, YouTube",16465.0,1021.0,469.0,143.0,41613.0,1736.48,-0.83,Tamil,9.92,,
PU-CMP-34557,,Tier 2 City Customers,10.0,WhatsApp,12072.0,1758.0,749.0,400.0,,698.55,-0.31,English,24.08,Working Women,19-12-2024
PU-CMP-40606,SEO,Youth,24.0,"Instagram, Facebook",13903.0,387.0,197.0,137.0,82063.0,1735.55,-0.65,English,5.19,Working Women,09-11-2024
PU-CMP-2402,Social Media,College Students,26.0,"Email, Instagram",40131.0,3910.0,976.0,419.0,319697.0,331.56,1.3,English,13.22,Premium Shoppers,23-04-2025
PU-CMP-43873,,College Students,17.0,"Instagram, Facebook, Email",72505.0,4526.0,2336.0,1375.0,1009250.0,138.82,4.29,Tamil,,College Students,26-01-2025
PU-CMP-49223,SEO,Working Women,,,84020.0,9289.0,3873.0,2483.0,593437.0,119.23,1.0,Tamil,18.62,Youth,20-10-2024
PU-CMP-51275,Influencer,Working Women,6.0,"YouTube, WhatsApp, Instagram",78214.0,5641.0,2496.0,1504.0,851264.0,127.66,3.43,Tamil,12.33,Youth,13-08-2024
,Social Media,College Students,14.0,Instagram,30694.0,4180.0,920.0,303.0,121200.0,,0.67,Bengali,17.6,Working Women,30-10-2024
PU-CMP-27869,Social Media,Premium Shoppers,27.0,"WhatsApp, Email",93619.0,8267.0,3358.0,2295.0,1500930.0,129.81,4.04,English,14.87,College Students,07-05-2025
PU-CMP-44411,Paid Ads,Premium Shoppers,15.0,YouTube,25681.0,1864.0,481.0,,106700.0,969.67,-0.6,Tamil,10.2,College Students,23-10-2024
PU-CMP-24044,Influencer,Working Women,26.0,YouTube,90391.0,5143.0,1918.0,1233.0,501831.0,153.68,1.65,Tamil,9.18,Premium Shoppers,05-08-2024
PU-CMP-17356,Paid Ads,Working Women,6.0,"Instagram, Google",25912.0,1965.0,609.0,205.0,72365.0,1045.36,-0.66,Bengali,10.72,Youth,28-10-2024
PU-CMP-47743,Paid Ads,Premium Shoppers,,Facebook,41107.0,4276.0,,1164.0,882312.0,65.49,10.58,Hindi,16.78,Working Women,18-08-2024
PU-CMP-24685,Email,Tier 2 City Customers,15.0,"Instagram, YouTube, WhatsApp",63479.0,7190.0,2428.0,796.0,286560.0,172.8,1.08,English,16.41,Working Women,17-11-2024
PU-CMP-52858,Social Media,Premium Shoppers,12.0,"Instagram, Google",59603.0,2211.0,855.0,586.0,359218.0,399.93,0.53,Hindi,6.13,Tier 2 City Customers,06-12-2024
PU-CMP-52797,Paid Ads,Premium Shoppers,,Facebook,67446.0,3843.0,946.0,516.0,338496.0,234.01,1.8,Hindi,7.87,Tier 2 City Customers,17-07-2024
PU-CMP-19301,Influencer,Working Women,27.0,Google,78397.0,11711.0,5485.0,3585.0,1552305.0,14.79,28.27,Tamil,26.51,Youth,10-05-2025
PU-CMP-3608,Social Media,Working Women,22.0,"WhatsApp, YouTube",50013.0,2824.0,834.0,310.0,202120.0,467.51,0.39,Hindi,7.93,Working Women,30-07-2024
PU-CMP-16978,Email,Working Women,7.0,Google,45896.0,6147.0,1322.0,704.0,155584.0,384.98,-0.43,Bengali,17.81,Working Women,19-10-2024
PU-CMP-11127,Social Media,College Students,6.0,"Instagram, YouTube",33768.0,1503.0,723.0,531.0,395595.0,103.61,6.19,Bengali,8.16,Premium Shoppers,05-05-2025
PU-CMP-16557,Email,College Students,10.0,"Google, Email",59681.0,5678.0,1407.0,1073.0,478558.0,219.26,,English,13.67,Working Women,13-01-2025
PU-CMP-17295,Influencer,Premium Shoppers,24.0,"Email, Instagram, YouTube",90766.0,3072.0,1760.0,832.0,562432.0,214.96,,Hindi,6.24,Youth,15-08-2024
PU-CMP-5421,Social Media,Tier 2 City Customers,,"Facebook, Instagram, WhatsApp",14946.0,988.0,319.0,228.0,140676.0,,0.76,Hindi,10.27,Tier 2 City Customers,29-12-2024
PU-CMP-49371,Influencer,Working Women,23.0,YouTube,80301.0,10982.0,5643.0,2974.0,782162.0,47.83,4.5,Hindi,24.41,Premium Shoppers,08-08-2024
PU-CMP-29714,Paid Ads,Working Women,,"Instagram, Facebook",65606.0,5835.0,1932.0,602.0,284746.0,492.8,-0.04,Bengali,12.76,Tier 2 City Customers,04-04-2025
PU-CMP-34911,SEO,College Students,,"Instagram, Google",22098.0,2857.0,1482.0,,193284.0,214.65,0.17,Tamil,23.11,Youth,27-11-2024
PU-CMP-13814,Email,,21.0,Email,78508.0,,4726.0,2908.0,1323140.0,31.24,13.57,English,24.44,Working Women,19-07-2024
PU-CMP-13640,Email,Tier 2 City Customers,16.0,"Facebook, YouTube, Instagram",44273.0,5813.0,3284.0,2412.0,504108.0,107.47,0.94,Bengali,26.0,Working Women,03-09-2024
PU-CMP-9886,SEO,Youth,14.0,Email,81397.0,6295.0,3127.0,2490.0,839130.0,,7.95,Hindi,14.63,Working Women,15-11-2024
PU-CMP-2641,Paid Ads,College Students,26.0,Facebook,74876.0,3707.0,759.0,238.0,109004.0,415.91,0.1,Hindi,6.28,Tier 2 City Customers,28-11-2024
PU-CMP-44831,Email,Tier 2 City Customers,26.0,Facebook,31459.0,,760.0,531.0,312228.0,377.96,0.56,,11.55,Youth,03-10-2024
PU-CMP-41104,Influencer,Tier 2 City Customers,,Email,45745.0,1246.0,,288.0,86400.0,411.61,-0.27,Bengali,4.62,Tier 2 City Customers,08-05-2025
PU-CMP-51503,Influencer,Premium Shoppers,27.0,"WhatsApp, Email",42690.0,3189.0,1508.0,1190.0,415310.0,206.71,0.69,Hindi,13.79,Youth,03-03-2025
PU-CMP-33459,Social Media,Tier 2 City Customers,30.0,WhatsApp,70298.0,2190.0,555.0,221.0,161772.0,871.5,-0.16,English,4.22,Working Women,31-08-2024
PU-CMP-26893,,Tier 2 City Customers,25.0,WhatsApp,55184.0,3973.0,1720.0,806.0,415090.0,284.41,0.81,Tamil,11.78,Working Women,05-04-2025
PU-CMP-10011,SEO,Tier 2 City Customers,20.0,Instagram,98274.0,6433.0,3349.0,1219.0,460782.0,153.94,1.46,Hindi,11.19,Premium Shoppers,10-04-2025
PU-CMP-38248,Email,College Students,15.0,,58118.0,4339.0,1810.0,1416.0,648528.0,60.85,6.53,Bengali,13.02,Youth,21-12-2024
PU-CMP-38270,Influencer,Youth,20.0,"Google, Instagram",80210.0,4834.0,1695.0,1247.0,794339.0,58.73,,Bengali,9.69,Working Women,05-11-2024
PU-CMP-41089,Social Media,College Students,29.0,"Instagram, Google, Facebook",21243.0,904.0,493.0,366.0,90036.0,629.57,-0.61,English,8.3,Working Women,19-01-2025
PU-CMP-27747,SEO,Tier 2 City Customers,12.0,"WhatsApp, Facebook",84856.0,11327.0,6002.0,2392.0,1425632.0,97.73,5.1,Hindi,23.24,Youth,10-05-2025
PU-CMP-6739,Influencer,College Students,15.0,Email,41721.0,,286.0,155.0,62310.0,1577.54,,Bengali,3.08,College Students,09-07-2024
PU-CMP-24927,Influencer,Youth,28.0,"Google, YouTube, WhatsApp",47885.0,1596.0,454.0,214.0,60990.0,948.41,-0.7,Bengali,4.73,Premium Shoppers,15-05-2025
PU-CMP-56046,,Tier 2 City Customers,16.0,"Google, Instagram, Email",23478.0,1409.0,610.0,,73788.0,357.74,-0.2,Bengali,9.7,Tier 2 City Customers,15-08-2024
PU-CMP-19995,SEO,Youth,12.0,YouTube,90483.0,4294.0,1800.0,1100.0,224400.0,142.74,0.43,Tamil,7.95,Youth,15-04-2025
,Email,Working Women,6.0,"YouTube, Google, Instagram",13726.0,861.0,,72.0,43560.0,3847.44,-0.84,English,8.09,Working Women,08-11-2024
PU-CMP-2477,SEO,Working Women,21.0,"YouTube, Facebook, WhatsApp",92922.0,3905.0,2268.0,757.0,491293.0,166.76,2.89,Tamil,7.46,Premium Shoppers,30-01-2025
PU-CMP-41051,,Youth,27.0,"WhatsApp, Instagram, YouTube",49647.0,4542.0,2002.0,,609000.0,273.49,1.23,English,15.2,Tier 2 City Customers,23-05-2025
PU-CMP-20066,Paid Ads,Youth,8.0,"YouTube, Email",51699.0,4685.0,2605.0,827.0,415981.0,113.15,3.45,Tamil,15.7,Working Women,01-12-2024
PU-CMP-44597,Email,Premium Shoppers,11.0,Email,,4025.0,,831.0,341541.0,171.5,1.4,English,8.03,Premium Shoppers,13-04-2025
PU-CMP-52587,,Premium Shoppers,25.0,"Instagram, Facebook",26689.0,1496.0,317.0,215.0,126205.0,676.19,-0.13,Tamil,7.6,,25-07-2024
PU-CMP-25720,Email,Tier 2 City Customers,8.0,Email,49658.0,2048.0,1018.0,596.0,126352.0,476.14,-0.55,Tamil,7.37,Working Women,11-04-2025
PU-CMP-7429,Email,Tier 2 City Customers,7.0,Instagram,22690.0,1760.0,625.0,281.0,155955.0,578.22,-0.04,English,11.75,Premium Shoppers,09-01-2025
PU-CMP-4104,Influencer,Working Women,26.0,"Google, Facebook, Email",37934.0,2607.0,658.0,499.0,287424.0,158.73,2.63,English,9.92,Tier 2 City Customers,20-12-2024
PU-CMP-35749,Influencer,Youth,14.0,"Instagram, Facebook, WhatsApp",21179.0,3167.0,875.0,441.0,269892.0,235.83,,English,21.17,,11-02-2025
PU-CMP-21987,Social Media,Working Women,6.0,"WhatsApp, Google",34712.0,4213.0,912.0,723.0,466335.0,144.26,3.47,Bengali,16.85,Tier 2 City Customers,18-06-2025
PU-CMP-48455,Influencer,Tier 2 City Customers,15.0,"Instagram, YouTube, Google",44189.0,6085.0,2663.0,1300.0,613600.0,229.4,1.06,Hindi,22.74,Working Women,01-08-2024
PU-CMP-20253,Paid Ads,College Students,6.0,"YouTube, Google, Instagram",89683.0,1896.0,,161.0,94185.0,1658.45,-0.65,Bengali,2.77,College Students,06-08-2024
PU-CMP-51480,SEO,Working Women,26.0,"Facebook, Google",68463.0,8842.0,4515.0,2346.0,1097928.0,68.86,5.8,English,22.94,Premium Shoppers,13-05-2025
PU-CMP-31937,Social Media,Working Women,,"Google, Facebook, YouTube",86449.0,10514.0,,2555.0,,28.89,,English,19.03,College Students,02-12-2024
PU-CMP-19719,Influencer,Tier 2 City Customers,7.0,YouTube,29658.0,,1058.0,744.0,482112.0,197.84,2.28,Tamil,15.62,Working Women,18-10-2024
PU-CMP-42879,Influencer,Tier 2 City Customers,10.0,"Email, Google",76861.0,8247.0,2208.0,1483.0,,139.77,3.71,Tamil,,Working Women,23-08-2024
PU-CMP-50485,Paid Ads,Tier 2 City Customers,7.0,"Facebook, WhatsApp",16703.0,1309.0,679.0,213.0,124818.0,,-0.45,Tamil,13.18,College Students,01-09-2024
PU-CMP-36212,SEO,Tier 2 City Customers,15.0,"Email, Google, Instagram",79038.0,5948.0,1231.0,672.0,442848.0,418.87,0.57,Tamil,9.93,Tier 2 City Customers,12-11-2024
PU-CMP-32517,Influencer,Premium Shoppers,29.0,"Instagram, YouTube, WhatsApp",60097.0,6383.0,2461.0,1618.0,600278.0,70.08,4.29,Bengali,17.41,,24-12-2024
PU-CMP-31219,Paid Ads,Premium Shoppers,8.0,"Instagram, YouTube, Google",69006.0,2908.0,1449.0,545.0,201105.0,424.35,-0.13,Hindi,7.1,College Students,05-11-2024
PU-CMP-49137,Email,Premium Shoppers,30.0,"WhatsApp, YouTube",91618.0,9331.0,5573.0,3239.0,2208998.0,63.23,9.79,Hindi,19.8,Working Women,03-03-2025
PU-CMP-49841,Email,Tier 2 City Customers,12.0,"Facebook, Instagram, Email",68404.0,4691.0,1496.0,592.0,221408.0,471.25,-0.21,Tamil,9.91,Tier 2 City Customers,20-10-2024
PU-CMP-49007,SEO,Tier 2 City Customers,15.0,"Instagram, Facebook",69945.0,4828.0,969.0,563.0,324288.0,,1.83,Hindi,,Premium Shoppers,13-02-2025
PU-CMP-51901,Paid Ads,Tier 2 City Customers,22.0,"WhatsApp, Instagram",24126.0,2539.0,949.0,518.0,273504.0,119.38,3.42,English,16.6,Working Women,21-05-2025
PU-CMP-25458,Influencer,Premium Shoppers,14.0,Email,51815.0,3722.0,1754.0,649.0,279719.0,439.85,-0.02,Bengali,11.82,Working Women,01-03-2025
PU-CMP-53371,Paid Ads,Working Women,22.0,"WhatsApp, Google, Instagram",92918.0,10498.0,5422.0,2689.0,949217.0,30.52,10.57,Hindi,20.03,Youth,30-11-2024
PU-CMP-25702,Social Media,Tier 2 City Customers,24.0,"Facebook, Email",73470.0,4935.0,1917.0,1129.0,792558.0,172.68,3.07,English,10.86,College Students,26-05-2025
PU-CMP-31547,Social Media,College Students,14.0,"Instagram, Email",86474.0,6970.0,3780.0,2293.0,509046.0,107.7,1.06,Hindi,15.08,Premium Shoppers,05-12-2024
PU-CMP-40600,SEO,College Students,15.0,"WhatsApp, Facebook",77878.0,2108.0,1085.0,421.0,218499.0,282.88,0.83,Bengali,,College Students,30-11-2024
PU-CMP-9479,,Premium Shoppers,13.0,"Facebook, WhatsApp, Email",77233.0,7590.0,4245.0,2273.0,1463812.0,,6.45,English,18.27,College Students,12-06-2025
PU-CMP-35186,SEO,College Students,18.0,"WhatsApp, Instagram",93102.0,6787.0,1903.0,890.0,457460.0,323.81,0.59,English,10.29,Youth,02-01-2025
PU-CMP-34845,Paid Ads,Premium Shoppers,29.0,"Google, Facebook, Email",44236.0,5947.0,1540.0,816.0,617712.0,218.17,2.47,Hindi,18.77,Youth,28-01-2025
,Email,Premium Shoppers,12.0,"WhatsApp, Facebook, YouTube",82507.0,5877.0,2802.0,1573.0,599313.0,74.44,4.12,Hindi,12.43,Youth,04-09-2024
PU-CMP-7526,Social Media,Tier 2 City Customers,30.0,Facebook,53810.0,7346.0,3942.0,2709.0,2010078.0,95.2,6.79,Bengali,26.01,College Students,03-07-2024
PU-CMP-53542,Social Media,Youth,11.0,Email,11205.0,753.0,191.0,132.0,73788.0,1119.57,-0.5,English,9.6,Tier 2 City Customers,13-07-2024
PU-CMP-3761,Influencer,College Students,14.0,"Facebook, Google",24362.0,2543.0,769.0,456.0,92568.0,185.08,0.1,Tamil,15.47,Premium Shoppers,27-07-2024
PU-CMP-34438,Influencer,Premium Shoppers,27.0,"YouTube, Google",76836.0,9951.0,2395.0,1787.0,757688.0,46.91,8.04,English,18.39,Tier 2 City Customers,21-08-2024
PU-CMP-48921,Email,Tier 2 City Customers,21.0,"Facebook, Email",24601.0,,560.0,280.0,219240.0,1035.96,-0.24,Bengali,13.2,Tier 2 City Customers,19-08-2024
PU-CMP-1285,Social Media,College Students,10.0,Instagram,19343.0,2286.0,631.0,,66400.0,1478.51,-0.78,Bengali,16.11,Working Women,22-10-2024
PU-CMP-49048,Influencer,Tier 2 City Customers,17.0,Facebook,35636.0,1361.0,491.0,170.0,43520.0,1500.59,-0.83,English,5.67,Youth,12-10-2024
PU-CMP-33678,Influencer,Working Women,20.0,"WhatsApp, Facebook, Instagram",71833.0,4041.0,1045.0,562.0,180964.0,418.06,-0.23,English,7.86,Tier 2 City Customers,14-12-2024
PU-CMP-47618,SEO,Working Women,27.0,"WhatsApp, YouTube, Facebook",71879.0,7267.0,2718.0,1736.0,1387064.0,129.53,5.17,Tamil,16.31,Working Women,06-08-2024
PU-CMP-12619,Social Media,College Students,12.0,"YouTube, Google, Email",28482.0,3198.0,,1257.0,331848.0,185.85,0.42,Bengali,21.58,College Students,13-06-2025
PU-CMP-25759,Paid Ads,College Students,8.0,"Facebook, Instagram, Email",44835.0,1796.0,806.0,278.0,194322.0,955.55,-0.27,Hindi,6.42,Youth,24-07-2024
PU-CMP-6876,,Premium Shoppers,22.0,Google,35850.0,3626.0,1230.0,489.0,381909.0,321.32,1.43,English,14.91,Youth,07-01-2025
PU-CMP-12670,SEO,Premium Shoppers,24.0,"Email, Facebook",10825.0,514.0,298.0,216.0,150984.0,1180.63,-0.41,English,9.5,Youth,15-01-2025
PU-CMP-5879,Paid Ads,Tier 2 City Customers,15.0,Instagram,55413.0,2143.0,1061.0,392.0,250488.0,285.84,1.24,Tamil,6.49,Tier 2 City Customers,08-06-2025
PU-CMP-26598,Influencer,Working Women,26.0,YouTube,37947.0,4106.0,2145.0,,276616.0,,1.03,Bengali,,College Students,06-05-2025
PU-CMP-6275,SEO,College Students,21.0,"Google, Facebook, Email",96663.0,11177.0,2404.0,1163.0,422169.0,80.08,,English,15.25,Youth,03-12-2024
PU-CMP-33431,Social Media,Youth,22.0,"Instagram, Email",77080.0,10614.0,4072.0,2185.0,1009470.0,41.88,10.03,Tamil,21.89,Working Women,01-11-2024
PU-CMP-28859,SEO,College Students,14.0,"Google, WhatsApp",35703.0,4652.0,1049.0,640.0,172800.0,464.67,-0.42,English,17.76,Working Women,
PU-CMP-55492,Email,Premium Shoppers,14.0,WhatsApp,57884.0,6734.0,3513.0,1701.0,952560.0,66.07,7.48,English,20.64,Youth,25-05-2025
PU-CMP-1476,,,13.0,Instagram,58681.0,8304.0,2966.0,2251.0,686555.0,119.37,1.56,Hindi,23.04,Youth,30-11-2024
PU-CMP-53118,Influencer,Premium Shoppers,29.0,Email,97496.0,2900.0,1336.0,1066.0,748332.0,112.56,,Hindi,5.44,Youth,07-09-2024
PU-CMP-31548,Paid Ads,College Students,15.0,Facebook,60856.0,5985.0,1279.0,385.0,93940.0,744.88,-0.67,Bengali,12.57,Working Women,10-03-2025
PU-CMP-16697,Email,,29.0,"Instagram, Facebook",62483.0,8836.0,2090.0,1153.0,365501.0,122.69,1.58,English,19.33,College Students,31-07-2024
,Social Media,Tier 2 City Customers,7.0,"WhatsApp, YouTube",80692.0,11713.0,6814.0,4703.0,3480220.0,17.26,41.87,English,28.79,Working Women,19-04-2025
PU-CMP-10126,Influencer,Premium Shoppers,27.0,Email,19623.0,533.0,119.0,92.0,22448.0,1974.11,-0.88,Tamil,3.79,Youth,27-04-2025
PU-CMP-30268,Email,Premium Shoppers,29.0,Email,81413.0,5072.0,1494.0,612.0,,127.8,2.7,Hindi,8.82,Tier 2 City Customers,12-10-2024
PU-CMP-31738,Influencer,Premium Shoppers,29.0,"WhatsApp, Facebook, Instagram",46414.0,4220.0,1169.0,557.0,148719.0,519.76,-0.49,Tamil,12.81,Premium Shoppers,20-08-2024
PU-CMP-45146,Paid Ads,Youth,18.0,Instagram,24621.0,595.0,,122.0,58438.0,1113.41,-0.57,,4.14,Working Women,10-01-2025
PU-CMP-22519,Social Media,Working Women,9.0,"Facebook, Email, Instagram",67524.0,8439.0,,1982.0,632258.0,60.81,4.25,Tamil,22.74,Working Women,20-10-2024
PU-CMP-54715,Influencer,Tier 2 City Customers,19.0,Instagram,81364.0,7559.0,3089.0,1148.0,851816.0,214.02,2.47,Tamil,14.5,Working Women,28-05-2025
PU-CMP-17540,SEO,College Students,22.0,"YouTube, WhatsApp",83873.0,11913.0,2850.0,1978.0,478676.0,101.99,1.37,English,19.96,Premium Shoppers,30-11-2024
PU-CMP-35595,Paid Ads,Working Women,22.0,YouTube,70322.0,2317.0,946.0,429.0,207636.0,441.54,0.1,Bengali,5.25,College Students,20-05-2025
PU-CMP-37083,Paid Ads,Youth,26.0,"Facebook, WhatsApp, Instagram",,6754.0,3620.0,2170.0,622790.0,131.61,1.18,Bengali,17.13,Tier 2 City Customers,14-09-2024
PU-CMP-30093,SEO,Youth,15.0,"Google, Facebook, YouTube",76515.0,7346.0,2349.0,994.0,387660.0,93.78,3.16,English,13.97,Premium Shoppers,03-01-2025
PU-CMP-11583,Paid Ads,Premium Shoppers,27.0,WhatsApp,56400.0,2105.0,500.0,339.0,264759.0,392.43,0.99,English,5.22,,16-07-2024
PU-CMP-32096,Social Media,Tier 2 City Customers,29.0,"Facebook, Email",17351.0,733.0,,107.0,64949.0,530.06,0.15,Tamil,6.13,Tier 2 City Customers,16-04-2025
PU-CMP-22840,Paid Ads,College Students,24.0,"WhatsApp, YouTube, Google",46895.0,6915.0,1624.0,1093.0,642684.0,272.05,1.16,Bengali,20.54,Premium Shoppers,27-09-2024
PU-CMP-50035,,Premium Shoppers,22.0,"Facebook, WhatsApp",56536.0,4176.0,2061.0,1204.0,812700.0,115.15,4.86,Tamil,13.16,Tier 2 City Customers,23-07-2024
PU-CMP-23390,Social Media,Premium Shoppers,,Facebook,88461.0,10007.0,5165.0,3387.0,1161741.0,54.69,5.27,Bengali,,Youth,05-02-2025
PU-CMP-52457,,Tier 2 City Customers,8.0,WhatsApp,87075.0,10697.0,5743.0,1778.0,1025906.0,146.99,2.93,Tamil,20.92,College Students,27-07-2024
PU-CMP-46468,SEO,Tier 2 City Customers,26.0,"Facebook, Instagram",17654.0,1916.0,1056.0,792.0,607464.0,365.24,1.1,Bengali,21.32,Youth,04-04-2025
PU-CMP-45176,Social Media,Premium Shoppers,21.0,"Facebook, Instagram",56709.0,4497.0,1908.0,1065.0,827505.0,115.33,5.74,English,,Youth,26-08-2024
PU-CMP-4541,Social Media,College Students,23.0,"Facebook, Instagram, Email",89971.0,4635.0,2052.0,1267.0,666442.0,69.23,6.6,Bengali,8.84,Working Women,09-07-2024
PU-CMP-11989,Paid Ads,College Students,9.0,YouTube,28187.0,2177.0,545.0,171.0,134577.0,381.84,1.06,Bengali,10.26,,11-11-2024
PU-CMP-17730,Email,Tier 2 City Customers,26.0,"Instagram, Facebook",56985.0,6920.0,,812.0,367024.0,292.47,0.55,Tamil,16.95,Youth,15-04-2025
PU-CMP-42711,Social Media,Premium Shoppers,20.0,"WhatsApp, YouTube, Instagram",43040.0,6202.0,2094.0,667.0,497582.0,,5.57,Tamil,20.82,Working Women,
PU-CMP-12860,Paid Ads,Tier 2 City Customers,10.0,,46985.0,4756.0,2680.0,1844.0,1408816.0,105.4,6.25,Tamil,19.75,Working Women,28-04-2025
PU-CMP-5348,Social Media,Working Women,11.0,WhatsApp,85686.0,10952.0,5943.0,3420.0,1285920.0,55.22,5.81,Bengali,23.71,College Students,18-02-2025
PU-CMP-45576,Paid Ads,Working Women,16.0,Google,65578.0,5417.0,2306.0,941.0,223017.0,180.27,0.31,Bengali,13.21,,18-01-2025
PU-CMP-39082,SEO,Tier 2 City Customers,28.0,"WhatsApp, Instagram, Google",49714.0,5857.0,2463.0,1458.0,883548.0,69.37,7.74,Bengali,19.67,Youth,23-10-2024
PU-CMP-2608,Influencer,College Students,7.0,Facebook,85311.0,4326.0,1836.0,629.0,302549.0,159.34,2.02,Bengali,7.96,College Students,11-08-2024
PU-CMP-4767,Influencer,Tier 2 City Customers,25.0,"Google, YouTube",27448.0,3136.0,1172.0,748.0,250580.0,236.65,0.42,Hindi,18.42,Working Women,01-11-2024
PU-CMP-52627,SEO,Premium Shoppers,27.0,YouTube,42802.0,5804.0,1909.0,1105.0,646425.0,265.38,1.2,Hindi,20.6,Tier 2 City Customers,31-10-2024
PU-CMP-34789,Email,Tier 2 City Customers,25.0,"Google, Facebook, YouTube",25965.0,885.0,379.0,243.0,65853.0,1141.91,-0.76,Bengali,5.8,Tier 2 City Customers,02-11-2024
PU-CMP-25579,Email,College Students,19.0,WhatsApp,81804.0,11641.0,2822.0,1747.0,1392359.0,123.3,5.46,English,19.82,Working Women,19-12-2024
PU-CMP-17307,Email,Youth,7.0,Google,38311.0,3535.0,,642.0,261936.0,399.84,0.02,Bengali,13.22,Tier 2 City Customers,20-01-2025
PU-CMP-14687,Paid Ads,Youth,7.0,"Google, Instagram, WhatsApp",95646.0,2022.0,1013.0,,416852.0,,,Tamil,4.0,Premium Shoppers,07-07-2024
PU-CMP-36809,Paid Ads,Youth,19.0,Google,66051.0,7518.0,3004.0,1715.0,1200500.0,30.7,21.8,Bengali,18.53,Premium Shoppers,28-05-2025
PU-CMP-33791,Social Media,Tier 2 City Customers,26.0,"Facebook, Email",73661.0,8559.0,4079.0,1794.0,1036932.0,123.68,,Tamil,19.59,Working Women,14-01-2025
PU-CMP-36682,SEO,Premium Shoppers,24.0,WhatsApp,76443.0,10657.0,5579.0,4388.0,3141808.0,31.08,22.04,Tamil,26.98,Premium Shoppers,13-01-2025
PU-CMP-52011,Paid Ads,Tier 2 City Customers,27.0,"Google, YouTube, Instagram",77213.0,9118.0,3318.0,1486.0,991162.0,158.93,3.2,Tamil,18.03,Tier 2 City Customers,11-01-2025
PU-CMP-47059,Social Media,College Students,6.0,"Email, Facebook, WhatsApp",29658.0,769.0,231.0,159.0,117024.0,658.65,0.12,Hindi,3.91,Working Women,12-02-2025
PU-CMP-39364,Social Media,College Students,22.0,"Facebook, YouTube, Instagram",94092.0,4106.0,1619.0,524.0,,536.33,0.44,Tamil,6.64,College Students,09-11-2024
,Paid Ads,Youth,23.0,"Email, Instagram",86912.0,2120.0,785.0,518.0,355866.0,538.73,0.28,English,3.94,Tier 2 City Customers,
PU-CMP-4593,Email,College Students,,"Google, Instagram, Email",89130.0,3663.0,2084.0,1062.0,546930.0,183.95,1.8,Hindi,7.64,College Students,10-03-2025
PU-CMP-15737,Paid Ads,Working Women,16.0,,87070.0,11362.0,,1422.0,437976.0,136.18,1.26,Hindi,17.99,Premium Shoppers,01-02-2025
PU-CMP-55456,,Premium Shoppers,17.0,"WhatsApp, Email, Facebook",58128.0,5944.0,3174.0,2110.0,647770.0,105.32,1.91,Hindi,19.32,College Students,03-01-2025
PU-CMP-8320,Influencer,Youth,26.0,"Facebook, YouTube, Instagram",11626.0,327.0,134.0,71.0,48351.0,2203.96,-0.69,Bengali,4.58,Premium Shoppers,05-05-2025
PU-CMP-1773,Social Media,Tier 2 City Customers,25.0,"YouTube, Google",69459.0,2504.0,1477.0,744.0,234360.0,359.65,-0.12,Bengali,6.8,Tier 2 City Customers,07-03-2025
PU-CMP-10167,Influencer,Premium Shoppers,15.0,"Instagram, Email",96790.0,11284.0,5726.0,3285.0,955935.0,39.41,6.38,Bengali,20.97,Working Women,31-01-2025
PU-CMP-48400,Email,Youth,21.0,"Facebook, Google, WhatsApp",87467.0,8863.0,2457.0,1868.0,1216068.0,66.6,8.77,Tamil,15.08,Premium Shoppers,18-09-2024
PU-CMP-54953,Email,Premium Shoppers,22.0,"WhatsApp, Google",44359.0,5525.0,2687.0,1254.0,,68.87,4.0,Hindi,21.34,Tier 2 City Customers,21-07-2024
PU-CMP-29227,Influencer,Tier 2 City Customers,24.0,Email,23741.0,636.0,165.0,129.0,58179.0,1764.97,-0.74,English,3.92,Tier 2 City Customers,11-03-2025
PU-CMP-51646,SEO,Premium Shoppers,5.0,Google,49868.0,2814.0,1367.0,885.0,663750.0,57.06,12.14,Hindi,10.16,Youth,03-09-2024
PU-CMP-10836,Email,Youth,8.0,Instagram,71954.0,9411.0,2564.0,,,115.04,3.07,Hindi,18.37,Premium Shoppers,18-01-2025
PU-CMP-33246,SEO,Premium Shoppers,26.0,"WhatsApp, YouTube",28229.0,787.0,394.0,258.0,63726.0,425.69,-0.42,Tamil,5.1,Working Women,29-03-2025
PU-CMP-46816,Email,Tier 2 City Customers,21.0,Facebook,93601.0,5186.0,3025.0,1523.0,1058485.0,46.41,13.98,English,10.4,Youth,12-12-2024
PU-CMP-1842,Email,College Students,8.0,YouTube,62239.0,7880.0,2002.0,1409.0,796085.0,150.17,2.76,Tamil,18.14,Tier 2 City Customers,12-05-2025
PU-CMP-44101,Influencer,,8.0,"Instagram, Facebook",24838.0,3385.0,1396.0,928.0,401824.0,212.98,1.03,Tamil,22.98,Premium Shoppers,02-06-2025
PU-CMP-7315,Influencer,Premium Shoppers,22.0,"YouTube, Email, WhatsApp",96948.0,2522.0,943.0,539.0,263032.0,356.86,0.37,Tamil,4.13,Youth,09-10-2024
PU-CMP-9970,SEO,College Students,11.0,"Google, WhatsApp",38197.0,1513.0,702.0,453.0,132276.0,444.65,-0.34,Bengali,6.98,College Students,04-07-2024
PU-CMP-23086,Social Media,College Students,18.0,"WhatsApp, Facebook, Google",79102.0,1871.0,803.0,,159641.0,312.32,0.94,Bengali,3.71,Premium Shoppers,09-07-2024
PU-CMP-14797,Email,Working Women,,WhatsApp,52409.0,4312.0,1689.0,576.0,201600.0,97.59,2.59,Hindi,12.55,Youth,04-07-2024
PU-CMP-23392,Influencer,Youth,14.0,Google,73744.0,2227.0,737.0,384.0,269184.0,683.25,,English,4.54,Tier 2 City Customers,02-10-2024
PU-CMP-31058,Email,College Students,9.0,"Email, Google, Facebook",27337.0,3503.0,2071.0,,202692.0,222.46,0.14,Tamil,23.31,College Students,03-10-2024
PU-CMP-56435,Email,Premium Shoppers,5.0,Facebook,,5861.0,3282.0,1282.0,857658.0,199.84,2.35,English,20.91,Tier 2 City Customers,26-07-2024
PU-CMP-2090,Paid Ads,College Students,15.0,"Google, Instagram",17823.0,1360.0,611.0,444.0,178044.0,468.17,-0.14,Bengali,13.55,College Students,07-10-2024
PU-CMP-48163,Social Media,Youth,6.0,"YouTube, Instagram",28971.0,4020.0,1761.0,1373.0,805951.0,158.34,2.71,Tamil,24.69,Premium Shoppers,23-01-2025
PU-CMP-50913,Social Media,Working Women,20.0,"Facebook, WhatsApp",83994.0,2038.0,813.0,258.0,171312.0,622.57,0.07,Bengali,3.7,Working Women,21-02-2025
PU-CMP-30944,SEO,Working Women,30.0,Email,62687.0,2414.0,1239.0,931.0,636804.0,290.23,1.36,Tamil,7.31,Working Women,30-12-2024
PU-CMP-12570,Email,Premium Shoppers,8.0,"YouTube, WhatsApp, Google",85638.0,11360.0,5970.0,3034.0,2202684.0,43.88,15.54,Hindi,23.78,Working Women,16-10-2024
PU-CMP-50993,Social Media,Youth,7.0,Instagram,60554.0,4574.0,928.0,532.0,,111.14,3.07,English,9.96,College Students,11-12-2024
PU-CMP-16774,SEO,,12.0,,70854.0,4345.0,1356.0,549.0,271206.0,186.3,1.65,Bengali,8.82,Tier 2 City Customers,17-09-2024
PU-CMP-2792,Social Media,Youth,15.0,WhatsApp,58799.0,2775.0,832.0,287.0,66010.0,631.21,-0.64,,6.62,Tier 2 City Customers,05-10-2024
PU-CMP-2169,,Premium Shoppers,10.0,Facebook,78235.0,7701.0,4346.0,1936.0,1192576.0,132.91,3.63,Hindi,17.87,Tier 2 City Customers,02-04-2025
PU-CMP-34352,Paid Ads,Premium Shoppers,30.0,"Facebook, Instagram",83544.0,6692.0,2048.0,993.0,201579.0,260.24,-0.22,Tamil,11.65,Premium Shoppers,07-01-2025
PU-CMP-30156,Paid Ads,Youth,30.0,"YouTube, Google",17892.0,2583.0,875.0,,228852.0,623.85,-0.22,English,21.94,,08-02-2025
PU-CMP-11761,SEO,Tier 2 City Customers,17.0,Instagram,60337.0,4232.0,1327.0,965.0,502765.0,211.21,1.47,Hindi,10.81,Youth,21-08-2024
PU-CMP-23996,Social Media,Working Women,30.0,Facebook,26529.0,934.0,422.0,290.0,87000.0,595.3,-0.5,Bengali,6.2,Working Women,24-05-2025
PU-CMP-5028,Social Media,Youth,13.0,Google,14122.0,692.0,304.0,135.0,57105.0,968.92,-0.56,English,8.01,Youth,29-03-2025
PU-CMP-28379,Social Media,Youth,5.0,"Instagram, Google",80321.0,7481.0,3086.0,2369.0,900220.0,81.36,3.67,Hindi,16.11,Working Women,15-06-2025
PU-CMP-28520,Email,Working Women,21.0,"Instagram, Email",76301.0,8815.0,1842.0,1060.0,526820.0,277.85,0.79,Hindi,15.36,Working Women,06-02-2025
PU-CMP-2696,Paid Ads,Premium Shoppers,13.0,"Instagram, Facebook, YouTube",34699.0,1669.0,446.0,164.0,124804.0,589.28,0.29,Bengali,6.57,Tier 2 City Customers,13-01-2025
PU-CMP-45099,Paid Ads,,27.0,,54736.0,4408.0,1972.0,1575.0,524475.0,55.25,5.03,Hindi,14.53,Youth,22-11-2024
PU-CMP-39298,Email,Tier 2 City Customers,19.0,"Google, Facebook, WhatsApp",15497.0,1781.0,919.0,437.0,270940.0,621.51,0.0,Hindi,20.24,Youth,03-05-2025
PU-CMP-9274,Influencer,Working Women,18.0,"WhatsApp, Instagram, Facebook",48247.0,4825.0,,486.0,147258.0,438.63,-0.31,Tamil,13.84,Working Women,11-04-2025
PU-CMP-2390,SEO,Working Women,7.0,"WhatsApp, Instagram",84522.0,7989.0,3841.0,2839.0,1981622.0,101.81,5.86,Hindi,17.36,Youth,27-11-2024
PU-CMP-38698,Paid Ads,Working Women,14.0,"Facebook, WhatsApp",94571.0,12604.0,4857.0,2177.0,,41.49,9.77,English,20.77,Tier 2 City Customers,28-07-2024
PU-CMP-31238,Paid Ads,College Students,,"Instagram, Google, Facebook",60670.0,1420.0,784.0,316.0,92588.0,687.7,-0.57,Tamil,4.15,Youth,18-09-2024
PU-CMP-12010,Email,College Students,18.0,WhatsApp,78130.0,7815.0,2909.0,,412368.0,78.19,2.38,Tamil,15.73,Working Women,22-02-2025
PU-CMP-20850,Paid Ads,Youth,14.0,Facebook,91376.0,8401.0,4639.0,2977.0,1815970.0,60.19,9.14,Tamil,17.53,Tier 2 City Customers,
PU-CMP-11678,Social Media,Youth,21.0,"Instagram, Email, Google",82154.0,4127.0,1432.0,525.0,244650.0,363.83,0.28,Tamil,7.41,College Students,25-10-2024
PU-CMP-40002,Influencer,Working Women,18.0,"WhatsApp, YouTube",17888.0,607.0,237.0,159.0,37842.0,697.56,-0.66,Hindi,5.61,College Students,
PU-CMP-17430,Email,Premium Shoppers,17.0,"WhatsApp, Instagram, Facebook",77261.0,2170.0,851.0,572.0,271700.0,223.13,1.13,Bengali,4.65,Working Women,27-05-2025
PU-CMP-42460,,Premium Shoppers,8.0,"Email, WhatsApp, Instagram",90925.0,9432.0,5476.0,1791.0,818487.0,110.62,3.13,Bengali,18.37,Youth,18-06-2025
PU-CMP-22374,Social Media,Working Women,11.0,"Email, Google",91329.0,4155.0,1784.0,591.0,245265.0,423.33,-0.02,English,7.15,Tier 2 City Customers,08-04-2025
,SEO,Tier 2 City Customers,5.0,Email,61407.0,8624.0,3301.0,1336.0,621240.0,143.11,2.25,English,21.6,College Students,21-06-2025
PU-CMP-1253,Social Media,Youth,19.0,"WhatsApp, Instagram, YouTube",,4158.0,1080.0,627.0,461472.0,186.81,2.94,Tamil,,Youth,29-08-2024
PU-CMP-31229,Paid Ads,Youth,6.0,"Instagram, Email, WhatsApp",94915.0,3945.0,1199.0,502.0,225900.0,154.89,1.91,Hindi,5.95,College Students,25-11-2024
PU-CMP-53416,Influencer,Tier 2 City Customers,9.0,Instagram,73741.0,8590.0,2078.0,,975247.0,91.29,5.98,English,16.54,Premium Shoppers,19-08-2024
PU-CMP-54279,,Working Women,10.0,"WhatsApp, YouTube, Instagram",61191.0,6500.0,2788.0,1111.0,799920.0,,2.72,Hindi,16.99,Working Women,09-03-2025
PU-CMP-11930,Email,Premium Shoppers,12.0,"WhatsApp, Facebook, YouTube",60594.0,5585.0,2352.0,1863.0,1173690.0,93.07,5.77,Tamil,16.17,Youth,30-01-2025
PU-CMP-37601,Paid Ads,Premium Shoppers,14.0,"WhatsApp, Instagram",77318.0,5116.0,1680.0,1247.0,679615.0,,1.84,Bengali,10.4,Premium Shoppers,19-11-2024
PU-CMP-2003,Social Media,Premium Shoppers,20.0,"WhatsApp, Instagram, Email",30108.0,4055.0,2230.0,,344350.0,70.11,4.06,English,24.1,Tier 2 City Customers,21-11-2024
PU-CMP-15164,SEO,Youth,6.0,"Facebook, WhatsApp, Instagram",52486.0,6846.0,3944.0,2706.0,1493712.0,58.31,8.47,English,25.71,Youth,05-02-2025
PU-CMP-11542,Social Media,Working Women,13.0,"Email, YouTube, Instagram",10872.0,1191.0,565.0,335.0,235505.0,345.58,1.03,Hindi,19.23,Working Women,18-07-2024
PU-CMP-13399,,Youth,29.0,"Email, YouTube",96284.0,12621.0,7371.0,4963.0,1677494.0,38.37,7.81,Tamil,25.92,College Students,02-10-2024
PU-CMP-11883,Influencer,Working Women,10.0,"Google, Email, Instagram",29456.0,2953.0,1592.0,792.0,190080.0,197.13,0.22,English,18.12,College Students,16-12-2024
PU-CMP-7936,Social Media,Youth,6.0,"WhatsApp, Google, Instagram",97153.0,13226.0,2748.0,1737.0,922347.0,101.63,4.23,English,18.23,Tier 2 City Customers,09-09-2024
PU-CMP-10618,Social Media,Premium Shoppers,17.0,WhatsApp,74167.0,3303.0,1869.0,1179.0,911367.0,53.48,13.46,Tamil,8.56,,08-07-2024
PU-CMP-31758,Influencer,,13.0,"Facebook, WhatsApp, Instagram",80301.0,6804.0,3591.0,1893.0,963537.0,141.48,2.6,Hindi,15.3,Youth,05-03-2025
PU-CMP-47459,Email,Tier 2 City Customers,14.0,"Instagram, WhatsApp, Google",26243.0,1194.0,697.0,428.0,243532.0,399.61,0.42,English,8.84,Youth,05-10-2024
PU-CMP-15446,Social Media,Tier 2 City Customers,28.0,"YouTube, Facebook",34312.0,3828.0,1746.0,1148.0,308812.0,237.74,0.13,,19.59,Youth,
PU-CMP-54066,Paid Ads,,30.0,"Instagram, YouTube, Google",66085.0,3299.0,1945.0,1077.0,432954.0,160.18,1.51,Bengali,9.56,Working Women,14-02-2025
PU-CMP-7196,Paid Ads,Working Women,6.0,"WhatsApp, Facebook, Instagram",54058.0,4729.0,964.0,676.0,525252.0,200.66,2.87,English,11.78,College Students,21-09-2024
PU-CMP-51064,Influencer,Premium Shoppers,24.0,WhatsApp,88923.0,8638.0,4172.0,1251.0,474129.0,,,English,15.81,Tier 2 City Customers,08-01-2025
PU-CMP-6517,Social Media,Youth,19.0,Google,75966.0,7088.0,3109.0,,690270.0,194.55,1.93,Hindi,15.02,Working Women,06-10-2024
PU-CMP-9858,Paid Ads,College Students,24.0,"YouTube, Email",29120.0,1778.0,360.0,224.0,120288.0,812.59,-0.34,English,8.11,,28-02-2025
PU-CMP-22937,,Youth,7.0,Email,19848.0,1546.0,862.0,299.0,64584.0,955.44,-0.77,Bengali,13.64,Youth,23-03-2025
PU-CMP-30276,Influencer,Tier 2 City Customers,27.0,Google,68773.0,6000.0,2634.0,1196.0,428168.0,60.49,,English,14.29,College Students,
PU-CMP-28831,Email,Premium Shoppers,10.0,"Instagram, Google, WhatsApp",71876.0,1875.0,924.0,719.0,438590.0,255.42,1.39,Bengali,4.89,Tier 2 City Customers,13-11-2024
,SEO,Premium Shoppers,29.0,Facebook,98436.0,,3399.0,2262.0,1058616.0,,3.32,English,14.06,Tier 2 City Customers,14-02-2025
PU-CMP-5669,Email,Working Women,25.0,"YouTube, Instagram",27842.0,3567.0,1026.0,577.0,253880.0,402.4,0.09,English,18.57,College Students,17-04-2025
PU-CMP-30936,Influencer,College Students,25.0,,32656.0,2372.0,1026.0,777.0,357420.0,322.05,0.43,Tamil,12.78,Working Women,05-03-2025
PU-CMP-31432,Social Media,Youth,5.0,"YouTube, WhatsApp, Facebook",49056.0,7002.0,,705.0,521700.0,105.11,,Tamil,19.94,Working Women,
PU-CMP-50162,Paid Ads,Premium Shoppers,29.0,"Facebook, Email, Instagram",60858.0,5634.0,1824.0,799.0,411485.0,241.87,1.13,English,13.57,Premium Shoppers,20-11-2024
PU-CMP-22862,Influencer,College Students,,Instagram,,7053.0,1717.0,845.0,327860.0,68.81,4.64,Bengali,11.25,Premium Shoppers,22-08-2024
PU-CMP-6711,SEO,Tier 2 City Customers,21.0,"YouTube, Email, Google",64971.0,4496.0,1020.0,684.0,145692.0,160.39,0.33,English,9.54,Youth,
PU-CMP-25830,Social Media,Tier 2 City Customers,14.0,Facebook,67414.0,5148.0,2655.0,,296376.0,113.74,0.86,English,13.65,Working Women,28-12-2024
PU-CMP-47359,Email,Working Women,8.0,Email,14794.0,501.0,169.0,52.0,22984.0,4739.29,-0.91,Hindi,,Working Women,16-11-2024
PU-CMP-39844,Influencer,Working Women,27.0,"YouTube, Instagram",54133.0,1403.0,709.0,396.0,304524.0,225.47,2.41,,4.63,Premium Shoppers,12-11-2024
PU-CMP-55943,Paid Ads,Youth,20.0,"Facebook, Email",10787.0,1360.0,717.0,543.0,243264.0,407.41,0.1,Tamil,24.29,Tier 2 City Customers,20-04-2025
PU-CMP-5448,Social Media,College Students,22.0,Facebook,77733.0,8581.0,5030.0,1937.0,1270672.0,152.33,3.31,Bengali,20.0,College Students,13-03-2025
PU-CMP-27176,Email,Premium Shoppers,9.0,"WhatsApp, Instagram, Facebook",78417.0,7358.0,2380.0,1022.0,648970.0,59.82,9.62,Hindi,13.72,Youth,01-01-2025
,Influencer,Youth,23.0,Google,35984.0,4046.0,1198.0,690.0,387780.0,207.81,1.7,Bengali,16.49,Tier 2 City Customers,17-10-2024
PU-CMP-25202,Influencer,Tier 2 City Customers,25.0,"Google, YouTube, Email",17849.0,1855.0,389.0,233.0,146324.0,549.06,0.14,Tamil,13.88,College Students,14-09-2024
PU-CMP-31335,Email,Tier 2 City Customers,11.0,"Email, Instagram",94743.0,7210.0,3813.0,,1566378.0,37.02,15.05,English,14.42,Youth,03-12-2024
PU-CMP-46537,SEO,Youth,7.0,"Google, YouTube",91376.0,10083.0,5318.0,3270.0,2138580.0,31.21,19.96,Hindi,20.43,Premium Shoppers,13-04-2025
PU-CMP-18475,Influencer,Youth,17.0,"Instagram, WhatsApp",61514.0,8118.0,2974.0,2060.0,1376080.0,68.16,8.8,English,21.38,Youth,20-04-2025
PU-CMP-7128,Influencer,Tier 2 City Customers,17.0,"Instagram, YouTube",95419.0,9448.0,4615.0,3318.0,739914.0,33.94,5.57,Bengali,18.22,Premium Shoppers,05-04-2025
PU-CMP-13081,Email,Working Women,10.0,"Instagram, Google, WhatsApp",51896.0,4368.0,,1472.0,1174656.0,193.69,3.12,Hindi,15.82,College Students,31-05-2025
PU-CMP-38328,,Working Women,23.0,"Instagram, WhatsApp",53531.0,4618.0,2154.0,1258.0,545972.0,205.25,1.11,Tamil,15.0,Working Women,10-09-2024
PU-CMP-12100,Social Media,Tier 2 City Customers,,"Email, WhatsApp",10810.0,685.0,248.0,97.0,45008.0,711.75,-0.35,Bengali,9.53,Tier 2 City Customers,09-10-2024
PU-CMP-44396,Paid Ads,Tier 2 City Customers,,"WhatsApp, Email, Google",55585.0,7495.0,3964.0,2661.0,670572.0,100.45,1.51,Tamil,25.4,,20-04-2025
PU-CMP-44631,SEO,Tier 2 City Customers,23.0,"Google, YouTube",43328.0,2812.0,,1210.0,573540.0,142.51,,Bengali,13.09,Premium Shoppers,09-02-2025
PU-CMP-27174,Social Media,Tier 2 City Customers,7.0,"YouTube, Google, WhatsApp",65872.0,8803.0,3983.0,1656.0,687240.0,156.13,1.66,Bengali,21.92,Tier 2 City Customers,22-12-2024
PU-CMP-23374,Email,Premium Shoppers,24.0,"WhatsApp, Instagram, Facebook",22537.0,1415.0,845.0,441.0,349713.0,581.61,0.36,English,11.98,Youth,03-03-2025
PU-CMP-56361,Paid Ads,Working Women,,YouTube,86688.0,3539.0,1747.0,1188.0,463320.0,251.44,0.55,Hindi,7.47,Premium Shoppers,10-02-2025
PU-CMP-3807,SEO,Premium Shoppers,15.0,"YouTube, Facebook, Instagram",58016.0,5435.0,1975.0,1301.0,640092.0,181.45,1.71,Tamil,15.01,Tier 2 City Customers,26-07-2024
PU-CMP-4788,,Tier 2 City Customers,,Instagram,26270.0,1821.0,626.0,197.0,57130.0,461.65,,Tamil,10.06,Youth,01-03-2025
PU-CMP-31185,Paid Ads,Tier 2 City Customers,24.0,"Facebook, Instagram",66450.0,6948.0,2093.0,1433.0,1073317.0,115.33,5.49,English,15.76,Youth,06-12-2024
PU-CMP-18080,SEO,College Students,18.0,YouTube,44125.0,5081.0,2597.0,1941.0,995733.0,67.01,6.66,English,21.8,Premium Shoppers,05-03-2025
PU-CMP-46849,Email,Youth,18.0,WhatsApp,17299.0,610.0,173.0,132.0,53592.0,1491.61,-0.73,Hindi,5.29,Youth,21-04-2025
PU-CMP-7095,Social Media,Working Women,22.0,Email,39144.0,797.0,257.0,,50316.0,2077.68,-0.71,Hindi,2.91,Tier 2 City Customers,13-03-2025
PU-CMP-5878,SEO,Tier 2 City Customers,8.0,YouTube,21539.0,556.0,,160.0,92640.0,1779.58,-0.67,,4.32,Tier 2 City Customers,18-08-2024
PU-CMP-26942,Social Media,Premium Shoppers,26.0,Facebook,35656.0,,297.0,202.0,115140.0,283.9,1.01,English,3.95,Youth,09-05-2025
PU-CMP-19834,Social Media,Working Women,24.0,"Google, WhatsApp, YouTube",16092.0,1139.0,286.0,126.0,99540.0,1693.28,-0.53,,9.64,Working Women,02-02-2025
PU-CMP-37900,Influencer,Premium Shoppers,25.0,Google,,1785.0,366.0,151.0,78520.0,597.23,-0.13,Tamil,11.38,Youth,27-12-2024
PU-CMP-8836,SEO,Premium Shoppers,,"Instagram, Google, WhatsApp",25721.0,2020.0,585.0,196.0,137396.0,691.7,0.01,English,10.89,Youth,04-02-2025
PU-CMP-3008,,Premium Shoppers,16.0,"Instagram, YouTube",37107.0,2526.0,1424.0,591.0,184983.0,226.78,0.38,Tamil,12.24,Youth,07-01-2025
PU-CMP-33374,Social Media,,28.0,"YouTube, Instagram, WhatsApp",69530.0,2479.0,845.0,642.0,243960.0,419.94,-0.1,Tamil,5.7,Youth,13-10-2024
PU-CMP-40675,Influencer,Premium Shoppers,27.0,Instagram,83791.0,9792.0,4710.0,2690.0,,90.76,3.89,Bengali,20.52,College Students,13-10-2024
PU-CMP-25308,Social Media,Premium Shoppers,28.0,Google,85033.0,6534.0,2788.0,1290.0,643710.0,165.73,2.01,Hindi,12.48,Tier 2 City Customers,18-08-2024
PU-CMP-36431,Paid Ads,Premium Shoppers,10.0,Instagram,,2146.0,1172.0,361.0,233567.0,559.5,0.16,English,4.22,College Students,31-12-2024
PU-CMP-34819,SEO,Tier 2 City Customers,8.0,WhatsApp,71222.0,3975.0,2277.0,1353.0,906510.0,191.83,2.49,,10.68,Tier 2 City Customers,12-09-2024
PU-CMP-19415,SEO,,17.0,"Email, YouTube",61586.0,7602.0,3985.0,2811.0,1725954.0,,5.66,Hindi,23.38,Youth,02-12-2024
PU-CMP-37037,Influencer,College Students,25.0,"WhatsApp, YouTube, Email",36561.0,3137.0,1479.0,677.0,203100.0,415.63,,Tamil,14.48,Premium Shoppers,07-07-2024
,Influencer,Working Women,29.0,"WhatsApp, Google",67714.0,8982.0,2777.0,958.0,260576.0,97.96,1.78,Bengali,18.78,College Students,26-07-2024
PU-CMP-43272,SEO,Youth,21.0,YouTube,72448.0,,2234.0,1115.0,448230.0,152.23,1.64,Tamil,,College Students,17-10-2024
PU-CMP-19102,Email,Youth,9.0,"Google, Instagram, YouTube",90167.0,4356.0,2328.0,950.0,229900.0,300.64,-0.2,English,8.47,Youth,19-09-2024
PU-CMP-53111,Email,Working Women,20.0,Google,69028.0,6354.0,2901.0,1464.0,1020408.0,177.67,2.92,,15.53,Working Women,04-06-2025
PU-CMP-22132,Influencer,Premium Shoppers,28.0,"Google, Email",29227.0,4059.0,1913.0,1486.0,918348.0,155.44,2.98,Hindi,25.52,Tier 2 City Customers,17-03-2025
,Influencer,Youth,27.0,Instagram,,1551.0,688.0,,,876.5,-0.37,Tamil,18.83,,18-11-2024
PU-CMP-12541,SEO,Youth,10.0,"Instagram, Email, Google",48378.0,2058.0,864.0,482.0,372104.0,135.4,4.7,Bengali,7.04,Tier 2 City Customers,18-01-2025
PU-CMP-26953,SEO,College Students,6.0,"YouTube, Google",79192.0,10972.0,,1863.0,955719.0,95.31,4.38,Bengali,22.88,Tier 2 City Customers,21-01-2025
PU-CMP-47115,SEO,Tier 2 City Customers,9.0,"Google, YouTube, Facebook",69195.0,7019.0,1547.0,,167790.0,216.61,0.08,English,13.41,Working Women,02-11-2024
PU-CMP-27625,Social Media,Premium Shoppers,7.0,"YouTube, Facebook",49711.0,4079.0,1058.0,482.0,273294.0,139.22,3.07,Bengali,11.3,Youth,13-03-2025
PU-CMP-46650,Social Media,Working Women,,YouTube,,8522.0,4918.0,1845.0,725085.0,105.66,2.72,Tamil,18.17,Tier 2 City Customers,22-04-2025
PU-CMP-21701,Influencer,Premium Shoppers,26.0,Google,13633.0,1816.0,996.0,622.0,393726.0,189.14,2.35,Hindi,25.19,College Students,26-07-2024
,SEO,College Students,29.0,Google,96186.0,4653.0,2510.0,965.0,284675.0,127.46,1.31,English,8.45,College Students,28-08-2024
PU-CMP-37156,Influencer,Working Women,12.0,YouTube,69233.0,4418.0,1187.0,909.0,234522.0,284.29,-0.09,Hindi,9.41,Tier 2 City Customers,29-12-2024
PU-CMP-23141,Influencer,Premium Shoppers,29.0,"Instagram, Google, WhatsApp",48108.0,6829.0,1436.0,689.0,329342.0,88.38,4.41,Tamil,18.61,Tier 2 City Customers,04-10-2024
PU-CMP-17273,SEO,Tier 2 City Customers,19.0,"WhatsApp, YouTube",48477.0,4791.0,2476.0,,721824.0,136.01,2.03,Bengali,18.6,Tier 2 City Customers,27-08-2024
PU-CMP-47794,Influencer,Premium Shoppers,18.0,"Email, Facebook, Instagram",58528.0,6686.0,2542.0,1517.0,549154.0,49.66,6.29,Bengali,18.36,Premium Shoppers,02-07-2024
PU-CMP-28279,Paid Ads,College Students,18.0,"Instagram, WhatsApp, Google",22931.0,2856.0,764.0,483.0,374808.0,289.58,1.68,Bengali,17.89,,
PU-CMP-18090,Social Media,Tier 2 City Customers,26.0,"YouTube, Email",30187.0,4446.0,1707.0,776.0,537768.0,277.65,1.5,Hindi,22.95,Working Women,02-12-2024
PU-CMP-50690,Social Media,Premium Shoppers,11.0,"Facebook, Instagram",16515.0,794.0,178.0,67.0,50384.0,3952.16,-0.81,Bengali,6.29,Premium Shoppers,31-07-2024
PU-CMP-3616,Social Media,Youth,19.0,"Instagram, WhatsApp, Email",52093.0,7448.0,1820.0,1004.0,295176.0,,3.49,Hindi,19.72,College Students,31-12-2024
PU-CMP-10606,Email,Premium Shoppers,13.0,,11374.0,1212.0,321.0,180.0,81000.0,1176.72,-0.62,Tamil,15.06,,
PU-CMP-34255,Paid Ads,College Students,,,45501.0,3586.0,786.0,339.0,79326.0,658.95,-0.64,Bengali,10.35,Premium Shoppers,15-11-2024
PU-CMP-23872,,Working Women,15.0,"YouTube, Google, Instagram",98239.0,5497.0,1570.0,735.0,528465.0,,,Bengali,7.94,,13-05-2025
PU-CMP-42608,Email,College Students,28.0,WhatsApp,,3459.0,1321.0,,,365.09,0.38,Bengali,23.26,College Students,21-12-2024
PU-CMP-13691,Paid Ads,Working Women,24.0,"YouTube, Facebook, Google",50698.0,4976.0,1948.0,1543.0,921171.0,,8.65,Hindi,16.7,Premium Shoppers,04-07-2024
PU-CMP-18461,Email,Premium Shoppers,,Facebook,,5761.0,,1353.0,389664.0,53.91,4.34,Hindi,22.21,Youth,12-03-2025
PU-CMP-40034,Influencer,College Students,22.0,"WhatsApp, YouTube, Email",46648.0,6425.0,3333.0,1981.0,931070.0,73.14,5.43,Hindi,25.17,College Students,23-05-2025
PU-CMP-53999,Paid Ads,,29.0,WhatsApp,97606.0,3976.0,1428.0,957.0,470844.0,183.28,1.68,Tamil,6.52,Youth,05-11-2024
PU-CMP-50389,Paid Ads,,18.0,"Facebook, WhatsApp",61038.0,4702.0,1407.0,752.0,209808.0,202.76,0.38,Tamil,,Working Women,
PU-CMP-50652,Email,Premium Shoppers,8.0,"Instagram, YouTube, Email",35587.0,2664.0,838.0,451.0,354486.0,284.25,1.77,,11.11,Youth,14-10-2024
PU-CMP-39576,Influencer,Tier 2 City Customers,26.0,"Google, Instagram, Facebook",60020.0,8577.0,3584.0,2003.0,1323983.0,141.1,3.68,Hindi,23.6,Youth,
PU-CMP-49914,Email,College Students,,"WhatsApp, Facebook",67497.0,8761.0,3343.0,2441.0,951990.0,34.98,10.15,Tamil,21.55,Working Women,13-05-2025
,Social Media,Youth,13.0,"Facebook, Email",42340.0,1379.0,643.0,403.0,94302.0,376.19,-0.38,English,5.73,Youth,18-03-2025
PU-CMP-51267,Paid Ads,College Students,10.0,,99777.0,12646.0,4367.0,2311.0,718721.0,74.34,3.18,Tamil,19.37,,15-06-2025
,SEO,Working Women,10.0,"YouTube, Email",19560.0,2609.0,926.0,338.0,244374.0,793.14,-0.09,Hindi,19.8,Premium Shoppers,08-06-2025
PU-CMP-47611,Paid Ads,Premium Shoppers,7.0,Email,13220.0,1930.0,1139.0,487.0,128081.0,503.88,-0.48,Hindi,26.9,Working Women,26-02-2025
,Email,,30.0,"Instagram, WhatsApp, Google",14755.0,651.0,190.0,87.0,18270.0,1499.75,-0.86,English,6.29,Working Women,18-04-2025
PU-CMP-26922,SEO,College Students,29.0,"WhatsApp, Facebook",,2045.0,776.0,255.0,109395.0,665.93,-0.36,Tamil,22.46,College Students,18-05-2025
PU-CMP-25676,,Youth,25.0,"Email, Google, Instagram",83912.0,11627.0,5675.0,3932.0,2201920.0,69.72,7.03,Tamil,25.31,Tier 2 City Customers,27-04-2025
PU-CMP-16726,Social Media,Youth,22.0,"Google, WhatsApp, Email",43854.0,4790.0,1528.0,1001.0,,282.43,0.47,Hindi,16.69,Youth,21-08-2024
PU-CMP-18697,SEO,Youth,24.0,WhatsApp,26106.0,2495.0,1314.0,551.0,370272.0,443.22,0.52,Hindi,16.7,,14-01-2025
PU-CMP-18593,Social Media,Youth,22.0,Instagram,62647.0,7399.0,2144.0,895.0,605915.0,269.07,1.52,Tamil,16.66,College Students,07-01-2025
PU-CMP-36491,Email,College Students,30.0,"Instagram, WhatsApp, Google",45959.0,2205.0,984.0,629.0,152847.0,305.83,-0.21,Hindi,8.31,Working Women,09-12-2024
PU-CMP-6975,Email,,27.0,WhatsApp,38506.0,2891.0,745.0,579.0,343926.0,345.86,0.72,English,10.95,Working Women,25-01-2025
PU-CMP-45652,Social Media,Tier 2 City Customers,25.0,Instagram,88085.0,6089.0,1978.0,784.0,286944.0,100.28,2.65,Tamil,10.05,Tier 2 City Customers,09-07-2024
PU-CMP-56055,Email,Working Women,26.0,"WhatsApp, Google",83971.0,12052.0,2894.0,1072.0,343040.0,172.6,0.85,English,19.08,Youth,09-07-2024
PU-CMP-2736,SEO,College Students,13.0,Google,81493.0,11379.0,3232.0,1072.0,594960.0,206.91,1.68,Bengali,19.24,Working Women,25-07-2024
PU-CMP-11439,SEO,Tier 2 City Customers,15.0,"Google, WhatsApp, Email",90577.0,1855.0,518.0,173.0,125944.0,339.26,1.15,Bengali,2.81,,06-03-2025
PU-CMP-10125,Influencer,Working Women,9.0,"YouTube, Facebook, Instagram",31893.0,1236.0,608.0,202.0,67468.0,465.51,-0.28,Bengali,6.42,Premium Shoppers,19-12-2024
PU-CMP-10129,Paid Ads,Tier 2 City Customers,12.0,"Email, Facebook",71318.0,3712.0,1897.0,1280.0,686080.0,165.43,2.24,Tamil,9.66,Tier 2 City Customers,30-12-2024
PU-CMP-48907,Social Media,Youth,23.0,"YouTube, Google, WhatsApp",37357.0,4115.0,1842.0,1447.0,,46.43,6.88,Bengali,19.82,College Students,17-04-2025
PU-CMP-45885,Social Media,Working Women,13.0,"Email, Google, WhatsApp",70568.0,7444.0,2998.0,2182.0,741880.0,97.39,2.49,Bengali,17.89,College Students,06-01-2025
PU-CMP-24742,Social Media,Working Women,23.0,"Facebook, WhatsApp, Instagram",98220.0,12181.0,4401.0,3453.0,2133954.0,60.72,9.18,Tamil,20.4,Youth,30-09-2024
PU-CMP-9171,SEO,Premium Shoppers,10.0,"WhatsApp, Google",86143.0,3377.0,1590.0,849.0,433839.0,127.63,3.0,Tamil,6.75,Tier 2 City Customers,25-02-2025
PU-CMP-19861,Paid Ads,Youth,5.0,Google,,1173.0,409.0,265.0,203785.0,1056.09,-0.27,Hindi,3.29,Premium Shoppers,21-07-2024
PU-CMP-27992,Social Media,Tier 2 City Customers,30.0,Facebook,93591.0,7536.0,1637.0,747.0,422802.0,221.61,1.55,Tamil,10.6,College Students,20-07-2024
PU-CMP-26554,Paid Ads,Tier 2 City Customers,23.0,"Facebook, Instagram",13145.0,1866.0,1107.0,851.0,344655.0,155.3,1.61,Hindi,29.09,Premium Shoppers,19-11-2024
PU-CMP-13695,,Premium Shoppers,26.0,"Instagram, Email",49535.0,1232.0,566.0,382.0,254794.0,617.92,0.08,Hindi,4.4,College Students,03-01-2025
PU-CMP-40804,Influencer,Working Women,27.0,"WhatsApp, Instagram",51923.0,5744.0,3012.0,1998.0,1384614.0,55.86,11.41,English,20.71,College Students,13-04-2025
PU-CMP-22805,Social Media,Working Women,,Facebook,18550.0,1071.0,313.0,,68698.0,2584.23,-0.73,English,7.99,Working Women,05-01-2025
PU-CMP-3982,Paid Ads,Premium Shoppers,11.0,WhatsApp,54148.0,4028.0,1681.0,610.0,264740.0,114.89,2.78,Hindi,11.67,Working Women,18-09-2024
PU-CMP-37797,Influencer,,13.0,"Email, Google, Instagram",75030.0,,677.0,504.0,104832.0,305.84,-0.32,Bengali,4.88,Youth,18-05-2025
,Influencer,Premium Shoppers,14.0,WhatsApp,15925.0,1691.0,,468.0,103896.0,116.11,0.91,Tamil,17.76,College Students,11-01-2025
PU-CMP-2655,Influencer,Youth,8.0,"Google, Email",46492.0,6803.0,3135.0,,679680.0,103.79,,Hindi,23.66,Tier 2 City Customers,16-09-2024
PU-CMP-48755,Paid Ads,Premium Shoppers,19.0,Facebook,,5811.0,1266.0,624.0,258336.0,311.84,0.33,Tamil,18.12,College Students,30-08-2024
PU-CMP-6920,Influencer,Working Women,9.0,"WhatsApp, Google",28849.0,4305.0,1454.0,683.0,390676.0,303.55,0.88,English,22.33,Premium Shoppers,17-12-2024
PU-CMP-38527,Email,College Students,27.0,"Email, YouTube",69314.0,1443.0,825.0,346.0,165734.0,502.99,-0.05,Tamil,3.77,Tier 2 City Customers,19-10-2024
PU-CMP-49822,Paid Ads,Premium Shoppers,,"Instagram, Google",40227.0,1092.0,564.0,262.0,100608.0,766.68,-0.5,Bengali,4.77,Premium Shoppers,14-09-2024
PU-CMP-30589,SEO,Working Women,13.0,"YouTube, Facebook",69396.0,7840.0,4470.0,1668.0,882372.0,157.93,2.35,Tamil,20.14,Youth,15-07-2024
PU-CMP-44276,Paid Ads,Premium Shoppers,24.0,"Email, Instagram",22342.0,1249.0,474.0,322.0,145866.0,214.7,1.11,Hindi,9.15,,08-04-2025
PU-CMP-36467,Email,College Students,16.0,Email,30570.0,1408.0,299.0,153.0,54927.0,1733.12,-0.79,English,6.08,Tier 2 City Customers,12-09-2024
PU-CMP-7075,Paid Ads,Tier 2 City Customers,29.0,Google,46385.0,2120.0,1021.0,321.0,67731.0,492.12,-0.57,Bengali,7.46,Tier 2 City Customers,24-07-2024
PU-CMP-41032,Paid Ads,College Students,7.0,Google,37182.0,5338.0,2236.0,1366.0,984886.0,69.51,9.37,Tamil,24.04,Premium Shoppers,06-06-2025
PU-CMP-51279,Social Media,College Students,25.0,"Instagram, YouTube, Google",58542.0,,837.0,608.0,375744.0,431.98,0.43,Hindi,8.01,Tier 2 City Customers,28-01-2025
PU-CMP-14660,Paid Ads,Premium Shoppers,14.0,"WhatsApp, Instagram",27657.0,2731.0,1286.0,966.0,603750.0,67.9,8.2,Hindi,18.02,Premium Shoppers,18-08-2024
PU-CMP-35726,Social Media,Premium Shoppers,6.0,"Instagram, Google, Facebook",95862.0,6886.0,2728.0,2146.0,572982.0,62.99,3.24,Tamil,12.27,Working Women,09-04-2025
PU-CMP-2165,Social Media,Premium Shoppers,9.0,,92187.0,4187.0,2321.0,1830.0,523380.0,,0.8,Hindi,9.04,,02-04-2025
PU-CMP-19794,Social Media,College Students,16.0,"YouTube, Facebook, Instagram",12687.0,1227.0,551.0,438.0,282072.0,190.71,2.38,,,Tier 2 City Customers,14-03-2025
PU-CMP-22908,Influencer,Premium Shoppers,25.0,"Google, WhatsApp",38634.0,3281.0,876.0,657.0,185931.0,94.09,2.01,Bengali,12.46,College Students,02-08-2024
PU-CMP-26555,Paid Ads,Premium Shoppers,29.0,,49619.0,5579.0,1136.0,670.0,516570.0,280.15,1.75,,14.88,College Students,09-07-2024
PU-CMP-18462,Influencer,Tier 2 City Customers,12.0,"YouTube, Facebook",23891.0,1351.0,348.0,117.0,88920.0,2504.23,-0.7,Bengali,7.6,College Students,17-03-2025
PU-CMP-42288,Social Media,College Students,12.0,WhatsApp,,655.0,321.0,189.0,113967.0,1430.51,-0.58,Tamil,5.76,Premium Shoppers,10-07-2024
PU-CMP-30786,Paid Ads,Youth,19.0,"Email, YouTube",41847.0,4856.0,1770.0,1099.0,572579.0,74.38,6.0,Hindi,18.46,Youth,27-11-2024
PU-CMP-41476,SEO,College Students,18.0,,90525.0,2102.0,1181.0,423.0,317250.0,,0.09,Bengali,4.09,Premium Shoppers,06-08-2024
PU-CMP-41804,,Tier 2 City Customers,23.0,"Google, Facebook, Email",46853.0,1370.0,338.0,194.0,46948.0,818.77,-0.7,Hindi,4.06,Youth,01-10-2024
PU-CMP-8143,Social Media,Working Women,11.0,YouTube,,3651.0,1742.0,758.0,412352.0,349.37,0.56,Tamil,18.0,Premium Shoppers,18-12-2024
PU-CMP-26486,Social Media,Youth,7.0,"Google, YouTube, WhatsApp",76180.0,3870.0,1850.0,897.0,624312.0,206.12,2.38,Bengali,8.69,Tier 2 City Customers,27-11-2024
PU-CMP-15763,Influencer,College Students,8.0,"Instagram, WhatsApp",50690.0,4690.0,1708.0,1005.0,528630.0,260.45,,English,14.6,College Students,31-10-2024
PU-CMP-10313,Email,Youth,23.0,"Instagram, WhatsApp",14511.0,1196.0,569.0,421.0,271545.0,517.01,0.25,Bengali,15.06,College Students,03-07-2024
PU-CMP-45352,SEO,College Students,20.0,Instagram,,10610.0,4401.0,3187.0,774441.0,,1.92,English,25.63,,08-01-2025
PU-CMP-5091,SEO,Tier 2 City Customers,19.0,"YouTube, Email",99916.0,6170.0,2354.0,1683.0,405603.0,174.08,0.38,English,10.22,College Students,02-07-2024
PU-CMP-44031,Social Media,Premium Shoppers,7.0,WhatsApp,97993.0,,3628.0,2387.0,1133825.0,30.23,14.71,Bengali,13.49,Working Women,11-10-2024
PU-CMP-1681,SEO,Tier 2 City Customers,10.0,"YouTube, Google",26680.0,3424.0,960.0,472.0,109976.0,242.08,-0.04,English,,Premium Shoppers,06-05-2025
PU-CMP-7939,Email,Tier 2 City Customers,13.0,"YouTube, WhatsApp",22132.0,811.0,165.0,93.0,39804.0,2352.44,-0.82,Bengali,4.83,College Students,18-09-2024
PU-CMP-2484,Influencer,Tier 2 City Customers,22.0,"WhatsApp, Instagram, Email",81229.0,4046.0,1842.0,736.0,401856.0,355.79,0.53,Hindi,8.15,College Students,08-04-2025
PU-CMP-7933,Social Media,College Students,27.0,"Instagram, Email",60234.0,2231.0,928.0,527.0,304079.0,201.98,1.86,Hindi,6.12,,05-07-2024
PU-CMP-52150,SEO,College Students,25.0,"Google, Facebook",79688.0,8667.0,5021.0,2485.0,1801625.0,96.11,6.54,Hindi,,Tier 2 City Customers,19-09-2024
PU-CMP-14126,SEO,Youth,25.0,"Instagram, Email, Facebook",60841.0,4725.0,2560.0,1640.0,331280.0,54.33,2.72,Tamil,14.67,College Students,28-11-2024
PU-CMP-38640,,Premium Shoppers,20.0,Facebook,99576.0,10301.0,2589.0,1182.0,515352.0,85.68,4.09,Hindi,14.13,Working Women,25-01-2025
PU-CMP-8982,Social Media,Working Women,27.0,Email,,5499.0,3046.0,1567.0,546883.0,139.46,1.5,Hindi,23.17,Tier 2 City Customers,22-09-2024
PU-CMP-34338,Influencer,Youth,5.0,"Instagram, Facebook, Google",27902.0,2026.0,1176.0,436.0,262036.0,381.54,0.58,Tamil,13.04,Working Women,13-04-2025
PU-CMP-11496,Paid Ads,Premium Shoppers,10.0,"WhatsApp, Email, YouTube",78110.0,6380.0,2194.0,960.0,725760.0,279.71,,Bengali,12.21,Working Women,17-10-2024
PU-CMP-49482,,,22.0,Facebook,92735.0,12209.0,5369.0,2675.0,679450.0,54.28,3.68,Bengali,21.84,Working Women,19-08-2024
PU-CMP-6466,Paid Ads,Youth,23.0,WhatsApp,19208.0,2240.0,1190.0,394.0,165480.0,462.65,-0.09,Tamil,19.91,College Students,03-07-2024
PU-CMP-13153,Influencer,Youth,10.0,,11738.0,411.0,226.0,109.0,38695.0,1381.89,-0.74,,6.36,Premium Shoppers,16-03-2025
PU-CMP-13681,SEO,Youth,15.0,"WhatsApp, Email, Facebook",14778.0,1426.0,,393.0,149340.0,694.6,-0.45,Tamil,17.13,Working Women,11-04-2025
PU-CMP-3449,Influencer,Tier 2 City Customers,15.0,"Google, Instagram, Facebook",43979.0,6116.0,1571.0,1140.0,443460.0,142.12,1.74,Bengali,20.07,College Students,27-11-2024
PU-CMP-47009,SEO,Youth,18.0,Instagram,10386.0,406.0,136.0,48.0,28512.0,4883.12,-0.88,Tamil,5.68,Working Women,16-02-2025
PU-CMP-43311,Paid Ads,Youth,30.0,"WhatsApp, Google, YouTube",86281.0,6201.0,3223.0,1698.0,631656.0,84.66,3.39,Hindi,12.89,Working Women,28-04-2025
PU-CMP-34640,Social Media,Working Women,17.0,Instagram,85651.0,2800.0,957.0,705.0,232650.0,133.23,1.48,Bengali,5.21,Premium Shoppers,27-02-2025
PU-CMP-56295,SEO,College Students,8.0,Email,51024.0,5325.0,2432.0,1395.0,403155.0,198.48,0.46,English,17.94,Youth,25-11-2024
PU-CMP-7483,Influencer,Working Women,11.0,Google,56815.0,2620.0,722.0,,,1083.0,-0.65,Tamil,6.33,Youth,11-03-2025
PU-CMP-52201,Paid Ads,Premium Shoppers,26.0,Google,85885.0,3612.0,1189.0,551.0,414352.0,143.5,4.24,Bengali,6.23,Tier 2 City Customers,28-04-2025
PU-CMP-12165,Influencer,Youth,22.0,"Facebook, Instagram, Google",47780.0,6636.0,2651.0,916.0,214344.0,171.73,0.36,English,21.35,Working Women,04-05-2025
PU-CMP-2566,Paid Ads,Working Women,19.0,Facebook,29625.0,,861.0,643.0,279705.0,101.48,3.29,English,12.13,College Students,16-09-2024
PU-CMP-3593,Paid Ads,Premium Shoppers,15.0,,73456.0,4175.0,2363.0,1865.0,1193600.0,50.67,11.63,Bengali,11.44,Youth,23-09-2024
PU-CMP-38025,Influencer,Working Women,8.0,WhatsApp,99389.0,7192.0,1909.0,1118.0,316394.0,242.55,0.17,Bengali,10.28,Tier 2 City Customers,09-11-2024
PU-CMP-51758,Email,Working Women,13.0,"Instagram, Email, Google",90618.0,7546.0,2616.0,818.0,499798.0,340.41,0.79,English,12.12,Youth,11-06-2025
PU-CMP-3522,Email,Premium Shoppers,30.0,"WhatsApp, Google, Facebook",66369.0,3651.0,1538.0,566.0,146594.0,184.08,0.41,,8.67,Premium Shoppers,09-04-2025
PU-CMP-14800,SEO,,16.0,"Instagram, Google, WhatsApp",61312.0,7411.0,4102.0,1937.0,966563.0,73.84,5.76,Hindi,21.94,Premium Shoppers,24-04-2025
PU-CMP-15761,Social Media,Tier 2 City Customers,21.0,YouTube,79689.0,11598.0,3136.0,2490.0,,113.43,0.84,Hindi,21.61,Working Women,19-12-2024
PU-CMP-50700,Influencer,Premium Shoppers,14.0,Google,85422.0,5135.0,2768.0,,1300596.0,136.33,3.76,Tamil,11.6,College Students,06-06-2025
PU-CMP-34138,Influencer,Working Women,22.0,,94088.0,3857.0,2191.0,661.0,407837.0,292.92,1.11,Tamil,7.13,Premium Shoppers,23-02-2025
PU-CMP-1898,Email,Tier 2 City Customers,25.0,"Instagram, WhatsApp",42097.0,2446.0,563.0,410.0,315290.0,268.14,,Bengali,8.12,Working Women,02-05-2025
PU-CMP-54719,Email,College Students,17.0,Instagram,84831.0,,5143.0,1596.0,440496.0,180.89,,English,20.94,Tier 2 City Customers,15-01-2025
PU-CMP-5021,Influencer,Working Women,7.0,"YouTube, WhatsApp, Email",16160.0,379.0,134.0,92.0,72404.0,1865.8,-0.58,English,3.74,Tier 2 City Customers,06-09-2024
PU-CMP-29416,Social Media,Youth,29.0,"Email, YouTube",68921.0,9445.0,2398.0,815.0,452325.0,176.38,2.15,Bengali,18.37,Tier 2 City Customers,05-09-2024
PU-CMP-28249,Paid Ads,Working Women,14.0,"Instagram, Email, Google",67082.0,7459.0,3327.0,1469.0,,116.76,1.34,Tamil,18.27,Premium Shoppers,10-02-2025
PU-CMP-47870,SEO,Premium Shoppers,21.0,"YouTube, Instagram, WhatsApp",64969.0,9080.0,2186.0,1199.0,519167.0,79.01,4.48,Bengali,19.19,Youth,21-12-2024
PU-CMP-39390,SEO,College Students,5.0,"Google, Facebook, YouTube",80729.0,9605.0,4757.0,1810.0,436210.0,46.9,4.14,Hindi,20.03,Premium Shoppers,18-07-2024
PU-CMP-11153,Email,Youth,7.0,"YouTube, Email",41024.0,,2709.0,2086.0,803110.0,,3.74,English,24.19,Youth,01-07-2024
PU-CMP-2603,Influencer,College Students,23.0,"YouTube, Instagram, Email",,5057.0,2752.0,1654.0,805498.0,160.31,2.04,Hindi,13.91,Working Women,06-04-2025
PU-CMP-34131,Email,Tier 2 City Customers,28.0,"YouTube, WhatsApp",49136.0,3324.0,1400.0,709.0,565073.0,161.65,3.93,English,11.06,Tier 2 City Customers,20-11-2024
PU-CMP-43824,Influencer,Youth,8.0,Email,30010.0,2962.0,1259.0,723.0,153999.0,180.56,,Hindi,16.47,Working Women,18-08-2024
PU-CMP-14726,Social Media,Working Women,28.0,WhatsApp,19703.0,1339.0,319.0,128.0,98432.0,1847.48,-0.58,English,9.06,Youth,27-02-2025
PU-CMP-13157,Paid Ads,Premium Shoppers,8.0,"Email, Instagram, Google",18640.0,2339.0,,213.0,,743.96,-0.12,Tamil,17.23,,08-05-2025
PU-CMP-34693,Paid Ads,Tier 2 City Customers,29.0,Instagram,10792.0,1086.0,595.0,200.0,61400.0,801.73,-0.62,Tamil,17.43,,14-08-2024
PU-CMP-28581,SEO,Working Women,24.0,"Email, WhatsApp, Google",38650.0,,1226.0,682.0,160952.0,106.14,1.22,English,10.6,,15-10-2024
PU-CMP-10353,Social Media,Working Women,18.0,"YouTube, Facebook, Email",59166.0,4886.0,2601.0,1505.0,338625.0,142.17,0.58,English,15.2,Working Women,17-01-2025
PU-CMP-53640,Email,College Students,13.0,"Instagram, Facebook",30064.0,1052.0,301.0,142.0,57368.0,733.81,-0.45,Hindi,4.97,Youth,09-11-2024
PU-CMP-32111,Social Media,Youth,6.0,"Email, WhatsApp, Google",48905.0,5809.0,,677.0,161803.0,173.1,0.38,Tamil,17.76,Premium Shoppers,04-11-2024
PU-CMP-35563,Paid Ads,Tier 2 City Customers,14.0,"Facebook, Google, Instagram",91554.0,2141.0,689.0,260.0,81900.0,825.05,-0.62,Bengali,,,26-02-2025
PU-CMP-6657,Influencer,Premium Shoppers,22.0,"Google, Instagram, Facebook",48938.0,6336.0,2579.0,1393.0,384468.0,59.21,3.66,English,21.06,,29-03-2025
PU-CMP-12771,Paid Ads,College Students,14.0,Google,74728.0,9730.0,2862.0,2009.0,1420363.0,49.31,13.34,Tamil,19.54,Youth,12-09-2024
PU-CMP-40057,SEO,Premium Shoppers,9.0,Google,94265.0,10537.0,6137.0,4239.0,1169964.0,34.77,6.94,Hindi,22.19,Tier 2 City Customers,26-02-2025
PU-CMP-51168,Influencer,Youth,14.0,"Instagram, WhatsApp, Google",57916.0,5222.0,2784.0,,856428.0,97.85,3.37,Bengali,17.28,Youth,14-10-2024
PU-CMP-13994,Influencer,College Students,5.0,"WhatsApp, Instagram, Google",82212.0,,6170.0,2047.0,732826.0,29.77,11.02,Tamil,23.79,College Students,14-05-2025
PU-CMP-23345,Email,Youth,29.0,"Facebook, WhatsApp, Email",51432.0,3896.0,900.0,555.0,319125.0,332.15,0.73,Bengali,10.4,College Students,21-02-2025
PU-CMP-33666,Email,College Students,9.0,"YouTube, WhatsApp",88511.0,10030.0,3674.0,2796.0,1020540.0,29.25,11.48,Hindi,18.64,Youth,17-01-2025
PU-CMP-5788,,Youth,5.0,"Facebook, Google, YouTube",49435.0,7010.0,1951.0,591.0,471027.0,126.12,5.32,Bengali,19.32,Working Women,29-11-2024
PU-CMP-38742,Influencer,Premium Shoppers,28.0,"Facebook, WhatsApp",53423.0,5521.0,2335.0,1225.0,297675.0,80.45,2.02,Hindi,17.0,Tier 2 City Customers,02-02-2025
PU-CMP-8474,Influencer,Youth,17.0,Google,23921.0,1203.0,633.0,378.0,248724.0,750.33,-0.12,Hindi,9.26,Working Women,07-06-2025
PU-CMP-8686,Paid Ads,Working Women,11.0,Facebook,62063.0,9210.0,4345.0,1576.0,865224.0,179.92,2.05,Tamil,24.38,Premium Shoppers,18-04-2025
PU-CMP-9500,Influencer,Working Women,,"WhatsApp, Email, Facebook",37807.0,5391.0,1451.0,562.0,223114.0,135.75,1.92,Hindi,19.58,College Students,19-08-2024
,SEO,Youth,11.0,YouTube,28882.0,1512.0,866.0,386.0,224266.0,288.68,1.01,Hindi,9.57,Working Women,12-12-2024
PU-CMP-30213,Paid Ads,Youth,19.0,"Facebook, Email",42369.0,3034.0,633.0,449.0,144129.0,241.69,0.33,Tamil,9.71,Tier 2 City Customers,12-05-2025
,Social Media,Working Women,25.0,"Instagram, Email, Google",71488.0,6500.0,2338.0,1583.0,840573.0,87.77,5.05,Bengali,14.58,Tier 2 City Customers,05-12-2024
PU-CMP-41284,SEO,,9.0,,77245.0,2913.0,1474.0,834.0,544602.0,287.48,1.27,Bengali,6.76,Premium Shoppers,10-03-2025
PU-CMP-9489,Paid Ads,College Students,10.0,"Instagram, Email, YouTube",33062.0,1057.0,473.0,230.0,92000.0,424.47,-0.06,English,,Premium Shoppers,23-07-2024
PU-CMP-22779,SEO,Premium Shoppers,16.0,"Instagram, WhatsApp, Email",34019.0,2208.0,1249.0,665.0,133665.0,170.42,0.18,English,12.12,Working Women,15-04-2025
PU-CMP-11540,SEO,Working Women,20.0,WhatsApp,33792.0,4836.0,1501.0,821.0,520514.0,,1.32,Bengali,21.18,Working Women,
PU-CMP-37084,Email,Working Women,6.0,,45441.0,6715.0,,1049.0,298965.0,255.63,0.11,Tamil,24.12,Premium Shoppers,09-04-2025
PU-CMP-20634,Social Media,College Students,19.0,"WhatsApp, Email, Google",93358.0,7376.0,3444.0,1372.0,299096.0,112.19,0.94,Tamil,13.06,Youth,22-12-2024
PU-CMP-21339,Influencer,Youth,17.0,"Google, WhatsApp, Instagram",44979.0,,2109.0,1416.0,349752.0,206.59,0.2,English,16.58,Working Women,01-11-2024
PU-CMP-25711,Paid Ads,Premium Shoppers,20.0,"YouTube, Google",14629.0,1728.0,373.0,208.0,134576.0,353.22,0.83,Tamil,15.78,Youth,17-02-2025
PU-CMP-37381,SEO,Working Women,16.0,Instagram,26203.0,1536.0,608.0,375.0,197250.0,587.06,-0.1,Tamil,9.61,Tier 2 City Customers,26-04-2025
PU-CMP-11250,Influencer,College Students,8.0,"Google, Instagram, WhatsApp",34694.0,3408.0,1891.0,883.0,332891.0,140.15,1.69,English,17.82,Working Women,30-08-2024
PU-CMP-49722,Social Media,College Students,21.0,Email,74858.0,1750.0,391.0,293.0,143277.0,667.92,-0.27,Bengali,3.25,Working Women,18-07-2024
PU-CMP-48971,Paid Ads,Tier 2 City Customers,28.0,"Email, WhatsApp",16825.0,650.0,205.0,72.0,48816.0,3110.19,-0.78,Tamil,5.51,,28-07-2024
PU-CMP-41207,Social Media,College Students,,"Facebook, YouTube",12499.0,1815.0,493.0,158.0,117552.0,423.67,0.76,Bengali,,Tier 2 City Customers,10-01-2025
PU-CMP-35739,Paid Ads,Tier 2 City Customers,8.0,"WhatsApp, YouTube",36629.0,1507.0,729.0,465.0,155775.0,392.66,-0.15,Hindi,7.37,Premium Shoppers,02-02-2025
PU-CMP-17707,Influencer,Premium Shoppers,23.0,Google,12025.0,1042.0,256.0,154.0,33880.0,,-0.89,Bengali,12.07,Working Women,
PU-CMP-46364,Paid Ads,Youth,21.0,"YouTube, WhatsApp, Instagram",18873.0,1232.0,294.0,181.0,143714.0,1609.1,-0.51,Bengali,9.04,Tier 2 City Customers,14-09-2024
PU-CMP-50953,SEO,Youth,20.0,Google,69678.0,7799.0,4111.0,1923.0,757662.0,115.64,2.41,Hindi,,College Students,12-11-2024
PU-CMP-30445,SEO,Tier 2 City Customers,9.0,Instagram,76874.0,11258.0,2433.0,1693.0,1183407.0,157.26,3.44,Bengali,20.01,College Students,
PU-CMP-24198,Influencer,Tier 2 City Customers,13.0,WhatsApp,33497.0,2134.0,761.0,388.0,129592.0,771.03,-0.57,Bengali,9.8,Tier 2 City Customers,26-03-2025
PU-CMP-48084,Influencer,Tier 2 City Customers,6.0,"Instagram, Email, YouTube",44624.0,4736.0,990.0,477.0,198432.0,340.0,0.22,Hindi,13.9,College Students,28-04-2025
PU-CMP-29423,Email,Premium Shoppers,15.0,Instagram,96141.0,2781.0,1438.0,517.0,183535.0,540.28,-0.34,English,4.93,Tier 2 City Customers,26-07-2024
PU-CMP-41389,Social Media,Premium Shoppers,30.0,"Facebook, Email",16266.0,1397.0,660.0,515.0,195185.0,503.16,-0.25,Bengali,15.81,College Students,08-12-2024
PU-CMP-38875,SEO,College Students,,,18516.0,987.0,514.0,385.0,290675.0,577.06,0.31,Hindi,10.19,Premium Shoppers,07-07-2024
PU-CMP-5465,Influencer,Youth,8.0,Instagram,39539.0,5431.0,1489.0,907.0,201354.0,56.29,2.94,English,19.8,Youth,26-01-2025
PU-CMP-11951,,Youth,12.0,Facebook,24677.0,1311.0,290.0,187.0,44880.0,715.91,-0.66,Hindi,7.25,Tier 2 City Customers,15-08-2024
PU-CMP-21513,Email,Premium Shoppers,12.0,"YouTube, Email",77246.0,7090.0,1572.0,1231.0,388996.0,101.31,2.12,Tamil,12.81,Youth,09-05-2025
PU-CMP-35809,Email,,14.0,"Google, WhatsApp",71595.0,4018.0,2009.0,1471.0,620762.0,134.44,2.14,Tamil,10.47,Youth,10-03-2025
PU-CMP-41270,,Working Women,13.0,"YouTube, Google, Email",85654.0,2399.0,1036.0,663.0,257244.0,228.47,0.7,English,4.78,Youth,26-08-2024
PU-CMP-50778,Paid Ads,Youth,28.0,Google,82727.0,12276.0,2474.0,980.0,593880.0,297.77,1.04,Tamil,19.01,Youth,11-04-2025
PU-CMP-7631,Email,,27.0,"Email, WhatsApp, Google",12813.0,1060.0,248.0,188.0,124268.0,964.87,-0.31,Bengali,,College Students,27-07-2024
PU-CMP-53499,Social Media,Tier 2 City Customers,21.0,"WhatsApp, Google",99857.0,6241.0,1665.0,741.0,540189.0,384.48,0.9,Tamil,8.66,Tier 2 City Customers,08-09-2024
PU-CMP-30586,Paid Ads,Working Women,9.0,Instagram,73337.0,2558.0,1175.0,357.0,106029.0,193.48,0.54,Hindi,5.58,Premium Shoppers,07-10-2024
PU-CMP-30349,Paid Ads,Working Women,15.0,Email,16531.0,1938.0,753.0,,,548.12,-0.03,English,19.09,Tier 2 City Customers,05-01-2025
PU-CMP-18244,Paid Ads,Premium Shoppers,18.0,Email,16615.0,1103.0,238.0,88.0,30712.0,2578.26,-0.86,Tamil,8.6,Tier 2 City Customers,14-11-2024
PU-CMP-4419,Email,Tier 2 City Customers,17.0,"Instagram, YouTube",61780.0,4388.0,1787.0,981.0,438507.0,301.28,0.48,English,11.58,Working Women,24-05-2025
PU-CMP-6369,Email,College Students,5.0,"WhatsApp, Facebook, Email",99091.0,7723.0,3511.0,2610.0,1318050.0,49.0,9.31,,13.97,College Students,05-07-2024
PU-CMP-52755,Influencer,College Students,16.0,"WhatsApp, Email",16440.0,2349.0,1396.0,732.0,180804.0,296.77,-0.17,Bengali,27.23,Tier 2 City Customers,09-11-2024
PU-CMP-20011,Influencer,Tier 2 City Customers,26.0,"YouTube, Instagram",80985.0,4173.0,2231.0,866.0,409618.0,137.03,2.45,Tamil,8.98,Premium Shoppers,07-08-2024
PU-CMP-36753,Influencer,Working Women,12.0,Instagram,74011.0,5777.0,2095.0,1584.0,567072.0,109.85,2.26,English,12.78,Premium Shoppers,20-09-2024
PU-CMP-10022,Email,Working Women,28.0,"Email, Facebook, YouTube",52831.0,6727.0,2043.0,1059.0,487140.0,261.29,0.76,Tamil,18.6,College Students,02-02-2025
PU-CMP-44419,Email,Premium Shoppers,5.0,"Email, Google, YouTube",56892.0,6747.0,1676.0,1140.0,665760.0,108.18,4.4,Hindi,,College Students,18-10-2024
PU-CMP-3851,Email,Tier 2 City Customers,6.0,"YouTube, WhatsApp, Instagram",98605.0,4661.0,2560.0,1231.0,,195.43,0.12,Hindi,8.57,Youth,08-04-2025
PU-CMP-50705,SEO,Premium Shoppers,27.0,YouTube,97514.0,12040.0,5774.0,2511.0,1506600.0,79.0,6.59,English,20.84,Working Women,19-10-2024
PU-CMP-5890,Social Media,College Students,13.0,"Google, Instagram, WhatsApp",81733.0,3732.0,2060.0,627.0,164274.0,,0.06,English,7.85,Tier 2 City Customers,14-09-2024
PU-CMP-24273,Social Media,Premium Shoppers,5.0,"WhatsApp, Google",80234.0,4212.0,1815.0,859.0,592710.0,295.39,1.34,Bengali,8.58,Working Women,12-11-2024
PU-CMP-14904,Email,Working Women,29.0,"Google, YouTube, WhatsApp",97593.0,8063.0,4816.0,3644.0,2561732.0,,15.9,English,16.93,Premium Shoppers,24-07-2024
PU-CMP-40414,Email,Tier 2 City Customers,29.0,YouTube,30011.0,3231.0,1916.0,645.0,,169.8,2.55,English,19.3,Tier 2 City Customers,18-09-2024
PU-CMP-35126,SEO,Premium Shoppers,22.0,"YouTube, Google",39164.0,944.0,384.0,283.0,131595.0,839.64,-0.45,Bengali,4.11,Working Women,04-03-2025
PU-CMP-39981,Influencer,College Students,28.0,Facebook,58382.0,4945.0,1145.0,473.0,300828.0,571.75,0.11,Hindi,11.24,Tier 2 City Customers,25-08-2024
PU-CMP-2901,Paid Ads,Youth,5.0,WhatsApp,54880.0,4811.0,2023.0,,372642.0,273.31,0.27,Hindi,14.42,Youth,02-11-2024
PU-CMP-29260,Influencer,Premium Shoppers,19.0,Google,80585.0,10442.0,2120.0,640.0,395520.0,282.9,1.18,,16.38,Youth,01-07-2024
PU-CMP-24794,Social Media,,19.0,"Facebook, YouTube, WhatsApp",26329.0,1202.0,255.0,185.0,125615.0,1539.64,-0.56,Hindi,6.24,Youth,07-02-2025
PU-CMP-30537,Paid Ads,,15.0,"WhatsApp, Instagram",45922.0,1363.0,510.0,289.0,132073.0,771.1,-0.41,Bengali,4.71,,30-09-2024
PU-CMP-18051,Social Media,Premium Shoppers,14.0,Google,49297.0,6123.0,2613.0,1405.0,562000.0,,6.18,Tamil,20.57,College Students,24-11-2024
PU-CMP-12186,Influencer,Premium Shoppers,18.0,,,2113.0,847.0,483.0,155043.0,392.99,-0.18,,4.59,Working Women,24-10-2024
PU-CMP-8744,SEO,,27.0,"Email, Facebook",35218.0,2459.0,1378.0,689.0,451984.0,360.44,0.82,Hindi,12.85,Premium Shoppers,05-07-2024
,Social Media,Youth,13.0,"YouTube, Email, WhatsApp",86617.0,9460.0,5222.0,3110.0,1296870.0,92.81,3.49,Tamil,20.54,Youth,30-10-2024
PU-CMP-33198,Email,College Students,25.0,"Google, Email, Instagram",87976.0,12382.0,3547.0,1600.0,345600.0,53.72,3.02,English,19.92,College Students,28-09-2024
PU-CMP-20939,Influencer,Youth,29.0,"Instagram, WhatsApp, YouTube",91511.0,7352.0,2345.0,950.0,454100.0,89.01,4.37,English,11.63,Working Women,10-02-2025
PU-CMP-50901,Paid Ads,Tier 2 City Customers,25.0,Facebook,34225.0,3213.0,1746.0,935.0,408595.0,224.07,0.95,Bengali,,Youth,13-12-2024
PU-CMP-41398,SEO,College Students,7.0,WhatsApp,52156.0,,930.0,322.0,165508.0,380.15,0.35,Bengali,5.56,,19-10-2024
PU-CMP-45729,Influencer,Working Women,13.0,"Facebook, Google",33291.0,1309.0,316.0,206.0,69010.0,468.69,-0.29,Hindi,5.5,Tier 2 City Customers,12-12-2024
PU-CMP-7839,Email,Premium Shoppers,6.0,,17507.0,,234.0,106.0,60314.0,1302.44,-0.56,Tamil,6.03,Working Women,23-05-2025
PU-CMP-1110,Email,,21.0,YouTube,60997.0,1816.0,553.0,442.0,182104.0,392.55,0.05,Bengali,4.61,Youth,
PU-CMP-55834,Influencer,Tier 2 City Customers,7.0,WhatsApp,99304.0,11633.0,5940.0,4415.0,1240615.0,38.69,6.26,Bengali,22.14,Working Women,01-04-2025
PU-CMP-46943,Email,Working Women,27.0,Google,94434.0,11632.0,5731.0,3524.0,2685288.0,47.19,15.15,Hindi,22.12,Youth,27-05-2025
PU-CMP-22104,Social Media,Working Women,27.0,"Email, Google, WhatsApp",27935.0,3871.0,1247.0,483.0,228942.0,211.55,1.24,,20.05,Tier 2 City Customers,22-05-2025
PU-CMP-13851,Social Media,Premium Shoppers,22.0,Google,72344.0,4105.0,1001.0,496.0,160704.0,295.81,0.1,,,Tier 2 City Customers,20-07-2024
PU-CMP-36041,Paid Ads,Tier 2 City Customers,,"Email, Instagram",35755.0,4838.0,2207.0,688.0,280704.0,114.68,2.56,Bengali,21.63,Premium Shoppers,23-11-2024
PU-CMP-20327,SEO,College Students,16.0,"Google, WhatsApp",37055.0,1234.0,680.0,532.0,204820.0,304.75,0.26,Bengali,6.6,Premium Shoppers,15-03-2025
PU-CMP-43539,Social Media,Working Women,20.0,,39105.0,4136.0,1029.0,664.0,189904.0,218.92,0.31,Hindi,14.91,Premium Shoppers,22-04-2025
PU-CMP-38303,Influencer,Tier 2 City Customers,26.0,Email,35660.0,812.0,315.0,100.0,31700.0,894.2,,Bengali,3.44,Youth,03-03-2025
PU-CMP-10848,Influencer,Working Women,21.0,"Instagram, Email",13683.0,1445.0,658.0,258.0,132096.0,618.9,-0.17,English,17.25,,09-03-2025
PU-CMP-6373,Influencer,Tier 2 City Customers,24.0,Google,22749.0,1244.0,298.0,225.0,152325.0,500.89,0.35,Tamil,7.77,Youth,23-05-2025
PU-CMP-20649,Social Media,,23.0,,30126.0,4318.0,1166.0,817.0,361114.0,76.14,,Hindi,20.92,College Students,12-08-2024
PU-CMP-25651,Paid Ads,Tier 2 City Customers,13.0,YouTube,49439.0,6768.0,2484.0,1911.0,1041495.0,147.23,2.7,Hindi,22.58,Premium Shoppers,08-03-2025
PU-CMP-38672,Influencer,College Students,22.0,"Google, Instagram",83259.0,9369.0,1994.0,938.0,469938.0,195.58,1.56,English,14.77,Premium Shoppers,24-03-2025
PU-CMP-51831,Paid Ads,Tier 2 City Customers,12.0,"WhatsApp, YouTube, Google",45835.0,4652.0,1255.0,440.0,347160.0,622.81,0.27,Tamil,13.85,Youth,
PU-CMP-14774,Influencer,Youth,28.0,Email,95402.0,7600.0,1731.0,727.0,149035.0,255.42,-0.2,Bengali,10.54,Premium Shoppers,11-04-2025
PU-CMP-22210,Email,Working Women,17.0,"Email, Instagram, YouTube",58202.0,6845.0,3947.0,2339.0,1040855.0,79.73,4.58,Hindi,22.56,College Students,04-11-2024
PU-CMP-48670,Paid Ads,,14.0,"Facebook, WhatsApp, Google",,4313.0,1365.0,821.0,607540.0,132.07,4.6,English,17.28,Youth,22-01-2025
PU-CMP-21029,,Working Women,11.0,"Google, YouTube, Email",89737.0,12187.0,5653.0,4110.0,908310.0,15.49,13.27,Bengali,24.46,College Students,02-12-2024
PU-CMP-1926,Influencer,Tier 2 City Customers,12.0,"Google, Email",34951.0,4351.0,2051.0,1046.0,724878.0,171.26,3.05,Bengali,21.31,Working Women,09-12-2024
PU-CMP-2194,Email,Youth,25.0,,38063.0,1757.0,586.0,361.0,181222.0,572.82,-0.12,Bengali,7.1,College Students,07-09-2024
,Influencer,College Students,9.0,Email,77078.0,5964.0,3300.0,1871.0,797046.0,,4.06,Bengali,14.45,Tier 2 City Customers,04-01-2025
PU-CMP-14519,Paid Ads,Youth,27.0,,20271.0,2810.0,656.0,278.0,200716.0,399.05,0.81,,18.47,Tier 2 City Customers,26-01-2025
PU-CMP-40526,Social Media,Premium Shoppers,20.0,Facebook,12493.0,251.0,129.0,91.0,57421.0,2139.51,-0.71,English,3.77,Working Women,17-12-2024
PU-CMP-55856,SEO,College Students,11.0,"Instagram, Facebook, Email",50938.0,6380.0,1356.0,730.0,568670.0,393.02,0.98,English,16.62,Youth,22-03-2025
PU-CMP-50495,Social Media,Youth,25.0,"WhatsApp, Email",35300.0,1111.0,351.0,219.0,171915.0,477.41,0.64,Tamil,4.76,Working Women,30-08-2024
PU-CMP-41190,Paid Ads,College Students,30.0,Instagram,48142.0,4049.0,1408.0,1121.0,523507.0,220.37,1.12,Hindi,13.66,Youth,10-01-2025
PU-CMP-34839,Paid Ads,College Students,17.0,"YouTube, Facebook",97510.0,9787.0,3788.0,1561.0,546350.0,117.48,1.98,English,15.52,College Students,25-11-2024
PU-CMP-15477,SEO,Working Women,21.0,Email,14149.0,1332.0,397.0,200.0,64000.0,835.37,-0.62,English,13.63,College Students,15-03-2025
PU-CMP-30494,Email,Youth,9.0,"Email, Facebook",90892.0,13127.0,6608.0,5169.0,3473568.0,52.88,11.71,,27.4,Tier 2 City Customers,04-03-2025
PU-CMP-47683,Social Media,College Students,8.0,"Email, Google, Instagram",74627.0,3449.0,1439.0,555.0,161505.0,235.46,0.24,English,7.29,Premium Shoppers,11-09-2024
PU-CMP-25612,Email,College Students,25.0,"Instagram, WhatsApp",74277.0,3285.0,1484.0,620.0,420360.0,342.07,0.98,Hindi,7.26,Tier 2 City Customers,01-09-2024
PU-CMP-19200,Email,Working Women,10.0,"Facebook, YouTube, Email",40753.0,3604.0,1642.0,624.0,429312.0,349.64,0.97,Hindi,14.4,Premium Shoppers,18-10-2024
PU-CMP-49177,SEO,Premium Shoppers,19.0,Email,81117.0,6134.0,1365.0,,396360.0,266.21,,Tamil,10.15,Premium Shoppers,15-11-2024
PU-CMP-48026,Email,Working Women,22.0,"WhatsApp, Google, YouTube",94961.0,13968.0,5524.0,,1103256.0,113.44,4.43,Tamil,22.41,Youth,03-04-2025
PU-CMP-24473,,Tier 2 City Customers,19.0,Email,37458.0,3837.0,1345.0,442.0,197132.0,167.73,1.66,Bengali,15.01,College Students,23-05-2025
PU-CMP-38448,SEO,Tier 2 City Customers,26.0,"Facebook, WhatsApp",43338.0,1300.0,318.0,170.0,83300.0,450.39,0.09,Tamil,4.13,Premium Shoppers,08-03-2025
PU-CMP-12062,SEO,Tier 2 City Customers,19.0,Google,,6027.0,2388.0,1543.0,899569.0,95.5,5.11,Bengali,10.09,Youth,05-10-2024
PU-CMP-26461,SEO,Premium Shoppers,27.0,Email,88803.0,11420.0,4914.0,3617.0,2633176.0,18.28,38.82,Hindi,22.47,Youth,30-03-2025
PU-CMP-32327,Email,,21.0,"Email, YouTube",32792.0,3552.0,2050.0,1009.0,237115.0,272.4,-0.14,Hindi,20.16,Premium Shoppers,29-05-2025
PU-CMP-48035,Email,Working Women,23.0,"Instagram, Email, Facebook",83885.0,11020.0,6120.0,2067.0,1581255.0,93.09,7.22,Bengali,22.9,Working Women,27-10-2024
PU-CMP-23636,Influencer,Working Women,15.0,"Google, YouTube, Facebook",85336.0,6371.0,2842.0,1809.0,1325997.0,114.53,5.4,Tamil,12.92,,27-07-2024
PU-CMP-44236,SEO,College Students,19.0,"Google, Instagram",24860.0,3288.0,,602.0,157122.0,215.45,0.21,Tamil,19.26,Working Women,30-03-2025
PU-CMP-21207,Influencer,,5.0,"Instagram, WhatsApp, YouTube",19593.0,2129.0,1140.0,902.0,599830.0,159.65,3.17,Hindi,21.29,Tier 2 City Customers,27-11-2024
PU-CMP-19586,Email,Premium Shoppers,14.0,"Google, WhatsApp, Facebook",83847.0,9050.0,4181.0,2999.0,1763412.0,43.9,12.39,,19.36,Premium Shoppers,24-05-2025
PU-CMP-12499,SEO,Youth,26.0,"Email, Facebook, YouTube",80906.0,11119.0,2494.0,1309.0,566797.0,159.51,1.71,English,18.44,Tier 2 City Customers,16-04-2025
PU-CMP-55250,Social Media,Tier 2 City Customers,28.0,Facebook,95237.0,13348.0,4559.0,3391.0,895224.0,36.51,6.23,English,22.36,College Students,06-11-2024
PU-CMP-21318,Influencer,Working Women,,"YouTube, WhatsApp",,3377.0,1949.0,1228.0,370856.0,199.6,0.51,English,25.59,Premium Shoppers,13-08-2024
PU-CMP-44012,Social Media,College Students,16.0,,22398.0,536.0,190.0,127.0,49403.0,1986.26,-0.8,Hindi,3.81,Premium Shoppers,19-12-2024
PU-CMP-37667,Paid Ads,Premium Shoppers,20.0,"Facebook, WhatsApp, Instagram",31885.0,1947.0,777.0,389.0,283581.0,130.41,4.59,Bengali,9.76,Youth,18-02-2025
PU-CMP-6874,Social Media,Premium Shoppers,15.0,"Facebook, WhatsApp",28437.0,2786.0,1610.0,1269.0,827388.0,,3.93,Tamil,19.92,Working Women,16-03-2025
PU-CMP-12042,Social Media,Youth,16.0,Google,53928.0,1976.0,832.0,314.0,221998.0,350.48,1.02,Bengali,5.79,Premium Shoppers,23-10-2024
PU-CMP-50296,Influencer,Tier 2 City Customers,18.0,"Facebook, Email, YouTube",55676.0,6276.0,2790.0,2123.0,700590.0,51.01,5.47,,20.1,Youth,03-02-2025
PU-CMP-54605,Email,Premium Shoppers,9.0,"YouTube, Instagram",36233.0,3604.0,2022.0,1070.0,243960.0,155.3,0.47,English,18.48,Tier 2 City Customers,13-01-2025
PU-CMP-31943,SEO,Working Women,8.0,Instagram,42752.0,1326.0,723.0,326.0,210270.0,672.19,-0.04,Bengali,5.56,Working Women,12-12-2024
PU-CMP-46191,Social Media,Tier 2 City Customers,24.0,"Google, WhatsApp, Facebook",60059.0,2557.0,718.0,442.0,313378.0,225.08,2.15,Bengali,6.19,Working Women,15-05-2025
PU-CMP-17700,Email,Premium Shoppers,22.0,"YouTube, WhatsApp, Google",33281.0,2405.0,751.0,460.0,329820.0,418.03,0.72,Tamil,10.87,Youth,23-09-2024
PU-CMP-33760,Social Media,,12.0,Google,10341.0,1023.0,538.0,183.0,102114.0,1181.17,-0.53,Hindi,16.86,Youth,02-11-2024
PU-CMP-43382,Paid Ads,Youth,27.0,WhatsApp,90196.0,10852.0,6452.0,4097.0,3265309.0,52.64,14.14,Hindi,23.73,Working Women,02-03-2025
PU-CMP-13753,,College Students,10.0,"Instagram, Google",40067.0,3875.0,1844.0,1298.0,986480.0,114.55,5.63,English,17.51,Tier 2 City Customers,21-03-2025
PU-CMP-35957,Paid Ads,College Students,19.0,"WhatsApp, Instagram",98554.0,2260.0,1016.0,405.0,124335.0,561.76,-0.45,Hindi,3.74,Youth,25-05-2025
PU-CMP-24336,Social Media,,25.0,YouTube,11878.0,1255.0,547.0,378.0,254772.0,173.63,2.88,English,18.35,Working Women,06-04-2025
PU-CMP-53656,Influencer,Tier 2 City Customers,9.0,"WhatsApp, Facebook",22625.0,2581.0,537.0,242.0,71390.0,524.07,-0.44,Hindi,14.85,College Students,17-04-2025
PU-CMP-34273,Email,College Students,29.0,"WhatsApp, Instagram, Google",35921.0,3684.0,1318.0,428.0,171628.0,132.04,2.04,English,15.12,Working Women,07-04-2025
PU-CMP-48071,Email,College Students,10.0,Facebook,31205.0,3409.0,1732.0,742.0,417004.0,300.76,0.87,English,18.85,Youth,25-05-2025
PU-CMP-45025,Email,Tier 2 City Customers,8.0,"Facebook, Google",64341.0,3114.0,1741.0,893.0,643853.0,207.99,2.47,Bengali,,Tier 2 City Customers,30-12-2024
PU-CMP-35357,SEO,Tier 2 City Customers,18.0,,38703.0,3083.0,1568.0,683.0,370869.0,117.88,3.61,English,13.78,College Students,10-09-2024
PU-CMP-56509,Social Media,Tier 2 City Customers,21.0,Instagram,60113.0,2889.0,1387.0,814.0,385836.0,249.8,0.9,Hindi,8.47,Working Women,04-10-2024
PU-CMP-16158,Email,College Students,15.0,"Email, WhatsApp, Instagram",16068.0,645.0,135.0,99.0,33660.0,1705.31,-0.8,Hindi,5.47,Tier 2 City Customers,20-08-2024
PU-CMP-13892,Influencer,College Students,25.0,"YouTube, Instagram",84812.0,4091.0,978.0,300.0,193200.0,845.66,,Bengali,6.33,Youth,05-08-2024
PU-CMP-52573,SEO,Premium Shoppers,25.0,"Google, YouTube",40167.0,,768.0,382.0,173428.0,332.02,0.37,Hindi,11.37,Youth,22-02-2025
PU-CMP-42653,SEO,Youth,18.0,"YouTube, Email",65744.0,7942.0,1837.0,764.0,303308.0,371.07,0.07,,16.04,Premium Shoppers,01-04-2025
PU-CMP-53459,Social Media,College Students,13.0,"WhatsApp, Instagram",11934.0,1449.0,457.0,248.0,118048.0,705.95,-0.33,,18.05,Working Women,24-01-2025
PU-CMP-50479,Social Media,Working Women,12.0,Facebook,58171.0,1171.0,373.0,187.0,60027.0,1071.16,,Tamil,2.98,Tier 2 City Customers,05-02-2025
PU-CMP-5053,Email,Youth,,"Facebook, YouTube",75975.0,8041.0,3057.0,2179.0,1610281.0,,4.47,English,17.48,College Students,30-07-2024
,SEO,College Students,18.0,"Instagram, WhatsApp",46457.0,5278.0,2515.0,928.0,565152.0,166.59,2.66,Bengali,18.77,Youth,16-12-2024
PU-CMP-53660,Social Media,Tier 2 City Customers,24.0,Google,87266.0,4538.0,1400.0,581.0,371259.0,506.12,0.26,Bengali,,Youth,25-09-2024
PU-CMP-14958,SEO,Working Women,10.0,YouTube,82562.0,,1647.0,1119.0,685947.0,252.61,1.43,Hindi,7.16,Tier 2 City Customers,11-06-2025
PU-CMP-33074,SEO,Working Women,10.0,"Email, WhatsApp",69340.0,7517.0,2020.0,985.0,,133.5,2.71,English,15.17,Premium Shoppers,16-03-2025
PU-CMP-25257,Influencer,Tier 2 City Customers,22.0,,43889.0,1173.0,427.0,252.0,102312.0,512.86,-0.21,Bengali,4.22,Youth,09-11-2024
PU-CMP-30947,Influencer,Working Women,7.0,"WhatsApp, Email, Facebook",52187.0,3382.0,1224.0,511.0,,206.63,1.0,,9.81,Working Women,14-05-2025
PU-CMP-43943,Influencer,Tier 2 City Customers,7.0,Instagram,,2995.0,1545.0,712.0,373800.0,336.53,0.56,Tamil,7.02,Tier 2 City Customers,15-05-2025
PU-CMP-7921,Paid Ads,Youth,16.0,"YouTube, Email, Google",13834.0,1128.0,415.0,281.0,190518.0,853.9,-0.21,English,13.18,College Students,11-09-2024
PU-CMP-45590,Email,Premium Shoppers,11.0,"WhatsApp, Google, Instagram",51516.0,4355.0,1087.0,,322853.0,538.56,,Hindi,11.53,Premium Shoppers,
PU-CMP-8024,Social Media,College Students,27.0,Google,30646.0,2280.0,622.0,410.0,155800.0,236.24,0.61,Bengali,10.81,,04-05-2025
PU-CMP-48156,SEO,Premium Shoppers,14.0,"Facebook, Email, Instagram",91854.0,11306.0,4441.0,2293.0,1639495.0,48.59,13.71,English,19.64,College Students,28-03-2025
PU-CMP-48317,Influencer,College Students,16.0,"Instagram, Email, YouTube",21381.0,2447.0,1197.0,741.0,591318.0,176.52,3.52,English,20.51,Working Women,31-10-2024
PU-CMP-53775,Social Media,Premium Shoppers,27.0,"Facebook, WhatsApp",51775.0,7476.0,2953.0,,,33.1,10.39,Bengali,24.35,Youth,
PU-CMP-43047,Email,College Students,12.0,"WhatsApp, Google",27038.0,1760.0,,377.0,250328.0,536.08,0.24,English,10.02,Youth,21-04-2025
PU-CMP-39873,Influencer,Working Women,,"Facebook, Instagram, WhatsApp",26716.0,,947.0,609.0,196098.0,174.65,0.84,Tamil,11.75,Premium Shoppers,05-04-2025
PU-CMP-51798,Influencer,Tier 2 City Customers,7.0,Instagram,58529.0,7512.0,3307.0,1590.0,1081200.0,140.41,3.84,Hindi,21.2,,04-08-2024
PU-CMP-4335,Social Media,Premium Shoppers,30.0,Google,84276.0,11447.0,6367.0,1920.0,547200.0,121.84,1.34,Bengali,23.42,Premium Shoppers,20-07-2024
PU-CMP-36496,Social Media,Tier 2 City Customers,25.0,Facebook,25946.0,1897.0,771.0,590.0,329810.0,399.9,0.4,Hindi,12.56,Youth,18-12-2024
PU-CMP-55914,Influencer,Premium Shoppers,30.0,Instagram,11518.0,828.0,224.0,,28426.0,1555.88,,Bengali,10.19,Working Women,13-12-2024
PU-CMP-19843,Paid Ads,Working Women,26.0,"Instagram, Email, Google",36025.0,4356.0,977.0,320.0,226560.0,229.98,2.08,Bengali,,Premium Shoppers,04-08-2024
PU-CMP-17176,Email,Working Women,22.0,"WhatsApp, Facebook, Instagram",35242.0,1271.0,704.0,528.0,389136.0,96.94,6.6,Tamil,7.1,Working Women,06-09-2024
PU-CMP-22166,Social Media,Premium Shoppers,27.0,"Google, Email",71895.0,3364.0,1897.0,766.0,471090.0,387.07,0.59,Tamil,8.38,,29-08-2024
PU-CMP-21154,Email,Working Women,27.0,"Facebook, Email",18393.0,1784.0,668.0,300.0,,955.88,-0.29,Bengali,14.96,,06-04-2025
PU-CMP-11045,Influencer,Tier 2 City Customers,,YouTube,13184.0,919.0,,173.0,89441.0,521.9,-0.01,Hindi,11.62,Premium Shoppers,01-09-2024
PU-CMP-18437,Influencer,Premium Shoppers,24.0,"Facebook, Google, WhatsApp",19849.0,2832.0,1533.0,786.0,265668.0,271.84,0.24,Hindi,25.95,Premium Shoppers,12-03-2025
PU-CMP-51338,Email,College Students,26.0,"Instagram, Google, Facebook",15353.0,570.0,255.0,105.0,32235.0,2652.34,-0.88,Hindi,6.06,Youth,28-01-2025
PU-CMP-1212,SEO,,16.0,"Email, Google",,10501.0,5752.0,3138.0,2375466.0,92.99,7.14,Bengali,23.76,Working Women,
PU-CMP-40271,Social Media,Working Women,12.0,YouTube,27159.0,2288.0,855.0,397.0,235024.0,562.66,0.05,Tamil,13.03,Premium Shoppers,06-09-2024
PU-CMP-1080,Email,Tier 2 City Customers,16.0,Facebook,66235.0,7769.0,1638.0,1143.0,,128.37,2.11,Hindi,15.93,Premium Shoppers,24-07-2024
PU-CMP-46334,Email,Premium Shoppers,22.0,WhatsApp,17386.0,1780.0,,303.0,93627.0,321.23,-0.04,Tamil,14.77,Tier 2 City Customers,18-02-2025
PU-CMP-53803,Email,Working Women,24.0,"YouTube, Facebook, WhatsApp",80031.0,5485.0,3211.0,2283.0,,126.32,2.92,English,13.72,Working Women,06-02-2025
PU-CMP-6090,Paid Ads,Youth,26.0,Facebook,,727.0,,102.0,66198.0,601.61,0.08,Bengali,3.42,Youth,10-01-2025
PU-CMP-8168,SEO,Working Women,17.0,"Email, YouTube, Instagram",50282.0,4270.0,944.0,500.0,169000.0,,1.15,Bengali,11.36,Premium Shoppers,09-07-2024
PU-CMP-29929,Social Media,,19.0,"WhatsApp, YouTube, Instagram",62344.0,7495.0,1789.0,1241.0,425663.0,181.09,0.89,Bengali,16.88,Working Women,05-03-2025
PU-CMP-8149,Influencer,Premium Shoppers,8.0,"Facebook, YouTube, Instagram",76200.0,,853.0,,74241.0,365.36,-0.4,Bengali,4.75,Youth,07-03-2025
PU-CMP-48887,Email,Youth,29.0,Instagram,78229.0,2890.0,1009.0,679.0,211169.0,434.47,-0.28,Tamil,5.85,Premium Shoppers,28-05-2025
PU-CMP-7705,Influencer,Working Women,5.0,"Facebook, Google, YouTube",89957.0,4827.0,1804.0,853.0,574922.0,242.18,1.78,Bengali,8.32,Working Women,17-05-2025
PU-CMP-25768,Influencer,College Students,18.0,"Google, Instagram",62606.0,2973.0,1558.0,477.0,240408.0,354.01,0.42,Bengali,8.0,Youth,13-01-2025
PU-CMP-3331,Email,College Students,,"Facebook, WhatsApp",48798.0,5907.0,1450.0,1133.0,399949.0,138.97,1.54,Hindi,17.4,College Students,18-03-2025
PU-CMP-24787,SEO,Youth,29.0,"YouTube, Instagram, Email",80692.0,8850.0,4813.0,3001.0,2232744.0,81.37,8.14,Hindi,20.65,Premium Shoppers,07-05-2025
PU-CMP-48008,Paid Ads,,25.0,"Google, WhatsApp, Instagram",43662.0,5249.0,3101.0,2038.0,1318586.0,34.0,18.03,Hindi,23.79,Working Women,24-04-2025
PU-CMP-20826,Paid Ads,Tier 2 City Customers,10.0,,67118.0,4271.0,1482.0,525.0,367500.0,418.22,0.67,Tamil,9.35,College Students,13-06-2025
PU-CMP-15967,SEO,College Students,16.0,"Google, Instagram, Email",49610.0,5114.0,2771.0,1353.0,856449.0,208.29,2.04,English,18.62,Tier 2 City Customers,12-06-2025
PU-CMP-39017,Paid Ads,Working Women,20.0,"Instagram, Facebook",56281.0,1305.0,620.0,246.0,144402.0,304.81,0.93,Bengali,3.86,Tier 2 City Customers,31-07-2024
,Paid Ads,College Students,6.0,Facebook,78292.0,11674.0,3097.0,1250.0,827500.0,165.34,3.0,Hindi,20.46,Youth,26-02-2025
PU-CMP-47333,Paid Ads,Youth,18.0,"YouTube, Instagram",61420.0,6279.0,2040.0,755.0,363910.0,335.38,0.44,Tamil,,Tier 2 City Customers,27-05-2025
PU-CMP-8250,Influencer,Working Women,16.0,"Email, Instagram, Google",45347.0,2066.0,446.0,245.0,,941.04,-0.56,Tamil,6.08,Premium Shoppers,19-10-2024
PU-CMP-30015,Social Media,Premium Shoppers,6.0,Instagram,20524.0,3040.0,977.0,480.0,174240.0,356.82,0.02,Bengali,21.91,College Students,05-09-2024
PU-CMP-11268,Paid Ads,Working Women,18.0,"WhatsApp, YouTube, Facebook",85812.0,9067.0,4387.0,1943.0,1235748.0,121.75,4.22,Bengali,17.94,Youth,07-07-2024
PU-CMP-19198,Social Media,Youth,,Instagram,32708.0,2520.0,1075.0,796.0,279396.0,86.66,3.05,Tamil,13.42,College Students,05-11-2024
PU-CMP-38027,Paid Ads,College Students,7.0,"Facebook, YouTube, Google",44042.0,5871.0,3154.0,1009.0,534770.0,80.74,5.56,Tamil,22.78,College Students,16-04-2025
PU-CMP-13335,Paid Ads,Premium Shoppers,19.0,"YouTube, Email",47450.0,3228.0,1125.0,504.0,159768.0,225.72,0.4,Tamil,10.24,Youth,05-01-2025
PU-CMP-19480,Email,,15.0,"Email, WhatsApp",20181.0,685.0,367.0,144.0,56160.0,1000.49,-0.61,English,5.93,College Students,27-01-2025
PU-CMP-10433,Influencer,Working Women,27.0,,18105.0,1301.0,577.0,238.0,,1093.46,-0.57,English,11.69,Premium Shoppers,02-03-2025
PU-CMP-46682,SEO,Tier 2 City Customers,11.0,"Facebook, YouTube",77887.0,3994.0,2374.0,862.0,,108.72,4.46,Tamil,9.28,Youth,15-09-2024
PU-CMP-18002,Social Media,Youth,6.0,Instagram,54687.0,6495.0,3517.0,2584.0,1604664.0,98.25,5.32,Hindi,23.03,,01-05-2025
PU-CMP-11504,Influencer,College Students,28.0,"Email, WhatsApp",22141.0,2067.0,728.0,448.0,118720.0,133.94,0.98,,14.65,Tier 2 City Customers,21-07-2024
PU-CMP-26919,SEO,Youth,21.0,,20179.0,817.0,375.0,249.0,197706.0,1029.41,-0.23,Hindi,7.14,,11-04-2025
PU-CMP-4426,Email,College Students,7.0,"Google, Instagram, Email",82196.0,7017.0,,1095.0,673425.0,218.4,1.82,Hindi,11.8,Youth,29-08-2024
PU-CMP-42567,Paid Ads,College Students,25.0,"Email, Facebook, Instagram",40639.0,2965.0,,,245025.0,285.54,1.12,Tamil,10.36,Premium Shoppers,14-08-2024
PU-CMP-33898,Influencer,Premium Shoppers,20.0,"Email, Facebook, Instagram",57092.0,,253.0,148.0,98864.0,903.41,-0.26,Hindi,2.85,Premium Shoppers,05-11-2024
PU-CMP-50141,Influencer,Tier 2 City Customers,9.0,"Email, Google",15093.0,921.0,304.0,214.0,113634.0,831.99,,English,9.53,Working Women,12-02-2025
PU-CMP-28661,SEO,Premium Shoppers,,"Email, YouTube, WhatsApp",62332.0,4123.0,2268.0,1650.0,334950.0,52.65,2.86,Hindi,12.9,Tier 2 City Customers,07-02-2025
PU-CMP-49401,Paid Ads,Tier 2 City Customers,18.0,"Email, YouTube",46012.0,2301.0,1017.0,647.0,331911.0,402.7,0.27,Hindi,8.62,College Students,02-05-2025
PU-CMP-7188,Social Media,College Students,28.0,,82433.0,7138.0,1479.0,556.0,350280.0,183.24,2.44,Bengali,11.13,Tier 2 City Customers,13-09-2024
PU-CMP-33578,Paid Ads,Premium Shoppers,,"Instagram, Email, YouTube",47624.0,2349.0,1044.0,762.0,487680.0,370.61,0.73,English,8.72,Working Women,06-11-2024
PU-CMP-23806,,College Students,18.0,"Google, Instagram",34535.0,1619.0,820.0,268.0,54404.0,1071.89,-0.81,Hindi,7.84,Working Women,23-12-2024
PU-CMP-37958,SEO,Youth,,"Google, WhatsApp, YouTube",67655.0,9490.0,3351.0,1773.0,602820.0,161.03,1.11,English,21.6,Tier 2 City Customers,30-12-2024
PU-CMP-40609,,Youth,13.0,"YouTube, WhatsApp, Facebook",38208.0,2618.0,1131.0,741.0,343083.0,235.48,0.97,Bengali,11.75,College Students,11-11-2024
PU-CMP-13403,Social Media,,7.0,"Instagram, Email",29551.0,2711.0,1325.0,941.0,566482.0,139.16,3.33,English,16.84,Tier 2 City Customers,15-06-2025
PU-CMP-37841,Influencer,Premium Shoppers,27.0,YouTube,19619.0,1654.0,429.0,285.0,181260.0,700.99,-0.09,Tamil,12.07,Tier 2 City Customers,08-10-2024
PU-CMP-26070,Influencer,Tier 2 City Customers,19.0,"Email, Google",31563.0,1933.0,1113.0,784.0,206976.0,208.41,0.27,Tamil,12.13,College Students,15-04-2025
PU-CMP-32392,Social Media,Tier 2 City Customers,23.0,"Facebook, Email",58717.0,5459.0,2807.0,2031.0,1521219.0,103.36,6.25,Bengali,17.54,Working Women,10-07-2024
PU-CMP-25381,Email,Working Women,8.0,YouTube,31969.0,3909.0,1224.0,964.0,566832.0,279.13,1.11,Tamil,19.07,Working Women,20-04-2025
PU-CMP-25924,SEO,,17.0,"YouTube, WhatsApp",83287.0,6745.0,3108.0,2272.0,1728992.0,87.04,7.74,Bengali,14.56,Youth,04-03-2025
PU-CMP-44510,Email,Working Women,19.0,"Google, Facebook",74355.0,4257.0,2235.0,824.0,,332.31,0.22,English,9.84,College Students,21-01-2025
PU-CMP-16807,Social Media,College Students,17.0,"Email, Google",26742.0,3516.0,1459.0,764.0,478264.0,384.37,,Hindi,21.46,Working Women,17-02-2025
PU-CMP-3072,Influencer,Tier 2 City Customers,18.0,"Email, Facebook",44044.0,3779.0,1744.0,1122.0,869550.0,143.79,4.39,Bengali,15.09,Premium Shoppers,02-10-2024
PU-CMP-8200,Email,,,Facebook,77476.0,9985.0,3627.0,2201.0,1188540.0,113.88,3.74,English,20.41,College Students,17-12-2024
PU-CMP-11218,Paid Ads,College Students,19.0,"WhatsApp, Facebook",13725.0,2050.0,624.0,278.0,102304.0,349.77,0.05,Bengali,21.51,,22-02-2025
PU-CMP-40971,Influencer,Youth,18.0,"Facebook, Instagram, YouTube",,2320.0,924.0,656.0,235504.0,282.34,0.27,Bengali,7.68,College Students,06-09-2024
PU-CMP-35449,Email,Tier 2 City Customers,23.0,Google,81121.0,2327.0,869.0,405.0,81810.0,167.06,0.21,Hindi,4.44,Working Women,01-08-2024
PU-CMP-54314,Email,College Students,26.0,"YouTube, WhatsApp, Instagram",29308.0,2489.0,1225.0,,214971.0,184.3,1.13,,14.54,College Students,15-02-2025
PU-CMP-14391,SEO,Premium Shoppers,7.0,"WhatsApp, Facebook, Email",89680.0,10598.0,3465.0,1179.0,323046.0,206.89,0.32,Hindi,17.0,Working Women,20-06-2025
PU-CMP-55845,Email,,8.0,YouTube,32403.0,1531.0,823.0,563.0,396915.0,93.78,6.52,English,9.0,Tier 2 City Customers,23-05-2025
PU-CMP-4789,Paid Ads,College Students,19.0,"Instagram, WhatsApp, YouTube",83961.0,10270.0,3010.0,1697.0,520979.0,126.27,1.43,Hindi,17.84,Working Women,16-04-2025
PU-CMP-50915,Email,Youth,23.0,WhatsApp,56200.0,7031.0,2395.0,1387.0,307914.0,100.43,1.21,Tamil,19.24,Youth,13-08-2024
PU-CMP-14359,Influencer,College Students,6.0,"Facebook, WhatsApp",80122.0,7878.0,3810.0,1307.0,837787.0,169.92,2.77,English,16.22,College Students,12-01-2025
PU-CMP-41827,Influencer,Tier 2 City Customers,10.0,,68220.0,9359.0,3014.0,2101.0,1556841.0,28.01,25.45,Tamil,21.22,Working Women,21-11-2024
PU-CMP-44805,Influencer,Premium Shoppers,15.0,,,12331.0,3292.0,1755.0,854685.0,142.69,2.41,Hindi,18.24,Tier 2 City Customers,08-12-2024
PU-CMP-12081,Influencer,Tier 2 City Customers,19.0,"Google, Instagram, Email",60393.0,1250.0,403.0,309.0,208575.0,301.93,1.24,Tamil,3.25,College Students,18-04-2025
PU-CMP-34871,Social Media,Working Women,16.0,"Email, Facebook",37535.0,2419.0,1195.0,626.0,499548.0,145.91,4.47,Bengali,11.3,College Students,27-03-2025
PU-CMP-14253,SEO,Tier 2 City Customers,,WhatsApp,77632.0,7726.0,3209.0,2114.0,526386.0,39.23,5.35,Hindi,,Tier 2 City Customers,24-08-2024
PU-CMP-20662,Email,Premium Shoppers,28.0,"Facebook, Instagram",33860.0,3004.0,1502.0,937.0,201455.0,313.33,-0.31,English,16.08,Tier 2 City Customers,16-10-2024
PU-CMP-50656,Social Media,Premium Shoppers,13.0,"WhatsApp, Instagram",,9026.0,4111.0,1770.0,849600.0,56.19,7.54,English,22.12,College Students,
PU-CMP-41282,SEO,Premium Shoppers,11.0,"Facebook, YouTube, Email",94361.0,7334.0,3092.0,2458.0,710362.0,45.24,5.39,Tamil,13.65,Youth,24-10-2024
PU-CMP-19804,Email,Youth,24.0,"YouTube, WhatsApp",91245.0,11271.0,6249.0,2088.0,588816.0,108.92,1.59,Tamil,21.49,Youth,04-10-2024
PU-CMP-27103,Email,Tier 2 City Customers,5.0,Email,48899.0,6827.0,2162.0,1160.0,252880.0,134.05,,Hindi,20.76,Tier 2 City Customers,04-05-2025
PU-CMP-19081,Paid Ads,Youth,28.0,"Google, YouTube, WhatsApp",33368.0,1273.0,489.0,163.0,115730.0,1564.47,-0.55,Hindi,5.77,Youth,03-03-2025
PU-CMP-37385,Paid Ads,Tier 2 City Customers,15.0,"Facebook, Google",49975.0,7017.0,3978.0,2229.0,1145706.0,62.84,7.18,Hindi,26.46,Premium Shoppers,
PU-CMP-32801,SEO,Youth,9.0,"Google, YouTube",61191.0,6072.0,2819.0,1667.0,586784.0,53.73,5.55,Hindi,17.25,Premium Shoppers,22-07-2024
PU-CMP-11098,Influencer,College Students,25.0,"Email, YouTube, Google",43989.0,3596.0,1848.0,1193.0,555938.0,154.97,2.01,Bengali,15.09,Working Women,04-10-2024
PU-CMP-42026,Influencer,Youth,12.0,Email,44734.0,1782.0,647.0,317.0,94783.0,907.56,-0.67,English,6.14,Tier 2 City Customers,19-03-2025
PU-CMP-48700,Email,Youth,17.0,Facebook,63759.0,7247.0,2746.0,1922.0,768800.0,138.23,1.89,Bengali,18.69,Tier 2 City Customers,
,,College Students,10.0,YouTube,28816.0,866.0,471.0,263.0,60753.0,838.0,-0.72,Tamil,5.55,Tier 2 City Customers,08-12-2024
PU-CMP-22887,Social Media,College Students,27.0,,,2844.0,1347.0,553.0,315210.0,248.72,1.29,Bengali,13.34,Youth,01-09-2024
PU-CMP-26990,Paid Ads,Tier 2 City Customers,9.0,"WhatsApp, Instagram, Facebook",65769.0,2058.0,1167.0,762.0,441960.0,205.58,1.82,Tamil,6.06,Premium Shoppers,08-11-2024
PU-CMP-32043,Influencer,College Students,13.0,Email,26201.0,1514.0,326.0,143.0,107679.0,1083.73,-0.31,Tamil,7.57,,31-07-2024
PU-CMP-33723,SEO,Youth,12.0,"Google, Instagram",42629.0,4344.0,1965.0,1518.0,443256.0,80.48,2.63,,18.36,Tier 2 City Customers,02-10-2024
PU-CMP-37100,Email,Youth,16.0,,70487.0,5534.0,1848.0,1213.0,756912.0,154.46,3.04,Hindi,12.19,Working Women,01-01-2025
PU-CMP-34067,Social Media,Youth,21.0,Google,75910.0,6093.0,1544.0,858.0,685542.0,241.99,2.3,Bengali,11.19,College Students,13-03-2025
PU-CMP-56542,SEO,Youth,7.0,Instagram,63916.0,2796.0,640.0,201.0,59094.0,,,,5.69,Premium Shoppers,15-10-2024
PU-CMP-23814,Paid Ads,College Students,24.0,"WhatsApp, Email",25879.0,,607.0,435.0,99180.0,450.27,-0.49,English,13.23,Premium Shoppers,25-09-2024
PU-CMP-44552,Influencer,Premium Shoppers,24.0,"WhatsApp, Facebook",35516.0,4780.0,1381.0,629.0,395012.0,428.2,0.47,Bengali,19.12,Youth,03-01-2025
PU-CMP-33302,,Tier 2 City Customers,11.0,"Facebook, Google, Instagram",18506.0,,855.0,265.0,194775.0,499.51,0.47,,15.55,Youth,05-08-2024
PU-CMP-45790,Influencer,Tier 2 City Customers,14.0,"WhatsApp, YouTube",59308.0,8647.0,4222.0,3326.0,2002252.0,52.28,10.51,English,27.31,Working Women,24-12-2024
PU-CMP-30243,Paid Ads,College Students,14.0,"YouTube, Facebook",17631.0,2128.0,1074.0,773.0,197115.0,345.57,-0.26,Bengali,22.55,Youth,05-11-2024
PU-CMP-17297,Influencer,Working Women,9.0,"Instagram, Google",93449.0,2806.0,1341.0,601.0,470583.0,461.52,0.7,Tamil,5.08,Working Women,14-11-2024
PU-CMP-15148,,Youth,10.0,"YouTube, Facebook, Instagram",56457.0,2954.0,1248.0,756.0,436212.0,,0.56,Tamil,8.78,Premium Shoppers,16-10-2024
PU-CMP-20679,Social Media,Working Women,13.0,"YouTube, Instagram",86871.0,10302.0,5984.0,3701.0,2157683.0,72.02,7.09,Tamil,23.01,Youth,11-03-2025
PU-CMP-32869,Email,Working Women,19.0,"Google, WhatsApp, Email",82063.0,4698.0,1714.0,1298.0,473770.0,180.25,1.02,Hindi,9.4,College Students,11-02-2025
PU-CMP-55324,Email,Tier 2 City Customers,16.0,"Email, Facebook, Google",27492.0,3089.0,1129.0,757.0,379257.0,274.27,0.83,Hindi,18.1,Tier 2 City Customers,
PU-CMP-51501,Paid Ads,Tier 2 City Customers,22.0,"Instagram, YouTube, WhatsApp",,1532.0,566.0,242.0,,1038.38,-0.54,Bengali,5.78,Tier 2 City Customers,15-05-2025
PU-CMP-54423,Paid Ads,Premium Shoppers,13.0,"Email, Facebook",83455.0,3390.0,1557.0,946.0,647064.0,222.26,2.08,Bengali,7.06,College Students,28-03-2025
PU-CMP-22211,Paid Ads,Youth,16.0,"Google, Instagram, YouTube",14284.0,1848.0,530.0,324.0,246240.0,881.2,-0.14,Tamil,18.92,,22-02-2025
PU-CMP-2812,Social Media,Youth,,"WhatsApp, Facebook",11731.0,1203.0,251.0,105.0,83790.0,896.67,-0.11,Bengali,13.29,College Students,07-12-2024
PU-CMP-33319,Email,Premium Shoppers,7.0,"WhatsApp, Facebook",60979.0,7027.0,1844.0,1369.0,887112.0,57.51,10.27,Bengali,16.79,Tier 2 City Customers,13-11-2024
PU-CMP-34404,Influencer,,9.0,Google,75294.0,9310.0,2939.0,1707.0,706698.0,127.8,2.24,Tamil,18.54,Premium Shoppers,05-06-2025
PU-CMP-56338,SEO,Working Women,18.0,Email,58047.0,4854.0,2780.0,1392.0,431520.0,96.51,2.21,English,15.55,Premium Shoppers,06-02-2025
PU-CMP-24079,,College Students,28.0,"WhatsApp, Facebook, Google",49054.0,5824.0,,1709.0,748542.0,161.15,1.72,English,,Premium Shoppers,28-02-2025
PU-CMP-55196,Paid Ads,Working Women,10.0,YouTube,59889.0,2721.0,853.0,562.0,338886.0,316.65,0.9,Tamil,6.91,College Students,02-02-2025
PU-CMP-9654,Email,College Students,29.0,YouTube,51142.0,6265.0,1940.0,631.0,152071.0,,0.44,English,17.28,Tier 2 City Customers,05-09-2024
PU-CMP-14748,Influencer,Working Women,28.0,"Email, Google, WhatsApp",33873.0,2049.0,547.0,242.0,159720.0,1089.42,-0.39,English,8.38,,24-07-2024
PU-CMP-33866,Influencer,College Students,30.0,"Instagram, Google, Facebook",77212.0,7008.0,2812.0,1126.0,772436.0,252.34,1.72,Tamil,14.18,Premium Shoppers,07-07-2024
PU-CMP-29719,SEO,Working Women,6.0,YouTube,47430.0,1740.0,739.0,240.0,,308.1,-0.13,English,5.73,Premium Shoppers,26-11-2024
PU-CMP-35244,SEO,College Students,14.0,"Facebook, WhatsApp, Instagram",10302.0,1494.0,606.0,204.0,103020.0,938.44,-0.46,Tamil,22.36,Tier 2 City Customers,07-08-2024
PU-CMP-44828,SEO,Premium Shoppers,13.0,"Google, Facebook, WhatsApp",99642.0,11244.0,5368.0,3608.0,2200880.0,42.47,13.36,English,20.29,Premium Shoppers,23-02-2025
PU-CMP-36869,Social Media,Working Women,14.0,Google,,3424.0,952.0,436.0,247648.0,227.1,1.5,English,6.66,Working Women,27-03-2025
,Paid Ads,Youth,,"YouTube, Facebook, Instagram",79658.0,6241.0,1686.0,1047.0,488949.0,240.64,0.94,Tamil,11.27,College Students,25-08-2024
PU-CMP-15014,Influencer,Youth,10.0,"Instagram, Email, WhatsApp",19680.0,630.0,374.0,219.0,68328.0,294.67,0.06,Hindi,6.21,,01-10-2024
PU-CMP-8915,,Premium Shoppers,14.0,Google,70498.0,6481.0,2877.0,1524.0,460248.0,66.23,3.56,Bengali,15.44,Youth,08-07-2024
PU-CMP-50327,Email,Tier 2 City Customers,12.0,"WhatsApp, Instagram, Email",86467.0,11347.0,6609.0,4969.0,3408734.0,57.14,11.01,,26.51,Premium Shoppers,01-02-2025
PU-CMP-10061,Influencer,College Students,12.0,"YouTube, Email, WhatsApp",25437.0,614.0,187.0,126.0,88830.0,1786.98,-0.61,English,3.64,College Students,25-10-2024
PU-CMP-52696,Paid Ads,Working Women,27.0,"Google, YouTube",15135.0,1010.0,290.0,146.0,32850.0,1455.86,-0.85,English,9.55,Premium Shoppers,12-02-2025
PU-CMP-50178,Social Media,Premium Shoppers,23.0,"Email, YouTube",,2281.0,526.0,386.0,231214.0,770.82,-0.22,Bengali,,Working Women,19-12-2024
PU-CMP-3101,Influencer,Tier 2 City Customers,12.0,"Email, Google",38124.0,4179.0,2177.0,,467840.0,170.68,2.19,English,18.93,College Students,18-08-2024
PU-CMP-13900,Paid Ads,Tier 2 City Customers,19.0,Instagram,14141.0,1906.0,462.0,249.0,196461.0,348.44,1.26,English,18.51,Premium Shoppers,16-12-2024
PU-CMP-50694,SEO,Working Women,7.0,Email,88167.0,9159.0,3740.0,2217.0,1425531.0,36.46,16.64,English,17.14,College Students,25-07-2024
PU-CMP-37414,Social Media,Tier 2 City Customers,28.0,Email,75296.0,1560.0,926.0,552.0,417312.0,482.78,0.57,,4.03,Youth,12-09-2024
PU-CMP-36971,Email,Youth,12.0,"Email, Facebook",60625.0,8208.0,2423.0,1570.0,653120.0,35.52,10.71,English,20.13,Working Women,25-11-2024
PU-CMP-6034,Paid Ads,Working Women,20.0,"Facebook, Google",82835.0,5372.0,,977.0,555913.0,262.98,1.16,English,11.4,Working Women,15-05-2025
PU-CMP-1373,SEO,Premium Shoppers,8.0,"YouTube, Email, Facebook",79991.0,7213.0,4045.0,2217.0,1498692.0,35.2,18.2,Tamil,16.85,Working Women,24-01-2025
PU-CMP-48889,Email,Premium Shoppers,26.0,WhatsApp,79532.0,2206.0,441.0,251.0,106926.0,488.38,-0.13,English,3.64,Working Women,23-09-2024
PU-CMP-1543,Email,Working Women,29.0,"Email, Instagram",48297.0,6516.0,3902.0,2189.0,884356.0,40.01,9.1,Tamil,26.1,Premium Shoppers,08-08-2024
PU-CMP-40318,Influencer,Tier 2 City Customers,24.0,"YouTube, Google",87257.0,10715.0,4264.0,1447.0,489086.0,88.22,2.83,Tamil,18.82,College Students,19-02-2025
,Paid Ads,Premium Shoppers,15.0,Google,43237.0,1529.0,650.0,501.0,273546.0,506.1,0.08,Bengali,6.2,Youth,30-07-2024
PU-CMP-1930,Influencer,Working Women,22.0,Email,17094.0,579.0,291.0,98.0,31262.0,2232.02,-0.86,English,5.66,Tier 2 City Customers,26-10-2024
PU-CMP-43973,Social Media,Working Women,27.0,"WhatsApp, Email, Facebook",25931.0,1184.0,454.0,254.0,107696.0,582.07,-0.27,Tamil,7.3,Tier 2 City Customers,18-03-2025
PU-CMP-21217,Social Media,Youth,22.0,"Instagram, Facebook",57609.0,6349.0,3249.0,2447.0,946989.0,70.01,4.53,Bengali,20.91,,05-01-2025
PU-CMP-38061,Paid Ads,Premium Shoppers,16.0,"Email, YouTube",21721.0,602.0,348.0,146.0,,1531.79,-0.78,Bengali,5.05,College Students,22-01-2025
,SEO,College Students,8.0,"Facebook, Email",68494.0,4555.0,1410.0,443.0,124483.0,133.44,1.11,Hindi,9.36,Tier 2 City Customers,07-07-2024
PU-CMP-18168,Email,Working Women,25.0,"Facebook, WhatsApp",48513.0,5690.0,2531.0,,896376.0,157.58,2.22,,20.59,College Students,23-03-2025
PU-CMP-20535,Social Media,Working Women,5.0,"Email, YouTube, Facebook",55517.0,6963.0,2063.0,755.0,178935.0,116.29,1.04,Tamil,17.62,Premium Shoppers,23-12-2024
PU-CMP-16558,Email,Premium Shoppers,15.0,Google,45037.0,3299.0,668.0,202.0,43228.0,1345.34,-0.84,Hindi,9.26,Tier 2 City Customers,06-04-2025
PU-CMP-18163,Social Media,,23.0,,58761.0,,3000.0,2367.0,724302.0,72.18,,English,23.07,Tier 2 City Customers,15-02-2025
PU-CMP-28692,Paid Ads,Youth,,"WhatsApp, Instagram, YouTube",37297.0,1772.0,866.0,508.0,140716.0,445.43,-0.38,English,8.43,College Students,28-10-2024
PU-CMP-6771,Email,Premium Shoppers,24.0,"Google, YouTube, Facebook",72508.0,8486.0,4008.0,2257.0,701927.0,114.94,1.71,Bengali,20.34,Working Women,08-11-2024
PU-CMP-17053,Paid Ads,Youth,12.0,"WhatsApp, YouTube, Email",82044.0,3018.0,924.0,500.0,294500.0,366.95,0.61,English,5.41,Youth,26-10-2024
PU-CMP-15081,Influencer,Tier 2 City Customers,22.0,"Email, Google, YouTube",60930.0,6735.0,1392.0,698.0,324570.0,371.8,0.25,Tamil,14.48,Youth,16-09-2024
PU-CMP-41324,Email,Premium Shoppers,26.0,Email,13149.0,531.0,120.0,49.0,37534.0,4388.31,-0.83,Tamil,5.32,Tier 2 City Customers,07-03-2025
PU-CMP-13498,Email,Youth,11.0,"Facebook, WhatsApp",22447.0,1264.0,348.0,227.0,121218.0,259.22,1.06,Tamil,8.19,Working Women,20-09-2024
,Email,,28.0,Google,32875.0,3470.0,1669.0,1293.0,619347.0,72.53,5.6,Bengali,19.57,College Students,07-07-2024
PU-CMP-38231,SEO,College Students,15.0,"YouTube, Instagram, Email",99841.0,7163.0,2303.0,1519.0,410130.0,132.16,1.04,Tamil,11.0,Premium Shoppers,11-05-2025
PU-CMP-47235,SEO,Tier 2 City Customers,,"Instagram, Google",58874.0,4930.0,1765.0,1388.0,718984.0,204.33,1.54,English,13.73,Tier 2 City Customers,24-07-2024
PU-CMP-8722,Paid Ads,Youth,13.0,"Email, WhatsApp, YouTube",28495.0,4029.0,1978.0,1076.0,505720.0,269.72,0.74,Tamil,24.86,Working Women,04-02-2025
PU-CMP-12247,Paid Ads,College Students,14.0,"Instagram, WhatsApp",53553.0,4306.0,,922.0,389084.0,113.55,2.72,English,12.02,Premium Shoppers,17-07-2024
PU-CMP-50300,SEO,Tier 2 City Customers,23.0,Instagram,63019.0,1532.0,892.0,576.0,,114.22,5.1,Tamil,4.76,Working Women,18-02-2025
PU-CMP-49299,SEO,Youth,20.0,Google,23951.0,620.0,314.0,138.0,83214.0,430.63,0.4,English,4.48,College Students,12-10-2024
PU-CMP-3758,,Working Women,24.0,Facebook,44599.0,5010.0,1419.0,741.0,231933.0,383.23,-0.18,English,16.08,Working Women,08-05-2025
PU-CMP-48386,Email,Tier 2 City Customers,17.0,YouTube,18520.0,507.0,,131.0,66155.0,1832.85,-0.72,Tamil,4.47,College Students,29-03-2025
PU-CMP-33716,Paid Ads,College Students,10.0,"YouTube, WhatsApp",33200.0,4708.0,1900.0,1372.0,1086624.0,145.59,4.44,,24.04,Tier 2 City Customers,02-08-2024
PU-CMP-1268,Paid Ads,Working Women,7.0,"Email, Instagram, Facebook",,8471.0,,1701.0,549423.0,42.95,6.52,Bengali,18.85,,18-07-2024
PU-CMP-38007,Paid Ads,Working Women,,"Email, Google",27477.0,2599.0,866.0,381.0,87249.0,630.56,-0.64,Hindi,14.0,College Students,27-11-2024
PU-CMP-37663,Paid Ads,Tier 2 City Customers,7.0,Email,49845.0,4547.0,1857.0,828.0,584568.0,201.76,2.5,,14.51,Youth,27-12-2024
PU-CMP-45759,Influencer,Working Women,11.0,"Email, Instagram, WhatsApp",27899.0,1393.0,602.0,238.0,70924.0,1152.01,-0.74,English,8.0,College Students,06-06-2025
PU-CMP-20772,SEO,College Students,30.0,"Instagram, Facebook, Email",46203.0,1488.0,630.0,296.0,214008.0,237.04,2.05,English,5.22,College Students,07-04-2025
PU-CMP-28653,Social Media,Premium Shoppers,7.0,"WhatsApp, Google",55356.0,5565.0,1501.0,983.0,411877.0,199.15,1.1,Hindi,14.54,College Students,10-02-2025
PU-CMP-47205,Influencer,Tier 2 City Customers,15.0,"Facebook, Instagram, Google",28431.0,1027.0,318.0,176.0,46640.0,1462.28,-0.82,Hindi,5.35,College Students,12-07-2024
PU-CMP-26485,Paid Ads,Tier 2 City Customers,14.0,"Google, YouTube",74756.0,10538.0,4476.0,2858.0,1560468.0,75.56,6.23,Hindi,23.91,Youth,06-08-2024
PU-CMP-23269,Influencer,Youth,22.0,,36606.0,4140.0,1778.0,1337.0,782145.0,139.79,3.18,Tamil,19.82,Tier 2 City Customers,20-01-2025
PU-CMP-18856,Email,Youth,28.0,"WhatsApp, YouTube",30861.0,1424.0,690.0,212.0,83740.0,427.83,-0.08,Tamil,7.54,Working Women,31-10-2024
PU-CMP-35734,Social Media,Tier 2 City Customers,5.0,"Google, YouTube",,3805.0,1720.0,1284.0,283764.0,39.78,4.56,Hindi,25.78,College Students,10-11-2024
,Social Media,Premium Shoppers,10.0,"YouTube, Google",11537.0,452.0,120.0,45.0,35460.0,3666.4,-0.79,Bengali,5.35,Tier 2 City Customers,28-04-2025
PU-CMP-10648,Influencer,Working Women,11.0,"Google, Email, YouTube",28846.0,3040.0,1823.0,778.0,494808.0,341.74,0.86,Tamil,19.56,Premium Shoppers,
PU-CMP-37633,Paid Ads,Tier 2 City Customers,17.0,WhatsApp,78511.0,7255.0,2649.0,1793.0,986150.0,74.64,6.37,English,14.9,Working Women,11-07-2024
PU-CMP-26029,Social Media,,24.0,"Email, Facebook",81315.0,10048.0,,1848.0,875952.0,71.58,5.62,Tamil,19.79,College Students,01-06-2025
PU-CMP-47731,Influencer,Youth,12.0,"Facebook, Google",43856.0,3413.0,1378.0,1003.0,417248.0,222.08,0.87,Hindi,13.21,Working Women,05-04-2025
PU-CMP-16121,SEO,Premium Shoppers,6.0,"Facebook, Google",66538.0,6495.0,1688.0,804.0,,308.04,0.88,Bengali,13.51,Tier 2 City Customers,03-06-2025
PU-CMP-6152,Email,Premium Shoppers,19.0,Instagram,55217.0,7877.0,4090.0,1729.0,,52.29,8.49,Bengali,24.8,Youth,27-05-2025
PU-CMP-26560,Influencer,College Students,11.0,"Facebook, YouTube",11860.0,975.0,427.0,323.0,108851.0,691.48,-0.51,Hindi,14.54,College Students,
PU-CMP-34730,Email,Youth,14.0,"Google, Email",19796.0,1783.0,952.0,430.0,210700.0,523.34,-0.06,Bengali,15.99,Working Women,21-12-2024
PU-CMP-35859,SEO,Youth,8.0,"YouTube, Email, Google",61370.0,2170.0,1259.0,,465050.0,99.61,,English,6.74,Tier 2 City Customers,27-04-2025
PU-CMP-20608,SEO,Tier 2 City Customers,9.0,Google,83297.0,4629.0,1509.0,940.0,663640.0,301.69,1.34,English,8.5,Working Women,28-10-2024
PU-CMP-49619,Influencer,Premium Shoppers,14.0,,31306.0,,1617.0,911.0,264190.0,88.34,2.28,English,21.69,Tier 2 City Customers,15-09-2024
PU-CMP-21391,Social Media,Youth,24.0,Email,57134.0,3391.0,1921.0,776.0,168392.0,323.67,-0.33,Tamil,10.66,College Students,17-09-2024
PU-CMP-51666,Paid Ads,Youth,14.0,"Facebook, Email",84648.0,2062.0,802.0,439.0,269107.0,545.21,0.12,Hindi,3.9,College Students,02-04-2025
PU-CMP-22369,Influencer,Premium Shoppers,20.0,"Google, WhatsApp, Facebook",94004.0,9349.0,2158.0,675.0,302400.0,340.34,,Tamil,12.96,Tier 2 City Customers,
PU-CMP-45431,Paid Ads,Tier 2 City Customers,27.0,Email,24346.0,,224.0,171.0,97812.0,1498.67,-0.62,Hindi,6.06,Youth,01-03-2025
PU-CMP-38135,Email,Working Women,14.0,"YouTube, Instagram, Facebook",12266.0,289.0,73.0,33.0,23298.0,2162.7,-0.67,English,3.22,Tier 2 City Customers,26-05-2025
PU-CMP-23678,Social Media,Tier 2 City Customers,16.0,"Instagram, Email, Facebook",51830.0,3674.0,1336.0,989.0,705157.0,97.96,6.28,Bengali,11.57,Tier 2 City Customers,22-03-2025
PU-CMP-15054,,College Students,22.0,Google,37147.0,4589.0,957.0,524.0,417104.0,243.42,,Hindi,16.34,Youth,28-05-2025
PU-CMP-38238,SEO,College Students,20.0,"Facebook, Google",44342.0,6549.0,1553.0,652.0,394460.0,282.41,1.14,Bengali,,Working Women,07-10-2024
PU-CMP-29953,Social Media,Youth,13.0,"YouTube, Instagram",80827.0,10941.0,2959.0,,1083875.0,64.36,7.93,Bengali,19.53,College Students,04-02-2025
PU-CMP-42730,Email,Tier 2 City Customers,15.0,"WhatsApp, Google, Instagram",88733.0,9528.0,5320.0,3533.0,1409667.0,67.2,4.94,Hindi,20.71,Youth,10-10-2024
PU-CMP-42230,Social Media,Youth,29.0,WhatsApp,54063.0,2222.0,619.0,400.0,253200.0,696.88,-0.09,English,5.99,College Students,24-01-2025
PU-CMP-11609,Email,Working Women,14.0,"Instagram, Facebook",16133.0,,190.0,88.0,68464.0,620.18,0.25,Hindi,5.42,College Students,07-04-2025
PU-CMP-33647,Email,Premium Shoppers,9.0,"YouTube, Google, WhatsApp",14939.0,1936.0,1145.0,,377888.0,67.15,6.18,Tamil,25.87,Tier 2 City Customers,04-04-2025
PU-CMP-25716,Influencer,Premium Shoppers,11.0,,42283.0,1266.0,523.0,388.0,275868.0,360.73,0.97,Bengali,5.15,Premium Shoppers,16-02-2025
PU-CMP-53034,,Premium Shoppers,6.0,"Email, Instagram, Google",77173.0,,2120.0,1293.0,389193.0,125.63,1.4,Hindi,10.54,Premium Shoppers,30-04-2025
PU-CMP-25899,Paid Ads,Premium Shoppers,14.0,"YouTube, Instagram, Email",11548.0,762.0,304.0,92.0,39284.0,2473.78,-0.83,Bengali,10.03,Working Women,10-10-2024
PU-CMP-13447,Email,College Students,24.0,"WhatsApp, Instagram, Facebook",10348.0,1374.0,796.0,272.0,130288.0,556.31,-0.14,Bengali,23.6,Premium Shoppers,09-09-2024
PU-CMP-48218,SEO,Premium Shoppers,17.0,"YouTube, Facebook, Google",54310.0,2436.0,,427.0,196420.0,606.91,-0.24,Hindi,7.11,Working Women,17-08-2024
PU-CMP-54568,Social Media,Working Women,21.0,"YouTube, WhatsApp",29054.0,1569.0,,228.0,150480.0,807.67,-0.18,Bengali,7.72,Working Women,10-09-2024
PU-CMP-52129,SEO,Working Women,,"YouTube, Instagram, Facebook",30408.0,,331.0,229.0,137629.0,817.14,-0.26,English,4.24,Premium Shoppers,15-01-2025
PU-CMP-17271,Email,Youth,,WhatsApp,30604.0,2836.0,1677.0,1022.0,703136.0,148.98,3.62,Hindi,18.09,Youth,01-05-2025
PU-CMP-32060,Influencer,Youth,10.0,,47846.0,4164.0,1225.0,,442430.0,108.69,,Hindi,,Premium Shoppers,06-03-2025
PU-CMP-14192,Email,College Students,21.0,"Google, Email",40292.0,1693.0,532.0,182.0,122486.0,390.39,0.72,Tamil,5.97,Premium Shoppers,24-05-2025
PU-CMP-38631,Paid Ads,College Students,24.0,Google,85760.0,3974.0,1240.0,658.0,138180.0,443.36,-0.53,English,6.85,Premium Shoppers,05-10-2024
PU-CMP-28834,SEO,Premium Shoppers,21.0,Instagram,84487.0,8213.0,2370.0,1461.0,819621.0,95.0,4.91,Hindi,14.26,Working Women,
PU-CMP-36839,Email,Working Women,5.0,"Facebook, YouTube",61749.0,4919.0,1670.0,1120.0,518560.0,209.08,1.21,,12.48,Youth,09-04-2025
PU-CMP-38836,SEO,,26.0,"YouTube, Instagram, Google",33811.0,4570.0,2384.0,1717.0,906576.0,134.6,2.92,Bengali,25.65,Working Women,28-10-2024
PU-CMP-26588,Email,Premium Shoppers,11.0,WhatsApp,69625.0,7747.0,4190.0,3239.0,1891576.0,56.1,9.41,Tamil,21.8,College Students,20-02-2025
PU-CMP-50562,Social Media,College Students,21.0,"Email, Facebook, YouTube",71585.0,7243.0,3828.0,3021.0,1350387.0,80.23,4.57,Tamil,19.69,Tier 2 City Customers,16-11-2024
PU-CMP-17013,Influencer,Tier 2 City Customers,23.0,"Instagram, Facebook, WhatsApp",31674.0,4200.0,1328.0,1010.0,618120.0,72.19,7.48,Hindi,20.64,Working Women,16-03-2025
PU-CMP-56081,SEO,Working Women,9.0,WhatsApp,89172.0,5641.0,2014.0,866.0,568962.0,268.16,1.45,Tamil,9.56,Youth,05-02-2025
PU-CMP-34334,,Working Women,20.0,Email,93639.0,2610.0,,627.0,383097.0,375.69,0.63,English,4.37,Premium Shoppers,03-07-2024
PU-CMP-36578,SEO,Working Women,29.0,"Email, Instagram",48873.0,2438.0,686.0,468.0,,233.8,0.81,Bengali,7.35,Premium Shoppers,27-04-2025
PU-CMP-32393,Social Media,Youth,30.0,"WhatsApp, Email",95478.0,11206.0,4980.0,2598.0,1304196.0,62.17,7.07,Bengali,19.67,Youth,04-05-2025
PU-CMP-29678,Social Media,College Students,20.0,"Instagram, YouTube",90486.0,6193.0,2351.0,1479.0,631533.0,142.36,2.0,Tamil,11.08,Working Women,25-01-2025
PU-CMP-29507,Email,Youth,22.0,"Facebook, WhatsApp, Email",19760.0,2177.0,1183.0,608.0,310080.0,200.95,1.54,English,,Working Women,29-08-2024
PU-CMP-11613,Email,College Students,,YouTube,44212.0,4182.0,1790.0,985.0,210790.0,143.36,0.49,English,15.74,College Students,16-01-2025
PU-CMP-34355,Paid Ads,Youth,,"YouTube, Email, Facebook",37699.0,5084.0,2312.0,835.0,247160.0,190.9,0.55,English,21.83,College Students,06-11-2024
PU-CMP-23279,Social Media,Working Women,27.0,YouTube,98034.0,8851.0,3125.0,1137.0,881175.0,63.1,11.28,Bengali,13.38,College Students,
PU-CMP-38669,Influencer,Premium Shoppers,12.0,"WhatsApp, Instagram, Facebook",,,1015.0,570.0,143640.0,215.39,,Hindi,11.23,College Students,07-01-2025
PU-CMP-46783,Influencer,College Students,12.0,"Facebook, WhatsApp",85340.0,,2325.0,1569.0,527184.0,66.64,4.04,Hindi,10.46,College Students,09-06-2025
PU-CMP-21864,Email,Youth,12.0,WhatsApp,31550.0,2988.0,1580.0,1262.0,884662.0,50.1,12.99,Tamil,18.48,Premium Shoppers,01-09-2024
PU-CMP-54711,Influencer,College Students,7.0,Email,47611.0,3173.0,973.0,714.0,520506.0,151.2,3.82,Bengali,10.21,Youth,26-02-2025
PU-CMP-17677,Email,Working Women,25.0,"YouTube, Email",38233.0,,1466.0,,,259.58,0.36,Hindi,,,01-01-2025
PU-CMP-19365,Influencer,Youth,26.0,"Google, Email",30081.0,3503.0,2068.0,1069.0,668125.0,82.04,6.62,English,22.07,Youth,
PU-CMP-53787,Paid Ads,Working Women,26.0,WhatsApp,13436.0,466.0,187.0,118.0,66906.0,989.24,-0.43,Hindi,5.74,Tier 2 City Customers,06-09-2024
PU-CMP-20574,Social Media,Tier 2 City Customers,6.0,"WhatsApp, Instagram, Google",71904.0,8848.0,1929.0,636.0,265848.0,94.19,3.44,Tamil,,Working Women,05-07-2024
PU-CMP-2811,Social Media,Working Women,14.0,"WhatsApp, Email, YouTube",41590.0,,1153.0,,461274.0,195.13,2.71,Hindi,17.66,College Students,15-09-2024
PU-CMP-22749,Social Media,Youth,20.0,"Google, Facebook, Email",94206.0,13246.0,3363.0,2541.0,1567797.0,77.54,6.96,Bengali,20.33,Tier 2 City Customers,14-05-2025
PU-CMP-52364,SEO,Working Women,6.0,,39145.0,5078.0,2603.0,1156.0,468180.0,147.63,1.74,Hindi,22.58,,27-02-2025
PU-CMP-25062,Email,,24.0,"WhatsApp, Email, Instagram",11655.0,396.0,205.0,88.0,46288.0,1733.22,-0.7,English,5.91,Youth,01-10-2024
PU-CMP-36591,Email,Tier 2 City Customers,18.0,"YouTube, Email",58159.0,7940.0,4459.0,1858.0,849106.0,,3.05,Bengali,24.51,Youth,02-06-2025
PU-CMP-18554,Email,Youth,27.0,"Facebook, YouTube, Email",29242.0,2013.0,952.0,,89304.0,579.84,-0.58,Tamil,11.39,Tier 2 City Customers,07-04-2025
PU-CMP-2967,Influencer,Youth,23.0,"Google, YouTube, Email",48898.0,,1629.0,1083.0,,89.95,5.01,Bengali,12.66,Tier 2 City Customers,04-06-2025
PU-CMP-48393,Social Media,,29.0,Google,36239.0,4422.0,2197.0,1277.0,643608.0,206.43,1.44,English,21.79,Working Women,12-03-2025
,Influencer,Tier 2 City Customers,9.0,"YouTube, WhatsApp, Instagram",37587.0,2811.0,1523.0,813.0,593490.0,84.9,7.6,Hindi,13.69,Premium Shoppers,04-09-2024
PU-CMP-9546,Email,College Students,10.0,"Email, Instagram, YouTube",27628.0,3578.0,768.0,588.0,468048.0,270.0,1.95,Hindi,17.86,College Students,08-06-2025
PU-CMP-53147,Social Media,College Students,29.0,"Email, Google, WhatsApp",73677.0,7058.0,4220.0,2627.0,2041179.0,25.78,29.14,,18.87,Youth,24-04-2025
PU-CMP-13252,Email,College Students,21.0,WhatsApp,22301.0,2757.0,,818.0,189776.0,211.89,0.09,Tamil,22.94,Youth,
PU-CMP-52740,Influencer,Tier 2 City Customers,19.0,Facebook,52877.0,,,231.0,66990.0,345.29,-0.16,Bengali,4.47,Working Women,18-09-2024
PU-CMP-52592,SEO,Youth,17.0,"WhatsApp, YouTube, Email",17014.0,1364.0,573.0,314.0,169246.0,792.97,,,13.23,Youth,12-10-2024
PU-CMP-18284,SEO,College Students,8.0,YouTube,32890.0,2176.0,733.0,,309464.0,545.39,0.4,Tamil,10.07,Tier 2 City Customers,15-06-2025
PU-CMP-13315,Social Media,Premium Shoppers,6.0,"Instagram, Google, WhatsApp",84970.0,2851.0,1168.0,467.0,336707.0,255.87,1.82,Tamil,5.28,Tier 2 City Customers,15-08-2024
PU-CMP-4840,Social Media,Premium Shoppers,14.0,"Google, YouTube",69021.0,9057.0,3814.0,1247.0,614771.0,153.96,2.2,English,20.45,Premium Shoppers,08-06-2025
PU-CMP-48423,Social Media,College Students,8.0,"Email, WhatsApp, Google",62318.0,3277.0,,349.0,200675.0,690.25,-0.17,English,7.61,Working Women,05-02-2025
PU-CMP-47942,Social Media,Youth,23.0,"WhatsApp, Email, Facebook",,1699.0,930.0,647.0,474898.0,367.12,1.0,English,20.42,Working Women,23-11-2024
PU-CMP-35155,Email,Youth,,"Email, Google, WhatsApp",72874.0,4087.0,2300.0,1244.0,798648.0,59.82,9.73,Hindi,10.47,Working Women,15-01-2025
PU-CMP-42055,Email,Premium Shoppers,28.0,Instagram,30217.0,657.0,333.0,114.0,23484.0,2441.57,-0.92,Hindi,3.65,Youth,11-09-2024
PU-CMP-40514,Paid Ads,Tier 2 City Customers,26.0,,43651.0,3870.0,1855.0,1084.0,810832.0,226.23,2.31,Hindi,15.6,Working Women,23-12-2024
PU-CMP-16603,Paid Ads,Tier 2 City Customers,11.0,"WhatsApp, Email, Instagram",59790.0,8895.0,4727.0,2609.0,1361898.0,83.39,5.26,Bengali,27.15,Premium Shoppers,09-04-2025
PU-CMP-41019,Social Media,Working Women,15.0,"YouTube, Google",51979.0,7575.0,3072.0,2121.0,,113.18,4.68,Bengali,24.56,College Students,17-05-2025
PU-CMP-42012,Social Media,College Students,23.0,"Email, WhatsApp, Facebook",55761.0,7058.0,4002.0,1598.0,1249636.0,113.22,5.91,Tamil,22.7,Tier 2 City Customers,13-11-2024
PU-CMP-19379,Paid Ads,Youth,30.0,"Facebook, YouTube",73140.0,6999.0,1547.0,623.0,201229.0,319.1,0.01,Bengali,12.54,Youth,29-05-2025
PU-CMP-52951,Social Media,College Students,15.0,Facebook,50370.0,2585.0,1101.0,423.0,226305.0,281.22,0.9,Bengali,8.16,Working Women,27-03-2025
PU-CMP-42006,Social Media,Youth,19.0,"Instagram, YouTube, Google",86242.0,10792.0,5138.0,3199.0,793352.0,76.29,2.25,Tamil,22.18,Working Women,15-01-2025
PU-CMP-50254,SEO,Working Women,17.0,"Facebook, Google",76386.0,5886.0,3191.0,1836.0,512244.0,135.5,1.06,English,14.29,College Students,24-05-2025
PU-CMP-56298,Email,Tier 2 City Customers,7.0,"WhatsApp, YouTube, Facebook",88871.0,7684.0,2192.0,1409.0,1044069.0,74.45,8.95,English,12.7,Working Women,21-02-2025
PU-CMP-9966,Email,Tier 2 City Customers,10.0,Instagram,37938.0,4337.0,1831.0,1318.0,922600.0,109.53,5.39,Hindi,19.73,College Students,15-06-2025
PU-CMP-42591,Influencer,Youth,21.0,"Google, Facebook, Instagram",40426.0,4769.0,1462.0,1051.0,780893.0,106.13,6.0,English,18.01,Premium Shoppers,06-04-2025
PU-CMP-8267,Email,Tier 2 City Customers,19.0,YouTube,80386.0,9274.0,2856.0,1549.0,737324.0,127.09,2.75,Bengali,17.02,College Students,04-07-2024
PU-CMP-16712,Social Media,Youth,25.0,"Facebook, YouTube, Instagram",48913.0,5163.0,1207.0,684.0,292068.0,280.09,0.52,,14.42,College Students,23-08-2024
PU-CMP-10798,Email,Working Women,22.0,YouTube,51549.0,2418.0,576.0,358.0,167902.0,,0.85,Bengali,6.5,Tier 2 City Customers,15-01-2025
PU-CMP-11946,Social Media,Tier 2 City Customers,23.0,"YouTube, WhatsApp, Facebook",52014.0,7488.0,2436.0,1094.0,286628.0,136.59,0.92,Bengali,21.18,Youth,05-09-2024
PU-CMP-1971,SEO,Premium Shoppers,12.0,"YouTube, Facebook, Google",70107.0,6042.0,2889.0,1407.0,454461.0,195.8,0.65,Bengali,14.75,Premium Shoppers,12-01-2025
PU-CMP-51926,,Tier 2 City Customers,27.0,"Google, YouTube, Instagram",30482.0,4452.0,2614.0,1310.0,702160.0,,1.46,English,27.48,Premium Shoppers,04-11-2024
PU-CMP-20151,,Youth,15.0,"Facebook, Google",63896.0,5725.0,2999.0,1005.0,741690.0,73.31,9.07,Hindi,15.23,Youth,21-09-2024
PU-CMP-29167,Influencer,Youth,8.0,,52223.0,1064.0,326.0,213.0,94146.0,1187.38,-0.63,English,3.07,Tier 2 City Customers,30-01-2025
PU-CMP-46094,Email,,14.0,"Facebook, Instagram, WhatsApp",70841.0,7819.0,3884.0,2281.0,1329823.0,66.7,7.74,Bengali,19.74,Working Women,18-02-2025
PU-CMP-41431,Influencer,Tier 2 City Customers,8.0,"Google, Instagram, WhatsApp",72730.0,2236.0,,391.0,182988.0,655.38,-0.29,Tamil,4.52,Premium Shoppers,31-12-2024
PU-CMP-53663,Paid Ads,Working Women,29.0,Email,90184.0,4474.0,,1205.0,833860.0,244.5,1.83,Hindi,8.3,Premium Shoppers,12-01-2025
,Paid Ads,Tier 2 City Customers,25.0,"WhatsApp, Email",,7298.0,4160.0,2066.0,1229270.0,102.1,4.83,Tamil,18.37,Youth,
PU-CMP-7990,SEO,College Students,16.0,Instagram,80148.0,8749.0,4476.0,2074.0,1410320.0,78.93,7.61,Bengali,19.09,College Students,12-11-2024
PU-CMP-26171,Paid Ads,Working Women,10.0,"Google, WhatsApp",28711.0,3459.0,1005.0,466.0,283794.0,284.86,1.14,Tamil,17.17,Working Women,20-03-2025
PU-CMP-43179,Social Media,Youth,24.0,,,3684.0,1094.0,782.0,371450.0,383.49,0.24,English,16.29,Tier 2 City Customers,
PU-CMP-42371,Email,Premium Shoppers,20.0,"Facebook, Instagram, WhatsApp",13651.0,797.0,254.0,115.0,75555.0,1715.67,-0.62,Tamil,8.54,Premium Shoppers,15-05-2025
PU-CMP-13566,SEO,Tier 2 City Customers,22.0,Email,46118.0,1140.0,409.0,280.0,170240.0,829.36,-0.27,Hindi,3.97,Tier 2 City Customers,26-01-2025
PU-CMP-53216,Social Media,Working Women,15.0,"Google, Facebook, YouTube",14800.0,1298.0,425.0,178.0,63902.0,1142.39,-0.69,Tamil,12.84,Youth,16-09-2024
PU-CMP-7288,Social Media,Premium Shoppers,20.0,Instagram,44735.0,4837.0,2311.0,1407.0,931434.0,203.83,2.25,Hindi,19.12,Working Women,23-04-2025
PU-CMP-6058,SEO,College Students,26.0,Instagram,82108.0,12144.0,4525.0,2167.0,866800.0,130.06,2.08,Hindi,22.94,Tier 2 City Customers,02-05-2025
PU-CMP-37478,Social Media,College Students,12.0,"WhatsApp, Email, Facebook",43276.0,4580.0,1771.0,639.0,493308.0,398.75,0.94,Hindi,16.15,Working Women,23-12-2024
PU-CMP-25033,,Tier 2 City Customers,9.0,"Instagram, Facebook, Email",34331.0,829.0,387.0,210.0,159180.0,667.7,0.14,English,4.15,Premium Shoppers,14-09-2024
PU-CMP-48521,SEO,Tier 2 City Customers,21.0,"Google, Email",99209.0,13434.0,5048.0,,2099275.0,74.34,7.62,Tamil,21.93,Working Women,07-01-2025
PU-CMP-48447,Influencer,Tier 2 City Customers,15.0,"Instagram, WhatsApp",29418.0,1044.0,556.0,270.0,166320.0,227.94,1.7,Bengali,6.36,Tier 2 City Customers,16-10-2024
PU-CMP-45444,Social Media,Premium Shoppers,12.0,"Facebook, WhatsApp",44554.0,3214.0,1883.0,1011.0,616710.0,78.27,6.79,Tamil,13.71,College Students,27-03-2025
PU-CMP-1225,Influencer,Youth,19.0,Facebook,,6135.0,2949.0,1551.0,1113618.0,87.48,7.21,Bengali,18.41,Premium Shoppers,09-08-2024
PU-CMP-44976,Influencer,Working Women,17.0,"WhatsApp, Google",47682.0,2169.0,682.0,499.0,190119.0,177.49,1.15,Hindi,7.03,Working Women,30-10-2024
PU-CMP-9659,SEO,Premium Shoppers,8.0,Email,59038.0,,,339.0,120006.0,355.06,0.0,Bengali,6.15,Working Women,21-01-2025
PU-CMP-27659,Paid Ads,College Students,20.0,"Email, Instagram",22270.0,2043.0,785.0,361.0,,579.53,-0.57,,14.32,Youth,17-09-2024
PU-CMP-41062,Social Media,Youth,11.0,"Facebook, Email, WhatsApp",56530.0,2896.0,1307.0,655.0,405445.0,291.97,1.12,Hindi,8.59,College Students,28-03-2025
PU-CMP-1664,SEO,Premium Shoppers,19.0,Email,23413.0,2274.0,486.0,275.0,111100.0,367.24,0.1,,12.96,Youth,23-04-2025
,Email,Premium Shoppers,22.0,,,1426.0,291.0,137.0,69322.0,2170.35,-0.77,Bengali,5.45,Tier 2 City Customers,05-09-2024
PU-CMP-45221,Paid Ads,Premium Shoppers,17.0,Google,37017.0,5311.0,1211.0,904.0,424880.0,57.46,7.18,Hindi,20.06,Working Women,01-08-2024
PU-CMP-10869,Influencer,Working Women,19.0,"YouTube, Facebook",16282.0,531.0,271.0,147.0,67767.0,688.13,-0.33,English,5.83,Working Women,24-05-2025
PU-CMP-17758,SEO,Tier 2 City Customers,7.0,"Facebook, Instagram, Google",46109.0,5866.0,1662.0,944.0,674016.0,312.76,1.28,English,18.37,College Students,22-04-2025
PU-CMP-41964,Influencer,Working Women,22.0,"Google, Email",49669.0,3164.0,673.0,455.0,105105.0,505.63,-0.54,English,8.64,Working Women,13-03-2025
PU-CMP-32057,SEO,Premium Shoppers,19.0,"Email, Google",98602.0,14245.0,2963.0,1770.0,,,7.59,English,19.25,College Students,
PU-CMP-15902,Social Media,Premium Shoppers,23.0,"Facebook, Instagram, Email",56820.0,4790.0,2025.0,1458.0,409698.0,62.09,,English,14.56,Tier 2 City Customers,20-12-2024
,SEO,College Students,11.0,"Facebook, Email",54149.0,6259.0,2419.0,1391.0,588393.0,75.66,4.59,Tamil,18.59,Premium Shoppers,27-05-2025
PU-CMP-26546,Email,Working Women,24.0,"WhatsApp, Facebook, Google",72332.0,2708.0,1325.0,439.0,,128.73,1.39,Tamil,6.18,Tier 2 City Customers,24-12-2024
PU-CMP-46549,Social Media,Premium Shoppers,28.0,"Google, YouTube",46004.0,3609.0,1429.0,578.0,,186.36,0.26,English,12.21,Youth,14-02-2025
PU-CMP-48236,Influencer,Tier 2 City Customers,8.0,"YouTube, Facebook, WhatsApp",30229.0,4306.0,1264.0,627.0,216315.0,164.82,1.09,Tamil,20.5,Youth,16-03-2025
PU-CMP-32190,Email,Tier 2 City Customers,27.0,"Email, WhatsApp, Instagram",64268.0,7206.0,1745.0,679.0,146664.0,249.31,-0.13,Hindi,14.98,Premium Shoppers,27-12-2024
,Influencer,Working Women,9.0,"YouTube, Instagram, Email",51087.0,3037.0,1308.0,932.0,520988.0,,6.68,Bengali,10.33,Tier 2 City Customers,03-01-2025
PU-CMP-45635,SEO,Tier 2 City Customers,9.0,Email,88914.0,12360.0,5278.0,2470.0,,34.71,5.63,,22.62,College Students,24-03-2025
PU-CMP-10877,Influencer,Working Women,25.0,"Google, WhatsApp",36011.0,3212.0,1379.0,1050.0,784350.0,277.08,1.7,Hindi,15.66,Working Women,29-05-2025
PU-CMP-31368,Email,College Students,7.0,Instagram,74304.0,9372.0,3405.0,1175.0,325475.0,191.72,0.44,English,18.78,College Students,10-07-2024
PU-CMP-25613,Social Media,Youth,19.0,YouTube,63879.0,2885.0,939.0,362.0,266794.0,264.63,1.79,Hindi,6.55,Working Women,19-09-2024
,Social Media,College Students,19.0,"Instagram, YouTube",,7002.0,3097.0,1178.0,531278.0,91.82,3.91,English,14.45,Tier 2 City Customers,09-12-2024
PU-CMP-25779,Social Media,Tier 2 City Customers,18.0,"Google, Instagram",21878.0,2245.0,867.0,622.0,274302.0,135.39,2.26,Bengali,17.07,College Students,07-08-2024
PU-CMP-27134,Paid Ads,College Students,25.0,"Email, Google",66938.0,5830.0,2140.0,1443.0,518037.0,47.98,6.48,Bengali,14.06,Tier 2 City Customers,25-07-2024
PU-CMP-38738,Email,College Students,21.0,"YouTube, Email, Facebook",69105.0,2214.0,673.0,466.0,338782.0,537.36,0.35,Hindi,4.85,Working Women,17-02-2025
PU-CMP-20306,Paid Ads,Premium Shoppers,15.0,"WhatsApp, Google, Email",39175.0,1243.0,723.0,301.0,174279.0,918.23,-0.37,Hindi,5.79,Working Women,25-01-2025
PU-CMP-13422,Social Media,Working Women,22.0,Google,,3515.0,1811.0,553.0,358897.0,299.54,1.17,Hindi,6.62,College Students,22-07-2024
PU-CMP-19618,Paid Ads,Working Women,14.0,,55241.0,2223.0,817.0,311.0,156744.0,,1.22,Tamil,6.07,Youth,07-10-2024
PU-CMP-16208,Influencer,Premium Shoppers,22.0,"Google, Email",73045.0,1854.0,949.0,287.0,,990.1,-0.65,Tamil,4.23,Premium Shoppers,25-01-2025
PU-CMP-47871,Paid Ads,Youth,17.0,"YouTube, WhatsApp, Google",21448.0,1490.0,879.0,559.0,136955.0,201.7,0.21,Hindi,,Premium Shoppers,29-11-2024
PU-CMP-1429,Social Media,Tier 2 City Customers,27.0,"Instagram, YouTube, Google",53086.0,3420.0,845.0,384.0,175104.0,595.79,-0.23,Tamil,8.76,,21-11-2024
PU-CMP-5829,Social Media,Youth,10.0,"Google, YouTube",91039.0,11652.0,6400.0,4077.0,2185272.0,71.02,6.55,Bengali,24.31,College Students,08-11-2024
PU-CMP-4222,Social Media,Premium Shoppers,15.0,,46801.0,,3273.0,,767755.0,144.36,2.36,Hindi,25.18,Premium Shoppers,08-10-2024
PU-CMP-5040,Influencer,College Students,17.0,Email,57648.0,8052.0,2975.0,1609.0,1020106.0,174.45,2.63,Bengali,21.92,College Students,
PU-CMP-55978,Social Media,Youth,5.0,"WhatsApp, Facebook",88778.0,13131.0,4404.0,2240.0,656320.0,,3.59,English,22.27,Premium Shoppers,
PU-CMP-49944,Social Media,Premium Shoppers,30.0,"Google, Facebook",88522.0,5236.0,1476.0,922.0,701642.0,195.65,2.89,English,8.62,Premium Shoppers,16-01-2025
PU-CMP-35771,Email,Premium Shoppers,7.0,"Email, Facebook",92763.0,7064.0,1890.0,1261.0,668330.0,77.17,5.87,English,11.01,,18-12-2024
PU-CMP-55203,Social Media,Youth,7.0,"Instagram, Google, YouTube",10466.0,600.0,164.0,72.0,26928.0,3563.39,-0.9,Bengali,7.99,Premium Shoppers,12-12-2024
PU-CMP-23600,Influencer,Tier 2 City Customers,11.0,WhatsApp,12385.0,270.0,149.0,80.0,50080.0,1985.72,-0.68,English,4.03,Youth,12-02-2025
PU-CMP-1381,Email,Youth,20.0,Facebook,,12874.0,4889.0,3799.0,964946.0,59.07,3.3,Hindi,22.76,Youth,14-09-2024
PU-CMP-21464,Social Media,College Students,,"Google, WhatsApp, Facebook",10801.0,1296.0,528.0,372.0,93372.0,797.3,-0.69,Hindi,20.33,Premium Shoppers,30-09-2024
PU-CMP-7720,Influencer,College Students,27.0,WhatsApp,,3510.0,1367.0,514.0,396808.0,220.18,2.51,Hindi,20.49,College Students,21-01-2025
PU-CMP-50078,,Premium Shoppers,19.0,,85977.0,8499.0,4056.0,2275.0,555100.0,59.81,3.08,Hindi,17.25,Tier 2 City Customers,16-12-2024
PU-CMP-13957,SEO,Youth,24.0,Facebook,79662.0,8164.0,3252.0,2113.0,1496004.0,23.85,28.69,Bengali,16.98,Premium Shoppers,17-08-2024
PU-CMP-8479,Paid Ads,Working Women,10.0,"Instagram, Google",,2898.0,1224.0,697.0,243950.0,123.03,1.84,Bengali,7.2,,14-11-2024
PU-CMP-50042,Influencer,Tier 2 City Customers,29.0,"WhatsApp, Instagram",,2986.0,1062.0,344.0,229104.0,531.75,0.25,Tamil,12.04,Youth,08-09-2024
PU-CMP-28587,Influencer,Youth,,"WhatsApp, Email, Instagram",27889.0,2309.0,1183.0,795.0,537420.0,230.9,1.93,Tamil,15.37,Tier 2 City Customers,28-08-2024
PU-CMP-32062,Paid Ads,College Students,9.0,Email,19428.0,1394.0,464.0,338.0,158184.0,391.25,0.2,English,11.3,Youth,24-11-2024
PU-CMP-5212,Paid Ads,Youth,28.0,WhatsApp,51507.0,6220.0,1661.0,514.0,257000.0,301.5,0.66,English,16.3,Youth,09-03-2025
PU-CMP-14295,Influencer,Tier 2 City Customers,14.0,"Facebook, YouTube, Email",60492.0,4974.0,1174.0,518.0,232582.0,378.0,0.19,Bengali,11.02,College Students,22-03-2025
PU-CMP-26011,Social Media,Youth,19.0,"Google, Instagram, Facebook",14394.0,365.0,126.0,96.0,70176.0,2959.43,-0.75,English,4.08,College Students,11-10-2024
,Email,Tier 2 City Customers,18.0,WhatsApp,91411.0,12320.0,4955.0,2557.0,795227.0,25.59,11.15,English,21.7,College Students,27-05-2025
PU-CMP-28934,Email,Working Women,9.0,Instagram,15437.0,,710.0,314.0,221684.0,413.36,0.71,Tamil,21.03,Tier 2 City Customers,12-03-2025
PU-CMP-13958,Paid Ads,Tier 2 City Customers,6.0,YouTube,74880.0,10106.0,4078.0,1428.0,582624.0,159.04,1.57,Hindi,20.85,Working Women,29-12-2024
PU-CMP-25367,Paid Ads,Tier 2 City Customers,22.0,"Google, Email, WhatsApp",59668.0,1792.0,885.0,557.0,282399.0,,0.61,Tamil,5.42,Premium Shoppers,08-09-2024
PU-CMP-31656,Influencer,Tier 2 City Customers,25.0,Email,52311.0,1218.0,564.0,235.0,166380.0,1063.24,-0.33,English,3.86,College Students,11-12-2024
PU-CMP-48588,Email,Youth,27.0,"Facebook, YouTube",68538.0,10231.0,3418.0,1826.0,,136.4,3.17,Tamil,22.58,College Students,31-10-2024
PU-CMP-24210,SEO,College Students,17.0,"Google, WhatsApp",19669.0,762.0,210.0,160.0,62080.0,740.53,-0.48,English,,College Students,07-03-2025
PU-CMP-21996,SEO,College Students,29.0,"Email, WhatsApp, YouTube",57595.0,8080.0,3264.0,1939.0,1320459.0,144.14,3.72,English,23.06,College Students,31-10-2024
PU-CMP-33109,Social Media,Youth,9.0,"WhatsApp, Google, Email",82609.0,5685.0,2262.0,864.0,662688.0,235.2,2.26,Hindi,10.67,Youth,29-10-2024
PU-CMP-31043,Influencer,College Students,20.0,"Google, Email",41866.0,1681.0,764.0,458.0,282586.0,508.13,0.21,Tamil,6.93,,24-02-2025
PU-CMP-26516,Social Media,Working Women,8.0,"Google, WhatsApp, Facebook",36217.0,,595.0,184.0,40112.0,973.83,-0.78,Tamil,6.38,,21-08-2024
PU-CMP-17275,Social Media,Youth,21.0,,69510.0,5225.0,2994.0,2100.0,581700.0,89.26,2.1,Hindi,14.85,College Students,13-04-2025
PU-CMP-3778,Social Media,Tier 2 City Customers,27.0,Instagram,11032.0,1562.0,907.0,588.0,428064.0,509.87,0.43,Tamil,27.71,Working Women,02-04-2025
PU-CMP-22229,Social Media,College Students,15.0,"Email, YouTube",22105.0,774.0,340.0,209.0,138149.0,1233.78,-0.46,Bengali,5.99,Tier 2 City Customers,02-08-2024
PU-CMP-39986,SEO,Premium Shoppers,22.0,YouTube,68825.0,3785.0,,831.0,599982.0,67.04,,Tamil,8.8,Premium Shoppers,26-12-2024
PU-CMP-16127,Paid Ads,College Students,24.0,"Instagram, WhatsApp",76476.0,3387.0,1007.0,690.0,215280.0,,-0.21,Hindi,6.65,Tier 2 City Customers,05-08-2024
PU-CMP-21676,Influencer,Tier 2 City Customers,10.0,"Google, WhatsApp",55414.0,5111.0,2684.0,1261.0,948272.0,68.54,9.97,Tamil,16.34,Tier 2 City Customers,25-07-2024
PU-CMP-41367,Paid Ads,Working Women,20.0,Facebook,98455.0,4033.0,1596.0,488.0,231800.0,290.3,0.64,Bengali,6.21,Youth,06-01-2025
PU-CMP-6246,SEO,Tier 2 City Customers,17.0,"WhatsApp, Instagram",15682.0,817.0,165.0,111.0,68820.0,1584.14,-0.61,Bengali,6.97,Premium Shoppers,03-02-2025
,Paid Ads,Tier 2 City Customers,25.0,"Email, Google, Facebook",11019.0,1355.0,419.0,182.0,70798.0,621.9,-0.37,Tamil,17.75,College Students,09-12-2024
PU-CMP-17875,Email,College Students,25.0,"YouTube, Facebook",34261.0,2126.0,563.0,378.0,102816.0,431.68,-0.37,Hindi,8.95,Working Women,
PU-CMP-29309,Social Media,College Students,25.0,Instagram,60147.0,6282.0,1291.0,748.0,520608.0,217.15,2.21,Hindi,13.83,Working Women,02-01-2025
PU-CMP-2639,Paid Ads,College Students,28.0,"Instagram, Google",,2102.0,1133.0,,,279.1,1.82,Hindi,3.87,Tier 2 City Customers,
PU-CMP-26057,Influencer,Tier 2 City Customers,8.0,Facebook,45185.0,5727.0,1219.0,841.0,491144.0,81.27,6.19,Hindi,17.23,College Students,19-10-2024
PU-CMP-26268,Paid Ads,Premium Shoppers,16.0,"YouTube, Facebook, WhatsApp",57216.0,6298.0,2843.0,2175.0,817800.0,108.31,2.47,Tamil,19.78,Youth,13-09-2024
PU-CMP-26125,SEO,Working Women,28.0,Facebook,59375.0,5039.0,2280.0,1489.0,1019965.0,138.19,3.96,Hindi,14.83,Working Women,27-07-2024
PU-CMP-37967,Paid Ads,Working Women,11.0,"Google, Instagram",95980.0,8240.0,3497.0,1853.0,794937.0,38.48,10.15,Hindi,14.16,Premium Shoppers,03-12-2024
PU-CMP-17298,Social Media,College Students,19.0,"YouTube, Facebook",53961.0,,1710.0,878.0,381930.0,256.91,,Tamil,12.64,Youth,26-05-2025
PU-CMP-17969,SEO,Youth,,"Email, Google",42014.0,2665.0,1174.0,869.0,374539.0,65.36,5.59,Tamil,11.21,Youth,05-04-2025
PU-CMP-20059,Paid Ads,College Students,28.0,"Email, YouTube, Facebook",79026.0,9436.0,3208.0,980.0,426300.0,205.66,,Tamil,17.24,Tier 2 City Customers,26-04-2025
PU-CMP-16506,,Premium Shoppers,27.0,"Google, WhatsApp, YouTube",30278.0,1001.0,393.0,296.0,114552.0,623.64,-0.38,Tamil,5.58,Premium Shoppers,
PU-CMP-23204,Social Media,College Students,20.0,"Instagram, WhatsApp, Google",75943.0,8254.0,2991.0,1749.0,409266.0,,1.43,Bengali,17.11,College Students,24-09-2024
PU-CMP-31097,Paid Ads,Youth,17.0,"Email, Google, WhatsApp",52875.0,2487.0,1255.0,699.0,325035.0,181.9,1.56,Tamil,8.4,Working Women,19-04-2025
PU-CMP-7779,Paid Ads,Premium Shoppers,18.0,"Instagram, Facebook",32128.0,2560.0,1141.0,514.0,336156.0,537.15,0.22,English,13.12,Premium Shoppers,14-12-2024
PU-CMP-49213,Email,Working Women,6.0,YouTube,42225.0,4628.0,1532.0,555.0,349095.0,408.61,0.54,English,15.9,Working Women,06-05-2025
PU-CMP-47455,Social Media,Youth,28.0,Facebook,93291.0,4972.0,2496.0,1131.0,770211.0,85.0,7.01,Hindi,9.22,Tier 2 City Customers,01-04-2025
PU-CMP-21222,,College Students,9.0,Google,,1559.0,533.0,306.0,118728.0,702.81,-0.45,Hindi,5.0,Youth,05-03-2025
PU-CMP-52908,Social Media,Working Women,26.0,"Instagram, Email, WhatsApp",68353.0,8089.0,1878.0,1469.0,919594.0,144.15,3.34,English,16.73,Youth,11-12-2024
PU-CMP-32322,Paid Ads,Working Women,29.0,Email,64592.0,6421.0,1735.0,1333.0,281263.0,187.88,0.12,Bengali,14.69,Premium Shoppers,21-05-2025
,Email,Working Women,8.0,Instagram,16796.0,2388.0,1308.0,971.0,295184.0,90.77,2.35,Bengali,27.79,Premium Shoppers,17-12-2024
PU-CMP-38042,Social Media,Youth,14.0,Email,10615.0,508.0,226.0,,101672.0,357.94,1.0,Bengali,8.25,Premium Shoppers,13-01-2025
PU-CMP-22156,Influencer,Working Women,26.0,"WhatsApp, Facebook",75091.0,5983.0,2326.0,1252.0,430688.0,195.37,,Tamil,12.73,Working Women,01-03-2025
PU-CMP-37752,Influencer,Premium Shoppers,24.0,"Facebook, WhatsApp",15315.0,2047.0,1226.0,,673040.0,135.77,4.27,Hindi,27.51,Youth,14-03-2025
PU-CMP-19439,Social Media,Premium Shoppers,7.0,Email,80769.0,5005.0,1697.0,,456192.0,229.44,,Bengali,9.25,Working Women,27-04-2025
PU-CMP-43950,Influencer,Working Women,6.0,"Email, Facebook, WhatsApp",45426.0,,1771.0,899.0,183396.0,185.28,0.1,Tamil,15.51,Youth,10-01-2025
PU-CMP-34028,Paid Ads,Tier 2 City Customers,25.0,"WhatsApp, Email",81921.0,9560.0,4207.0,1370.0,1032980.0,196.4,2.84,Bengali,18.48,College Students,30-03-2025
PU-CMP-9370,SEO,Premium Shoppers,14.0,"Email, Instagram, Google",31168.0,3019.0,604.0,399.0,180747.0,531.96,-0.15,Hindi,12.9,College Students,23-03-2025
PU-CMP-54567,Email,Youth,6.0,WhatsApp,21815.0,3113.0,958.0,757.0,458742.0,167.31,2.62,English,22.13,Tier 2 City Customers,27-05-2025
PU-CMP-4834,Paid Ads,Youth,21.0,Facebook,96449.0,13696.0,5395.0,2144.0,621760.0,23.4,11.39,Hindi,22.02,College Students,06-12-2024
PU-CMP-38864,SEO,Working Women,,"Google, WhatsApp",96609.0,1952.0,746.0,238.0,97580.0,,0.48,Bengali,3.04,Premium Shoppers,22-05-2025
,Email,College Students,12.0,"Email, Facebook",95865.0,11017.0,4072.0,3207.0,1510497.0,78.29,5.02,Hindi,19.09,Tier 2 City Customers,21-07-2024
PU-CMP-1410,Social Media,Premium Shoppers,22.0,,65354.0,3474.0,1650.0,749.0,310835.0,258.16,0.61,,8.99,Working Women,25-03-2025
PU-CMP-34246,SEO,Working Women,5.0,"Instagram, Facebook",24266.0,1343.0,,485.0,278390.0,396.09,0.45,Tamil,10.31,Youth,31-12-2024
PU-CMP-26548,Paid Ads,Working Women,27.0,YouTube,47301.0,4754.0,,563.0,373832.0,,5.24,Tamil,14.27,Tier 2 City Customers,31-08-2024
PU-CMP-1812,Social Media,Youth,21.0,"WhatsApp, Facebook, YouTube",94826.0,12037.0,2906.0,1983.0,434277.0,,1.85,Hindi,17.85,Working Women,10-11-2024
PU-CMP-33393,Paid Ads,College Students,6.0,Facebook,16958.0,2090.0,986.0,452.0,329056.0,481.93,0.51,Tamil,20.8,College Students,10-06-2025
PU-CMP-32611,Social Media,Youth,7.0,Email,91609.0,3447.0,1916.0,1503.0,925848.0,79.3,6.77,English,7.49,College Students,02-08-2024
PU-CMP-27326,SEO,Tier 2 City Customers,27.0,"YouTube, WhatsApp",38203.0,2873.0,1358.0,520.0,270920.0,395.48,0.32,Tamil,12.44,College Students,12-12-2024
PU-CMP-24033,Email,Tier 2 City Customers,10.0,"WhatsApp, YouTube, Google",75543.0,4433.0,2164.0,971.0,210707.0,107.16,1.03,Bengali,10.02,College Students,07-05-2025
PU-CMP-41854,SEO,College Students,24.0,,15316.0,1794.0,647.0,320.0,249600.0,437.0,0.78,Hindi,18.03,Working Women,06-01-2025
PU-CMP-51789,Social Media,Youth,13.0,"Instagram, Facebook",53124.0,7580.0,2764.0,1187.0,,189.46,,English,21.71,Premium Shoppers,12-06-2025
PU-CMP-50357,Paid Ads,Tier 2 City Customers,11.0,Google,84687.0,,6608.0,3968.0,1484032.0,14.99,23.96,Tamil,27.37,College Students,20-01-2025
PU-CMP-55036,,Tier 2 City Customers,16.0,WhatsApp,97846.0,2602.0,749.0,288.0,185184.0,588.95,0.09,Bengali,3.72,Tier 2 City Customers,01-11-2024
PU-CMP-47042,Social Media,College Students,27.0,WhatsApp,98049.0,4807.0,977.0,722.0,186276.0,115.54,,English,6.64,Working Women,15-03-2025
PU-CMP-3322,Social Media,Youth,28.0,"Facebook, WhatsApp",56562.0,1201.0,544.0,353.0,128492.0,144.71,1.52,Bengali,3.71,Premium Shoppers,16-08-2024
PU-CMP-39743,SEO,Working Women,6.0,"Email, WhatsApp, Instagram",12971.0,1824.0,1076.0,722.0,568936.0,85.92,,Hindi,27.92,,09-01-2025
PU-CMP-31518,Email,Premium Shoppers,25.0,Facebook,24324.0,1399.0,622.0,318.0,69960.0,921.77,-0.76,English,9.62,College Students,08-11-2024
PU-CMP-44283,Social Media,,28.0,"Email, Facebook, Google",87354.0,8819.0,5000.0,2049.0,706905.0,107.66,2.2,Hindi,18.17,College Students,03-12-2024
,SEO,Tier 2 City Customers,,"Email, Google",41205.0,,830.0,555.0,300255.0,93.11,4.81,English,8.79,Working Women,19-04-2025
PU-CMP-53001,Paid Ads,Premium Shoppers,26.0,"WhatsApp, Facebook, Google",13231.0,450.0,235.0,87.0,60030.0,2393.95,-0.71,Hindi,5.83,Working Women,22-01-2025
PU-CMP-11574,Influencer,College Students,23.0,"WhatsApp, Facebook, Google",71020.0,8901.0,2576.0,1800.0,1206000.0,148.9,3.5,Tamil,18.69,Tier 2 City Customers,03-01-2025
PU-CMP-48620,SEO,Tier 2 City Customers,24.0,"WhatsApp, YouTube, Google",73547.0,3334.0,1545.0,1166.0,363792.0,171.23,0.82,Bengali,8.22,Premium Shoppers,24-10-2024
PU-CMP-14845,Email,Working Women,23.0,"Facebook, Email",55037.0,3700.0,2075.0,1130.0,806820.0,193.48,2.69,Hindi,12.55,College Students,14-01-2025
PU-CMP-1430,Influencer,Premium Shoppers,5.0,Google,33157.0,3288.0,987.0,474.0,102384.0,620.47,-0.65,Hindi,14.32,Premium Shoppers,28-03-2025
PU-CMP-38673,Social Media,Working Women,29.0,"Email, WhatsApp, Instagram",21921.0,2855.0,1636.0,1259.0,256836.0,198.53,0.03,Hindi,26.23,Premium Shoppers,04-03-2025
PU-CMP-47100,Social Media,College Students,15.0,Email,91527.0,11125.0,4535.0,,1446270.0,51.21,8.47,Bengali,20.37,Tier 2 City Customers,03-03-2025
PU-CMP-39144,SEO,Tier 2 City Customers,13.0,WhatsApp,,10682.0,,1425.0,840750.0,70.01,7.43,Bengali,18.71,Working Women,22-02-2025
PU-CMP-32702,Paid Ads,Working Women,30.0,Email,16351.0,920.0,346.0,131.0,64190.0,2284.98,-0.79,Tamil,8.54,Youth,15-08-2024
PU-CMP-52061,Social Media,Working Women,17.0,WhatsApp,90905.0,9417.0,4662.0,1568.0,710304.0,56.58,7.01,Hindi,17.21,Tier 2 City Customers,26-02-2025
PU-CMP-27070,SEO,Youth,17.0,YouTube,41763.0,3403.0,1844.0,828.0,165600.0,299.19,-0.33,Hindi,14.55,Premium Shoppers,18-05-2025
PU-CMP-37002,Paid Ads,Premium Shoppers,30.0,WhatsApp,13995.0,963.0,458.0,,120320.0,434.35,0.73,Tamil,11.3,Tier 2 City Customers,25-01-2025
PU-CMP-48318,Paid Ads,,5.0,"Facebook, Instagram",41819.0,2938.0,1301.0,539.0,126665.0,320.4,-0.27,Hindi,11.43,Premium Shoppers,03-07-2024
PU-CMP-3726,SEO,College Students,12.0,"Email, Google",41371.0,6170.0,2276.0,885.0,317715.0,222.81,0.61,Bengali,22.55,Working Women,26-09-2024
PU-CMP-8175,Email,Youth,13.0,Facebook,12451.0,1068.0,589.0,217.0,105462.0,917.88,-0.47,Tamil,15.05,College Students,03-06-2025
,Social Media,Tier 2 City Customers,,"WhatsApp, Google",20268.0,1572.0,659.0,518.0,280238.0,571.6,,Tamil,13.56,Working Women,16-04-2025
PU-CMP-4073,Email,Youth,7.0,"Email, Facebook",42444.0,4194.0,1008.0,773.0,409690.0,232.8,1.28,Tamil,14.08,Youth,04-04-2025
PU-CMP-19221,Influencer,Working Women,30.0,"Instagram, YouTube, WhatsApp",39727.0,2815.0,699.0,552.0,400200.0,448.03,0.62,Bengali,10.23,Working Women,25-09-2024
PU-CMP-25483,Paid Ads,Tier 2 City Customers,28.0,"YouTube, Google",39339.0,1165.0,603.0,361.0,160284.0,732.6,-0.39,Hindi,5.41,College Students,12-09-2024
PU-CMP-29580,SEO,Tier 2 City Customers,24.0,YouTube,78656.0,4343.0,2419.0,1074.0,318978.0,215.38,0.38,Tamil,9.96,Tier 2 City Customers,10-10-2024
PU-CMP-43804,Paid Ads,Premium Shoppers,23.0,"WhatsApp, Instagram, Email",82234.0,11522.0,6116.0,4499.0,962786.0,43.79,3.89,English,,Premium Shoppers,12-12-2024
PU-CMP-50085,Email,Tier 2 City Customers,15.0,"Email, YouTube",62449.0,7263.0,2670.0,1154.0,,101.14,,Bengali,17.75,,23-03-2025
PU-CMP-48215,Social Media,Working Women,6.0,"Instagram, WhatsApp, Facebook",94756.0,6508.0,2784.0,2065.0,631890.0,50.13,5.1,Bengali,11.99,Premium Shoppers,03-07-2024
PU-CMP-45067,Email,Tier 2 City Customers,5.0,"WhatsApp, Facebook",92694.0,8523.0,3331.0,2490.0,727080.0,81.85,2.57,Tamil,15.47,Working Women,
PU-CMP-51453,Paid Ads,Youth,28.0,"Facebook, YouTube",68507.0,9288.0,3951.0,1992.0,1041816.0,41.09,11.73,Bengali,22.23,College Students,15-03-2025
PU-CMP-36778,Influencer,Working Women,10.0,WhatsApp,23453.0,590.0,185.0,107.0,,508.39,-0.38,Tamil,,Youth,02-01-2025
PU-CMP-27824,Email,Working Women,11.0,"YouTube, Facebook",41955.0,5337.0,2130.0,,826980.0,,10.04,Tamil,20.36,Premium Shoppers,09-07-2024
PU-CMP-29110,Paid Ads,Working Women,,"WhatsApp, YouTube, Instagram",47307.0,1130.0,301.0,225.0,158400.0,359.12,0.96,Tamil,3.5,College Students,21-10-2024
PU-CMP-1585,,Youth,30.0,"Instagram, YouTube, WhatsApp",17731.0,1472.0,474.0,294.0,70266.0,680.18,-0.65,English,12.63,,28-11-2024
PU-CMP-1896,Influencer,Working Women,30.0,"Google, Facebook, Instagram",69634.0,4040.0,1352.0,933.0,206193.0,192.11,0.15,Tamil,9.08,Tier 2 City Customers,
PU-CMP-43451,Social Media,Premium Shoppers,18.0,Google,35169.0,3882.0,1613.0,575.0,460000.0,267.72,,Hindi,17.26,Premium Shoppers,22-02-2025
PU-CMP-39988,Paid Ads,Working Women,23.0,"Google, Facebook",77306.0,4569.0,2229.0,1451.0,642793.0,101.24,3.38,English,10.67,Tier 2 City Customers,14-12-2024
PU-CMP-30391,Influencer,Tier 2 City Customers,16.0,Facebook,60668.0,2213.0,463.0,309.0,122982.0,,-0.35,Tamil,4.92,Youth,23-03-2025
PU-CMP-36087,Social Media,Premium Shoppers,5.0,"Google, Instagram",36734.0,3815.0,,914.0,688242.0,95.02,6.92,English,16.57,Premium Shoppers,21-04-2025
,Influencer,Working Women,5.0,Instagram,73897.0,2449.0,724.0,547.0,,510.94,0.21,Hindi,5.03,Youth,23-06-2025
PU-CMP-20452,,Youth,21.0,"Facebook, YouTube, Instagram",45325.0,3542.0,1038.0,830.0,281370.0,167.75,1.02,English,11.94,Youth,15-04-2025
PU-CMP-20444,SEO,Youth,26.0,"WhatsApp, Email, Google",85443.0,12428.0,3437.0,1211.0,960323.0,168.98,3.69,Bengali,19.99,College Students,01-02-2025
PU-CMP-53332,Paid Ads,Youth,28.0,"Google, Facebook, Instagram",65336.0,6227.0,3084.0,1771.0,,162.46,,English,16.96,Youth,16-05-2025
PU-CMP-31727,Paid Ads,Premium Shoppers,12.0,"Instagram, Email, YouTube",19323.0,773.0,155.0,88.0,34144.0,1551.24,-0.75,Bengali,5.26,Tier 2 City Customers,23-01-2025
PU-CMP-55342,Paid Ads,College Students,,Email,16474.0,1801.0,595.0,196.0,153664.0,1094.7,-0.28,,15.73,Youth,08-03-2025
PU-CMP-55576,Email,Tier 2 City Customers,25.0,Email,67170.0,1438.0,603.0,247.0,137085.0,261.64,1.12,Hindi,3.41,College Students,09-04-2025
PU-CMP-55463,SEO,Premium Shoppers,6.0,"Facebook, Google",35643.0,1020.0,334.0,178.0,116590.0,1464.03,-0.55,Tamil,4.3,College Students,14-01-2025
PU-CMP-9449,Email,Premium Shoppers,16.0,"Email, WhatsApp, Google",47355.0,4148.0,1213.0,891.0,335907.0,191.58,0.97,Hindi,13.2,Premium Shoppers,10-05-2025
PU-CMP-11474,Email,Youth,7.0,"WhatsApp, Instagram",41843.0,5795.0,2497.0,1466.0,451528.0,49.7,5.2,English,23.32,Premium Shoppers,19-05-2025
PU-CMP-12988,Paid Ads,,11.0,"Facebook, Email, Instagram",76229.0,8286.0,4351.0,3348.0,1730916.0,21.42,23.13,Bengali,20.97,Working Women,05-03-2025
PU-CMP-40418,SEO,Premium Shoppers,26.0,"Google, Facebook",55195.0,6912.0,1849.0,886.0,587418.0,230.57,1.88,Hindi,17.48,Working Women,16-04-2025
PU-CMP-24691,SEO,Youth,26.0,"Instagram, Google, Email",30326.0,1820.0,978.0,413.0,232519.0,221.8,,Bengali,10.59,Premium Shoppers,23-11-2024
PU-CMP-9021,,Youth,5.0,"WhatsApp, Email, Instagram",44499.0,3352.0,1601.0,933.0,746400.0,199.71,3.01,Hindi,13.23,College Students,04-08-2024
PU-CMP-4519,Influencer,College Students,19.0,"Email, Facebook, Google",59633.0,8720.0,4653.0,1500.0,562500.0,77.85,3.82,Bengali,24.94,Tier 2 City Customers,31-03-2025
,Social Media,Premium Shoppers,22.0,"Instagram, WhatsApp, Google",19816.0,675.0,193.0,143.0,52338.0,1550.15,-0.76,Hindi,5.1,Working Women,28-05-2025
PU-CMP-52913,Email,College Students,22.0,"WhatsApp, Email",83457.0,6796.0,2919.0,1819.0,929509.0,127.07,3.02,English,13.82,Working Women,04-01-2025
PU-CMP-50313,Social Media,Premium Shoppers,7.0,"Email, Facebook, WhatsApp",27093.0,880.0,372.0,233.0,88074.0,1006.39,-0.62,Hindi,,Tier 2 City Customers,02-01-2025
PU-CMP-39573,Social Media,,29.0,Instagram,79892.0,2469.0,1464.0,,337266.0,272.22,0.36,Hindi,6.07,College Students,16-05-2025
PU-CMP-28442,Email,College Students,30.0,Email,84255.0,5592.0,1220.0,788.0,,98.79,4.14,Bengali,9.02,College Students,30-04-2025
PU-CMP-21873,SEO,Premium Shoppers,17.0,"Facebook, Email",98317.0,,3525.0,,346698.0,79.22,2.9,Bengali,11.65,Youth,09-07-2024
PU-CMP-28936,,Tier 2 City Customers,19.0,"YouTube, Google, WhatsApp",55825.0,7171.0,2943.0,1914.0,1140744.0,84.82,6.03,English,21.55,Tier 2 City Customers,08-06-2025
PU-CMP-43751,SEO,Tier 2 City Customers,8.0,Facebook,73581.0,10649.0,6093.0,4081.0,1999690.0,13.98,34.05,Bengali,28.3,,19-02-2025
,Social Media,,26.0,"WhatsApp, Facebook",21716.0,2138.0,844.0,274.0,76994.0,1073.69,-0.74,Hindi,14.99,Working Women,25-10-2024
PU-CMP-12200,Paid Ads,,26.0,"WhatsApp, Facebook",20108.0,2292.0,1194.0,586.0,414888.0,209.73,2.38,English,20.25,,06-11-2024
PU-CMP-53595,Paid Ads,Tier 2 City Customers,23.0,"YouTube, Instagram",66310.0,3829.0,789.0,360.0,261000.0,483.8,0.5,Bengali,7.51,Premium Shoppers,07-09-2024
PU-CMP-53633,Paid Ads,Youth,29.0,"WhatsApp, YouTube",94411.0,3888.0,1401.0,918.0,308448.0,82.1,3.09,Tamil,6.57,Tier 2 City Customers,07-09-2024
PU-CMP-7019,SEO,Premium Shoppers,14.0,"Instagram, Email",17798.0,1039.0,390.0,278.0,173750.0,885.47,-0.29,English,9.59,College Students,10-04-2025
PU-CMP-10055,Influencer,Premium Shoppers,10.0,"Email, YouTube",58948.0,1706.0,804.0,612.0,224604.0,431.53,-0.15,English,5.3,Tier 2 City Customers,14-07-2024
PU-CMP-52985,Social Media,,12.0,Instagram,16999.0,1192.0,276.0,104.0,50544.0,,-0.82,Hindi,9.25,Tier 2 City Customers,10-05-2025
PU-CMP-27919,Influencer,Working Women,13.0,"Google, Facebook",59208.0,4747.0,2815.0,2123.0,1352351.0,118.02,4.4,Hindi,16.36,Tier 2 City Customers,05-12-2024
PU-CMP-8672,SEO,Youth,12.0,"Google, Facebook",82230.0,8449.0,2268.0,1770.0,1100940.0,131.16,3.74,Hindi,15.19,,18-07-2024
PU-CMP-27244,Social Media,Working Women,8.0,,62373.0,7896.0,3196.0,2130.0,1563420.0,35.73,19.55,English,21.2,College Students,22-04-2025
PU-CMP-37563,Influencer,College Students,8.0,"WhatsApp, YouTube",51993.0,7047.0,2089.0,1536.0,694272.0,180.51,1.5,Bengali,20.53,Working Women,03-07-2024
PU-CMP-52851,,,20.0,"WhatsApp, Google, Instagram",16155.0,2231.0,882.0,,142845.0,306.99,0.05,Hindi,22.02,Working Women,20-10-2024
PU-CMP-18117,Paid Ads,Premium Shoppers,16.0,"Google, WhatsApp, YouTube",95488.0,3052.0,,394.0,284862.0,425.7,0.7,Hindi,4.97,Youth,26-11-2024
PU-CMP-49023,Social Media,Tier 2 City Customers,20.0,"Facebook, Email, YouTube",92104.0,6819.0,,1497.0,763470.0,98.81,4.16,English,11.47,Youth,19-01-2025
PU-CMP-9550,Email,Working Women,11.0,Email,60427.0,4591.0,1650.0,1283.0,732593.0,201.27,1.84,Tamil,12.45,Premium Shoppers,18-07-2024
PU-CMP-38345,Email,Tier 2 City Customers,27.0,"Google, Instagram",62008.0,2173.0,1197.0,490.0,219520.0,423.44,0.06,Hindi,6.23,,
PU-CMP-42479,Influencer,Working Women,29.0,"Google, Facebook",34871.0,4012.0,1183.0,372.0,211296.0,421.89,0.35,Tamil,15.96,College Students,28-07-2024
PU-CMP-53184,Email,College Students,,"Google, Instagram, Facebook",84721.0,11131.0,5524.0,4015.0,2822545.0,51.15,12.74,English,24.4,College Students,12-03-2025
PU-CMP-53901,Email,Youth,17.0,Facebook,59996.0,7336.0,3499.0,1960.0,1279880.0,118.56,4.51,English,21.33,Tier 2 City Customers,08-02-2025
,SEO,College Students,29.0,Email,67672.0,1885.0,,256.0,187904.0,940.45,-0.22,Bengali,4.03,Youth,12-08-2024
PU-CMP-45178,Email,College Students,17.0,"WhatsApp, Facebook, YouTube",71484.0,9952.0,3503.0,2067.0,1248468.0,26.18,22.07,Hindi,21.71,Working Women,31-12-2024
PU-CMP-32744,Social Media,Premium Shoppers,11.0,"Google, WhatsApp",86676.0,7372.0,4169.0,2495.0,,101.19,4.53,Tamil,16.19,Premium Shoppers,28-07-2024
PU-CMP-8638,Email,College Students,20.0,"Email, Facebook, Google",92299.0,11745.0,4783.0,3308.0,1025480.0,78.96,2.93,English,,Premium Shoppers,10-10-2024
PU-CMP-16356,Paid Ads,Premium Shoppers,16.0,Instagram,63749.0,,3153.0,1750.0,351750.0,34.37,4.85,Bengali,18.92,Youth,07-01-2025
PU-CMP-37848,SEO,Tier 2 City Customers,22.0,"Facebook, WhatsApp",37291.0,2546.0,807.0,397.0,298147.0,159.58,3.71,Bengali,10.06,Premium Shoppers,19-07-2024
PU-CMP-4698,Paid Ads,Tier 2 City Customers,26.0,"Google, Email, Instagram",11739.0,358.0,76.0,57.0,32946.0,4162.05,-0.86,Hindi,4.18,Youth,
PU-CMP-29824,Influencer,College Students,30.0,"Google, Email",52216.0,3258.0,764.0,499.0,197604.0,587.94,-0.33,Tamil,8.66,College Students,
PU-CMP-28537,Social Media,,27.0,"Email, Google",97733.0,13451.0,7073.0,4619.0,3367251.0,57.55,11.67,Bengali,25.73,Working Women,19-11-2024
PU-CMP-16811,SEO,Tier 2 City Customers,28.0,"WhatsApp, Google",39967.0,1654.0,910.0,433.0,308729.0,376.32,0.89,English,7.5,Premium Shoppers,17-02-2025
PU-CMP-43152,Paid Ads,Youth,6.0,"Google, WhatsApp",75730.0,8163.0,4548.0,3473.0,2326910.0,84.46,6.93,English,21.37,Premium Shoppers,26-09-2024
PU-CMP-11538,Email,Youth,19.0,"YouTube, Instagram, WhatsApp",53912.0,7516.0,2092.0,1124.0,490064.0,135.8,2.21,English,19.91,,
PU-CMP-34454,SEO,Youth,14.0,"YouTube, Email",67119.0,9187.0,,1971.0,457272.0,104.99,1.21,Bengali,23.03,College Students,09-08-2024
PU-CMP-36202,Email,Working Women,10.0,"Facebook, Instagram, Email",48929.0,1290.0,693.0,511.0,238126.0,196.05,1.38,Hindi,5.1,College Students,06-05-2025
PU-CMP-55437,Email,Premium Shoppers,16.0,"Facebook, Email, Google",63753.0,1756.0,608.0,213.0,67308.0,880.84,-0.64,Tamil,4.04,College Students,23-07-2024
,Influencer,Premium Shoppers,25.0,Facebook,62791.0,3706.0,1881.0,1181.0,590500.0,170.46,,Tamil,10.78,Youth,07-05-2025
PU-CMP-5724,Social Media,,5.0,Instagram,20848.0,2611.0,1408.0,685.0,230160.0,339.72,-0.01,Hindi,22.56,Premium Shoppers,29-03-2025
PU-CMP-33773,Paid Ads,Premium Shoppers,17.0,Email,96226.0,13321.0,,2448.0,1799280.0,33.83,20.72,Tamil,22.8,Tier 2 City Customers,23-05-2025
PU-CMP-28292,Paid Ads,Premium Shoppers,17.0,"Email, Facebook",58578.0,2652.0,794.0,487.0,285869.0,249.45,1.35,Tamil,,Premium Shoppers,08-11-2024
PU-CMP-4272,,Premium Shoppers,24.0,"Email, Google, YouTube",50934.0,3462.0,1563.0,801.0,393291.0,279.46,0.76,,11.44,Premium Shoppers,23-10-2024
PU-CMP-27002,Paid Ads,Tier 2 City Customers,25.0,"WhatsApp, Instagram",73532.0,9926.0,4259.0,2066.0,747892.0,75.34,3.81,English,22.1,Premium Shoppers,03-07-2024
PU-CMP-10568,Influencer,Youth,9.0,"Email, Google, Facebook",93859.0,7837.0,1808.0,1015.0,498365.0,102.45,3.79,Hindi,11.36,Premium Shoppers,
PU-CMP-29301,Email,Youth,29.0,Facebook,99144.0,6029.0,,2119.0,964145.0,39.27,10.59,Bengali,11.84,Working Women,25-07-2024
PU-CMP-35378,Email,College Students,12.0,"Instagram, Facebook, Email",45201.0,5983.0,1284.0,919.0,185638.0,245.92,-0.18,Hindi,18.11,Youth,07-09-2024
PU-CMP-37549,,Tier 2 City Customers,28.0,Email,22152.0,1917.0,1122.0,544.0,125664.0,132.55,0.74,Hindi,16.17,Youth,21-04-2025
PU-CMP-55105,Paid Ads,Premium Shoppers,15.0,Instagram,55869.0,6573.0,2046.0,1134.0,395766.0,192.73,0.81,English,17.46,Premium Shoppers,02-03-2025
PU-CMP-53002,,Youth,,"YouTube, Instagram, WhatsApp",11005.0,353.0,168.0,51.0,28764.0,3679.14,-0.85,Tamil,5.2,,19-09-2024
PU-CMP-2507,Paid Ads,Working Women,8.0,Facebook,82549.0,2434.0,1416.0,826.0,,339.04,0.85,English,5.66,Premium Shoppers,21-04-2025
PU-CMP-24020,Paid Ads,Working Women,22.0,Email,94995.0,8530.0,2598.0,885.0,239835.0,59.2,3.58,Tamil,12.65,Youth,02-03-2025
PU-CMP-34507,Social Media,,,"Google, YouTube, Instagram",99404.0,8579.0,2458.0,763.0,260946.0,288.12,0.19,Hindi,11.87,Working Women,03-07-2024
PU-CMP-36265,Influencer,Premium Shoppers,13.0,Facebook,,4676.0,1522.0,790.0,563270.0,311.51,1.29,Bengali,18.47,Tier 2 City Customers,24-10-2024
PU-CMP-29124,Email,College Students,11.0,WhatsApp,82140.0,7440.0,2646.0,867.0,358071.0,136.1,2.03,Hindi,13.33,College Students,11-03-2025
PU-CMP-40926,Influencer,Premium Shoppers,8.0,Email,24178.0,2558.0,598.0,227.0,94432.0,227.13,0.83,Tamil,13.99,Tier 2 City Customers,27-05-2025
PU-CMP-6946,Social Media,Working Women,9.0,"Email, YouTube",25175.0,1673.0,919.0,451.0,331485.0,197.11,2.73,Bengali,12.09,Tier 2 City Customers,07-02-2025
PU-CMP-32805,Email,Working Women,21.0,"WhatsApp, YouTube",78331.0,6203.0,3514.0,1870.0,813450.0,103.03,3.22,English,14.79,Youth,30-07-2024
PU-CMP-27359,SEO,Premium Shoppers,8.0,"WhatsApp, YouTube, Instagram",16474.0,1148.0,249.0,152.0,79952.0,1097.58,-0.52,Tamil,9.4,Premium Shoppers,11-09-2024
PU-CMP-46418,Paid Ads,Working Women,14.0,Facebook,42230.0,4487.0,2570.0,1053.0,838188.0,161.83,3.92,Bengali,19.2,Premium Shoppers,16-04-2025
PU-CMP-18891,Social Media,Working Women,18.0,YouTube,26220.0,1677.0,976.0,728.0,500136.0,154.72,3.44,English,12.89,Working Women,20-07-2024
PU-CMP-6359,Influencer,Youth,27.0,"Instagram, Google",67256.0,3007.0,1430.0,637.0,300664.0,428.05,0.1,Bengali,7.54,Youth,10-11-2024
PU-CMP-53911,Influencer,College Students,,Facebook,85945.0,10890.0,2251.0,1415.0,823530.0,102.19,4.7,Bengali,16.94,,03-08-2024
,Influencer,Youth,29.0,"Email, Facebook, YouTube",25037.0,3006.0,1433.0,546.0,,421.85,0.58,Tamil,19.91,Working Women,14-03-2025
PU-CMP-42215,Email,Tier 2 City Customers,16.0,Instagram,88854.0,8684.0,3214.0,982.0,418332.0,115.18,2.7,Hindi,14.5,,28-08-2024
PU-CMP-49100,Paid Ads,Premium Shoppers,14.0,WhatsApp,64525.0,9649.0,4580.0,2909.0,581800.0,41.55,3.81,Hindi,26.56,Working Women,14-09-2024
PU-CMP-22279,Email,Tier 2 City Customers,9.0,"Instagram, Email",67803.0,2027.0,1032.0,405.0,128385.0,256.97,0.23,Hindi,5.11,College Students,04-01-2025
PU-CMP-36449,Paid Ads,Premium Shoppers,25.0,"Google, YouTube, Instagram",79969.0,11706.0,4924.0,3208.0,2101240.0,48.55,12.49,Tamil,24.81,College Students,28-09-2024
PU-CMP-48866,Social Media,Working Women,12.0,"Google, YouTube, Email",44631.0,5381.0,2182.0,1462.0,774860.0,65.74,7.06,Tamil,20.22,College Students,06-07-2024
PU-CMP-21692,Social Media,Working Women,19.0,,81439.0,10537.0,,5021.0,3559889.0,36.55,18.4,English,26.83,,06-03-2025
PU-CMP-32091,SEO,Tier 2 City Customers,29.0,"Instagram, YouTube",90999.0,2044.0,415.0,161.0,122682.0,723.89,0.05,Hindi,2.88,Youth,10-11-2024
PU-CMP-2731,Email,College Students,22.0,Facebook,36671.0,3482.0,1037.0,799.0,334781.0,173.24,1.42,English,14.5,Premium Shoppers,04-08-2024
PU-CMP-56064,Influencer,Premium Shoppers,15.0,"Email, YouTube, Google",66585.0,9932.0,3373.0,1553.0,1046722.0,100.13,5.73,Bengali,22.31,Premium Shoppers,01-11-2024
PU-CMP-40855,SEO,College Students,24.0,"Google, Email, Facebook",55759.0,5012.0,1187.0,619.0,128133.0,469.14,-0.56,English,12.23,,
PU-CMP-24522,Email,Premium Shoppers,7.0,"WhatsApp, Facebook",41906.0,5045.0,1510.0,1067.0,546304.0,107.29,3.77,Bengali,18.19,Working Women,09-02-2025
PU-CMP-17528,Influencer,Premium Shoppers,5.0,"Google, Email",32674.0,756.0,397.0,215.0,105995.0,922.95,-0.47,Bengali,4.19,Premium Shoppers,14-12-2024
PU-CMP-43997,Paid Ads,,21.0,"YouTube, Email",59354.0,7908.0,2577.0,1535.0,931745.0,185.19,2.28,Bengali,,Tier 2 City Customers,25-09-2024
,Paid Ads,College Students,25.0,"Email, Facebook, YouTube",24335.0,944.0,232.0,121.0,56749.0,1201.46,-0.61,Tamil,5.33,Premium Shoppers,28-10-2024
PU-CMP-18681,,College Students,16.0,"WhatsApp, Instagram",88564.0,9784.0,,2886.0,839826.0,85.54,,Bengali,20.57,Premium Shoppers,
PU-CMP-28401,Paid Ads,Premium Shoppers,8.0,WhatsApp,79282.0,10887.0,6168.0,2331.0,603729.0,112.79,1.3,Tamil,24.45,,06-10-2024
PU-CMP-8503,Social Media,Tier 2 City Customers,27.0,"Facebook, YouTube, Email",75565.0,2447.0,1426.0,721.0,151410.0,75.4,1.78,Tamil,6.08,Premium Shoppers,05-01-2025
PU-CMP-56291,SEO,Tier 2 City Customers,24.0,"Facebook, YouTube, Instagram",94060.0,8990.0,3910.0,2633.0,2101134.0,35.61,21.41,English,16.51,Youth,25-02-2025
PU-CMP-38362,Influencer,Working Women,18.0,Facebook,11731.0,1524.0,471.0,176.0,108768.0,1285.95,-0.52,Bengali,18.51,College Students,
PU-CMP-12591,SEO,College Students,18.0,"Facebook, Instagram, Email",59791.0,6574.0,3938.0,3126.0,2360130.0,94.09,7.02,English,22.81,Premium Shoppers,19-01-2025
PU-CMP-9238,SEO,College Students,14.0,"Facebook, YouTube",,5534.0,2650.0,1198.0,343826.0,109.55,1.62,Hindi,9.82,Youth,13-04-2025
PU-CMP-36446,Social Media,Tier 2 City Customers,20.0,"Google, WhatsApp, Instagram",58656.0,4668.0,2069.0,1322.0,597544.0,133.0,2.4,Bengali,13.74,Youth,12-09-2024
PU-CMP-14862,SEO,Youth,15.0,"Google, WhatsApp, Instagram",16448.0,582.0,317.0,,181048.0,910.33,-0.18,Bengali,6.95,College Students,27-09-2024
PU-CMP-50097,Email,Tier 2 City Customers,15.0,"Email, YouTube, Facebook",85459.0,6716.0,2014.0,738.0,352026.0,207.98,1.29,Bengali,11.08,Youth,27-11-2024
PU-CMP-46798,Email,Youth,24.0,Email,93350.0,10445.0,4883.0,3610.0,1487320.0,51.77,6.96,Hindi,20.29,Working Women,13-12-2024
PU-CMP-51361,,College Students,27.0,Google,19131.0,907.0,528.0,282.0,189504.0,630.25,0.07,Tamil,8.97,Premium Shoppers,21-11-2024
PU-CMP-20303,Paid Ads,College Students,25.0,"Google, YouTube, Facebook",54504.0,4116.0,,781.0,427988.0,220.56,1.48,Tamil,11.82,Youth,19-10-2024
PU-CMP-20312,Paid Ads,Tier 2 City Customers,15.0,"Google, WhatsApp, Facebook",75754.0,7715.0,2005.0,1010.0,326230.0,70.12,3.61,Tamil,14.16,Tier 2 City Customers,02-09-2024
PU-CMP-23472,SEO,Working Women,13.0,"Google, Email",93007.0,2080.0,763.0,485.0,331255.0,565.08,0.21,Tamil,3.58,Tier 2 City Customers,02-10-2024
PU-CMP-2319,Influencer,Youth,8.0,"Facebook, Email",51950.0,4464.0,1449.0,740.0,414400.0,270.46,1.07,,12.81,Tier 2 City Customers,28-01-2025
PU-CMP-39761,Email,Working Women,14.0,"Google, Facebook",14504.0,1703.0,,263.0,75218.0,532.6,-0.46,Bengali,18.74,College Students,19-11-2024
PU-CMP-56484,Email,,29.0,"WhatsApp, Facebook, Instagram",81513.0,5447.0,1525.0,1026.0,736668.0,242.2,1.96,Hindi,9.81,Youth,24-09-2024
PU-CMP-52953,,Youth,26.0,,20498.0,850.0,,300.0,187800.0,751.22,-0.17,English,7.52,College Students,20-05-2025
PU-CMP-44212,Social Media,College Students,14.0,Instagram,96815.0,5441.0,1542.0,1048.0,657096.0,96.25,5.51,Hindi,8.3,College Students,28-04-2025
PU-CMP-16400,Influencer,Premium Shoppers,14.0,"Instagram, YouTube, Google",11569.0,,96.0,40.0,21160.0,4643.65,-0.89,Bengali,3.45,College Students,03-06-2025
PU-CMP-30463,Email,Tier 2 City Customers,,"Email, Instagram, WhatsApp",84429.0,,1017.0,719.0,401202.0,155.09,2.6,Bengali,4.43,Tier 2 City Customers,06-01-2025
PU-CMP-5805,Paid Ads,Working Women,17.0,Instagram,63652.0,2511.0,1076.0,372.0,126108.0,699.73,-0.52,English,6.22,College Students,05-02-2025
PU-CMP-14449,SEO,Working Women,17.0,WhatsApp,79499.0,6171.0,2696.0,1287.0,898326.0,110.32,5.33,English,12.77,College Students,15-05-2025
PU-CMP-34619,SEO,Tier 2 City Customers,7.0,Email,33743.0,2880.0,873.0,402.0,241602.0,286.61,1.1,Tamil,12.31,Working Women,12-05-2025
PU-CMP-40658,Paid Ads,College Students,28.0,"Instagram, Google, Facebook",63730.0,7564.0,3064.0,1476.0,1002204.0,194.54,2.49,Hindi,18.99,College Students,09-12-2024
PU-CMP-13187,SEO,Premium Shoppers,28.0,Facebook,85769.0,7844.0,2416.0,759.0,219351.0,347.97,-0.17,Hindi,12.85,Tier 2 City Customers,16-05-2025
PU-CMP-4184,SEO,,11.0,"Facebook, YouTube",21451.0,1332.0,730.0,402.0,129846.0,617.87,-0.48,Tamil,11.49,Tier 2 City Customers,15-01-2025
PU-CMP-16102,Paid Ads,Youth,14.0,"Instagram, Facebook",51836.0,4582.0,1426.0,677.0,305327.0,,0.55,Hindi,12.9,Working Women,31-10-2024
PU-CMP-8427,Paid Ads,Premium Shoppers,,Facebook,52884.0,4551.0,1791.0,1210.0,428340.0,214.85,0.65,Hindi,14.28,College Students,29-11-2024
PU-CMP-48773,Influencer,Working Women,16.0,Email,79689.0,8950.0,4410.0,3031.0,2188382.0,74.43,8.7,,20.57,Premium Shoppers,05-02-2025
PU-CMP-2175,Email,College Students,20.0,"Google, YouTube, Instagram",79289.0,3850.0,1224.0,556.0,398096.0,93.13,6.69,Hindi,7.1,Working Women,30-04-2025
PU-CMP-27830,Email,College Students,24.0,Google,35302.0,3520.0,1961.0,,135342.0,213.31,-0.03,Bengali,17.39,Tier 2 City Customers,01-08-2024
PU-CMP-31923,Influencer,Premium Shoppers,24.0,"Instagram, Google",90644.0,2969.0,956.0,316.0,185492.0,461.89,0.27,English,4.68,Tier 2 City Customers,04-03-2025
PU-CMP-32620,Influencer,Working Women,26.0,"WhatsApp, Google",25590.0,3716.0,1957.0,1022.0,795116.0,165.48,3.7,Bengali,26.16,Working Women,19-10-2024
PU-CMP-8132,,Working Women,9.0,"Instagram, Email",92814.0,11156.0,3550.0,1160.0,519680.0,63.26,6.08,Bengali,17.09,College Students,
PU-CMP-35907,SEO,Youth,9.0,"Facebook, WhatsApp, Email",41544.0,4542.0,2196.0,1520.0,433200.0,141.41,1.02,Tamil,19.88,College Students,18-10-2024
,Paid Ads,Tier 2 City Customers,26.0,"YouTube, Google, Instagram",99275.0,9994.0,4410.0,2900.0,2070600.0,54.71,12.05,Hindi,17.43,Working Women,07-12-2024
PU-CMP-28709,SEO,Working Women,7.0,"Email, Google, YouTube",38406.0,2832.0,813.0,398.0,93530.0,130.88,0.8,Hindi,10.53,Youth,11-04-2025
PU-CMP-40548,Influencer,Tier 2 City Customers,26.0,"Email, YouTube, Instagram",18257.0,2101.0,1217.0,408.0,111792.0,627.21,-0.56,Tamil,20.41,College Students,
PU-CMP-49144,Email,,20.0,"Email, WhatsApp",55198.0,6507.0,1583.0,1158.0,318450.0,125.46,1.19,Hindi,16.75,College Students,23-03-2025
PU-CMP-23818,Social Media,Tier 2 City Customers,5.0,"Instagram, Facebook",41599.0,4248.0,1813.0,1435.0,622790.0,79.32,4.47,English,18.02,Working Women,30-05-2025
PU-CMP-15103,SEO,Tier 2 City Customers,21.0,Instagram,95331.0,3594.0,2005.0,1243.0,522060.0,144.08,1.92,,7.18,Youth,28-05-2025
PU-CMP-32421,Email,Youth,21.0,WhatsApp,92363.0,5093.0,2518.0,1778.0,380492.0,97.57,1.19,English,10.17,Tier 2 City Customers,06-10-2024
PU-CMP-14645,Influencer,Youth,23.0,"WhatsApp, Facebook",16999.0,2386.0,1096.0,511.0,156877.0,235.21,0.31,English,23.49,Youth,24-08-2024
,Paid Ads,Tier 2 City Customers,,,77904.0,8919.0,2832.0,1071.0,320229.0,266.3,0.12,,16.46,Youth,20-02-2025
PU-CMP-35367,Influencer,Youth,9.0,"Email, Google",98001.0,,1396.0,961.0,262353.0,226.6,0.2,Bengali,,Youth,27-05-2025
PU-CMP-47661,Social Media,,16.0,Instagram,82862.0,,1538.0,1214.0,292574.0,147.52,0.63,Hindi,9.56,College Students,25-07-2024
PU-CMP-47930,Influencer,College Students,23.0,"YouTube, Email, Instagram",54816.0,3519.0,1755.0,568.0,327736.0,374.52,0.54,Tamil,10.66,Premium Shoppers,11-02-2025
PU-CMP-5347,Influencer,Working Women,,"Google, Facebook, WhatsApp",29505.0,1912.0,886.0,269.0,165973.0,564.17,0.09,Hindi,10.39,Working Women,08-12-2024
PU-CMP-53253,SEO,Premium Shoppers,7.0,"YouTube, Email, Instagram",26866.0,3669.0,1602.0,1164.0,692580.0,195.12,2.05,English,23.95,,09-11-2024
PU-CMP-26623,Social Media,Youth,19.0,"Instagram, Google, YouTube",56497.0,2557.0,1376.0,655.0,329465.0,316.32,0.59,,8.12,Working Women,30-11-2024
PU-CMP-4375,SEO,Youth,18.0,"Email, WhatsApp, YouTube",87081.0,12183.0,2936.0,2061.0,1572543.0,46.09,15.55,Hindi,19.73,Youth,29-11-2024
,SEO,Youth,25.0,"Google, Instagram",43456.0,4628.0,1407.0,463.0,365307.0,271.16,1.91,English,14.95,College Students,24-02-2025
PU-CMP-35575,Email,College Students,20.0,"Instagram, YouTube, Email",29434.0,811.0,348.0,,81326.0,1853.21,-0.72,Bengali,4.47,Working Women,
PU-CMP-37070,Influencer,Premium Shoppers,10.0,"Facebook, YouTube",79325.0,10348.0,4997.0,3126.0,837768.0,47.31,4.66,Bengali,23.29,College Students,11-04-2025
PU-CMP-17759,Email,College Students,6.0,"Instagram, YouTube, Google",98683.0,6886.0,2596.0,,499872.0,93.55,3.07,English,10.94,College Students,17-08-2024
PU-CMP-12307,Social Media,Tier 2 City Customers,27.0,Facebook,15478.0,2115.0,759.0,333.0,161172.0,315.0,0.54,Tamil,,Working Women,15-07-2024
PU-CMP-18487,Influencer,Premium Shoppers,18.0,,52533.0,2508.0,729.0,543.0,149325.0,476.22,-0.42,Bengali,7.2,Tier 2 City Customers,22-10-2024
PU-CMP-53888,SEO,Premium Shoppers,28.0,"Email, Facebook, YouTube",38197.0,862.0,211.0,116.0,72384.0,686.08,,Hindi,3.11,Youth,24-05-2025
PU-CMP-41074,Email,Working Women,5.0,"WhatsApp, Google, Email",82104.0,7430.0,4443.0,2317.0,968506.0,127.6,2.28,,,College Students,14-09-2024
PU-CMP-38287,Paid Ads,Premium Shoppers,10.0,"Facebook, Google",22406.0,3223.0,1864.0,1391.0,616213.0,,1.33,Bengali,,Working Women,20-10-2024
PU-CMP-22610,Influencer,Working Women,27.0,Google,57351.0,5997.0,1942.0,637.0,208936.0,194.23,0.69,Tamil,14.95,College Students,28-05-2025
PU-CMP-42208,Social Media,Premium Shoppers,15.0,"Email, Instagram, Google",,3685.0,1474.0,712.0,303312.0,284.33,0.5,Tamil,9.47,Youth,13-07-2024
PU-CMP-51412,Paid Ads,College Students,25.0,Email,54760.0,3420.0,1318.0,784.0,549584.0,194.34,2.61,Hindi,10.08,Youth,19-02-2025
PU-CMP-38990,Paid Ads,Working Women,28.0,Facebook,43522.0,2235.0,1129.0,870.0,467190.0,322.41,0.67,Hindi,9.73,Tier 2 City Customers,01-05-2025
PU-CMP-53300,Influencer,Youth,21.0,"Email, Google",77359.0,2967.0,734.0,530.0,,401.61,0.77,English,5.47,Premium Shoppers,17-10-2024
PU-CMP-53162,Social Media,Working Women,15.0,"WhatsApp, Instagram, Email",80429.0,5939.0,2600.0,1481.0,336187.0,138.13,0.64,Bengali,12.46,Working Women,08-11-2024
PU-CMP-54925,Email,Youth,10.0,"WhatsApp, YouTube",65697.0,7342.0,2937.0,1747.0,1364407.0,128.17,5.09,Tamil,,Working Women,05-03-2025
PU-CMP-26366,Social Media,Working Women,11.0,Facebook,34453.0,1981.0,634.0,220.0,62040.0,505.9,-0.44,English,8.23,Premium Shoppers,27-07-2024
PU-CMP-25695,Influencer,Tier 2 City Customers,14.0,"Email, WhatsApp, YouTube",91982.0,11944.0,2556.0,1645.0,368480.0,70.48,2.18,Tamil,,Premium Shoppers,05-04-2025
PU-CMP-34492,SEO,Premium Shoppers,21.0,YouTube,64265.0,6032.0,1689.0,1134.0,437724.0,99.8,2.87,Bengali,13.78,Tier 2 City Customers,13-09-2024
PU-CMP-53979,Social Media,Working Women,15.0,"YouTube, WhatsApp, Instagram",54882.0,7978.0,1737.0,1065.0,630480.0,76.0,6.79,Hindi,19.64,Premium Shoppers,30-11-2024
PU-CMP-1176,SEO,Youth,14.0,"Facebook, Instagram, Google",44785.0,2914.0,597.0,420.0,250320.0,710.95,-0.16,English,8.78,Youth,06-06-2025
PU-CMP-29354,Email,Youth,13.0,"Google, YouTube",58900.0,7901.0,1915.0,1233.0,429084.0,162.52,1.14,Tamil,18.76,Premium Shoppers,30-07-2024
,Influencer,College Students,19.0,"Facebook, WhatsApp, YouTube",28374.0,655.0,248.0,123.0,36408.0,1877.26,-0.84,English,3.62,Premium Shoppers,08-11-2024
PU-CMP-18713,Influencer,Working Women,20.0,"Facebook, Google",65362.0,3851.0,,876.0,560640.0,297.03,1.15,Tamil,10.01,Premium Shoppers,25-07-2024
PU-CMP-43295,SEO,Working Women,26.0,Google,30927.0,2075.0,955.0,661.0,233994.0,208.7,,English,11.93,Premium Shoppers,08-09-2024
PU-CMP-32103,Social Media,Working Women,26.0,"Email, Google, WhatsApp",,7774.0,2703.0,1795.0,836470.0,42.68,9.92,Tamil,21.88,Premium Shoppers,14-05-2025
PU-CMP-38666,Influencer,Youth,25.0,"Facebook, YouTube",,6438.0,1486.0,684.0,188100.0,296.89,-0.07,Tamil,9.14,Youth,01-09-2024
PU-CMP-54688,Influencer,Premium Shoppers,20.0,"Email, Instagram, Google",93479.0,12521.0,4795.0,2852.0,2133296.0,97.97,6.64,Hindi,21.57,Premium Shoppers,01-11-2024
PU-CMP-9423,Social Media,,13.0,"Google, YouTube",54898.0,1407.0,687.0,457.0,,430.96,0.84,Hindi,4.65,Tier 2 City Customers,29-07-2024
PU-CMP-10197,Social Media,Tier 2 City Customers,30.0,"WhatsApp, Google",81177.0,7386.0,1958.0,1426.0,1039554.0,38.45,,English,13.27,Working Women,29-05-2025
,Influencer,College Students,21.0,"Facebook, WhatsApp",16588.0,2162.0,,,307904.0,146.85,2.7,English,20.79,Working Women,12-01-2025
PU-CMP-30792,SEO,Working Women,16.0,"YouTube, Facebook",83450.0,3637.0,1040.0,625.0,426250.0,262.33,1.6,English,6.35,Tier 2 City Customers,05-02-2025
PU-CMP-48666,SEO,College Students,25.0,YouTube,39056.0,4086.0,,1300.0,341900.0,136.57,,Tamil,19.92,Youth,03-07-2024
PU-CMP-45485,Social Media,College Students,16.0,Instagram,89950.0,5261.0,2983.0,1722.0,428778.0,63.59,2.92,,11.08,Working Women,11-09-2024
PU-CMP-33183,Social Media,College Students,23.0,Facebook,89875.0,10089.0,5587.0,2125.0,1079500.0,,6.92,Bengali,19.81,Tier 2 City Customers,05-01-2025
PU-CMP-53777,SEO,Premium Shoppers,29.0,"Google, WhatsApp, YouTube",59600.0,3352.0,954.0,407.0,229548.0,667.46,-0.16,Bengali,7.91,College Students,24-09-2024
PU-CMP-4940,Email,Youth,17.0,YouTube,,2101.0,588.0,305.0,241255.0,190.14,3.16,Tamil,15.09,College Students,16-10-2024
PU-CMP-6563,Paid Ads,Tier 2 City Customers,13.0,Google,93886.0,6421.0,2429.0,1144.0,602888.0,83.17,5.34,Hindi,10.64,Youth,04-06-2025
PU-CMP-5918,Email,Working Women,30.0,"WhatsApp, Google, YouTube",20454.0,1066.0,618.0,271.0,62872.0,387.58,-0.4,,9.56,Working Women,14-11-2024
PU-CMP-1040,Paid Ads,Tier 2 City Customers,6.0,Email,97355.0,8604.0,4706.0,1828.0,1349064.0,80.28,8.19,English,15.55,Tier 2 City Customers,02-01-2025
PU-CMP-46873,SEO,Youth,28.0,Google,66481.0,4668.0,1106.0,852.0,363804.0,111.96,2.81,Hindi,9.97,Youth,
PU-CMP-40444,Social Media,Youth,10.0,"YouTube, Instagram, Google",29841.0,3005.0,1256.0,461.0,323622.0,181.66,2.86,Tamil,15.82,,28-08-2024
PU-CMP-8339,Social Media,Premium Shoppers,10.0,"Google, WhatsApp, YouTube",49768.0,3260.0,985.0,478.0,159174.0,520.8,-0.36,Tamil,9.49,College Students,25-05-2025
PU-CMP-18162,Social Media,Premium Shoppers,23.0,Google,23465.0,3447.0,1706.0,809.0,311465.0,107.8,2.57,Hindi,25.41,Youth,02-04-2025
PU-CMP-37936,Influencer,Working Women,8.0,Email,92178.0,8088.0,3745.0,1385.0,983350.0,197.92,2.59,Bengali,,,07-07-2024
PU-CMP-5948,Paid Ads,Premium Shoppers,17.0,"Facebook, Google, WhatsApp",35134.0,2029.0,1067.0,765.0,392445.0,132.15,2.88,Bengali,10.99,Premium Shoppers,05-04-2025
PU-CMP-53530,Paid Ads,Youth,6.0,YouTube,28501.0,975.0,399.0,158.0,70310.0,569.17,-0.22,,5.38,Youth,02-04-2025
PU-CMP-52884,Social Media,Youth,18.0,"Email, YouTube",79448.0,10829.0,6172.0,2937.0,1265847.0,94.77,3.55,English,25.1,Premium Shoppers,28-04-2025
PU-CMP-23051,Influencer,Youth,11.0,Email,70757.0,4582.0,2391.0,740.0,298220.0,208.79,0.93,Bengali,10.9,Youth,03-11-2024
PU-CMP-49705,Email,Youth,17.0,Google,80438.0,3415.0,1746.0,748.0,501160.0,371.51,0.8,Hindi,7.35,Tier 2 City Customers,06-10-2024
PU-CMP-49755,Paid Ads,Working Women,26.0,"YouTube, Facebook",90009.0,9478.0,,2601.0,1323909.0,66.03,6.71,English,,Tier 2 City Customers,17-07-2024
PU-CMP-51977,,,14.0,"Email, Facebook",67082.0,7280.0,4139.0,1897.0,1020586.0,66.11,7.14,Bengali,19.85,Working Women,23-09-2024
PU-CMP-26572,Paid Ads,,15.0,"Instagram, WhatsApp, Facebook",72981.0,3663.0,1983.0,1113.0,286041.0,167.69,0.53,Hindi,9.26,College Students,13-03-2025
PU-CMP-32861,SEO,College Students,9.0,"Facebook, YouTube, Instagram",17734.0,1199.0,438.0,163.0,120294.0,557.01,0.32,English,10.15,Working Women,03-08-2024
PU-CMP-27608,Email,Tier 2 City Customers,,"Facebook, YouTube, Email",82536.0,11895.0,3314.0,1339.0,579787.0,151.05,1.87,Hindi,20.05,Working Women,15-08-2024
PU-CMP-41743,SEO,Tier 2 City Customers,6.0,"Google, YouTube",87911.0,9067.0,2803.0,1767.0,558372.0,32.15,8.83,Tamil,15.51,Youth,02-08-2024
PU-CMP-4467,Influencer,,25.0,"YouTube, Instagram, WhatsApp",35874.0,3241.0,1129.0,655.0,260035.0,352.67,0.13,Hindi,14.01,Premium Shoppers,05-05-2025
PU-CMP-15657,SEO,Premium Shoppers,10.0,"Facebook, Google",52486.0,1353.0,453.0,274.0,90968.0,1007.68,-0.67,Hindi,3.96,Tier 2 City Customers,22-03-2025
PU-CMP-10073,Influencer,,18.0,"Facebook, WhatsApp",63319.0,8084.0,4752.0,3263.0,1262781.0,22.27,16.38,Hindi,25.43,Working Women,17-01-2025
PU-CMP-48022,Paid Ads,Premium Shoppers,,Instagram,23999.0,1752.0,695.0,425.0,308550.0,190.29,2.82,Hindi,11.97,Premium Shoppers,26-12-2024
PU-CMP-54462,SEO,Tier 2 City Customers,6.0,"Google, YouTube, Facebook",,736.0,165.0,95.0,31825.0,2274.64,-0.85,Tamil,3.46,College Students,16-12-2024
PU-CMP-15403,Social Media,Youth,21.0,"Instagram, WhatsApp",95290.0,12223.0,4758.0,3379.0,2240277.0,45.07,13.71,Tamil,21.37,Premium Shoppers,18-04-2025
PU-CMP-23664,Social Media,Youth,22.0,"Email, Google",,7483.0,3618.0,1503.0,685368.0,188.39,1.42,Bengali,17.59,Youth,17-05-2025
,Paid Ads,Working Women,16.0,"YouTube, Google, WhatsApp",69481.0,8000.0,3583.0,2755.0,1113020.0,73.49,4.5,Hindi,20.64,Premium Shoppers,16-09-2024
PU-CMP-19684,Email,Premium Shoppers,9.0,Google,15187.0,1588.0,934.0,725.0,518375.0,363.76,0.97,English,21.38,Premium Shoppers,25-10-2024
PU-CMP-14033,Paid Ads,Working Women,17.0,Email,36444.0,5082.0,2275.0,1597.0,332176.0,,5.22,Bengali,24.57,College Students,12-03-2025
PU-CMP-1199,Social Media,Premium Shoppers,21.0,Google,54755.0,4976.0,2091.0,933.0,640971.0,152.56,3.5,Bengali,14.61,Youth,10-03-2025
PU-CMP-52485,Social Media,Tier 2 City Customers,20.0,"Google, Instagram, YouTube",68394.0,4628.0,1991.0,1283.0,510634.0,210.89,,Tamil,11.55,Working Women,27-02-2025
PU-CMP-4025,,College Students,19.0,"YouTube, Facebook",96099.0,6466.0,1648.0,1064.0,710752.0,96.36,5.93,Bengali,9.55,Youth,24-08-2024
PU-CMP-32974,Influencer,Youth,16.0,"Instagram, YouTube, Google",60264.0,1561.0,628.0,313.0,199068.0,740.01,-0.14,Tamil,4.15,Youth,29-12-2024
PU-CMP-56242,Email,Working Women,24.0,"YouTube, WhatsApp",16444.0,1404.0,401.0,291.0,183912.0,481.04,0.31,Hindi,12.75,College Students,06-10-2024
PU-CMP-32868,Influencer,Youth,6.0,Facebook,65819.0,7324.0,1860.0,980.0,202860.0,272.17,-0.24,English,15.44,Tier 2 City Customers,15-02-2025
PU-CMP-17869,Influencer,Tier 2 City Customers,29.0,"Instagram, WhatsApp",75958.0,11295.0,,2464.0,753984.0,107.9,1.84,English,23.63,Youth,
PU-CMP-24967,Email,Premium Shoppers,19.0,"YouTube, WhatsApp",92960.0,8998.0,2557.0,1893.0,516789.0,75.18,2.63,English,14.47,Premium Shoppers,
PU-CMP-41107,Paid Ads,Youth,27.0,"WhatsApp, Email",52285.0,7578.0,4517.0,1713.0,1058634.0,45.43,12.6,Bengali,26.41,Youth,09-04-2025
PU-CMP-6918,SEO,Tier 2 City Customers,19.0,"YouTube, WhatsApp, Instagram",39962.0,4816.0,1033.0,824.0,430952.0,233.03,1.24,Hindi,16.7,College Students,
PU-CMP-25834,Influencer,Youth,5.0,"YouTube, Google",83425.0,2148.0,858.0,421.0,271124.0,529.14,0.22,,4.11,,07-06-2025
PU-CMP-56259,Email,Premium Shoppers,19.0,"Instagram, YouTube",56837.0,7239.0,4206.0,2564.0,1130724.0,58.19,6.58,Hindi,24.65,Youth,10-06-2025
PU-CMP-49499,SEO,Working Women,10.0,"Google, Facebook",94776.0,13134.0,7069.0,5587.0,3843856.0,16.19,41.49,Tamil,27.21,Youth,23-07-2024
PU-CMP-46530,Influencer,Working Women,14.0,"Google, Email",98356.0,13079.0,4029.0,2326.0,1470032.0,102.99,5.14,Tamil,19.76,College Students,16-10-2024
PU-CMP-22916,Social Media,Working Women,6.0,"Email, Google",59690.0,2577.0,1502.0,988.0,513760.0,287.72,0.81,Hindi,8.49,Youth,24-01-2025
PU-CMP-15526,Paid Ads,College Students,16.0,"Instagram, Google",12350.0,1431.0,763.0,607.0,392729.0,103.95,5.22,English,22.68,Premium Shoppers,09-07-2024
PU-CMP-26856,SEO,College Students,7.0,"Facebook, Google, YouTube",69231.0,4036.0,1249.0,991.0,507392.0,187.85,1.73,English,9.07,Working Women,
PU-CMP-7545,Paid Ads,Tier 2 City Customers,27.0,"YouTube, Facebook, WhatsApp",38810.0,5208.0,,602.0,324478.0,144.72,2.72,Hindi,18.84,Working Women,17-08-2024
PU-CMP-44507,Email,Tier 2 City Customers,7.0,"YouTube, Email",43842.0,6400.0,2799.0,1784.0,1139976.0,146.03,3.38,English,25.05,Youth,25-01-2025
PU-CMP-22114,Email,Premium Shoppers,27.0,,35040.0,2336.0,1217.0,910.0,459550.0,,0.71,Hindi,12.74,College Students,19-08-2024
PU-CMP-1780,Social Media,Working Women,24.0,"YouTube, WhatsApp, Email",45035.0,4910.0,1317.0,902.0,498806.0,144.29,2.83,Bengali,15.83,College Students,18-05-2025
PU-CMP-36048,Influencer,Working Women,26.0,YouTube,24628.0,2262.0,652.0,361.0,211907.0,727.48,,,13.3,Premium Shoppers,17-11-2024
PU-CMP-29777,Paid Ads,,9.0,"Google, Email",52304.0,1536.0,536.0,168.0,,1079.99,-0.78,English,4.28,,05-11-2024
PU-CMP-37846,Social Media,College Students,20.0,WhatsApp,48580.0,1097.0,307.0,210.0,91560.0,408.98,0.07,Tamil,3.32,Tier 2 City Customers,06-10-2024
PU-CMP-44620,SEO,,,"YouTube, Google",10360.0,550.0,273.0,143.0,71357.0,1592.49,-0.69,Bengali,9.32,Tier 2 City Customers,17-07-2024
PU-CMP-12632,Email,College Students,7.0,"YouTube, WhatsApp",93356.0,12293.0,7110.0,2871.0,2084346.0,43.85,15.56,Bengali,,Tier 2 City Customers,09-08-2024
PU-CMP-44606,Email,Youth,6.0,"Facebook, Email, YouTube",70054.0,5831.0,,560.0,153440.0,95.98,1.85,Tamil,11.33,College Students,
PU-CMP-16081,Social Media,Premium Shoppers,26.0,"Instagram, WhatsApp",66288.0,2424.0,662.0,346.0,124906.0,646.03,-0.44,Hindi,5.18,Premium Shoppers,03-09-2024
PU-CMP-43580,SEO,Premium Shoppers,19.0,"YouTube, Google",14543.0,381.0,98.0,60.0,,4380.72,,,3.71,Tier 2 City Customers,01-05-2025
PU-CMP-37217,Social Media,Youth,28.0,"Email, Facebook, Google",71225.0,8829.0,2271.0,1404.0,329940.0,121.33,0.94,Hindi,17.56,Tier 2 City Customers,17-10-2024
PU-CMP-55780,SEO,Youth,18.0,WhatsApp,51790.0,6973.0,2989.0,956.0,545876.0,239.95,1.38,Bengali,21.08,Tier 2 City Customers,18-11-2024
PU-CMP-50369,Paid Ads,Premium Shoppers,7.0,"Instagram, Facebook, YouTube",11033.0,1044.0,435.0,151.0,43790.0,999.21,-0.71,Bengali,14.77,Youth,11-08-2024
PU-CMP-6785,Influencer,Youth,13.0,"Facebook, Email, YouTube",44022.0,3638.0,1972.0,1448.0,495216.0,133.7,1.56,English,16.03,Tier 2 City Customers,17-05-2025
PU-CMP-39223,Paid Ads,College Students,12.0,"Instagram, YouTube",89985.0,8868.0,3583.0,2436.0,1946364.0,107.5,,,16.54,Tier 2 City Customers,21-01-2025
PU-CMP-24518,Social Media,,25.0,"Instagram, WhatsApp",,2582.0,606.0,369.0,94095.0,136.53,0.87,Tamil,7.23,Premium Shoppers,21-03-2025
PU-CMP-47462,Email,College Students,9.0,YouTube,33710.0,1190.0,559.0,226.0,148482.0,1203.45,-0.45,Tamil,,College Students,18-01-2025
PU-CMP-54760,Paid Ads,Premium Shoppers,10.0,Google,22946.0,3282.0,1118.0,885.0,257535.0,81.59,2.57,Tamil,23.03,College Students,29-05-2025
,Paid Ads,Tier 2 City Customers,10.0,"Instagram, Google",74135.0,9269.0,4519.0,3431.0,820009.0,37.95,5.3,English,23.23,Tier 2 City Customers,28-10-2024
PU-CMP-52349,Influencer,College Students,16.0,YouTube,12068.0,435.0,164.0,115.0,88320.0,1164.7,-0.34,Tamil,5.92,Premium Shoppers,20-02-2025
PU-CMP-9510,SEO,College Students,5.0,YouTube,19641.0,534.0,266.0,209.0,55594.0,1095.58,-0.76,Bengali,5.14,Youth,04-05-2025
PU-CMP-20042,SEO,College Students,24.0,"Email, Google, Facebook",24024.0,821.0,444.0,295.0,94105.0,812.66,-0.61,Tamil,,Tier 2 City Customers,23-02-2025
PU-CMP-12024,SEO,Tier 2 City Customers,21.0,"WhatsApp, Facebook, Google",42355.0,6199.0,1292.0,987.0,294126.0,68.63,3.34,English,20.02,Premium Shoppers,13-07-2024
,SEO,College Students,28.0,"Facebook, YouTube",48065.0,3789.0,1946.0,1406.0,1008102.0,127.41,4.63,Hindi,14.86,Youth,24-12-2024
PU-CMP-36594,Influencer,Tier 2 City Customers,14.0,"WhatsApp, YouTube, Google",18583.0,1554.0,775.0,557.0,157074.0,396.47,-0.29,English,15.53,Tier 2 City Customers,17-05-2025
,Paid Ads,Working Women,30.0,Email,65234.0,9351.0,3397.0,2170.0,1558060.0,98.54,6.29,English,22.87,Tier 2 City Customers,31-07-2024
PU-CMP-23753,SEO,Premium Shoppers,27.0,,26239.0,3862.0,,821.0,386691.0,82.38,4.72,Tamil,23.65,Youth,04-09-2024
PU-CMP-46376,Social Media,Tier 2 City Customers,22.0,"YouTube, Google, Instagram",50520.0,6386.0,3107.0,1019.0,556374.0,50.74,9.76,English,20.81,Tier 2 City Customers,
,SEO,Youth,7.0,"Instagram, Google",44207.0,6049.0,3505.0,1743.0,993510.0,66.42,7.58,Bengali,25.55,Premium Shoppers,03-04-2025
PU-CMP-51477,Influencer,Youth,25.0,YouTube,,4387.0,2455.0,1385.0,623250.0,204.25,1.2,Bengali,18.16,Working Women,17-10-2024
PU-CMP-19035,Influencer,,17.0,WhatsApp,96255.0,5264.0,1488.0,745.0,479035.0,301.82,1.13,English,7.79,College Students,09-12-2024
,Social Media,College Students,13.0,"Instagram, Email, WhatsApp",71095.0,2230.0,993.0,368.0,249136.0,182.43,2.71,Bengali,5.05,College Students,14-06-2025
PU-CMP-14949,,College Students,14.0,"YouTube, Google, Email",20707.0,1418.0,292.0,202.0,52722.0,675.83,-0.61,English,9.23,Premium Shoppers,03-12-2024
PU-CMP-38413,Email,Working Women,29.0,"Facebook, WhatsApp, Google",34547.0,4495.0,1753.0,1344.0,930048.0,54.24,11.76,Tamil,21.98,Working Women,12-01-2025
PU-CMP-23701,SEO,Working Women,17.0,"Facebook, Google, Instagram",46943.0,1468.0,463.0,140.0,41580.0,1691.48,-0.82,Tamil,4.41,Youth,07-02-2025
PU-CMP-17355,Social Media,College Students,28.0,Facebook,63293.0,8275.0,3324.0,1398.0,1035918.0,202.94,2.65,Bengali,20.53,Premium Shoppers,29-05-2025
PU-CMP-2164,SEO,Premium Shoppers,26.0,"Email, Instagram, YouTube",37417.0,3676.0,1068.0,434.0,156674.0,688.76,-0.48,Bengali,13.84,Working Women,15-11-2024
PU-CMP-33836,Paid Ads,Tier 2 City Customers,24.0,"Email, YouTube, Instagram",73095.0,7062.0,4199.0,1830.0,,87.95,1.89,Hindi,17.91,Youth,18-02-2025
,Social Media,Youth,20.0,Instagram,16030.0,1890.0,681.0,459.0,126684.0,510.14,-0.46,English,18.9,,17-05-2025
PU-CMP-5859,Email,Youth,7.0,Google,46415.0,5517.0,2052.0,1221.0,534798.0,215.88,1.03,Bengali,18.94,Working Women,18-03-2025
PU-CMP-34127,Email,College Students,25.0,"YouTube, WhatsApp",28467.0,2171.0,702.0,258.0,92880.0,411.15,-0.12,Hindi,11.0,College Students,28-12-2024
PU-CMP-42545,Social Media,Tier 2 City Customers,20.0,YouTube,88552.0,7728.0,2735.0,1877.0,1364579.0,89.88,7.09,Bengali,13.94,College Students,20-02-2025
PU-CMP-6089,Social Media,,20.0,"Google, Facebook",79711.0,3683.0,1217.0,834.0,555444.0,183.56,2.63,Hindi,7.19,Youth,
PU-CMP-16742,Email,College Students,,"YouTube, Email, Google",73168.0,7051.0,,1085.0,292950.0,107.52,1.51,Bengali,13.52,College Students,15-07-2024
PU-CMP-2180,Social Media,Youth,23.0,"Facebook, Email, WhatsApp",30227.0,3412.0,1159.0,608.0,170848.0,236.01,0.19,Tamil,17.13,Youth,24-08-2024
PU-CMP-7994,Email,Premium Shoppers,25.0,YouTube,59104.0,7603.0,2243.0,867.0,418761.0,191.59,1.52,Tamil,18.13,Youth,18-03-2025
PU-CMP-31287,Influencer,Tier 2 City Customers,26.0,"Instagram, YouTube",95236.0,,4374.0,2610.0,1947060.0,44.64,15.71,English,,Tier 2 City Customers,30-07-2024
PU-CMP-18835,Email,Premium Shoppers,6.0,"YouTube, Email, Google",89450.0,12186.0,6266.0,2842.0,883862.0,59.44,4.23,Bengali,23.81,,23-09-2024
PU-CMP-17169,Email,Working Women,17.0,"Instagram, YouTube, WhatsApp",15686.0,1432.0,354.0,163.0,120457.0,696.18,0.06,Tamil,12.43,Tier 2 City Customers,01-03-2025
PU-CMP-8040,Social Media,Premium Shoppers,6.0,,,1493.0,,190.0,105260.0,1116.44,-0.5,Hindi,12.21,Premium Shoppers,03-10-2024
PU-CMP-42195,Email,Premium Shoppers,18.0,"Email, Facebook",85677.0,6799.0,1512.0,1155.0,820050.0,57.48,11.35,,11.05,,25-08-2024
PU-CMP-22018,Email,Tier 2 City Customers,19.0,"Facebook, WhatsApp, Instagram",86045.0,3586.0,1431.0,607.0,228232.0,143.51,1.62,Tamil,6.54,Working Women,23-10-2024
PU-CMP-42375,Paid Ads,Youth,24.0,"Email, WhatsApp, Google",83851.0,12112.0,7143.0,4946.0,2918140.0,60.45,8.76,Tamil,28.86,Premium Shoppers,04-02-2025
PU-CMP-19878,Paid Ads,College Students,12.0,,60801.0,6853.0,3380.0,1025.0,760550.0,164.32,3.52,Bengali,18.52,College Students,29-05-2025
PU-CMP-42705,Paid Ads,Working Women,21.0,Facebook,36975.0,973.0,359.0,209.0,42009.0,505.46,-0.6,English,4.17,Youth,21-04-2025
PU-CMP-20492,Influencer,Working Women,14.0,Google,70614.0,3101.0,1654.0,1173.0,274482.0,93.81,1.49,Tamil,8.39,College Students,26-08-2024
PU-CMP-30914,SEO,Youth,28.0,"YouTube, Email, Facebook",32695.0,3299.0,933.0,307.0,244679.0,929.05,-0.14,,13.88,Tier 2 City Customers,06-11-2024
PU-CMP-8217,Influencer,Tier 2 City Customers,12.0,"Email, YouTube, Facebook",52939.0,7014.0,2563.0,1572.0,914904.0,118.82,3.9,Tamil,21.06,Working Women,
PU-CMP-11276,Social Media,Working Women,18.0,"Email, Google, WhatsApp",83892.0,6500.0,2400.0,1839.0,1272588.0,103.49,5.69,Hindi,12.8,Tier 2 City Customers,10-04-2025
,Influencer,College Students,,"Google, Email, Instagram",62094.0,5831.0,2401.0,1904.0,875840.0,32.53,13.14,Bengali,16.32,Youth,15-12-2024
PU-CMP-43442,Paid Ads,Premium Shoppers,23.0,Email,20753.0,2766.0,1137.0,736.0,547584.0,318.72,1.33,Tamil,22.35,Tier 2 City Customers,01-01-2025
PU-CMP-22718,Influencer,Working Women,15.0,Google,57826.0,1894.0,905.0,569.0,452924.0,290.49,1.74,Tamil,5.82,Working Women,28-09-2024
,Paid Ads,Youth,22.0,"WhatsApp, YouTube",30643.0,2070.0,954.0,302.0,,540.91,-0.12,English,10.85,Youth,27-09-2024
PU-CMP-40176,,Youth,6.0,"Facebook, Google",17115.0,1702.0,661.0,399.0,146832.0,250.22,0.47,Tamil,16.14,Working Women,01-01-2025
,Social Media,Working Women,19.0,"WhatsApp, Facebook, YouTube",31025.0,1759.0,906.0,315.0,81585.0,,0.23,English,9.61,College Students,20-03-2025
PU-CMP-17584,Influencer,Premium Shoppers,24.0,Google,11066.0,437.0,91.0,65.0,51675.0,2426.45,-0.67,,5.36,Working Women,09-08-2024
PU-CMP-5976,,Tier 2 City Customers,30.0,"WhatsApp, Facebook",75487.0,4793.0,1799.0,1147.0,462241.0,130.02,2.1,English,10.25,Youth,31-01-2025
PU-CMP-39436,Email,Premium Shoppers,24.0,"Google, WhatsApp",97206.0,10253.0,5895.0,4116.0,2379048.0,,18.51,Hindi,20.85,College Students,18-08-2024
,Social Media,,26.0,Email,73332.0,4546.0,2617.0,1531.0,362847.0,188.56,0.26,Hindi,11.86,College Students,17-07-2024
PU-CMP-36441,SEO,Premium Shoppers,6.0,Google,75749.0,4089.0,1158.0,426.0,204906.0,458.92,0.05,English,7.49,Working Women,16-08-2024
PU-CMP-14132,Email,Youth,13.0,"WhatsApp, Instagram, Email",15524.0,1361.0,316.0,198.0,58014.0,279.96,0.05,Bengali,12.08,College Students,26-09-2024
PU-CMP-47625,Social Media,College Students,5.0,YouTube,20417.0,2705.0,860.0,634.0,275156.0,379.62,0.14,Tamil,20.57,Working Women,17-07-2024
PU-CMP-25632,SEO,Tier 2 City Customers,21.0,"Google, WhatsApp, YouTube",10589.0,910.0,507.0,307.0,81048.0,594.78,-0.56,Hindi,16.28,Premium Shoppers,17-07-2024
PU-CMP-54747,Email,,30.0,"WhatsApp, Google, Email",37809.0,4293.0,920.0,380.0,237880.0,253.22,1.47,English,14.79,Working Women,22-02-2025
PU-CMP-43343,Influencer,Working Women,15.0,"YouTube, Facebook, Google",46460.0,4191.0,1782.0,1142.0,617822.0,71.7,6.54,Tamil,15.31,Premium Shoppers,17-03-2025
PU-CMP-2118,Email,Tier 2 City Customers,10.0,"Instagram, Email, Google",71167.0,5505.0,2815.0,1784.0,1043640.0,151.85,2.85,Hindi,14.2,Youth,13-02-2025
PU-CMP-33570,SEO,Tier 2 City Customers,15.0,"WhatsApp, YouTube, Facebook",89922.0,1959.0,1104.0,669.0,410097.0,116.73,4.25,Tamil,4.15,Working Women,13-01-2025
,Paid Ads,Tier 2 City Customers,19.0,,75114.0,5053.0,2330.0,1438.0,1072748.0,203.93,2.66,Tamil,11.74,Premium Shoppers,10-10-2024
PU-CMP-17883,Influencer,Premium Shoppers,14.0,Facebook,24483.0,1369.0,292.0,125.0,70125.0,,-0.66,Bengali,7.29,Youth,09-02-2025
PU-CMP-14203,Influencer,Youth,13.0,Google,56688.0,7053.0,2444.0,1141.0,561372.0,121.09,3.06,Tamil,18.77,Youth,25-02-2025
PU-CMP-20955,SEO,Premium Shoppers,8.0,"Instagram, Google",87946.0,2790.0,1503.0,1202.0,489214.0,58.0,6.02,Bengali,6.25,Youth,16-09-2024
PU-CMP-15711,Paid Ads,Tier 2 City Customers,13.0,WhatsApp,77174.0,10088.0,,2204.0,,,3.83,Bengali,21.72,Youth,01-03-2025
PU-CMP-31524,Influencer,Youth,21.0,YouTube,33989.0,3152.0,1789.0,566.0,275642.0,223.65,1.18,Bengali,16.2,Premium Shoppers,20-02-2025
PU-CMP-20670,Social Media,College Students,10.0,"WhatsApp, Facebook, Email",78124.0,2098.0,1061.0,461.0,153052.0,140.56,1.36,English,4.63,Working Women,19-02-2025
PU-CMP-45042,Influencer,Premium Shoppers,23.0,Facebook,39598.0,2653.0,1269.0,456.0,127224.0,112.53,1.48,Hindi,11.06,Tier 2 City Customers,08-02-2025
PU-CMP-53730,Paid Ads,Tier 2 City Customers,11.0,"Instagram, Facebook",70159.0,5161.0,1471.0,1106.0,766458.0,130.2,4.32,Tamil,11.03,Working Women,02-11-2024
PU-CMP-12562,Email,Premium Shoppers,15.0,YouTube,96813.0,14403.0,,2542.0,,110.17,1.66,English,25.97,College Students,12-01-2025
PU-CMP-55398,Influencer,Working Women,5.0,Email,59967.0,1503.0,571.0,358.0,102030.0,718.46,-0.6,Tamil,4.06,Premium Shoppers,
PU-CMP-38954,Influencer,Tier 2 City Customers,25.0,"YouTube, Instagram",32370.0,2393.0,857.0,429.0,167310.0,685.19,-0.43,Hindi,11.37,Working Women,07-05-2025
PU-CMP-19486,Paid Ads,College Students,7.0,"Email, Google",58557.0,4615.0,2757.0,1195.0,916565.0,44.29,16.32,Hindi,14.63,Tier 2 City Customers,29-09-2024
PU-CMP-41416,SEO,Working Women,26.0,"Email, YouTube, Instagram",38855.0,,1516.0,1139.0,,254.04,2.07,Bengali,16.33,Youth,27-09-2024
PU-CMP-3476,SEO,Youth,5.0,Instagram,43542.0,3756.0,931.0,319.0,247544.0,195.29,2.97,Tamil,11.5,Working Women,27-10-2024
PU-CMP-3777,Email,Tier 2 City Customers,22.0,,56156.0,2573.0,699.0,310.0,140430.0,283.23,0.6,English,6.38,,10-09-2024
PU-CMP-38166,,Premium Shoppers,21.0,YouTube,20753.0,509.0,225.0,127.0,44069.0,2149.52,-0.84,English,4.15,Working Women,15-01-2025
PU-CMP-7528,Paid Ads,Youth,22.0,Facebook,42912.0,4323.0,1229.0,659.0,234604.0,296.0,0.2,English,14.47,Premium Shoppers,26-04-2025
PU-CMP-18115,Influencer,Youth,10.0,Instagram,33179.0,3702.0,943.0,689.0,272844.0,301.95,0.31,English,16.08,Tier 2 City Customers,23-01-2025
PU-CMP-26578,Paid Ads,Tier 2 City Customers,10.0,"Email, Google, Instagram",91915.0,11323.0,4139.0,2528.0,1590112.0,86.78,6.25,Tamil,19.57,Tier 2 City Customers,18-02-2025
PU-CMP-43697,SEO,Premium Shoppers,5.0,"Facebook, Google",16434.0,1116.0,565.0,387.0,229491.0,546.46,0.09,English,12.58,Tier 2 City Customers,24-08-2024
PU-CMP-30590,Influencer,Premium Shoppers,25.0,"YouTube, Facebook, WhatsApp",88494.0,10461.0,,1709.0,647711.0,50.98,6.43,Hindi,19.43,Working Women,05-02-2025
PU-CMP-24878,Paid Ads,Premium Shoppers,12.0,YouTube,58638.0,4702.0,1833.0,1375.0,871750.0,196.92,2.22,Tamil,13.49,Premium Shoppers,18-07-2024
PU-CMP-1385,,Premium Shoppers,16.0,"Facebook, Email",58914.0,7992.0,3449.0,2354.0,936892.0,21.63,17.4,Bengali,23.42,College Students,20-12-2024
PU-CMP-40021,Social Media,Working Women,15.0,"Google, Instagram, Facebook",80427.0,,6196.0,3179.0,731170.0,25.77,7.93,Hindi,25.36,Tier 2 City Customers,20-04-2025
PU-CMP-28046,SEO,Working Women,14.0,"WhatsApp, Instagram",73360.0,10773.0,2773.0,1238.0,753942.0,95.98,5.34,English,20.15,College Students,10-01-2025
PU-CMP-37995,Social Media,Premium Shoppers,19.0,"Instagram, Google",36524.0,4571.0,1237.0,986.0,402288.0,78.44,4.2,Hindi,18.6,,13-03-2025
PU-CMP-48918,Social Media,Working Women,25.0,"YouTube, WhatsApp, Facebook",20531.0,2430.0,980.0,600.0,436200.0,433.36,0.68,Bengali,19.53,Premium Shoppers,08-04-2025
PU-CMP-6476,Social Media,Premium Shoppers,16.0,Instagram,35034.0,2521.0,1304.0,764.0,,166.37,2.33,English,13.1,College Students,30-10-2024
PU-CMP-33197,Email,Working Women,14.0,Facebook,21398.0,2038.0,948.0,400.0,263200.0,262.98,1.5,Hindi,15.82,Youth,02-11-2024
PU-CMP-9375,Paid Ads,College Students,11.0,"Google, WhatsApp",70905.0,2966.0,997.0,643.0,507970.0,158.75,,Tamil,6.5,Premium Shoppers,11-04-2025
PU-CMP-20573,Paid Ads,Youth,10.0,YouTube,47308.0,4881.0,1444.0,1049.0,778358.0,101.88,,English,15.59,Tier 2 City Customers,06-09-2024
PU-CMP-28613,,Working Women,18.0,"Email, YouTube, WhatsApp",77330.0,1600.0,340.0,107.0,24075.0,707.0,-0.68,Tamil,2.65,Working Women,12-05-2025
PU-CMP-34738,SEO,Premium Shoppers,29.0,"Facebook, Email, YouTube",18379.0,1071.0,585.0,334.0,125584.0,337.05,0.12,Bengali,10.83,College Students,22-08-2024
PU-CMP-30977,Influencer,Premium Shoppers,26.0,"Google, Instagram, Facebook",15968.0,594.0,121.0,61.0,36112.0,2716.97,-0.78,Tamil,,Tier 2 City Customers,20-09-2024
PU-CMP-52140,SEO,Tier 2 City Customers,28.0,,30772.0,1667.0,799.0,512.0,159744.0,360.01,-0.13,Bengali,9.68,Youth,31-10-2024
PU-CMP-12810,Influencer,College Students,24.0,"Instagram, WhatsApp, YouTube",31498.0,4175.0,1635.0,793.0,360022.0,311.36,0.46,Tamil,20.96,Tier 2 City Customers,05-01-2025
PU-CMP-40929,Social Media,Tier 2 City Customers,7.0,"WhatsApp, Google",91751.0,3472.0,,753.0,586587.0,388.98,1.0,Tamil,5.78,Working Women,23-12-2024
,Email,Tier 2 City Customers,28.0,Google,43210.0,,2060.0,1552.0,822560.0,118.53,3.47,English,21.34,Tier 2 City Customers,
PU-CMP-49727,SEO,Premium Shoppers,5.0,Email,35398.0,,446.0,342.0,105336.0,,-0.5,Hindi,5.68,Youth,22-06-2025
PU-CMP-50059,Social Media,Working Women,5.0,"YouTube, Email, Instagram",45858.0,4949.0,1706.0,1242.0,,152.9,,English,17.22,College Students,04-02-2025
PU-CMP-6564,Paid Ads,Working Women,11.0,YouTube,27117.0,1480.0,618.0,,90220.0,686.13,-0.62,English,9.02,Youth,03-02-2025
PU-CMP-29579,Social Media,College Students,6.0,"Instagram, Email, YouTube",91978.0,2046.0,1132.0,,297792.0,435.94,0.21,English,4.07,Youth,08-11-2024
PU-CMP-37624,SEO,Youth,6.0,"YouTube, WhatsApp, Facebook",84666.0,1733.0,366.0,159.0,34980.0,760.86,-0.71,Tamil,2.67,Working Women,22-03-2025
PU-CMP-55164,SEO,Youth,26.0,"YouTube, Email",,3452.0,1108.0,492.0,134316.0,413.18,-0.34,Hindi,6.88,Youth,24-08-2024
PU-CMP-39511,SEO,Premium Shoppers,7.0,"YouTube, Instagram, Facebook",71934.0,6985.0,3872.0,2193.0,1364046.0,26.14,22.8,English,18.14,Working Women,19-02-2025
PU-CMP-31342,Paid Ads,Premium Shoppers,7.0,"WhatsApp, Facebook, YouTube",,7038.0,1892.0,580.0,287100.0,385.78,0.28,Bengali,19.53,Tier 2 City Customers,20-10-2024
PU-CMP-49097,Influencer,,24.0,"YouTube, Facebook",94375.0,12727.0,6786.0,4135.0,,41.4,4.46,Hindi,25.06,College Students,17-03-2025
PU-CMP-43843,Social Media,College Students,12.0,Instagram,30805.0,2337.0,802.0,444.0,118992.0,347.24,-0.23,Hindi,11.63,Tier 2 City Customers,05-02-2025
PU-CMP-46252,SEO,Working Women,27.0,"Instagram, Facebook",10743.0,1293.0,705.0,285.0,172140.0,184.06,2.28,Hindi,21.25,Premium Shoppers,11-09-2024
PU-CMP-17213,SEO,College Students,16.0,Email,,3270.0,1081.0,388.0,273928.0,268.06,1.63,English,14.82,,06-03-2025
PU-CMP-51409,Paid Ads,Premium Shoppers,16.0,"YouTube, Email",15629.0,1265.0,586.0,242.0,60984.0,495.81,-0.49,Hindi,13.39,Premium Shoppers,19-01-2025
PU-CMP-55996,Influencer,Tier 2 City Customers,21.0,"Facebook, Email, Google",,2865.0,930.0,439.0,261205.0,208.73,1.85,Hindi,5.66,Premium Shoppers,09-11-2024
PU-CMP-22594,Influencer,Youth,5.0,"Google, Facebook",70874.0,10577.0,5320.0,1603.0,788676.0,,6.58,English,24.69,Working Women,15-11-2024
,Email,Tier 2 City Customers,27.0,,88626.0,11187.0,5977.0,2644.0,536732.0,39.94,4.08,Tamil,22.35,Youth,18-08-2024
PU-CMP-9739,Paid Ads,Working Women,12.0,"Facebook, Google",,2425.0,706.0,348.0,115536.0,475.84,-0.3,Bengali,19.14,College Students,05-07-2024
,SEO,College Students,10.0,"YouTube, Instagram",90748.0,9752.0,4191.0,2025.0,585225.0,94.93,2.04,Tamil,17.6,Tier 2 City Customers,19-03-2025
PU-CMP-50036,Email,,14.0,Email,62441.0,1819.0,1072.0,333.0,224109.0,742.57,-0.09,English,5.16,Working Women,25-04-2025
PU-CMP-20771,Paid Ads,College Students,7.0,Facebook,12795.0,984.0,453.0,268.0,185724.0,962.39,-0.28,,13.33,Working Women,18-12-2024
PU-CMP-9893,Social Media,,,"YouTube, WhatsApp, Facebook",66061.0,2043.0,1085.0,380.0,281960.0,,0.1,Bengali,5.31,Youth,04-01-2025
PU-CMP-36138,Influencer,College Students,14.0,"YouTube, Facebook",11945.0,1414.0,580.0,370.0,271210.0,428.92,0.71,,19.79,Premium Shoppers,
PU-CMP-39060,Social Media,Working Women,13.0,"YouTube, WhatsApp, Google",83086.0,2911.0,1558.0,604.0,309248.0,251.18,1.04,Hindi,6.11,Tier 2 City Customers,08-06-2025
PU-CMP-53004,Paid Ads,Premium Shoppers,24.0,"Google, Email, Instagram",77433.0,,3149.0,2377.0,1642507.0,62.93,9.98,Tamil,14.07,,18-02-2025
PU-CMP-39378,Paid Ads,Youth,8.0,"Facebook, Email",83130.0,11010.0,2333.0,1826.0,830830.0,139.76,2.26,Hindi,18.25,Premium Shoppers,19-09-2024
PU-CMP-8478,Social Media,Tier 2 City Customers,17.0,"Facebook, YouTube, Google",98017.0,9199.0,4614.0,1888.0,1323488.0,45.04,14.56,Bengali,16.02,Youth,07-11-2024
PU-CMP-5243,,Working Women,26.0,"Email, Facebook, Google",45947.0,5861.0,2394.0,1334.0,597632.0,96.28,3.65,Hindi,20.87,Tier 2 City Customers,24-03-2025
PU-CMP-11279,Email,College Students,7.0,"WhatsApp, Email, Instagram",54270.0,2877.0,972.0,571.0,,160.68,3.34,Bengali,8.14,Premium Shoppers,28-09-2024
PU-CMP-6896,Paid Ads,Premium Shoppers,24.0,"Email, WhatsApp",40472.0,942.0,309.0,224.0,,1159.63,-0.48,Hindi,3.64,College Students,03-09-2024
PU-CMP-29203,SEO,Premium Shoppers,24.0,Facebook,21282.0,2261.0,495.0,354.0,79650.0,,,Bengali,14.61,College Students,03-06-2025
PU-CMP-40163,Email,Premium Shoppers,6.0,"Facebook, YouTube, Email",82590.0,7605.0,4395.0,1795.0,953145.0,41.25,11.87,Bengali,16.7,Tier 2 City Customers,26-02-2025
PU-CMP-10452,SEO,Youth,23.0,,38322.0,1029.0,269.0,199.0,121390.0,368.96,0.65,,3.91,Tier 2 City Customers,01-01-2025
PU-CMP-25787,SEO,Youth,12.0,Facebook,22560.0,488.0,290.0,,146511.0,461.7,0.42,Hindi,4.44,College Students,16-08-2024
PU-CMP-43884,Paid Ads,Youth,10.0,Email,66893.0,6705.0,2958.0,1830.0,1414590.0,143.73,4.38,Bengali,17.18,Premium Shoppers,13-09-2024
PU-CMP-31139,Paid Ads,College Students,11.0,"Facebook, YouTube",43860.0,1841.0,722.0,311.0,140883.0,843.56,-0.46,Tamil,6.55,Premium Shoppers,14-11-2024
PU-CMP-40061,Paid Ads,Premium Shoppers,15.0,YouTube,95790.0,2301.0,519.0,414.0,223146.0,559.24,-0.04,Hindi,3.38,Premium Shoppers,15-01-2025
PU-CMP-11689,Social Media,Working Women,6.0,"Google, Email, Facebook",78479.0,11188.0,4225.0,2759.0,1936818.0,43.05,15.31,Tamil,23.16,Youth,08-05-2025
PU-CMP-35376,Social Media,Working Women,25.0,,67537.0,1847.0,1099.0,825.0,233475.0,326.8,-0.13,Hindi,5.58,Youth,29-05-2025
PU-CMP-17144,SEO,Premium Shoppers,10.0,"Google, Email",78533.0,2916.0,1378.0,957.0,351219.0,280.82,0.31,Tamil,6.69,College Students,05-04-2025
PU-CMP-56244,SEO,College Students,13.0,Instagram,94638.0,7618.0,1674.0,661.0,,337.95,0.33,Hindi,10.52,Youth,26-02-2025
PU-CMP-47682,Email,Working Women,28.0,Email,14438.0,2085.0,890.0,546.0,226044.0,232.45,0.78,Bengali,24.39,Premium Shoppers,20-12-2024
PU-CMP-47769,Paid Ads,Working Women,13.0,"Instagram, Email, Facebook",61495.0,8214.0,3435.0,2508.0,1748076.0,45.86,14.2,English,23.02,,24-01-2025
PU-CMP-44324,Social Media,Working Women,16.0,"Google, Instagram",77959.0,9809.0,2308.0,1235.0,590330.0,136.65,2.5,Bengali,17.13,Premium Shoppers,20-09-2024
PU-CMP-43975,Influencer,Tier 2 City Customers,19.0,,62909.0,8361.0,4540.0,1795.0,1150595.0,54.63,10.73,Tamil,23.36,Working Women,19-05-2025
PU-CMP-5128,Influencer,Working Women,22.0,"Facebook, Instagram",88125.0,11180.0,4156.0,3167.0,769581.0,59.76,3.07,Hindi,21.0,Tier 2 City Customers,27-10-2024
PU-CMP-10806,Paid Ads,College Students,16.0,"WhatsApp, Facebook, YouTube",58773.0,4206.0,1153.0,720.0,,224.69,2.16,Bengali,10.34,Working Women,
PU-CMP-29813,Social Media,Youth,12.0,"Google, Facebook",82658.0,8276.0,3900.0,1497.0,476046.0,107.35,,Tamil,16.54,College Students,01-10-2024
PU-CMP-43990,Paid Ads,Tier 2 City Customers,10.0,Instagram,82943.0,8566.0,2258.0,945.0,192780.0,216.68,-0.06,Bengali,14.19,Tier 2 City Customers,11-12-2024
PU-CMP-6712,Influencer,Youth,27.0,"WhatsApp, YouTube, Email",83389.0,7122.0,3888.0,1909.0,1191216.0,156.65,2.98,English,15.49,College Students,02-02-2025
PU-CMP-4914,Email,Premium Shoppers,23.0,"Instagram, Email",71551.0,9352.0,,2273.0,1577462.0,91.53,6.58,Tamil,21.06,Tier 2 City Customers,02-05-2025
PU-CMP-31959,SEO,Premium Shoppers,22.0,"YouTube, Google",,3804.0,1730.0,919.0,372195.0,65.42,5.19,Tamil,14.34,Premium Shoppers,26-12-2024
PU-CMP-53822,Email,Working Women,25.0,"WhatsApp, YouTube, Email",84195.0,12580.0,2879.0,1485.0,1052865.0,131.57,4.39,Tamil,20.12,Working Women,12-10-2024
PU-CMP-32671,Paid Ads,Youth,20.0,"YouTube, Email",70504.0,5421.0,2241.0,1700.0,1310700.0,53.09,13.52,Tamil,13.28,College Students,26-08-2024
PU-CMP-36350,Social Media,Youth,9.0,"Google, YouTube",91405.0,9718.0,2409.0,934.0,370798.0,270.21,0.47,Hindi,14.29,Working Women,12-12-2024
PU-CMP-7348,Email,,16.0,"Instagram, YouTube, Email",83554.0,7497.0,3926.0,2195.0,1448700.0,119.89,4.51,Bengali,16.3,Youth,09-06-2025
PU-CMP-45268,Influencer,College Students,23.0,YouTube,38302.0,2934.0,1149.0,511.0,120596.0,426.86,-0.45,Hindi,11.99,Youth,17-04-2025
PU-CMP-33104,SEO,Youth,13.0,"YouTube, Google",32227.0,1378.0,401.0,297.0,150876.0,946.39,-0.46,Hindi,6.44,Tier 2 City Customers,10-02-2025
PU-CMP-23328,Influencer,Youth,15.0,"Email, Google, Instagram",92997.0,,3352.0,1586.0,326716.0,81.99,1.51,,19.28,Tier 2 City Customers,24-08-2024
,Paid Ads,Youth,26.0,"YouTube, Email",62281.0,3893.0,2035.0,769.0,166104.0,306.14,-0.29,,10.75,Premium Shoppers,13-11-2024
PU-CMP-3463,SEO,Working Women,30.0,Facebook,37673.0,4328.0,992.0,583.0,444246.0,157.02,3.85,Tamil,15.67,Tier 2 City Customers,05-02-2025
PU-CMP-20482,Email,Tier 2 City Customers,8.0,"WhatsApp, YouTube, Google",51970.0,,1027.0,506.0,112332.0,562.74,-0.61,Hindi,8.71,Premium Shoppers,11-04-2025
PU-CMP-10314,Social Media,Tier 2 City Customers,18.0,Instagram,26027.0,638.0,248.0,153.0,57375.0,1959.31,-0.81,Tamil,3.99,Working Women,01-01-2025
PU-CMP-50095,Influencer,Youth,7.0,WhatsApp,62766.0,3141.0,1519.0,752.0,186496.0,307.2,-0.19,Tamil,8.62,College Students,17-07-2024
PU-CMP-28576,Social Media,College Students,10.0,Facebook,46536.0,3318.0,1241.0,382.0,232638.0,375.48,0.62,Bengali,10.62,Youth,31-10-2024
PU-CMP-38046,Email,Tier 2 City Customers,13.0,"WhatsApp, Facebook",90655.0,7235.0,1856.0,660.0,514140.0,443.38,0.76,Tamil,10.76,Youth,04-03-2025
PU-CMP-37699,SEO,Tier 2 City Customers,6.0,"YouTube, Email",72521.0,7628.0,2953.0,1699.0,801928.0,41.36,10.41,Bengali,16.93,Premium Shoppers,29-09-2024
PU-CMP-1004,Social Media,Premium Shoppers,11.0,"WhatsApp, Instagram",91081.0,6393.0,3282.0,2582.0,787510.0,78.61,,English,13.46,College Students,11-07-2024
PU-CMP-48302,SEO,Tier 2 City Customers,22.0,Instagram,45618.0,1227.0,623.0,419.0,319278.0,401.43,0.9,Bengali,4.97,Tier 2 City Customers,11-12-2024
PU-CMP-27670,Email,Working Women,10.0,Facebook,37688.0,3590.0,955.0,608.0,212800.0,351.67,0.0,English,13.67,Premium Shoppers,14-10-2024
PU-CMP-39925,Paid Ads,College Students,22.0,,25598.0,2940.0,1364.0,412.0,144200.0,599.09,,Bengali,18.42,College Students,26-12-2024
PU-CMP-4751,Paid Ads,Premium Shoppers,10.0,"Email, Facebook, WhatsApp",79909.0,1897.0,901.0,448.0,142912.0,630.42,-0.49,Bengali,4.06,Premium Shoppers,02-09-2024
PU-CMP-28271,Paid Ads,Premium Shoppers,15.0,"Instagram, Email, YouTube",78586.0,1579.0,679.0,513.0,162108.0,482.07,-0.34,Tamil,,Youth,17-11-2024
PU-CMP-15478,Influencer,Youth,18.0,"Facebook, Instagram",44147.0,968.0,561.0,376.0,100392.0,375.77,-0.29,Hindi,4.32,Working Women,
PU-CMP-21146,SEO,Working Women,7.0,"YouTube, Google, Instagram",20134.0,1441.0,432.0,344.0,95632.0,602.2,-0.54,Bengali,11.01,,27-12-2024
PU-CMP-42834,Social Media,Tier 2 City Customers,,Email,71108.0,10281.0,3959.0,1615.0,794580.0,63.88,6.7,Hindi,22.3,College Students,17-08-2024
PU-CMP-53467,Social Media,Youth,27.0,"Facebook, WhatsApp, Instagram",41491.0,2558.0,1443.0,768.0,455424.0,192.53,2.08,Hindi,11.49,Working Women,06-04-2025
PU-CMP-33553,SEO,College Students,25.0,"YouTube, Facebook",31593.0,2115.0,475.0,256.0,185088.0,947.12,-0.24,English,9.01,College Students,08-09-2024
PU-CMP-38003,SEO,College Students,14.0,"Email, WhatsApp, Google",41697.0,2461.0,1037.0,634.0,389276.0,315.86,0.94,English,9.91,,11-05-2025
PU-CMP-54872,Influencer,Working Women,15.0,"Instagram, Email, YouTube",47145.0,5292.0,1460.0,1094.0,763612.0,244.76,1.85,Bengali,16.64,Tier 2 City Customers,12-07-2024
PU-CMP-44944,Email,Working Women,13.0,"WhatsApp, YouTube",32230.0,3895.0,2098.0,1312.0,440832.0,59.63,4.64,English,22.67,College Students,16-04-2025
PU-CMP-42738,Paid Ads,College Students,10.0,Instagram,56085.0,5100.0,1672.0,615.0,301350.0,275.8,,English,13.17,Premium Shoppers,02-06-2025
PU-CMP-18004,Paid Ads,College Students,29.0,"Instagram, Facebook",52487.0,5647.0,2344.0,1824.0,729600.0,115.36,2.47,Hindi,18.7,Youth,11-02-2025
PU-CMP-30830,Social Media,Premium Shoppers,20.0,"Facebook, Google, WhatsApp",34621.0,4572.0,1035.0,744.0,488064.0,178.15,2.68,Tamil,18.34,Tier 2 City Customers,25-03-2025
PU-CMP-34316,Paid Ads,Working Women,9.0,Email,18252.0,973.0,283.0,132.0,34320.0,1465.01,-0.82,Hindi,7.6,Premium Shoppers,07-03-2025
PU-CMP-40528,Paid Ads,Premium Shoppers,10.0,"WhatsApp, YouTube, Email",25207.0,1375.0,773.0,490.0,212170.0,354.43,0.22,English,10.47,Working Women,23-09-2024
PU-CMP-55710,Email,,21.0,Google,31651.0,3969.0,875.0,351.0,223236.0,622.87,0.02,Hindi,16.41,Working Women,27-07-2024
PU-CMP-48810,Paid Ads,Youth,16.0,Google,90177.0,12216.0,,991.0,414238.0,235.11,0.78,Bengali,18.16,Tier 2 City Customers,14-08-2024
PU-CMP-18161,Social Media,Working Women,18.0,"Email, Instagram, WhatsApp",,6117.0,1483.0,1011.0,318465.0,248.43,0.27,English,9.12,Tier 2 City Customers,04-09-2024
PU-CMP-50777,SEO,College Students,21.0,"Facebook, Instagram, WhatsApp",98949.0,14099.0,5541.0,1974.0,827106.0,117.72,,Hindi,21.84,Premium Shoppers,12-10-2024
PU-CMP-39291,Paid Ads,Premium Shoppers,12.0,Instagram,38733.0,3833.0,773.0,446.0,353232.0,239.34,,Hindi,13.04,,24-03-2025
PU-CMP-20246,Email,Youth,7.0,WhatsApp,30676.0,994.0,373.0,197.0,136127.0,525.22,0.32,,5.1,Tier 2 City Customers,24-07-2024
PU-CMP-41377,SEO,Youth,29.0,"Facebook, YouTube",37304.0,3524.0,1315.0,900.0,,166.91,1.78,Hindi,,Working Women,10-05-2025
PU-CMP-55565,SEO,Working Women,27.0,"Instagram, WhatsApp, Facebook",68700.0,3328.0,948.0,679.0,471905.0,233.78,1.97,Bengali,7.21,Working Women,20-01-2025
PU-CMP-20474,Email,Premium Shoppers,14.0,"Instagram, Facebook",20405.0,2127.0,1222.0,839.0,670361.0,319.41,1.5,Tamil,20.52,College Students,26-01-2025
PU-CMP-10506,Email,,15.0,Email,45983.0,,1100.0,755.0,211400.0,197.77,0.42,Tamil,8.07,Premium Shoppers,13-07-2024
PU-CMP-47272,Email,College Students,10.0,Google,,2186.0,1175.0,404.0,317948.0,441.31,0.78,English,4.27,Working Women,27-03-2025
PU-CMP-23577,,Tier 2 City Customers,5.0,"Email, Facebook, WhatsApp",53331.0,3772.0,2184.0,927.0,571032.0,248.04,1.48,Bengali,,Premium Shoppers,19-10-2024
PU-CMP-6763,Social Media,Youth,26.0,"Email, WhatsApp, YouTube",75905.0,1577.0,649.0,468.0,326196.0,206.66,2.37,Bengali,3.55,Working Women,02-08-2024
PU-CMP-28884,Email,Tier 2 City Customers,10.0,YouTube,31726.0,4276.0,2501.0,1998.0,449550.0,62.61,2.59,Bengali,27.66,Tier 2 City Customers,13-04-2025
PU-CMP-42870,Influencer,Youth,27.0,WhatsApp,28548.0,1055.0,570.0,325.0,114400.0,331.57,0.06,Hindi,6.83,Working Women,20-10-2024
PU-CMP-44218,Social Media,Working Women,,"WhatsApp, Google, YouTube",25219.0,2552.0,1120.0,502.0,300196.0,231.33,1.59,Bengali,16.55,College Students,14-11-2024
PU-CMP-51994,SEO,Premium Shoppers,16.0,"Instagram, Email",44812.0,1346.0,738.0,300.0,238800.0,443.04,0.8,,5.32,Tier 2 City Customers,26-07-2024
PU-CMP-40158,,Tier 2 City Customers,9.0,"Facebook, Google, YouTube",64366.0,3389.0,1614.0,668.0,321976.0,124.5,2.87,Tamil,8.81,Tier 2 City Customers,16-06-2025
PU-CMP-49806,Influencer,College Students,21.0,Email,27024.0,2146.0,835.0,295.0,,687.04,-0.25,Hindi,12.12,College Students,01-02-2025
PU-CMP-11434,Social Media,College Students,27.0,WhatsApp,,14060.0,5013.0,2035.0,1009360.0,47.73,,Tamil,22.05,College Students,05-04-2025
PU-CMP-15064,Paid Ads,Premium Shoppers,19.0,,74650.0,6431.0,2087.0,1033.0,476213.0,141.09,2.27,Hindi,12.79,Youth,24-05-2025
PU-CMP-37511,Social Media,College Students,24.0,,65302.0,2889.0,686.0,462.0,343266.0,570.06,0.3,Tamil,,Tier 2 City Customers,07-11-2024
PU-CMP-38501,Email,Tier 2 City Customers,14.0,"Facebook, Google",60923.0,7506.0,1793.0,1119.0,685947.0,114.95,4.33,Hindi,17.1,Tier 2 City Customers,13-12-2024
PU-CMP-12342,Email,Youth,14.0,,52470.0,,1509.0,604.0,156436.0,239.88,0.08,Tamil,9.69,Youth,27-11-2024
PU-CMP-52615,Social Media,Working Women,10.0,"Google, WhatsApp",68004.0,1959.0,394.0,293.0,173456.0,810.35,-0.27,Hindi,3.89,Working Women,09-05-2025
PU-CMP-11675,Social Media,Working Women,12.0,"WhatsApp, Google",73679.0,6971.0,3916.0,2135.0,1590575.0,93.57,6.96,English,17.67,Premium Shoppers,02-08-2024
PU-CMP-23613,,Youth,25.0,"YouTube, Email, WhatsApp",24163.0,3138.0,1037.0,778.0,617732.0,121.98,5.51,Hindi,,Premium Shoppers,26-07-2024
PU-CMP-16443,Social Media,Working Women,17.0,Instagram,88967.0,11203.0,3360.0,2001.0,1530765.0,147.71,4.18,Bengali,18.62,Youth,10-08-2024
PU-CMP-43306,SEO,Youth,9.0,,22285.0,1591.0,757.0,411.0,94530.0,349.18,-0.34,Hindi,12.38,Premium Shoppers,23-05-2025
PU-CMP-53755,Influencer,Tier 2 City Customers,16.0,"YouTube, Email",57371.0,5393.0,1419.0,997.0,203388.0,,-0.22,Bengali,13.61,Youth,13-07-2024
PU-CMP-48541,Paid Ads,Premium Shoppers,14.0,WhatsApp,57846.0,3528.0,966.0,502.0,234434.0,318.61,0.47,English,8.64,Youth,18-11-2024
PU-CMP-19303,SEO,Premium Shoppers,9.0,"Google, Facebook, Instagram",69145.0,2381.0,1291.0,890.0,538450.0,183.66,2.29,Bengali,6.6,Working Women,20-11-2024
PU-CMP-51771,,,15.0,"Instagram, Facebook",97215.0,7824.0,3327.0,2484.0,767556.0,62.97,3.91,Hindi,14.03,Working Women,03-10-2024
PU-CMP-35616,Paid Ads,Premium Shoppers,20.0,"YouTube, Google, Email",28871.0,2812.0,1067.0,723.0,214731.0,288.6,0.03,Bengali,15.94,Working Women,
PU-CMP-19633,SEO,College Students,16.0,"Google, WhatsApp",58634.0,2712.0,1513.0,617.0,128953.0,183.36,0.14,Tamil,8.26,Working Women,02-05-2025
PU-CMP-35935,Email,College Students,6.0,"Instagram, Email",19342.0,2002.0,594.0,337.0,240618.0,271.25,1.63,Bengali,15.16,College Students,24-07-2024
PU-CMP-54507,Paid Ads,Tier 2 City Customers,26.0,Facebook,33633.0,1485.0,517.0,287.0,146944.0,645.46,-0.21,English,6.81,College Students,26-03-2025
PU-CMP-24656,Paid Ads,,15.0,"YouTube, WhatsApp, Google",54101.0,,704.0,252.0,102060.0,314.2,0.29,,6.98,Working Women,03-11-2024
PU-CMP-55363,Influencer,,28.0,Email,90047.0,4050.0,1258.0,700.0,463400.0,210.6,2.14,,6.67,Youth,13-01-2025
PU-CMP-4120,Influencer,Youth,29.0,Email,21259.0,3086.0,1842.0,1092.0,372372.0,197.05,0.73,English,28.32,Working Women,07-04-2025
PU-CMP-40150,Email,Tier 2 City Customers,23.0,,92386.0,,2292.0,1088.0,809472.0,224.64,2.31,Bengali,8.17,Youth,06-03-2025
PU-CMP-7434,Influencer,Premium Shoppers,8.0,Facebook,79664.0,6607.0,3482.0,1882.0,829962.0,92.77,3.75,English,15.03,College Students,26-01-2025
PU-CMP-33931,Email,Tier 2 City Customers,21.0,WhatsApp,29053.0,1191.0,499.0,241.0,,1178.75,-0.32,Bengali,,Youth,
PU-CMP-12212,Paid Ads,Premium Shoppers,10.0,"Instagram, YouTube, WhatsApp",63891.0,,3968.0,2690.0,1883000.0,90.88,6.7,Hindi,22.97,College Students,07-10-2024
PU-CMP-45969,SEO,College Students,9.0,YouTube,83278.0,3237.0,994.0,479.0,198306.0,180.93,1.29,Bengali,5.66,Tier 2 City Customers,08-04-2025
PU-CMP-42353,Email,Working Women,9.0,"Email, Facebook",76005.0,4917.0,2050.0,836.0,494076.0,,0.77,English,10.27,Youth,17-10-2024
PU-CMP-42181,Email,Premium Shoppers,12.0,Instagram,27012.0,,464.0,270.0,167130.0,829.3,-0.25,Bengali,6.46,Youth,08-06-2025
PU-CMP-29131,Email,College Students,30.0,"Instagram, YouTube, Email",20879.0,2109.0,918.0,347.0,161702.0,588.51,-0.21,Tamil,16.16,College Students,31-03-2025
PU-CMP-9035,,Tier 2 City Customers,19.0,"Facebook, WhatsApp",13269.0,660.0,,158.0,46610.0,1508.92,-0.8,English,7.78,Working Women,11-01-2025
PU-CMP-53153,Email,Tier 2 City Customers,26.0,Facebook,90196.0,6324.0,1590.0,949.0,500123.0,248.1,1.12,Hindi,9.83,Tier 2 City Customers,06-08-2024
PU-CMP-53141,Social Media,Working Women,5.0,"YouTube, Instagram, Google",75083.0,10385.0,2802.0,1828.0,433236.0,53.57,3.42,Hindi,20.0,Tier 2 City Customers,27-02-2025
PU-CMP-7752,Social Media,Tier 2 City Customers,17.0,Google,68168.0,6396.0,3063.0,2200.0,796400.0,62.17,4.82,English,17.1,Youth,15-07-2024
PU-CMP-20537,Social Media,Tier 2 City Customers,10.0,"WhatsApp, Facebook, Instagram",26887.0,588.0,249.0,81.0,,1604.23,-0.78,Tamil,3.41,Youth,28-10-2024
PU-CMP-24469,SEO,Premium Shoppers,15.0,Facebook,62823.0,7505.0,,2166.0,,42.8,4.0,English,20.45,Tier 2 City Customers,03-01-2025
PU-CMP-54746,Paid Ads,Working Women,17.0,Facebook,,5091.0,2603.0,1746.0,396342.0,154.15,0.47,Tamil,14.49,Premium Shoppers,15-05-2025
PU-CMP-5229,Social Media,Tier 2 City Customers,18.0,"Email, Facebook",72720.0,4053.0,1256.0,756.0,172368.0,272.46,-0.16,Hindi,8.34,Youth,26-02-2025
PU-CMP-54015,,Tier 2 City Customers,24.0,,88685.0,9081.0,5059.0,3203.0,1892973.0,46.97,11.58,,19.56,Tier 2 City Customers,03-11-2024
PU-CMP-7917,Social Media,Working Women,17.0,"Facebook, Instagram, WhatsApp",11242.0,1028.0,397.0,259.0,146335.0,851.61,-0.34,English,14.98,Working Women,16-11-2024
PU-CMP-33212,Email,Tier 2 City Customers,19.0,"Email, WhatsApp",16892.0,843.0,189.0,109.0,49704.0,2282.65,-0.8,Hindi,6.75,Premium Shoppers,09-10-2024
PU-CMP-47138,SEO,College Students,6.0,Email,52928.0,1980.0,412.0,126.0,25326.0,1235.43,-0.84,Hindi,4.76,Working Women,28-03-2025
PU-CMP-52373,Paid Ads,Premium Shoppers,8.0,,33107.0,1923.0,802.0,554.0,394448.0,313.3,1.27,Tamil,9.9,Youth,19-05-2025
PU-CMP-55382,Email,Working Women,13.0,"Instagram, Google, WhatsApp",12085.0,841.0,397.0,150.0,41400.0,1436.36,-0.81,Hindi,11.49,Working Women,19-05-2025
PU-CMP-16119,,Premium Shoppers,20.0,"YouTube, Email",75388.0,,4074.0,2217.0,1540815.0,48.74,,Tamil,22.32,Youth,23-01-2025
PU-CMP-16269,Social Media,Working Women,9.0,"Email, WhatsApp, Facebook",93876.0,4440.0,1781.0,,394713.0,61.92,3.8,Hindi,8.04,Working Women,29-07-2024
PU-CMP-17754,Social Media,Youth,23.0,Instagram,75506.0,3457.0,1859.0,659.0,357837.0,129.56,3.19,Bengali,7.91,Youth,24-02-2025
PU-CMP-45026,Paid Ads,Premium Shoppers,14.0,"Google, Email",35213.0,824.0,272.0,,44640.0,543.68,-0.43,Tamil,3.52,Youth,26-09-2024
PU-CMP-2174,Influencer,Tier 2 City Customers,11.0,"Google, YouTube, Facebook",73115.0,1515.0,595.0,271.0,147695.0,1023.62,-0.47,Bengali,3.26,College Students,26-05-2025
PU-CMP-26303,Influencer,Working Women,7.0,"Instagram, Facebook, Email",91597.0,12138.0,6375.0,,685916.0,84.31,2.11,English,23.07,Tier 2 City Customers,
PU-CMP-32387,SEO,Youth,7.0,Instagram,13662.0,1905.0,1100.0,443.0,258269.0,498.04,0.17,Bengali,25.24,Tier 2 City Customers,17-03-2025
PU-CMP-21870,SEO,Premium Shoppers,27.0,"Email, Instagram",35322.0,4302.0,1722.0,1376.0,348128.0,107.39,1.36,,20.95,College Students,29-05-2025
PU-CMP-35066,Email,Premium Shoppers,8.0,Google,71043.0,3170.0,1565.0,569.0,345952.0,302.5,1.01,English,7.47,Tier 2 City Customers,27-11-2024
PU-CMP-32211,Email,Premium Shoppers,15.0,"Google, Facebook",77579.0,6578.0,3175.0,1185.0,418305.0,106.47,2.32,Hindi,14.1,College Students,12-02-2025
PU-CMP-35356,,Tier 2 City Customers,6.0,"Email, WhatsApp",22152.0,1269.0,751.0,277.0,135730.0,388.73,0.26,English,10.37,Tier 2 City Customers,28-09-2024
PU-CMP-33754,SEO,Premium Shoppers,13.0,"Facebook, Instagram, WhatsApp",61949.0,4370.0,2523.0,1383.0,735756.0,124.86,,,13.36,Premium Shoppers,20-03-2025
PU-CMP-50839,Email,Youth,12.0,Facebook,95761.0,9465.0,4231.0,1318.0,753896.0,165.53,2.46,Hindi,15.68,College Students,23-02-2025
PU-CMP-53873,Social Media,Premium Shoppers,13.0,"Instagram, YouTube",59476.0,5923.0,1786.0,833.0,494802.0,66.63,7.92,Tamil,14.36,Tier 2 City Customers,15-10-2024
PU-CMP-47424,Social Media,Premium Shoppers,13.0,"Facebook, Google",65802.0,7230.0,3812.0,2140.0,1624260.0,65.66,10.56,Tamil,20.03,College Students,26-05-2025
PU-CMP-25201,Paid Ads,College Students,13.0,"Google, Facebook, Instagram",99143.0,3169.0,1265.0,486.0,153090.0,301.95,0.04,English,4.96,Premium Shoppers,14-08-2024
PU-CMP-25352,Email,Tier 2 City Customers,11.0,"WhatsApp, Google",,4006.0,1984.0,789.0,553089.0,309.89,1.26,Tamil,10.69,Tier 2 City Customers,28-12-2024
PU-CMP-25645,Social Media,College Students,20.0,"YouTube, Instagram",81166.0,2465.0,1081.0,729.0,,329.03,0.95,Hindi,5.27,Premium Shoppers,15-04-2025
PU-CMP-35434,Influencer,Youth,12.0,"Facebook, Email, YouTube",38426.0,4565.0,2229.0,820.0,388680.0,295.67,0.6,Tamil,19.81,Working Women,22-09-2024
PU-CMP-20876,Paid Ads,Youth,,Instagram,69217.0,3872.0,863.0,448.0,291200.0,331.94,0.96,English,7.49,Tier 2 City Customers,14-01-2025
PU-CMP-47903,Social Media,College Students,7.0,WhatsApp,69363.0,10296.0,3684.0,2258.0,1542214.0,49.0,12.94,English,23.41,College Students,14-12-2024
PU-CMP-31350,SEO,College Students,10.0,Facebook,76132.0,9917.0,2838.0,2247.0,1435833.0,73.17,7.73,English,19.71,Working Women,28-10-2024
PU-CMP-8289,Email,Tier 2 City Customers,22.0,Facebook,56738.0,7397.0,3177.0,1286.0,608278.0,,1.4,English,20.9,Tier 2 City Customers,21-09-2024
PU-CMP-26722,Social Media,Working Women,13.0,"WhatsApp, Email, Google",70513.0,9079.0,3080.0,1459.0,714910.0,203.51,1.41,,19.31,College Students,21-09-2024
PU-CMP-56060,Influencer,Working Women,7.0,"Instagram, Facebook",13820.0,1536.0,485.0,339.0,198993.0,467.3,0.26,Hindi,17.08,Youth,19-03-2025
PU-CMP-37294,Influencer,Youth,14.0,YouTube,33818.0,1963.0,518.0,407.0,321937.0,298.84,1.65,Hindi,8.54,Premium Shoppers,21-11-2024
PU-CMP-41326,SEO,Working Women,29.0,"YouTube, Instagram, Facebook",97723.0,11872.0,,1733.0,1065795.0,172.32,2.57,Tamil,16.77,Premium Shoppers,01-05-2025
PU-CMP-18624,Influencer,College Students,26.0,"WhatsApp, Google, Email",71905.0,8382.0,3777.0,1235.0,602680.0,105.08,3.64,Tamil,18.63,Youth,02-11-2024
PU-CMP-12296,Paid Ads,College Students,9.0,Instagram,29702.0,1205.0,719.0,222.0,175380.0,1142.0,-0.31,Bengali,7.23,Premium Shoppers,26-07-2024
PU-CMP-17344,Social Media,Premium Shoppers,5.0,"Instagram, WhatsApp",64615.0,3611.0,2091.0,807.0,490656.0,357.94,0.7,Tamil,10.07,Youth,
PU-CMP-15673,Social Media,Premium Shoppers,11.0,Instagram,35969.0,4965.0,2679.0,1467.0,1163331.0,,4.7,Tamil,25.33,College Students,16-10-2024
PU-CMP-20353,Email,,8.0,"Email, Google, Instagram",81886.0,5620.0,1170.0,913.0,222772.0,234.06,0.04,Bengali,9.41,Working Women,02-01-2025
PU-CMP-46930,Social Media,Working Women,14.0,"Email, Instagram",52170.0,2359.0,702.0,489.0,342300.0,131.7,4.31,Tamil,6.8,Tier 2 City Customers,07-03-2025
PU-CMP-19107,Email,Tier 2 City Customers,18.0,"Facebook, YouTube, Instagram",75926.0,4782.0,1874.0,1036.0,499352.0,194.65,,Bengali,10.13,Youth,27-07-2024
PU-CMP-44047,Paid Ads,Youth,,Facebook,62658.0,1364.0,814.0,543.0,386073.0,117.98,5.03,Hindi,4.34,Tier 2 City Customers,25-09-2024
PU-CMP-14963,SEO,Tier 2 City Customers,10.0,YouTube,44362.0,5643.0,,747.0,177039.0,219.79,0.08,Tamil,17.25,College Students,18-10-2024
PU-CMP-48017,SEO,Tier 2 City Customers,13.0,,61386.0,,1959.0,1122.0,814572.0,85.26,7.52,Tamil,,College Students,
PU-CMP-41086,Influencer,Premium Shoppers,,"Email, Google",56903.0,1150.0,261.0,92.0,53544.0,3004.55,-0.81,English,2.64,,24-10-2024
,Influencer,Working Women,6.0,YouTube,84316.0,2634.0,1040.0,584.0,351568.0,231.42,1.6,Hindi,5.05,Youth,20-11-2024
PU-CMP-51261,SEO,Youth,23.0,YouTube,63366.0,,3207.0,2202.0,1200090.0,110.96,3.91,Hindi,20.29,College Students,07-09-2024
PU-CMP-3097,Paid Ads,Tier 2 City Customers,8.0,Email,22951.0,1878.0,692.0,372.0,262260.0,388.27,0.82,Hindi,12.82,Tier 2 City Customers,11-11-2024
PU-CMP-39971,Influencer,Tier 2 City Customers,10.0,Instagram,80366.0,10033.0,2592.0,1427.0,480899.0,207.89,0.62,Tamil,17.49,Working Women,20-03-2025
PU-CMP-16297,Influencer,College Students,7.0,"YouTube, Instagram",92093.0,10519.0,3224.0,,1112712.0,54.99,9.33,Tamil,17.05,College Students,09-02-2025
PU-CMP-21867,Social Media,Youth,10.0,"YouTube, WhatsApp, Instagram",67186.0,10050.0,2749.0,1382.0,494756.0,137.86,1.6,Bengali,21.11,Working Women,22-07-2024
PU-CMP-41704,SEO,Premium Shoppers,18.0,"Instagram, Google",42591.0,5050.0,1108.0,402.0,114570.0,322.94,-0.12,English,15.4,Tier 2 City Customers,29-05-2025
PU-CMP-39042,Influencer,College Students,6.0,"Instagram, WhatsApp",62363.0,7456.0,2576.0,1599.0,781911.0,129.83,2.77,Hindi,18.65,,16-09-2024
PU-CMP-43109,Email,Premium Shoppers,20.0,YouTube,65561.0,8884.0,3415.0,1491.0,746991.0,161.78,2.1,Tamil,21.03,College Students,18-09-2024
PU-CMP-23091,Email,Premium Shoppers,26.0,WhatsApp,,8567.0,3245.0,1433.0,998801.0,130.49,4.34,Bengali,17.75,Premium Shoppers,30-01-2025
PU-CMP-22023,,Premium Shoppers,12.0,"Google, Instagram, YouTube",73489.0,1919.0,632.0,387.0,250002.0,425.36,0.52,Hindi,4.0,Tier 2 City Customers,15-06-2025
PU-CMP-1508,Paid Ads,Tier 2 City Customers,13.0,"WhatsApp, Instagram",33937.0,864.0,338.0,,134154.0,1182.14,-0.35,Bengali,4.05,Tier 2 City Customers,28-04-2025
PU-CMP-50160,Social Media,Youth,29.0,"Google, Facebook, WhatsApp",46610.0,,,1219.0,682640.0,182.03,2.08,Tamil,17.33,,18-07-2024
PU-CMP-41999,Email,College Students,17.0,"Email, Facebook, Google",27384.0,2019.0,892.0,481.0,,316.26,0.89,Tamil,12.39,College Students,21-05-2025
PU-CMP-33053,Social Media,Premium Shoppers,10.0,,55442.0,6250.0,3403.0,1480.0,1004920.0,,3.66,English,20.08,College Students,27-05-2025
PU-CMP-8284,,Working Women,30.0,Email,61872.0,3461.0,921.0,553.0,228389.0,130.99,2.15,Tamil,7.98,Working Women,
PU-CMP-6854,Influencer,Youth,10.0,"Email, Google, YouTube",93993.0,9953.0,5092.0,3183.0,1028109.0,70.05,3.61,Bengali,,Tier 2 City Customers,02-03-2025
PU-CMP-42500,SEO,Youth,15.0,"WhatsApp, Instagram",62489.0,7785.0,3941.0,2506.0,1726634.0,69.28,8.95,Hindi,22.78,College Students,29-11-2024
PU-CMP-36072,,College Students,17.0,YouTube,18543.0,1785.0,981.0,678.0,496296.0,225.15,,Tamil,18.57,Youth,24-11-2024
PU-CMP-52602,Social Media,Premium Shoppers,15.0,"Email, Instagram, Google",13073.0,320.0,108.0,58.0,18270.0,1429.33,-0.78,Tamil,3.72,Premium Shoppers,
PU-CMP-35580,Email,Youth,21.0,"WhatsApp, Email",58877.0,4814.0,2092.0,638.0,454256.0,268.13,1.66,Hindi,12.81,Working Women,21-08-2024
PU-CMP-39351,Paid Ads,Premium Shoppers,14.0,Google,92806.0,9400.0,4903.0,,2965736.0,53.47,13.55,Bengali,19.52,Working Women,29-12-2024
PU-CMP-30013,Influencer,College Students,30.0,"WhatsApp, Email",85599.0,11465.0,6811.0,4527.0,2032623.0,45.94,8.77,English,26.64,Premium Shoppers,19-08-2024
PU-CMP-16331,Social Media,,10.0,,33100.0,3434.0,,1375.0,785125.0,137.78,3.14,Tamil,20.2,Working Women,18-01-2025
PU-CMP-18894,Social Media,Premium Shoppers,21.0,Email,66383.0,4505.0,1395.0,460.0,152260.0,171.05,0.94,English,9.58,,23-03-2025
PU-CMP-23381,SEO,Youth,27.0,"Google, Email",58579.0,1231.0,724.0,429.0,296868.0,,1.97,Bengali,4.07,Premium Shoppers,20-07-2024
PU-CMP-52864,Paid Ads,Youth,21.0,"Facebook, YouTube",74375.0,10881.0,4668.0,2364.0,1756452.0,97.63,6.61,Hindi,24.08,Premium Shoppers,10-03-2025
PU-CMP-32291,Paid Ads,College Students,18.0,YouTube,53714.0,7516.0,1928.0,1065.0,663495.0,195.26,2.19,Hindi,19.56,Youth,26-11-2024
PU-CMP-40457,SEO,Youth,21.0,,48400.0,1326.0,578.0,240.0,,,-0.34,Bengali,4.43,Premium Shoppers,17-01-2025
PU-CMP-43872,Paid Ads,Youth,30.0,Google,54364.0,6716.0,2560.0,1758.0,921192.0,163.52,2.2,Tamil,20.3,College Students,19-10-2024
PU-CMP-16714,Paid Ads,Youth,19.0,"Email, WhatsApp, Facebook",80902.0,11629.0,5683.0,3823.0,1575076.0,33.64,11.25,Bengali,26.12,Youth,21-09-2024
PU-CMP-27495,Email,Tier 2 City Customers,8.0,"YouTube, Email, WhatsApp",74958.0,9962.0,2701.0,1681.0,484128.0,131.09,1.2,Hindi,19.14,Premium Shoppers,06-02-2025
PU-CMP-10093,Social Media,Youth,,"Facebook, YouTube",58692.0,3437.0,1363.0,969.0,767448.0,278.82,1.84,Hindi,9.83,Working Women,06-09-2024
PU-CMP-7976,,Tier 2 City Customers,5.0,Email,99139.0,10358.0,3653.0,1336.0,887104.0,180.08,2.69,Bengali,15.48,,15-09-2024
PU-CMP-48583,SEO,College Students,5.0,"WhatsApp, Google, Facebook",11705.0,539.0,181.0,121.0,25168.0,1078.18,-0.81,English,7.18,College Students,17-03-2025
PU-CMP-47224,Influencer,Working Women,28.0,"Google, Instagram",56660.0,4101.0,2452.0,1124.0,727228.0,216.81,1.98,Bengali,13.55,College Students,10-09-2024
PU-CMP-37946,Influencer,College Students,8.0,"Facebook, YouTube",85946.0,,4660.0,3242.0,823468.0,76.75,2.31,English,21.02,Youth,08-01-2025
PU-CMP-25999,,Tier 2 City Customers,21.0,"WhatsApp, Instagram, Google",28694.0,3697.0,880.0,517.0,312785.0,268.41,1.25,Bengali,17.75,Premium Shoppers,18-08-2024
PU-CMP-6803,SEO,Working Women,,YouTube,47962.0,2711.0,1006.0,738.0,434682.0,273.54,1.15,Bengali,9.29,Premium Shoppers,07-01-2025
PU-CMP-26109,Email,Youth,,Facebook,22227.0,1102.0,410.0,253.0,167486.0,620.15,0.07,Bengali,7.94,College Students,20-01-2025
PU-CMP-48595,Social Media,Youth,27.0,"Facebook, YouTube, WhatsApp",47454.0,4553.0,1336.0,981.0,650403.0,,4.03,Bengali,14.48,College Students,24-02-2025
PU-CMP-23493,SEO,College Students,7.0,"Instagram, YouTube",55906.0,4021.0,,705.0,509715.0,195.07,2.71,Tamil,11.67,Youth,22-06-2025
PU-CMP-24141,Social Media,Tier 2 City Customers,8.0,"Instagram, WhatsApp, Google",86781.0,7386.0,3530.0,,911887.0,55.92,,Bengali,14.42,College Students,31-05-2025
PU-CMP-42331,Social Media,Working Women,18.0,"YouTube, Facebook, Email",22103.0,1832.0,755.0,506.0,285384.0,378.3,0.49,Hindi,13.99,Premium Shoppers,07-08-2024
PU-CMP-48956,,Premium Shoppers,8.0,"Google, Instagram, WhatsApp",53711.0,7709.0,4132.0,1312.0,789824.0,105.39,4.71,Tamil,24.49,Premium Shoppers,17-01-2025
PU-CMP-31643,,Working Women,6.0,"Google, Email, Facebook",73184.0,8480.0,3497.0,2793.0,1538943.0,77.05,6.15,,20.18,,10-07-2024
PU-CMP-16521,SEO,Tier 2 City Customers,29.0,WhatsApp,74286.0,,747.0,591.0,421974.0,391.57,,English,5.1,Tier 2 City Customers,16-03-2025
PU-CMP-49446,Email,Working Women,11.0,Facebook,73715.0,8724.0,5136.0,2472.0,1082736.0,107.7,3.07,Bengali,22.16,Premium Shoppers,01-02-2025
PU-CMP-19856,Social Media,College Students,,"Facebook, YouTube, Email",19981.0,2878.0,1123.0,502.0,331822.0,353.4,0.87,,22.54,College Students,31-05-2025
PU-CMP-35939,Paid Ads,College Students,18.0,,86309.0,7006.0,2172.0,1565.0,636955.0,133.58,2.05,Tamil,12.45,Premium Shoppers,08-05-2025
PU-CMP-41488,Influencer,Working Women,10.0,"Email, Google",26827.0,1144.0,,258.0,177246.0,637.51,0.08,Bengali,7.4,Working Women,16-04-2025
PU-CMP-14458,Social Media,Youth,10.0,"Google, YouTube",17201.0,,480.0,,65664.0,320.27,-0.05,English,17.14,Premium Shoppers,28-05-2025
PU-CMP-12028,Paid Ads,Youth,,Google,99668.0,8810.0,2971.0,1059.0,723297.0,134.99,4.06,Hindi,12.88,Tier 2 City Customers,02-02-2025
PU-CMP-35362,Social Media,College Students,16.0,"Google, Email",20930.0,471.0,112.0,34.0,17782.0,1758.85,-0.7,Tamil,2.95,Premium Shoppers,
PU-CMP-34502,Influencer,Tier 2 City Customers,,"Facebook, Instagram",60435.0,5729.0,2868.0,1094.0,729698.0,,1.7,English,16.04,Premium Shoppers,11-01-2025
PU-CMP-17790,Influencer,Premium Shoppers,16.0,Email,98989.0,9811.0,2742.0,1493.0,544945.0,199.86,0.83,Bengali,14.19,College Students,
PU-CMP-16145,SEO,Youth,13.0,"YouTube, Facebook, Email",19116.0,2718.0,941.0,458.0,115416.0,467.89,,English,21.54,Working Women,27-07-2024
PU-CMP-15518,Paid Ads,Working Women,24.0,,95827.0,13130.0,4855.0,3041.0,869726.0,71.89,2.98,English,21.94,Tier 2 City Customers,28-12-2024
PU-CMP-26694,Paid Ads,Tier 2 City Customers,27.0,Email,71009.0,2101.0,820.0,,105704.0,817.96,-0.56,,4.52,College Students,24-09-2024
PU-CMP-22011,Social Media,Premium Shoppers,12.0,Facebook,80724.0,6428.0,3300.0,1559.0,1120921.0,146.17,3.92,English,13.98,Tier 2 City Customers,21-03-2025
PU-CMP-48608,Influencer,Premium Shoppers,29.0,"YouTube, Email, Facebook",99402.0,8772.0,2340.0,1649.0,707421.0,88.78,3.83,English,12.84,College Students,17-03-2025
PU-CMP-47626,SEO,Working Women,27.0,"Instagram, YouTube",99197.0,5891.0,2243.0,1475.0,528050.0,98.03,,English,9.69,Working Women,16-04-2025
PU-CMP-10450,Paid Ads,College Students,25.0,"Instagram, Google, YouTube",69097.0,4294.0,2197.0,1403.0,383019.0,54.94,3.97,Bengali,11.42,Tier 2 City Customers,27-01-2025
PU-CMP-26477,SEO,Premium Shoppers,11.0,"Facebook, Instagram, Email",80479.0,8389.0,2028.0,1610.0,518420.0,65.57,3.91,Tamil,14.94,Youth,25-05-2025
PU-CMP-40539,Email,Working Women,8.0,,42228.0,1714.0,707.0,370.0,183520.0,771.58,-0.36,Hindi,6.61,Working Women,23-08-2024
PU-CMP-41693,Paid Ads,Working Women,15.0,WhatsApp,84923.0,5362.0,2770.0,1727.0,841049.0,41.83,10.64,English,11.61,Working Women,08-05-2025
PU-CMP-17399,Social Media,Working Women,28.0,Instagram,31977.0,3157.0,1423.0,572.0,152152.0,242.64,,Hindi,16.11,College Students,26-07-2024
PU-CMP-27612,SEO,Tier 2 City Customers,22.0,"Instagram, Google, WhatsApp",87497.0,8157.0,1765.0,1323.0,353241.0,186.73,0.43,Tamil,12.85,,08-05-2025
PU-CMP-1332,Social Media,Tier 2 City Customers,21.0,"WhatsApp, Instagram",46710.0,1197.0,467.0,140.0,32200.0,959.84,-0.76,Hindi,3.86,Youth,13-09-2024
PU-CMP-43423,Paid Ads,College Students,7.0,"Instagram, Google, WhatsApp",86850.0,12693.0,5086.0,,,17.28,30.7,English,24.95,Youth,17-07-2024
PU-CMP-3349,Social Media,Tier 2 City Customers,24.0,WhatsApp,41088.0,4531.0,2258.0,1650.0,676500.0,37.8,,Hindi,20.54,Tier 2 City Customers,10-11-2024
PU-CMP-7653,Email,Youth,20.0,"WhatsApp, Google",23573.0,2972.0,741.0,575.0,,205.83,,English,18.19,College Students,06-10-2024
PU-CMP-34415,Email,Premium Shoppers,7.0,Instagram,13273.0,1185.0,492.0,242.0,105512.0,961.05,-0.55,Hindi,14.46,Working Women,03-08-2024
PU-CMP-34259,Email,Youth,6.0,"Instagram, YouTube",71822.0,5312.0,2605.0,2001.0,856428.0,25.57,15.74,Hindi,13.81,College Students,10-07-2024
PU-CMP-10044,SEO,Youth,25.0,"Facebook, Email",38116.0,3119.0,1240.0,395.0,145360.0,,-0.41,Bengali,12.47,Tier 2 City Customers,01-04-2025
PU-CMP-1274,SEO,Youth,22.0,"Facebook, Instagram, Google",12929.0,1896.0,385.0,263.0,203036.0,403.83,0.91,Hindi,19.68,Working Women,04-04-2025
PU-CMP-16010,Paid Ads,Premium Shoppers,7.0,"Google, WhatsApp",87812.0,4155.0,1828.0,1214.0,815808.0,153.73,3.37,English,8.2,Youth,16-04-2025
PU-CMP-49923,SEO,,22.0,"Instagram, WhatsApp, Facebook",41970.0,6126.0,3070.0,,424256.0,44.96,3.98,Bengali,26.42,Working Women,01-05-2025
PU-CMP-4638,SEO,College Students,18.0,"Instagram, Google, WhatsApp",,5123.0,1244.0,594.0,360558.0,193.01,2.14,Hindi,10.29,College Students,01-08-2024
PU-CMP-53891,Email,Youth,9.0,"Facebook, Email",93934.0,3496.0,1866.0,812.0,607376.0,157.43,3.75,Tamil,6.57,Working Women,18-04-2025
PU-CMP-40525,Social Media,Tier 2 City Customers,21.0,"Instagram, YouTube",56503.0,1984.0,642.0,255.0,135405.0,330.37,0.61,Hindi,5.1,Youth,28-08-2024
PU-CMP-26776,Paid Ads,Tier 2 City Customers,29.0,"Instagram, Facebook",98101.0,11096.0,3868.0,1966.0,1456806.0,40.46,17.32,Tamil,17.26,Premium Shoppers,10-02-2025
PU-CMP-17386,Social Media,Premium Shoppers,5.0,Facebook,24261.0,2325.0,898.0,589.0,266817.0,126.57,2.58,English,15.71,Working Women,22-12-2024
PU-CMP-15097,SEO,Premium Shoppers,30.0,Facebook,87383.0,10439.0,,2057.0,940049.0,61.63,6.42,Bengali,19.0,College Students,14-10-2024
PU-CMP-23411,SEO,Youth,15.0,"YouTube, WhatsApp",82054.0,6066.0,2375.0,1668.0,492060.0,168.48,0.75,Hindi,12.32,Youth,07-11-2024
PU-CMP-13257,SEO,Tier 2 City Customers,28.0,"YouTube, Email, WhatsApp",14990.0,793.0,251.0,138.0,58926.0,1865.09,-0.77,Hindi,7.89,Youth,25-08-2024
PU-CMP-39061,Email,Youth,26.0,Facebook,43668.0,5633.0,2777.0,1707.0,740838.0,34.02,11.76,Bengali,23.17,Youth,01-02-2025
PU-CMP-51974,Social Media,Tier 2 City Customers,15.0,"Email, YouTube, Facebook",34850.0,4096.0,2059.0,1380.0,884580.0,129.44,3.95,Tamil,21.62,Tier 2 City Customers,21-08-2024
PU-CMP-45664,Email,Premium Shoppers,8.0,"Email, WhatsApp, YouTube",25878.0,1708.0,965.0,676.0,179140.0,,0.25,Tamil,12.94,Premium Shoppers,04-06-2025
PU-CMP-52315,Social Media,Working Women,15.0,"WhatsApp, Instagram, Facebook",30912.0,2085.0,1004.0,682.0,399652.0,422.69,0.39,Hindi,12.2,College Students,14-05-2025
PU-CMP-2317,Paid Ads,College Students,7.0,"WhatsApp, YouTube, Facebook",65245.0,9777.0,4789.0,1952.0,745664.0,60.59,5.3,Tamil,25.32,College Students,27-05-2025
PU-CMP-45360,Paid Ads,Youth,19.0,"YouTube, Google, Email",86211.0,4199.0,992.0,635.0,351155.0,467.01,0.18,Tamil,6.76,Premium Shoppers,04-04-2025
PU-CMP-9620,SEO,Premium Shoppers,21.0,Email,65563.0,2250.0,1150.0,480.0,144960.0,490.71,-0.38,English,5.92,Premium Shoppers,18-11-2024
PU-CMP-15019,Email,,19.0,,,6862.0,2307.0,1041.0,327915.0,156.86,1.01,Tamil,19.32,Youth,21-04-2025
PU-CMP-26206,Social Media,Working Women,9.0,"Email, YouTube, Facebook",27063.0,934.0,229.0,178.0,36490.0,1592.0,-0.87,Hindi,4.96,Premium Shoppers,07-11-2024
PU-CMP-29764,Influencer,Tier 2 City Customers,19.0,"YouTube, Email, WhatsApp",45562.0,4284.0,1662.0,780.0,205920.0,367.6,-0.28,Hindi,14.76,Premium Shoppers,02-03-2025
PU-CMP-39685,Paid Ads,Youth,12.0,"Instagram, YouTube",45616.0,3722.0,1262.0,882.0,420714.0,161.07,1.96,Tamil,12.86,Tier 2 City Customers,16-11-2024
PU-CMP-1906,Social Media,Working Women,19.0,"Email, Google, Instagram",55660.0,7130.0,1781.0,693.0,449064.0,82.11,6.89,Tamil,17.25,Working Women,28-11-2024
PU-CMP-47673,Email,Youth,16.0,"WhatsApp, Instagram",55384.0,8245.0,3349.0,2127.0,897594.0,91.46,3.61,English,24.77,Tier 2 City Customers,15-03-2025
PU-CMP-41435,Influencer,Youth,13.0,"Google, WhatsApp, Facebook",28925.0,3051.0,1163.0,633.0,209523.0,158.26,1.09,English,16.76,College Students,10-05-2025
PU-CMP-47406,Social Media,College Students,27.0,"Instagram, Google",98122.0,3514.0,1542.0,468.0,,375.7,0.7,Tamil,5.63,Premium Shoppers,04-11-2024
PU-CMP-6223,Influencer,Premium Shoppers,23.0,"Google, WhatsApp, Facebook",31291.0,4377.0,1128.0,396.0,221760.0,445.23,0.26,Tamil,18.86,College Students,19-02-2025
,Influencer,Premium Shoppers,12.0,"Facebook, Instagram, Email",68276.0,3838.0,1239.0,675.0,459675.0,117.2,4.81,Hindi,8.42,Premium Shoppers,16-12-2024
PU-CMP-11085,Email,Working Women,12.0,Google,48509.0,7015.0,2687.0,1688.0,661696.0,102.2,2.84,Hindi,23.48,Tier 2 City Customers,28-05-2025
,SEO,Working Women,19.0,Instagram,48940.0,3798.0,1869.0,859.0,451834.0,229.68,1.29,Tamil,13.33,Working Women,18-04-2025
PU-CMP-48748,Paid Ads,Working Women,9.0,,10092.0,580.0,143.0,93.0,38316.0,1863.31,-0.78,Tamil,8.09,Youth,17-01-2025
PU-CMP-16832,Paid Ads,College Students,12.0,Instagram,86961.0,5023.0,2388.0,1468.0,626836.0,60.33,6.08,Hindi,10.21,College Students,12-12-2024
PU-CMP-51590,Social Media,Working Women,9.0,"YouTube, Facebook",95213.0,8840.0,2958.0,,427056.0,200.1,,Tamil,13.73,Youth,26-04-2025
PU-CMP-6115,,Premium Shoppers,18.0,"WhatsApp, Google",55131.0,2434.0,517.0,170.0,102340.0,313.79,0.92,English,5.66,Youth,28-01-2025
PU-CMP-30471,Paid Ads,Working Women,19.0,Email,27513.0,,716.0,534.0,251514.0,117.12,3.02,Tamil,9.44,Youth,09-02-2025
PU-CMP-53156,Email,Tier 2 City Customers,25.0,"Google, Instagram, Facebook",33113.0,4624.0,2062.0,1328.0,326688.0,103.33,1.38,Tamil,24.2,,27-12-2024
PU-CMP-45620,SEO,Working Women,25.0,"Google, YouTube, Instagram",80231.0,,730.0,333.0,210123.0,,-0.09,Tamil,5.12,Working Women,20-04-2025
PU-CMP-32264,Social Media,Working Women,17.0,WhatsApp,69003.0,8725.0,3855.0,1903.0,803066.0,94.64,3.46,Bengali,20.99,Premium Shoppers,10-10-2024
PU-CMP-25097,Email,Tier 2 City Customers,,"Google, Email",94060.0,2655.0,1345.0,459.0,212517.0,526.53,-0.12,Tamil,4.74,Premium Shoppers,25-12-2024
PU-CMP-42380,SEO,College Students,26.0,"WhatsApp, Google",50978.0,6526.0,1715.0,682.0,424204.0,428.63,0.45,Bengali,17.5,Tier 2 City Customers,11-08-2024
PU-CMP-31487,Social Media,Premium Shoppers,12.0,"Facebook, Google, Instagram",50186.0,6398.0,1820.0,1028.0,444096.0,246.56,0.75,English,18.42,Working Women,23-07-2024
PU-CMP-13347,SEO,Premium Shoppers,19.0,"Google, Instagram, YouTube",,3097.0,1210.0,464.0,98368.0,347.42,-0.39,Tamil,5.02,Premium Shoppers,17-11-2024
PU-CMP-24900,Influencer,Tier 2 City Customers,15.0,"Email, WhatsApp",29767.0,1785.0,1028.0,,127412.0,188.19,0.13,Bengali,11.47,Tier 2 City Customers,21-02-2025
PU-CMP-5264,Paid Ads,Working Women,12.0,"YouTube, WhatsApp, Email",94964.0,5165.0,3000.0,1022.0,499758.0,134.27,2.64,Hindi,9.67,Premium Shoppers,23-03-2025
PU-CMP-42393,Social Media,Tier 2 City Customers,20.0,"Email, YouTube",32461.0,3102.0,1596.0,1066.0,737672.0,55.37,11.5,English,17.76,Working Women,19-09-2024
PU-CMP-28833,Social Media,Youth,7.0,"Instagram, YouTube",45236.0,1755.0,518.0,173.0,129404.0,1441.6,-0.48,Bengali,5.41,Tier 2 City Customers,28-10-2024
PU-CMP-55258,Email,Working Women,7.0,YouTube,66892.0,3585.0,1833.0,905.0,332135.0,270.69,0.36,English,9.45,College Students,10-11-2024
PU-CMP-23816,SEO,Premium Shoppers,19.0,Instagram,22692.0,1150.0,473.0,325.0,250900.0,610.93,0.26,Tamil,8.58,Premium Shoppers,14-07-2024
PU-CMP-49963,Paid Ads,Tier 2 City Customers,12.0,Google,89119.0,10579.0,5295.0,1937.0,1084720.0,108.89,4.14,Tamil,19.99,Youth,23-03-2025
PU-CMP-8892,,Premium Shoppers,19.0,"Email, Instagram, Google",91713.0,2801.0,1525.0,485.0,210490.0,120.61,2.6,,5.25,Youth,16-07-2024
PU-CMP-33538,Influencer,Working Women,,"WhatsApp, YouTube",79958.0,11532.0,2766.0,1013.0,574371.0,53.65,9.57,Bengali,19.15,Youth,03-07-2024
PU-CMP-21731,Email,Working Women,,"Google, Instagram, Facebook",56623.0,8367.0,,789.0,627255.0,255.27,2.11,Hindi,19.41,Premium Shoppers,25-05-2025
PU-CMP-16217,SEO,Premium Shoppers,22.0,Google,22726.0,2799.0,1187.0,901.0,294627.0,312.97,0.04,Hindi,21.5,Premium Shoppers,02-03-2025
PU-CMP-7366,Email,Working Women,11.0,"Email, WhatsApp, Facebook",99468.0,10445.0,5696.0,3448.0,2134312.0,78.23,6.91,Hindi,19.69,Youth,23-03-2025
PU-CMP-3549,Social Media,Youth,24.0,"Facebook, Instagram, YouTube",81412.0,5422.0,1581.0,1197.0,470421.0,162.98,1.41,Tamil,,Youth,01-07-2024
PU-CMP-36530,SEO,Tier 2 City Customers,10.0,YouTube,92442.0,12122.0,5792.0,4240.0,1013360.0,18.24,12.11,Bengali,23.97,Premium Shoppers,31-12-2024
PU-CMP-26728,SEO,College Students,8.0,YouTube,82888.0,3931.0,1079.0,815.0,606360.0,315.68,1.36,English,7.03,Tier 2 City Customers,04-06-2025
PU-CMP-19326,Influencer,College Students,25.0,"YouTube, Instagram, Email",,7966.0,2028.0,1384.0,970184.0,55.05,11.73,Bengali,13.12,Youth,25-03-2025
PU-CMP-10829,SEO,Tier 2 City Customers,20.0,,79445.0,9319.0,2451.0,1189.0,816843.0,52.43,12.1,Hindi,16.31,Premium Shoppers,
PU-CMP-20321,Paid Ads,College Students,25.0,Facebook,40492.0,2372.0,1255.0,478.0,179728.0,312.68,0.2,English,10.14,College Students,27-04-2025
PU-CMP-49591,Paid Ads,Working Women,14.0,"Facebook, Instagram, Google",19553.0,970.0,575.0,192.0,98880.0,1063.72,-0.52,English,8.88,College Students,10-10-2024
PU-CMP-35000,Social Media,Working Women,15.0,Google,89721.0,4715.0,2401.0,1622.0,942382.0,129.19,3.5,Bengali,9.74,Youth,11-12-2024
PU-CMP-55977,Paid Ads,Youth,5.0,,58699.0,2828.0,,,184482.0,512.05,0.08,English,6.83,,15-04-2025
PU-CMP-12836,Social Media,Tier 2 City Customers,,Email,13411.0,285.0,145.0,85.0,23970.0,2337.15,-0.88,Hindi,3.84,Premium Shoppers,26-07-2024
PU-CMP-27642,Influencer,Youth,20.0,Email,96442.0,5540.0,3012.0,1747.0,784403.0,76.24,4.89,Bengali,10.68,Premium Shoppers,02-08-2024
PU-CMP-1114,Email,Tier 2 City Customers,19.0,Google,54201.0,6571.0,2995.0,1357.0,883407.0,85.43,6.62,Hindi,20.15,Working Women,24-04-2025
PU-CMP-29193,Email,Tier 2 City Customers,18.0,YouTube,60524.0,8364.0,2751.0,1138.0,625900.0,88.38,,English,20.24,Tier 2 City Customers,08-09-2024
PU-CMP-38444,Paid Ads,Premium Shoppers,5.0,"WhatsApp, Google, YouTube",24678.0,2786.0,,,351656.0,615.79,0.26,Bengali,18.25,Tier 2 City Customers,23-07-2024
PU-CMP-28142,Paid Ads,Premium Shoppers,12.0,"Google, YouTube, Email",35597.0,5261.0,1128.0,896.0,187264.0,138.7,0.51,Hindi,20.47,Tier 2 City Customers,31-08-2024
PU-CMP-43467,,,30.0,"Facebook, Instagram",16191.0,1631.0,569.0,343.0,,384.02,0.54,Bengali,15.71,Premium Shoppers,06-05-2025
PU-CMP-12380,Social Media,College Students,10.0,Email,89034.0,4511.0,1827.0,698.0,305724.0,159.53,1.75,Tamil,7.9,,15-01-2025
PU-CMP-5095,Influencer,Working Women,5.0,,63601.0,6173.0,1993.0,1311.0,318573.0,188.93,0.29,Tamil,,College Students,05-12-2024
PU-CMP-33801,Social Media,Tier 2 City Customers,5.0,,74857.0,11071.0,6094.0,2200.0,677600.0,32.35,8.52,Tamil,25.87,Premium Shoppers,07-01-2025
PU-CMP-46690,Social Media,Premium Shoppers,18.0,"Facebook, YouTube, Instagram",89725.0,5410.0,2978.0,1093.0,410968.0,265.43,0.42,Bengali,10.57,Working Women,18-02-2025
PU-CMP-2710,Social Media,Premium Shoppers,5.0,"YouTube, Google",52549.0,2705.0,680.0,349.0,248139.0,192.97,2.68,Tamil,7.11,Working Women,28-04-2025
PU-CMP-48747,Email,Premium Shoppers,11.0,"WhatsApp, Facebook",75064.0,6240.0,2005.0,748.0,541552.0,82.0,7.83,English,11.98,Youth,09-05-2025
PU-CMP-13955,SEO,Tier 2 City Customers,23.0,"Email, YouTube, Instagram",96640.0,4724.0,1249.0,670.0,467660.0,336.86,1.07,Bengali,6.87,,08-03-2025
PU-CMP-13053,Influencer,Tier 2 City Customers,18.0,,11855.0,860.0,373.0,127.0,85471.0,2319.35,-0.71,Bengali,11.47,,
PU-CMP-25985,Social Media,Premium Shoppers,30.0,"Google, Instagram, YouTube",,6797.0,3152.0,1829.0,460908.0,,,English,22.28,Working Women,16-01-2025
PU-CMP-49186,Influencer,College Students,24.0,"Facebook, Email, YouTube",,1693.0,616.0,293.0,73250.0,965.48,-0.74,Hindi,7.17,Working Women,28-04-2025
PU-CMP-47855,Email,Premium Shoppers,24.0,"YouTube, Email, WhatsApp",78997.0,9108.0,1912.0,1169.0,488642.0,110.51,2.78,Hindi,15.43,Working Women,14-09-2024
PU-CMP-20412,Email,College Students,12.0,"Email, WhatsApp",,2681.0,904.0,,171120.0,498.48,-0.31,,4.64,College Students,14-02-2025
PU-CMP-26841,Influencer,Youth,24.0,"YouTube, Google",,12763.0,5692.0,2802.0,1199256.0,21.45,18.95,Tamil,,Premium Shoppers,11-02-2025
PU-CMP-27156,Email,Tier 2 City Customers,18.0,"YouTube, Instagram, WhatsApp",37882.0,4858.0,1466.0,886.0,219728.0,296.13,-0.16,Tamil,,Youth,25-11-2024
PU-CMP-19210,Email,,20.0,"Facebook, Email",71469.0,6413.0,3050.0,1458.0,526338.0,45.06,7.01,Hindi,15.28,Working Women,27-01-2025
PU-CMP-7232,Influencer,Youth,20.0,"YouTube, Instagram, Email",61565.0,1294.0,583.0,299.0,157872.0,566.37,-0.07,Tamil,3.53,Premium Shoppers,25-12-2024
PU-CMP-33932,Influencer,Premium Shoppers,29.0,"Email, Google, WhatsApp",83049.0,8918.0,4373.0,2792.0,717544.0,23.11,10.12,Hindi,19.37,Tier 2 City Customers,13-12-2024
PU-CMP-38109,Paid Ads,Youth,10.0,"YouTube, WhatsApp",51492.0,2094.0,838.0,377.0,101790.0,520.11,-0.48,Bengali,6.43,Tier 2 City Customers,01-01-2025
PU-CMP-17313,Social Media,Tier 2 City Customers,5.0,Email,,8943.0,3492.0,2496.0,546624.0,76.63,1.86,Tamil,23.94,Working Women,05-06-2025
PU-CMP-47378,Social Media,Premium Shoppers,17.0,Facebook,28521.0,1349.0,431.0,289.0,145945.0,761.62,-0.34,Hindi,7.25,Working Women,09-07-2024
PU-CMP-34014,Paid Ads,,14.0,"Instagram, YouTube, WhatsApp",71924.0,3071.0,1706.0,1099.0,513233.0,251.15,0.86,Hindi,8.17,Working Women,11-08-2024
PU-CMP-38590,Influencer,College Students,28.0,Instagram,55299.0,7241.0,3669.0,,1202831.0,38.41,17.56,English,22.78,,01-09-2024
PU-CMP-50394,Email,Youth,26.0,"Email, YouTube, Instagram",,1638.0,393.0,278.0,111478.0,974.88,-0.59,Hindi,8.31,Premium Shoppers,16-04-2025
PU-CMP-2793,SEO,Premium Shoppers,30.0,"Email, Instagram, YouTube",,6082.0,2923.0,1549.0,311349.0,37.94,4.3,English,18.04,Youth,08-05-2025
PU-CMP-16539,Paid Ads,Working Women,27.0,Google,47126.0,6263.0,,1152.0,277632.0,231.98,0.04,Tamil,20.33,Youth,31-07-2024
PU-CMP-50992,Email,Premium Shoppers,20.0,"Google, Instagram, Email",28459.0,3315.0,1218.0,810.0,500580.0,165.92,2.72,English,18.77,Working Women,11-10-2024
PU-CMP-51631,SEO,Youth,15.0,WhatsApp,84620.0,,3771.0,2484.0,943920.0,107.59,2.53,Hindi,19.89,Tier 2 City Customers,02-02-2025
PU-CMP-25358,Influencer,Youth,15.0,"Facebook, WhatsApp",74560.0,2806.0,,326.0,115404.0,796.44,-0.56,Hindi,5.33,,15-07-2024
PU-CMP-24975,SEO,,,WhatsApp,80515.0,2895.0,791.0,,169460.0,552.97,-0.33,English,,Premium Shoppers,18-08-2024
PU-CMP-15142,Influencer,Tier 2 City Customers,17.0,"Facebook, Email",99572.0,13411.0,5729.0,,2629220.0,,9.0,Tamil,22.75,Premium Shoppers,07-01-2025
PU-CMP-32737,Paid Ads,Youth,23.0,WhatsApp,31190.0,,,1099.0,655004.0,195.52,2.05,Bengali,17.15,Tier 2 City Customers,22-10-2024
PU-CMP-11347,SEO,Working Women,18.0,"Email, YouTube",15682.0,1817.0,1022.0,772.0,175244.0,328.51,-0.31,English,23.03,Working Women,18-02-2025
PU-CMP-2498,Influencer,Premium Shoppers,12.0,Facebook,60170.0,7086.0,2727.0,2128.0,461776.0,26.44,7.21,,19.85,Tier 2 City Customers,08-06-2025
PU-CMP-39616,Email,Working Women,20.0,"Instagram, WhatsApp",87767.0,2599.0,1490.0,662.0,205220.0,356.0,-0.13,Hindi,5.41,College Students,27-01-2025
PU-CMP-31044,SEO,Working Women,6.0,"Email, Google, Facebook",28177.0,1623.0,718.0,272.0,158848.0,725.83,-0.2,,9.27,Youth,04-06-2025
PU-CMP-38347,SEO,College Students,9.0,WhatsApp,78309.0,4110.0,900.0,426.0,161028.0,458.68,-0.18,Hindi,6.94,Tier 2 City Customers,11-03-2025
PU-CMP-39957,SEO,Premium Shoppers,16.0,"Facebook, WhatsApp, Instagram",68834.0,7884.0,,921.0,411687.0,228.52,0.96,English,16.38,,22-08-2024
PU-CMP-40024,Paid Ads,,17.0,Facebook,21300.0,1306.0,344.0,151.0,36693.0,1437.76,-0.83,Hindi,8.46,Premium Shoppers,21-02-2025
PU-CMP-43394,SEO,Tier 2 City Customers,22.0,"WhatsApp, YouTube, Instagram",57044.0,,719.0,380.0,261060.0,403.93,0.7,Tamil,5.98,College Students,03-07-2024
PU-CMP-17853,SEO,Working Women,12.0,"Google, Instagram, YouTube",62650.0,4611.0,2588.0,912.0,484272.0,100.53,4.28,English,12.95,Working Women,20-03-2025
PU-CMP-3980,Email,Youth,17.0,Google,92248.0,5478.0,2329.0,1771.0,1023638.0,71.6,7.07,Bengali,10.38,Premium Shoppers,02-03-2025
PU-CMP-16022,SEO,Tier 2 City Customers,15.0,"Facebook, WhatsApp, YouTube",88388.0,3995.0,2298.0,1469.0,1160510.0,93.43,7.46,Hindi,8.78,Youth,12-07-2024
PU-CMP-4928,SEO,Premium Shoppers,27.0,"Google, Email, YouTube",93687.0,10640.0,,3036.0,1305480.0,88.49,3.86,Hindi,18.78,College Students,04-11-2024
PU-CMP-6537,SEO,College Students,10.0,"YouTube, Email",91410.0,11903.0,4602.0,1941.0,793869.0,104.96,2.9,,20.18,Working Women,12-02-2025
PU-CMP-1466,SEO,College Students,16.0,"Google, Facebook, Instagram",55167.0,1736.0,599.0,336.0,92400.0,179.27,0.53,Bengali,4.84,Youth,11-06-2025
PU-CMP-3965,Social Media,Working Women,11.0,WhatsApp,91070.0,8061.0,1677.0,1072.0,697872.0,156.48,3.16,Bengali,11.87,College Students,31-01-2025
PU-CMP-5060,Paid Ads,Youth,17.0,YouTube,39865.0,5209.0,1049.0,474.0,214248.0,174.9,1.58,Hindi,16.89,,29-05-2025
PU-CMP-56528,Social Media,College Students,20.0,"WhatsApp, Google",15177.0,826.0,254.0,112.0,28224.0,784.69,-0.68,Tamil,7.85,Tier 2 City Customers,20-02-2025
PU-CMP-43646,SEO,College Students,16.0,"Email, Instagram",17798.0,910.0,416.0,331.0,214488.0,514.06,0.26,Hindi,9.31,Youth,21-03-2025
PU-CMP-32638,Paid Ads,College Students,23.0,Instagram,78401.0,3033.0,1166.0,488.0,333304.0,433.59,0.58,English,5.98,Premium Shoppers,04-11-2024
PU-CMP-26526,Influencer,Working Women,23.0,"WhatsApp, Instagram, Email",68038.0,6222.0,3102.0,2145.0,1359930.0,90.5,6.01,English,16.86,Youth,17-01-2025
PU-CMP-6522,Paid Ads,,12.0,Facebook,65150.0,2798.0,888.0,598.0,380328.0,126.49,4.03,Tamil,6.58,Working Women,13-02-2025
PU-CMP-35078,Influencer,Tier 2 City Customers,29.0,YouTube,42840.0,5815.0,1313.0,946.0,368940.0,173.52,1.25,English,18.85,Youth,19-10-2024
PU-CMP-11012,Social Media,Premium Shoppers,10.0,"Google, WhatsApp, Instagram",85031.0,9369.0,2538.0,1019.0,282263.0,266.66,,Hindi,15.2,College Students,11-05-2025
PU-CMP-42887,Email,Youth,21.0,"Facebook, Google",19194.0,,470.0,259.0,132867.0,748.28,-0.31,Hindi,10.44,Youth,12-02-2025
PU-CMP-43602,Paid Ads,Working Women,24.0,"Instagram, YouTube, Facebook",41108.0,1404.0,611.0,404.0,292496.0,615.16,0.18,Tamil,5.88,Tier 2 City Customers,26-08-2024
PU-CMP-46321,SEO,Working Women,15.0,"Email, Instagram",57716.0,5525.0,1353.0,412.0,148732.0,610.17,-0.41,Tamil,12.63,Tier 2 City Customers,11-12-2024
PU-CMP-43414,Influencer,Working Women,5.0,Facebook,59563.0,4111.0,1284.0,482.0,343666.0,218.6,,English,9.87,Tier 2 City Customers,17-10-2024
PU-CMP-19534,Email,Tier 2 City Customers,13.0,"WhatsApp, Facebook, Instagram",29005.0,3795.0,1399.0,792.0,335016.0,211.66,1.0,Bengali,20.64,Youth,23-03-2025
PU-CMP-48599,Email,Youth,20.0,Instagram,46002.0,6639.0,3500.0,1597.0,983752.0,152.93,3.03,Tamil,25.51,Premium Shoppers,09-09-2024
PU-CMP-2053,Influencer,Working Women,12.0,,12331.0,1630.0,807.0,390.0,289770.0,200.51,2.71,Tamil,22.93,Working Women,19-04-2025
PU-CMP-29219,Email,Working Women,10.0,"WhatsApp, Google, Facebook",32606.0,3640.0,1595.0,,584969.0,297.4,1.63,Bengali,18.35,Youth,20-10-2024
PU-CMP-12250,SEO,Working Women,15.0,"Google, Facebook, Email",,10317.0,4176.0,2192.0,1462064.0,34.64,18.25,Tamil,18.16,Youth,18-12-2024
PU-CMP-1949,Paid Ads,Working Women,16.0,"Email, YouTube",77220.0,7149.0,1718.0,1111.0,696597.0,140.21,3.47,Tamil,12.92,Youth,27-04-2025
PU-CMP-9643,Social Media,College Students,8.0,YouTube,24455.0,3502.0,1522.0,885.0,294705.0,164.19,1.03,Tamil,24.16,College Students,21-11-2024
PU-CMP-23609,Paid Ads,Tier 2 City Customers,6.0,WhatsApp,59086.0,6926.0,3640.0,1452.0,,198.75,2.76,Tamil,20.34,College Students,08-05-2025
PU-CMP-32396,SEO,Premium Shoppers,7.0,Instagram,76458.0,9857.0,4870.0,1476.0,597780.0,181.42,1.23,Bengali,21.19,College Students,19-12-2024
PU-CMP-48988,SEO,Premium Shoppers,23.0,"Google, Instagram",,3867.0,2112.0,663.0,185640.0,294.48,-0.05,English,11.79,Premium Shoppers,08-12-2024
PU-CMP-2590,,Working Women,28.0,"WhatsApp, Email",74624.0,4962.0,1855.0,1453.0,302224.0,46.3,3.49,Hindi,11.08,Working Women,28-10-2024
PU-CMP-6627,SEO,Tier 2 City Customers,22.0,"YouTube, WhatsApp, Instagram",50100.0,7434.0,2639.0,1079.0,379808.0,195.6,0.8,Tamil,22.26,Premium Shoppers,07-01-2025
PU-CMP-44260,Paid Ads,College Students,22.0,"Facebook, Email, WhatsApp",70612.0,7532.0,4300.0,3343.0,979499.0,71.18,3.12,Tamil,21.49,Tier 2 City Customers,21-07-2024
,Email,College Students,18.0,"Facebook, Google, Instagram",25527.0,3266.0,1191.0,588.0,351036.0,175.63,2.4,Bengali,19.76,Working Women,27-09-2024
PU-CMP-18797,Social Media,College Students,29.0,"Facebook, WhatsApp, Email",36230.0,4643.0,2251.0,1718.0,479322.0,144.88,0.93,Bengali,23.77,Working Women,15-08-2024
PU-CMP-9962,Social Media,Tier 2 City Customers,11.0,Facebook,42176.0,5736.0,1728.0,631.0,405733.0,379.15,0.7,Hindi,19.19,Youth,27-12-2024
PU-CMP-24059,Social Media,Premium Shoppers,28.0,"Email, YouTube",36159.0,4997.0,1845.0,737.0,254265.0,291.38,0.18,Bengali,,College Students,08-02-2025
PU-CMP-55244,Social Media,Premium Shoppers,26.0,"Google, WhatsApp, YouTube",28413.0,3211.0,703.0,215.0,62135.0,1205.84,,Hindi,14.53,Premium Shoppers,10-04-2025
PU-CMP-48529,Paid Ads,Tier 2 City Customers,23.0,"Facebook, Google, Email",21739.0,1164.0,282.0,138.0,52716.0,2172.14,-0.82,Tamil,7.29,Tier 2 City Customers,28-01-2025
PU-CMP-50215,Email,Working Women,29.0,"Google, Facebook, Instagram",,4764.0,1694.0,1037.0,774639.0,212.19,,Tamil,21.3,Youth,08-01-2025
PU-CMP-29459,Paid Ads,Premium Shoppers,24.0,Google,43195.0,3431.0,1541.0,529.0,208426.0,,-0.17,Bengali,12.74,Youth,01-08-2024
PU-CMP-11604,SEO,Tier 2 City Customers,19.0,"Instagram, Google",99832.0,9151.0,5111.0,2778.0,2152950.0,22.13,34.02,English,17.07,Tier 2 City Customers,18-11-2024
PU-CMP-21220,Paid Ads,Youth,18.0,Facebook,10413.0,952.0,432.0,177.0,74163.0,768.55,-0.45,Bengali,14.99,Tier 2 City Customers,17-05-2025
PU-CMP-23309,Influencer,College Students,11.0,Email,85492.0,,1045.0,754.0,188500.0,308.26,-0.19,English,4.5,Tier 2 City Customers,24-01-2025
PU-CMP-52167,Social Media,Working Women,20.0,Instagram,53548.0,4514.0,924.0,633.0,302574.0,222.03,1.15,Tamil,11.34,Youth,20-12-2024
PU-CMP-45990,Social Media,Tier 2 City Customers,30.0,"WhatsApp, Google, YouTube",83992.0,5133.0,1793.0,546.0,289926.0,473.15,0.12,Hindi,8.9,Youth,06-12-2024
,SEO,Premium Shoppers,8.0,YouTube,,944.0,261.0,86.0,30960.0,1472.28,-0.76,English,4.29,Working Women,12-04-2025
PU-CMP-12535,Email,College Students,19.0,"WhatsApp, Facebook",25958.0,3809.0,2083.0,1507.0,934340.0,83.64,6.41,English,28.5,College Students,09-04-2025
PU-CMP-6253,Paid Ads,Premium Shoppers,15.0,"Google, WhatsApp, Email",14167.0,1091.0,319.0,240.0,160320.0,318.23,1.1,Tamil,11.65,,05-02-2025
PU-CMP-10572,SEO,Youth,7.0,Email,76617.0,5418.0,2845.0,1799.0,,36.26,18.94,Bengali,13.13,Tier 2 City Customers,24-03-2025
PU-CMP-25330,Paid Ads,Premium Shoppers,11.0,Email,74093.0,10763.0,4130.0,3078.0,837216.0,93.28,1.92,Hindi,24.25,Tier 2 City Customers,06-08-2024
PU-CMP-21118,SEO,College Students,19.0,"Email, Google, YouTube",32178.0,1288.0,642.0,349.0,234179.0,715.91,-0.06,,7.08,Youth,11-08-2024
PU-CMP-48745,Social Media,Working Women,,Email,62115.0,,,632.0,178224.0,259.52,0.09,English,5.78,Premium Shoppers,05-03-2025
PU-CMP-19346,Social Media,Tier 2 City Customers,,"Google, Facebook, WhatsApp",66558.0,6234.0,2796.0,2023.0,663544.0,117.45,1.79,Tamil,16.61,Tier 2 City Customers,01-04-2025
PU-CMP-48397,Influencer,Premium Shoppers,7.0,"Facebook, Google, YouTube",98329.0,2866.0,1649.0,643.0,,399.93,0.04,English,5.25,Youth,13-10-2024
PU-CMP-25304,SEO,College Students,12.0,WhatsApp,11775.0,279.0,88.0,52.0,40716.0,2647.75,-0.7,Hindi,3.56,Premium Shoppers,10-05-2025
PU-CMP-6148,SEO,Working Women,,YouTube,91192.0,7311.0,4129.0,2821.0,789880.0,48.11,4.82,Bengali,,,25-09-2024
PU-CMP-9875,Social Media,,10.0,YouTube,65040.0,5713.0,,778.0,227954.0,78.64,2.73,Bengali,12.19,Tier 2 City Customers,25-08-2024
PU-CMP-28282,Social Media,Premium Shoppers,23.0,"Instagram, YouTube",14261.0,1178.0,313.0,128.0,70656.0,2292.93,-0.76,Hindi,11.35,College Students,13-07-2024
PU-CMP-3780,Email,Premium Shoppers,10.0,"Instagram, YouTube, Google",41031.0,6110.0,3266.0,1849.0,830201.0,46.71,8.61,English,27.36,Working Women,05-02-2025
PU-CMP-42633,Influencer,,25.0,"WhatsApp, Email, YouTube",83585.0,7901.0,,688.0,546960.0,363.3,1.19,Tamil,12.78,College Students,10-04-2025
PU-CMP-47933,Email,Working Women,18.0,"Instagram, YouTube, Facebook",77352.0,7607.0,2149.0,,609588.0,,3.32,Tamil,14.75,Working Women,21-04-2025
PU-CMP-44998,Influencer,College Students,5.0,"Google, Email",48862.0,1295.0,481.0,297.0,209088.0,835.05,-0.16,Bengali,4.24,Tier 2 City Customers,23-10-2024
PU-CMP-48862,Influencer,,13.0,Google,57052.0,5737.0,,1541.0,904567.0,134.65,3.36,Bengali,18.53,College Students,29-03-2025
PU-CMP-53483,SEO,College Students,21.0,YouTube,82166.0,4265.0,905.0,671.0,458964.0,445.03,0.54,English,7.11,College Students,23-04-2025
PU-CMP-23295,Influencer,Youth,17.0,"YouTube, Facebook",69783.0,1422.0,499.0,396.0,190476.0,431.68,0.11,Tamil,3.32,College Students,05-01-2025
PU-CMP-7513,Influencer,,6.0,Instagram,64355.0,8291.0,3507.0,2566.0,1167530.0,89.08,4.11,Hindi,22.32,Youth,21-09-2024
PU-CMP-7013,Email,Working Women,30.0,Facebook,51900.0,,2531.0,785.0,278675.0,293.19,0.21,Bengali,17.86,Youth,26-08-2024
PU-CMP-30591,Paid Ads,Premium Shoppers,,"Email, Facebook",88889.0,13278.0,6911.0,4589.0,,60.26,8.72,Tamil,27.88,Tier 2 City Customers,07-11-2024
PU-CMP-2124,Social Media,Working Women,14.0,"Google, YouTube, WhatsApp",41928.0,,1544.0,919.0,247211.0,70.45,2.82,Bengali,15.78,Premium Shoppers,02-07-2024
,Influencer,Working Women,,WhatsApp,31049.0,3352.0,1045.0,,222554.0,532.27,-0.16,Tamil,15.77,,10-11-2024
PU-CMP-31244,Social Media,Youth,27.0,YouTube,10239.0,889.0,431.0,213.0,117363.0,1203.49,-0.54,Tamil,14.97,Tier 2 City Customers,19-09-2024
PU-CMP-9899,Paid Ads,College Students,23.0,"YouTube, Instagram, Google",54421.0,6529.0,3007.0,1304.0,1024944.0,53.74,13.63,Tamil,19.92,Working Women,09-04-2025
PU-CMP-44262,Email,Youth,8.0,"Instagram, Email, YouTube",97317.0,10643.0,6139.0,2077.0,1266970.0,75.37,7.09,English,19.38,Working Women,20-04-2025
PU-CMP-27438,Social Media,Premium Shoppers,14.0,Google,72711.0,2029.0,781.0,573.0,152418.0,392.17,-0.32,Tamil,4.65,Premium Shoppers,23-01-2025
PU-CMP-15524,Influencer,Tier 2 City Customers,29.0,YouTube,81378.0,2011.0,464.0,362.0,129596.0,280.89,0.27,Bengali,3.49,Premium Shoppers,25-08-2024
PU-CMP-51388,Email,Youth,22.0,"Instagram, YouTube",34686.0,3261.0,1005.0,800.0,603200.0,273.38,1.76,Hindi,14.61,Working Women,12-08-2024
PU-CMP-32642,SEO,Youth,27.0,Email,38652.0,3837.0,1847.0,1253.0,333298.0,110.82,1.4,English,17.95,College Students,22-09-2024
PU-CMP-34817,Email,Premium Shoppers,23.0,"WhatsApp, Email, YouTube",33762.0,4004.0,1188.0,455.0,141050.0,,-0.28,English,16.73,Working Women,25-09-2024
PU-CMP-55745,Paid Ads,College Students,14.0,WhatsApp,28043.0,3212.0,1105.0,392.0,288120.0,675.95,0.09,Hindi,16.79,Working Women,19-02-2025
PU-CMP-28986,Influencer,Youth,6.0,"Facebook, WhatsApp",90175.0,5468.0,3182.0,1361.0,551205.0,185.21,1.19,Tamil,11.1,Working Women,13-03-2025
PU-CMP-51327,Email,Premium Shoppers,14.0,WhatsApp,,2485.0,613.0,,155988.0,675.36,-0.08,English,6.75,Youth,10-10-2024
PU-CMP-4279,Email,College Students,17.0,"Email, Facebook",50195.0,2089.0,859.0,286.0,195910.0,349.61,0.96,Tamil,6.44,Tier 2 City Customers,30-04-2025
PU-CMP-53749,,Youth,29.0,"Google, Facebook, Email",93305.0,7972.0,1758.0,1349.0,,213.1,0.78,Bengali,11.87,Youth,25-10-2024
PU-CMP-36642,Email,Youth,17.0,WhatsApp,72223.0,2898.0,1059.0,620.0,338520.0,120.08,3.55,Tamil,6.34,Youth,21-03-2025
PU-CMP-21928,SEO,Premium Shoppers,26.0,Email,62460.0,6241.0,2489.0,1989.0,1020357.0,35.44,13.47,Bengali,17.16,Premium Shoppers,19-11-2024
PU-CMP-33498,Influencer,Youth,10.0,YouTube,91035.0,8219.0,3068.0,2365.0,730785.0,124.55,1.48,Hindi,15.0,Premium Shoppers,11-02-2025
PU-CMP-30107,Influencer,Working Women,12.0,Facebook,50758.0,3344.0,860.0,627.0,263967.0,399.97,0.05,Hindi,9.52,Tier 2 City Customers,16-03-2025
PU-CMP-25179,Paid Ads,Working Women,18.0,"Facebook, Instagram, Email",71928.0,3771.0,1574.0,,230232.0,359.73,0.18,Tamil,8.19,College Students,13-11-2024
PU-CMP-15402,Email,Tier 2 City Customers,13.0,"Instagram, Google, WhatsApp",63958.0,,1954.0,1367.0,549534.0,51.69,,Tamil,16.05,Youth,27-01-2025
PU-CMP-38247,Email,Premium Shoppers,6.0,"WhatsApp, Google",56558.0,4187.0,2091.0,783.0,575505.0,217.74,2.38,English,12.48,Youth,10-05-2025
PU-CMP-20617,Social Media,Youth,27.0,"Instagram, Facebook",88099.0,11771.0,3351.0,1460.0,557720.0,64.88,4.89,English,18.82,Working Women,29-11-2024
PU-CMP-14524,Email,Premium Shoppers,29.0,Facebook,37384.0,1143.0,610.0,311.0,64066.0,927.41,,Hindi,5.52,Youth,12-12-2024
PU-CMP-13702,SEO,Youth,11.0,WhatsApp,97185.0,9004.0,1855.0,1058.0,448592.0,60.72,5.98,,12.26,Working Women,10-05-2025
PU-CMP-28193,Influencer,Premium Shoppers,6.0,"Email, Instagram",52216.0,6735.0,3949.0,1812.0,,,4.87,English,23.93,Tier 2 City Customers,
