Campaign_ID,Campaign_Type,Target_Audience,Duration,Channel_Used,Impressions,Clicks,Leads,Conversions,Revenue,Acquisition_Cost,ROI,Language,Engagement_Score,Customer_Segment,Date
TI-CMP-24680,Influencer,Youth,14.0,"Google, Instagram, WhatsApp",41198.0,4128.0,1891.0,951.0,426999.0,99.39,3.52,Hindi,16.92,Tier 2 City Customers,26-09-2024
TI-CMP-18518,SEO,College Students,17.0,"Email, Facebook, Instagram",,1972.0,659.0,477.0,231345.0,132.82,2.65,Hindi,5.7,Premium Shoppers,13-11-2024
TI-CMP-21274,Email,Working Women,13.0,"Email, Google",32315.0,2233.0,1045.0,818.0,285482.0,363.22,-0.04,Hindi,12.68,Youth,09-02-2025
TI-CMP-20858,Email,Youth,15.0,"WhatsApp, Facebook",10385.0,1065.0,251.0,97.0,62856.0,2214.72,-0.71,Tamil,13.61,Working Women,20-03-2025
TI-CMP-11743,Social Media,College Students,21.0,,36766.0,4301.0,1393.0,983.0,,87.01,1.99,Tamil,18.16,,01-09-2024
TI-CMP-27487,Email,Working Women,30.0,Google,17573.0,,288.0,224.0,167552.0,1024.32,-0.27,Tamil,9.33,Premium Shoppers,05-08-2024
TI-CMP-42645,Email,College Students,,"Email, WhatsApp, Google",98189.0,10176.0,2282.0,1507.0,783640.0,135.15,2.85,Hindi,14.22,Youth,09-10-2024
TI-CMP-53032,Influencer,Youth,9.0,"YouTube, Instagram, Email",55259.0,4433.0,1325.0,774.0,208206.0,107.18,1.51,English,11.82,College Students,06-01-2025
TI-CMP-50454,Paid Ads,College Students,25.0,"Email, Instagram",67250.0,1472.0,701.0,560.0,146720.0,415.43,-0.37,Tamil,4.06,Youth,22-07-2024
TI-CMP-19331,SEO,Working Women,22.0,"WhatsApp, Instagram",53921.0,7449.0,3207.0,2434.0,1161018.0,21.8,20.88,English,24.28,,20-02-2025
TI-CMP-29697,Social Media,Working Women,,"YouTube, Google, Email",10720.0,402.0,175.0,104.0,40352.0,2127.3,-0.82,Hindi,6.35,Premium Shoppers,22-10-2024
TI-CMP-34105,Influencer,,,YouTube,25536.0,3125.0,893.0,563.0,271929.0,255.13,0.89,English,,Premium Shoppers,21-03-2025
TI-CMP-56107,Email,Youth,17.0,Google,90166.0,2365.0,1401.0,785.0,164850.0,107.97,0.94,Hindi,5.05,College Students,
TI-CMP-34184,,Premium Shoppers,5.0,,25498.0,3203.0,1638.0,566.0,153386.0,506.96,-0.47,Tamil,21.21,Premium Shoppers,27-03-2025
TI-CMP-33072,Email,Tier 2 City Customers,26.0,"Facebook, Email",12372.0,998.0,453.0,356.0,178356.0,683.47,,Hindi,14.61,Tier 2 City Customers,02-10-2024
TI-CMP-24153,Social Media,College Students,23.0,"WhatsApp, YouTube, Google",41357.0,1467.0,390.0,119.0,23800.0,1114.08,-0.82,English,4.78,Premium Shoppers,10-09-2024
TI-CMP-30169,Paid Ads,Premium Shoppers,13.0,"Facebook, Email, YouTube",92038.0,12372.0,5964.0,4054.0,2047270.0,17.6,27.69,Tamil,24.33,Tier 2 City Customers,08-12-2024
TI-CMP-18041,SEO,College Students,30.0,Instagram,12237.0,1164.0,374.0,131.0,28951.0,1968.18,,Tamil,13.64,College Students,31-12-2024
TI-CMP-54416,,Premium Shoppers,,"Facebook, WhatsApp, Google",63378.0,4507.0,1818.0,890.0,367570.0,226.87,0.82,Tamil,11.38,College Students,13-04-2025
TI-CMP-10149,Social Media,Youth,5.0,"Email, WhatsApp, Google",62560.0,5819.0,3010.0,1538.0,1215020.0,156.64,4.04,Tamil,16.57,College Students,05-05-2025
TI-CMP-14325,SEO,College Students,13.0,"Facebook, WhatsApp",56663.0,3016.0,1654.0,854.0,491050.0,199.33,1.88,Tamil,,Premium Shoppers,27-10-2024
,Paid Ads,Premium Shoppers,23.0,Email,21461.0,2658.0,746.0,,385727.0,326.46,1.37,Hindi,18.19,Tier 2 City Customers,11-08-2024
TI-CMP-39105,Social Media,Tier 2 City Customers,28.0,"Email, Google",17175.0,786.0,258.0,98.0,67424.0,1343.49,-0.49,Bengali,6.65,Premium Shoppers,
TI-CMP-20315,Paid Ads,Tier 2 City Customers,12.0,"Email, WhatsApp",50504.0,1632.0,463.0,290.0,95410.0,497.13,-0.34,English,4.72,Working Women,16-10-2024
,SEO,Premium Shoppers,30.0,"Instagram, Facebook, Google",97552.0,9769.0,2206.0,1532.0,868644.0,104.42,4.43,Bengali,13.85,Youth,01-01-2025
TI-CMP-28562,SEO,Youth,25.0,WhatsApp,27430.0,2824.0,865.0,555.0,379620.0,400.24,0.71,Hindi,15.47,Youth,21-11-2024
TI-CMP-53625,Paid Ads,Youth,17.0,"Google, Facebook, Instagram",84110.0,5844.0,1918.0,1296.0,714096.0,167.12,2.3,Bengali,10.77,Premium Shoppers,19-12-2024
TI-CMP-44156,Paid Ads,Youth,22.0,YouTube,34534.0,2314.0,615.0,232.0,125048.0,1079.12,-0.5,Hindi,9.15,Tier 2 City Customers,25-09-2024
TI-CMP-35662,Social Media,Working Women,14.0,"Email, Facebook",92609.0,2374.0,,384.0,283392.0,151.89,,Tamil,3.83,Working Women,27-11-2024
TI-CMP-3630,Social Media,Tier 2 City Customers,24.0,,38853.0,3031.0,1427.0,1065.0,561255.0,148.39,2.55,Tamil,14.22,Tier 2 City Customers,03-03-2025
TI-CMP-10398,Social Media,Premium Shoppers,7.0,WhatsApp,15665.0,1350.0,459.0,270.0,172260.0,254.86,1.5,Hindi,13.27,Working Women,10-09-2024
TI-CMP-7478,Social Media,Working Women,13.0,Facebook,26141.0,1227.0,,301.0,229964.0,827.36,-0.08,Tamil,7.68,College Students,16-08-2024
TI-CMP-25975,Paid Ads,Youth,24.0,Instagram,95980.0,7792.0,2049.0,781.0,599027.0,252.26,2.04,Bengali,11.07,Premium Shoppers,30-10-2024
TI-CMP-48091,Influencer,Working Women,15.0,"WhatsApp, Google, Instagram",29760.0,2390.0,1010.0,650.0,208650.0,424.34,-0.24,Tamil,13.61,Working Women,07-06-2025
TI-CMP-32020,Paid Ads,Premium Shoppers,7.0,Email,17507.0,373.0,128.0,84.0,62832.0,1009.75,-0.26,Tamil,3.34,Premium Shoppers,25-09-2024
TI-CMP-47915,Influencer,College Students,19.0,Email,37502.0,1651.0,635.0,403.0,303459.0,319.11,1.36,Tamil,7.17,Youth,26-12-2024
TI-CMP-30239,SEO,College Students,26.0,Instagram,80992.0,11891.0,4996.0,3240.0,2365200.0,61.4,10.89,Tamil,24.85,Tier 2 City Customers,31-10-2024
TI-CMP-23103,Influencer,College Students,30.0,"Email, Facebook, YouTube",42771.0,4224.0,1627.0,698.0,464170.0,191.79,2.47,Bengali,15.31,,12-01-2025
TI-CMP-1936,Social Media,Tier 2 City Customers,8.0,WhatsApp,68550.0,1526.0,692.0,447.0,205173.0,221.06,1.08,Hindi,3.89,Premium Shoppers,29-10-2024
TI-CMP-13761,SEO,College Students,26.0,YouTube,77595.0,8349.0,2004.0,956.0,592720.0,188.59,2.29,English,,,26-12-2024
TI-CMP-3528,SEO,Tier 2 City Customers,25.0,"Facebook, Email",79994.0,8428.0,1942.0,786.0,231870.0,,0.12,Tamil,,Youth,22-05-2025
TI-CMP-15449,Paid Ads,Youth,13.0,"Email, YouTube, Instagram",74734.0,6027.0,3181.0,1419.0,508002.0,95.49,2.75,Hindi,14.22,Premium Shoppers,11-01-2025
TI-CMP-56167,Paid Ads,Tier 2 City Customers,24.0,"Facebook, WhatsApp, Google",61515.0,9202.0,,1828.0,1190028.0,,5.18,Hindi,23.21,Premium Shoppers,06-02-2025
TI-CMP-45359,SEO,Premium Shoppers,10.0,"Email, Google, Facebook",13728.0,,822.0,627.0,249546.0,360.66,0.1,English,23.89,Youth,13-09-2024
TI-CMP-55231,Social Media,College Students,11.0,Facebook,17857.0,2381.0,1181.0,640.0,268160.0,148.63,1.82,Hindi,23.53,Youth,02-03-2025
TI-CMP-29665,Paid Ads,Youth,16.0,"Google, Facebook, Email",56266.0,2073.0,582.0,315.0,238770.0,950.25,-0.2,English,5.28,Premium Shoppers,13-12-2024
TI-CMP-4173,Email,Premium Shoppers,23.0,"Facebook, Instagram, YouTube",10951.0,1103.0,495.0,236.0,173460.0,232.06,2.17,English,16.75,College Students,16-01-2025
TI-CMP-44546,Email,Youth,20.0,Facebook,75534.0,11306.0,3692.0,2625.0,1945125.0,43.29,16.12,,23.33,Premium Shoppers,21-07-2024
TI-CMP-28210,SEO,Youth,18.0,Email,22893.0,956.0,196.0,72.0,37224.0,2161.49,-0.76,Hindi,5.35,Tier 2 City Customers,03-11-2024
TI-CMP-24445,Email,College Students,28.0,WhatsApp,19897.0,1272.0,344.0,254.0,122936.0,233.39,1.07,English,9.4,Working Women,14-10-2024
TI-CMP-25965,SEO,Youth,20.0,Facebook,70364.0,10163.0,5284.0,3974.0,1223992.0,15.52,18.84,Bengali,27.6,Premium Shoppers,28-04-2025
TI-CMP-8984,,Premium Shoppers,28.0,"Google, Facebook",65757.0,6552.0,2015.0,1130.0,332220.0,51.22,4.74,Tamil,14.75,Working Women,24-07-2024
TI-CMP-9279,Email,College Students,25.0,"Instagram, Email",20950.0,1610.0,707.0,345.0,121785.0,576.07,-0.39,English,12.71,Premium Shoppers,16-01-2025
TI-CMP-32581,Email,Working Women,23.0,"Google, Instagram, Email",17624.0,910.0,396.0,303.0,231189.0,312.25,1.44,English,9.13,Working Women,07-07-2024
TI-CMP-12153,Social Media,Youth,18.0,"Instagram, WhatsApp",,6282.0,2178.0,1061.0,229176.0,97.51,1.22,English,11.99,Tier 2 City Customers,19-10-2024
TI-CMP-48852,SEO,Youth,22.0,"Instagram, Email",19752.0,1044.0,248.0,94.0,73320.0,3128.47,-0.75,Hindi,,,14-10-2024
TI-CMP-21832,Influencer,Youth,12.0,,37414.0,3721.0,1817.0,973.0,748237.0,302.18,1.54,Bengali,17.4,Youth,02-12-2024
,Social Media,Premium Shoppers,21.0,Email,58397.0,7879.0,3891.0,1295.0,635845.0,178.38,1.75,Tamil,22.37,Tier 2 City Customers,04-10-2024
TI-CMP-9270,Paid Ads,College Students,16.0,"Google, WhatsApp, Email",88983.0,12263.0,6568.0,3593.0,930587.0,,4.38,Hindi,25.2,Working Women,11-12-2024
TI-CMP-46263,Social Media,Tier 2 City Customers,12.0,"Email, Google",43858.0,4054.0,1502.0,537.0,205671.0,150.79,,Tamil,13.89,Tier 2 City Customers,26-05-2025
TI-CMP-28872,Email,College Students,7.0,Google,89856.0,8018.0,2115.0,1128.0,558360.0,188.67,1.62,Hindi,12.53,Youth,25-05-2025
TI-CMP-42624,Social Media,Premium Shoppers,25.0,"Email, WhatsApp",,5501.0,1131.0,438.0,246156.0,203.69,1.76,English,9.07,Youth,31-12-2024
TI-CMP-18210,Influencer,Premium Shoppers,30.0,"Email, WhatsApp, YouTube",75187.0,2475.0,1016.0,718.0,533474.0,79.69,8.32,Bengali,5.6,Youth,18-02-2025
TI-CMP-32985,Email,Premium Shoppers,16.0,"WhatsApp, Email, Instagram",72410.0,8046.0,4249.0,1617.0,1198197.0,35.25,20.02,Tamil,19.21,Tier 2 City Customers,01-09-2024
TI-CMP-8785,Email,Tier 2 City Customers,25.0,"Google, Facebook",77479.0,11482.0,,3656.0,2032736.0,70.38,6.9,English,27.67,Premium Shoppers,03-10-2024
TI-CMP-40286,Email,Premium Shoppers,27.0,,19749.0,2698.0,1011.0,725.0,168200.0,243.96,-0.05,English,22.45,Youth,11-11-2024
TI-CMP-12799,Influencer,Youth,12.0,Instagram,37653.0,4785.0,1192.0,470.0,288580.0,131.2,3.68,,17.12,Premium Shoppers,13-04-2025
TI-CMP-28173,SEO,College Students,26.0,"YouTube, Google, Instagram",88723.0,12446.0,2687.0,1980.0,790020.0,,2.6,Tamil,19.29,,15-03-2025
TI-CMP-53291,,College Students,28.0,"Facebook, Google, Instagram",95917.0,9950.0,4630.0,2208.0,1156992.0,88.0,4.95,Hindi,17.5,Premium Shoppers,14-01-2025
TI-CMP-46442,Social Media,Premium Shoppers,11.0,,61534.0,7866.0,1879.0,1023.0,554466.0,214.95,1.52,Hindi,17.5,Youth,13-05-2025
TI-CMP-38315,Social Media,Premium Shoppers,15.0,Google,32096.0,1818.0,422.0,245.0,149940.0,,0.18,English,7.74,Premium Shoppers,06-10-2024
TI-CMP-46642,Paid Ads,College Students,18.0,"YouTube, Instagram, WhatsApp",46514.0,5991.0,2385.0,1296.0,995328.0,90.86,7.45,Bengali,20.79,Youth,
TI-CMP-37462,Social Media,Premium Shoppers,28.0,"Email, Google, Instagram",18852.0,2422.0,934.0,493.0,218399.0,273.17,,English,20.42,Tier 2 City Customers,19-02-2025
TI-CMP-15831,Influencer,Youth,17.0,"Email, YouTube",46541.0,5875.0,1763.0,1019.0,629742.0,187.32,2.3,Hindi,18.6,Tier 2 City Customers,12-10-2024
TI-CMP-4394,Influencer,Tier 2 City Customers,26.0,"Facebook, Instagram",27766.0,3253.0,1320.0,668.0,412156.0,103.45,4.96,English,18.88,Youth,03-07-2024
TI-CMP-46757,Social Media,College Students,,WhatsApp,40652.0,2163.0,1247.0,720.0,528480.0,369.56,0.99,Hindi,10.16,Youth,02-10-2024
TI-CMP-1292,Email,Working Women,10.0,Facebook,29559.0,1827.0,967.0,513.0,228798.0,420.39,0.06,Bengali,11.19,Tier 2 City Customers,21-03-2025
TI-CMP-17071,,Working Women,14.0,"Instagram, Google, WhatsApp",44588.0,3872.0,1342.0,782.0,458252.0,97.64,5.0,Tamil,13.45,College Students,16-01-2025
TI-CMP-40247,Paid Ads,Premium Shoppers,28.0,"Instagram, Google, YouTube",77338.0,2421.0,763.0,420.0,205380.0,124.96,2.91,Hindi,4.66,Premium Shoppers,16-01-2025
TI-CMP-41653,Email,Working Women,27.0,"WhatsApp, Instagram",63381.0,8238.0,3563.0,1396.0,598884.0,107.64,2.99,Bengali,20.82,Working Women,17-09-2024
TI-CMP-17109,Social Media,College Students,29.0,"Email, Google",33694.0,4627.0,1358.0,672.0,394464.0,386.68,0.52,Bengali,19.76,Premium Shoppers,09-09-2024
TI-CMP-3757,,Working Women,20.0,YouTube,71146.0,7246.0,,2301.0,715611.0,50.02,5.22,Tamil,19.01,Working Women,20-02-2025
TI-CMP-37144,Email,Premium Shoppers,9.0,"Google, WhatsApp",32287.0,707.0,273.0,83.0,43492.0,3198.84,-0.84,English,3.29,Premium Shoppers,26-02-2025
TI-CMP-42665,Influencer,Tier 2 City Customers,26.0,YouTube,59656.0,5100.0,1637.0,1029.0,316932.0,100.53,2.06,Bengali,13.02,Tier 2 City Customers,03-09-2024
TI-CMP-11772,Email,Tier 2 City Customers,,"Email, Facebook, YouTube",,5672.0,2855.0,1609.0,1197096.0,61.17,11.16,English,10.97,,30-01-2025
,Paid Ads,Tier 2 City Customers,9.0,"Google, Instagram, Email",47664.0,1198.0,614.0,332.0,125828.0,673.72,-0.44,English,4.5,Tier 2 City Customers,23-10-2024
TI-CMP-46598,Social Media,Youth,16.0,"Google, Instagram, Email",86788.0,3172.0,654.0,478.0,342726.0,230.25,2.11,Hindi,4.96,Working Women,04-08-2024
TI-CMP-2126,,College Students,10.0,Facebook,56173.0,5512.0,1597.0,741.0,196365.0,268.89,-0.01,Hindi,13.97,Working Women,01-11-2024
TI-CMP-47963,Paid Ads,Tier 2 City Customers,15.0,"WhatsApp, YouTube, Instagram",30367.0,,1983.0,884.0,499460.0,62.5,8.04,English,23.39,Youth,05-04-2025
TI-CMP-46317,SEO,Working Women,30.0,WhatsApp,60880.0,6077.0,3406.0,2109.0,1545897.0,26.28,26.89,Hindi,19.04,Youth,04-10-2024
TI-CMP-48106,Paid Ads,Working Women,12.0,Email,92339.0,,1327.0,829.0,540508.0,121.21,4.38,,7.94,Youth,10-08-2024
TI-CMP-48178,Social Media,College Students,30.0,"WhatsApp, YouTube, Facebook",32642.0,4187.0,1966.0,765.0,285345.0,319.93,0.17,English,21.19,Premium Shoppers,26-07-2024
TI-CMP-20168,SEO,College Students,9.0,"Google, Facebook",44521.0,6160.0,1733.0,750.0,399750.0,193.41,1.76,Hindi,19.41,College Students,17-03-2025
TI-CMP-28878,Influencer,Tier 2 City Customers,6.0,"Email, Google",65862.0,6850.0,3101.0,,258897.0,43.04,3.9,Bengali,16.97,College Students,03-08-2024
TI-CMP-10731,Paid Ads,College Students,11.0,"YouTube, Instagram, Facebook",49365.0,3159.0,1251.0,729.0,347004.0,110.14,3.32,Hindi,10.41,Working Women,06-05-2025
TI-CMP-2005,,Tier 2 City Customers,26.0,"Google, WhatsApp",46534.0,4094.0,1603.0,,170950.0,516.35,-0.37,English,13.37,College Students,26-08-2024
,Paid Ads,Premium Shoppers,9.0,"YouTube, WhatsApp, Email",80836.0,9424.0,2985.0,2206.0,1475814.0,60.15,10.12,English,18.08,Tier 2 City Customers,20-07-2024
TI-CMP-16423,Email,College Students,5.0,"WhatsApp, Email, YouTube",23407.0,2308.0,946.0,474.0,356922.0,388.61,0.94,,15.93,Working Women,23-11-2024
TI-CMP-20780,Influencer,Working Women,20.0,"Facebook, Instagram, Email",55933.0,4146.0,2132.0,1188.0,799524.0,170.97,2.94,Tamil,13.35,Youth,14-08-2024
TI-CMP-19083,Email,Tier 2 City Customers,18.0,"WhatsApp, Google, YouTube",13150.0,1191.0,,445.0,330190.0,315.96,,Tamil,17.45,College Students,20-04-2025
TI-CMP-37983,Influencer,Working Women,15.0,"Google, YouTube",,3626.0,930.0,629.0,426462.0,468.48,0.45,English,5.26,Tier 2 City Customers,08-09-2024
TI-CMP-13932,Paid Ads,Tier 2 City Customers,25.0,"Facebook, Instagram, Email",44092.0,4418.0,2448.0,972.0,741636.0,240.16,2.18,English,17.78,Youth,22-09-2024
TI-CMP-50214,Social Media,Tier 2 City Customers,20.0,WhatsApp,32170.0,4698.0,1200.0,440.0,339240.0,240.32,2.21,Bengali,19.7,Youth,11-01-2025
TI-CMP-36311,Social Media,College Students,26.0,"Email, Instagram, YouTube",63821.0,2956.0,1679.0,793.0,254553.0,201.53,0.59,English,8.51,Youth,27-09-2024
TI-CMP-13733,,Tier 2 City Customers,17.0,"Google, YouTube, Facebook",66924.0,8663.0,3562.0,2684.0,544852.0,70.27,1.89,Hindi,,Youth,01-07-2024
TI-CMP-24858,SEO,Tier 2 City Customers,17.0,"Facebook, WhatsApp",15141.0,1098.0,365.0,199.0,135917.0,859.59,-0.21,English,10.98,Premium Shoppers,01-08-2024
TI-CMP-23952,Paid Ads,Youth,,Instagram,69940.0,8253.0,2293.0,839.0,471518.0,79.24,6.09,,16.28,Premium Shoppers,29-12-2024
TI-CMP-14948,Social Media,College Students,12.0,"WhatsApp, Email",82146.0,4631.0,1950.0,846.0,233496.0,144.21,0.91,English,9.04,Tier 2 City Customers,19-05-2025
TI-CMP-6265,Email,Tier 2 City Customers,7.0,"Instagram, YouTube, WhatsApp",94321.0,6443.0,1528.0,526.0,365044.0,225.26,2.08,Tamil,9.01,Working Women,05-01-2025
TI-CMP-18086,SEO,Working Women,11.0,"YouTube, Instagram, Email",34674.0,4918.0,1550.0,1042.0,662712.0,,2.51,Bengali,,Tier 2 City Customers,23-07-2024
TI-CMP-26928,Paid Ads,Youth,9.0,"Google, Instagram",33315.0,4542.0,1886.0,1418.0,340320.0,173.32,0.38,Tamil,23.55,,02-08-2024
TI-CMP-43631,SEO,Youth,11.0,Google,32641.0,3920.0,2320.0,1854.0,880650.0,28.43,,English,24.8,College Students,07-09-2024
TI-CMP-4263,Social Media,College Students,28.0,"YouTube, Facebook",36315.0,2698.0,542.0,400.0,188400.0,156.61,2.01,Bengali,10.02,,21-07-2024
TI-CMP-43732,Social Media,College Students,15.0,"WhatsApp, Google",36098.0,4033.0,1634.0,1181.0,764107.0,241.18,1.68,Bengali,18.97,Youth,05-06-2025
TI-CMP-39604,Influencer,,15.0,"Google, WhatsApp",77864.0,11046.0,3804.0,,510948.0,36.3,8.42,Hindi,20.99,Tier 2 City Customers,30-08-2024
TI-CMP-32725,Influencer,Premium Shoppers,28.0,Facebook,37549.0,2192.0,722.0,575.0,446775.0,438.79,0.77,Bengali,9.29,Tier 2 City Customers,16-01-2025
TI-CMP-56126,Influencer,Youth,6.0,"Email, WhatsApp",,2452.0,1447.0,814.0,432234.0,305.96,0.74,English,17.04,Tier 2 City Customers,22-07-2024
TI-CMP-53452,Influencer,Tier 2 City Customers,8.0,Email,50198.0,3745.0,1696.0,1017.0,463752.0,159.22,1.86,Hindi,,,18-01-2025
TI-CMP-10351,Social Media,Premium Shoppers,25.0,Email,69416.0,8957.0,3677.0,1935.0,1468665.0,127.68,4.94,English,20.99,Youth,23-07-2024
TI-CMP-4154,Social Media,Tier 2 City Customers,16.0,"Instagram, WhatsApp",,1214.0,517.0,253.0,72105.0,,,Tamil,8.0,Premium Shoppers,31-01-2025
TI-CMP-15401,Social Media,Youth,26.0,"Facebook, Google, Email",,1643.0,346.0,254.0,122936.0,870.55,-0.44,English,14.45,Premium Shoppers,22-01-2025
TI-CMP-52440,SEO,College Students,13.0,Google,76755.0,11340.0,4068.0,1479.0,548709.0,44.8,7.28,Hindi,22.0,Working Women,24-04-2025
TI-CMP-54766,Influencer,College Students,27.0,"Google, Instagram",88384.0,8685.0,4130.0,2763.0,1058229.0,19.77,18.37,Bengali,17.63,Tier 2 City Customers,14-10-2024
TI-CMP-52434,,Tier 2 City Customers,28.0,"Google, Facebook",42250.0,4517.0,2045.0,1363.0,626980.0,51.48,7.94,English,18.76,Youth,04-08-2024
TI-CMP-38286,Social Media,Working Women,7.0,"Facebook, YouTube, Google",12393.0,795.0,465.0,156.0,112632.0,1654.31,-0.56,English,,Premium Shoppers,
TI-CMP-53288,Social Media,College Students,27.0,"Instagram, Email, Google",81732.0,10266.0,5814.0,,1378678.0,47.28,9.81,Tamil,22.98,College Students,19-09-2024
TI-CMP-13212,SEO,Youth,7.0,Facebook,70814.0,7392.0,3008.0,940.0,266020.0,136.99,1.07,Bengali,16.01,Youth,05-12-2024
TI-CMP-23714,Paid Ads,College Students,24.0,"Google, WhatsApp, YouTube",71792.0,3104.0,,715.0,,271.84,0.13,Tamil,6.88,College Students,16-04-2025
TI-CMP-18121,Influencer,Premium Shoppers,15.0,"WhatsApp, Google, Facebook",61510.0,7028.0,2607.0,1475.0,703575.0,,2.52,Tamil,18.06,Tier 2 City Customers,04-01-2025
TI-CMP-43139,Influencer,Working Women,23.0,"WhatsApp, Google, YouTube",,4534.0,1021.0,688.0,297216.0,275.92,0.57,Bengali,11.29,,06-04-2025
TI-CMP-53964,Email,Tier 2 City Customers,18.0,Google,89694.0,4232.0,2331.0,1789.0,601104.0,,7.35,English,9.31,Working Women,25-08-2024
,Influencer,Premium Shoppers,6.0,"Email, WhatsApp, Facebook",63166.0,5609.0,2434.0,1713.0,811962.0,69.74,,English,15.45,College Students,10-01-2025
TI-CMP-35677,SEO,Working Women,6.0,Instagram,74094.0,10840.0,3052.0,1127.0,464324.0,142.37,1.89,English,20.27,,19-12-2024
TI-CMP-8209,Influencer,Youth,17.0,WhatsApp,34852.0,928.0,452.0,220.0,169180.0,449.42,0.71,Hindi,4.59,,30-04-2025
TI-CMP-23839,Influencer,Working Women,10.0,Facebook,98267.0,4832.0,2537.0,1968.0,946608.0,106.6,3.51,English,9.5,Youth,06-06-2025
TI-CMP-39843,Social Media,Working Women,7.0,"Instagram, Email",44333.0,6387.0,2527.0,1227.0,976692.0,157.76,4.05,English,22.87,College Students,25-08-2024
TI-CMP-9565,Email,Youth,28.0,"YouTube, Email, Facebook",84577.0,6426.0,2299.0,1459.0,,125.44,1.0,Hindi,12.04,Premium Shoppers,01-01-2025
TI-CMP-48989,Influencer,Premium Shoppers,13.0,YouTube,66742.0,5298.0,2837.0,1760.0,711040.0,110.94,2.64,Hindi,14.83,Youth,01-12-2024
TI-CMP-35486,Paid Ads,Working Women,7.0,WhatsApp,67873.0,,1710.0,539.0,245245.0,493.85,-0.08,Hindi,15.14,Working Women,10-07-2024
TI-CMP-50338,Social Media,Working Women,24.0,"Google, YouTube, WhatsApp",59918.0,5745.0,2825.0,2118.0,986988.0,78.31,4.95,Hindi,17.84,Youth,18-03-2025
TI-CMP-49837,Influencer,Premium Shoppers,20.0,"Google, Instagram, WhatsApp",53039.0,6811.0,3802.0,1408.0,392832.0,141.16,0.98,Bengali,22.66,College Students,25-12-2024
TI-CMP-52595,Influencer,College Students,30.0,"Google, Email, WhatsApp",69428.0,5360.0,1595.0,1003.0,547638.0,131.73,3.14,Bengali,11.46,College Students,13-09-2024
TI-CMP-14441,SEO,Tier 2 City Customers,23.0,"WhatsApp, Email",44702.0,1925.0,1072.0,621.0,214245.0,193.77,0.78,Tamil,8.09,Premium Shoppers,03-03-2025
TI-CMP-21120,Paid Ads,Working Women,14.0,"Email, WhatsApp",54984.0,6552.0,2972.0,1218.0,293538.0,120.33,1.0,Tamil,19.54,Working Women,30-08-2024
TI-CMP-1462,SEO,Working Women,6.0,"Google, YouTube, Instagram",62580.0,2084.0,649.0,241.0,163639.0,925.88,-0.27,Bengali,4.75,College Students,31-12-2024
TI-CMP-30266,Email,Premium Shoppers,17.0,"WhatsApp, Email",82597.0,1742.0,,468.0,110448.0,604.5,-0.61,Bengali,3.9,Working Women,22-09-2024
TI-CMP-15753,Social Media,Youth,7.0,"YouTube, Google",75479.0,,3739.0,1897.0,436310.0,150.58,0.53,Tamil,22.34,Youth,07-07-2024
TI-CMP-20661,SEO,Youth,5.0,"YouTube, WhatsApp",41603.0,2959.0,879.0,322.0,,840.48,-0.63,English,,Working Women,29-09-2024
TI-CMP-43383,Paid Ads,Working Women,13.0,"WhatsApp, Instagram",14170.0,2108.0,881.0,664.0,203848.0,259.22,0.18,Bengali,25.78,College Students,26-05-2025
TI-CMP-24381,Paid Ads,Tier 2 City Customers,11.0,"Instagram, Google",87277.0,8271.0,2668.0,937.0,470374.0,194.3,1.58,Tamil,13.61,Premium Shoppers,09-02-2025
TI-CMP-48729,Social Media,,11.0,"Instagram, Email",27214.0,754.0,447.0,313.0,69486.0,828.2,-0.73,Bengali,5.56,Youth,
TI-CMP-55202,Influencer,Working Women,9.0,"Email, Facebook",53470.0,6203.0,3671.0,1408.0,1088384.0,39.04,18.8,Bengali,21.1,Premium Shoppers,02-09-2024
TI-CMP-14270,Paid Ads,Tier 2 City Customers,25.0,Facebook,39163.0,1716.0,687.0,306.0,126990.0,384.54,0.08,Hindi,6.92,Premium Shoppers,08-01-2025
TI-CMP-4156,Email,Premium Shoppers,7.0,"Facebook, Email, Instagram",49671.0,6229.0,1468.0,676.0,209560.0,434.76,-0.29,,16.86,Working Women,14-12-2024
TI-CMP-16459,Social Media,Premium Shoppers,27.0,Google,53935.0,3556.0,1854.0,1077.0,560040.0,93.42,4.57,Hindi,12.03,College Students,13-01-2025
TI-CMP-10006,Paid Ads,Tier 2 City Customers,18.0,"Facebook, Google",15513.0,1619.0,415.0,181.0,74210.0,1078.09,-0.62,Tamil,14.28,Premium Shoppers,18-11-2024
TI-CMP-44987,Social Media,Tier 2 City Customers,21.0,"Email, WhatsApp",86332.0,8482.0,3614.0,1469.0,329056.0,,0.8,Tamil,15.71,College Students,17-10-2024
TI-CMP-46851,Email,Youth,25.0,"Instagram, WhatsApp",56843.0,4214.0,1104.0,647.0,,311.88,1.22,Hindi,10.49,Premium Shoppers,03-03-2025
TI-CMP-11193,Influencer,Working Women,17.0,"Google, WhatsApp, YouTube",75516.0,3043.0,1792.0,1010.0,521160.0,97.45,,Bengali,7.74,Tier 2 City Customers,28-07-2024
TI-CMP-30694,Social Media,Youth,10.0,"YouTube, Google, WhatsApp",11036.0,636.0,214.0,136.0,87040.0,1320.93,-0.52,Bengali,8.93,Youth,28-08-2024
TI-CMP-9420,Paid Ads,College Students,12.0,Email,56773.0,2929.0,1518.0,869.0,536173.0,278.13,1.22,Tamil,9.36,Tier 2 City Customers,01-02-2025
TI-CMP-35993,Email,College Students,26.0,YouTube,93288.0,11887.0,3891.0,1935.0,514710.0,134.34,0.98,Tamil,18.99,Working Women,14-09-2024
TI-CMP-5828,SEO,Youth,5.0,"Google, Email",63455.0,4255.0,1869.0,833.0,262395.0,251.72,0.25,Tamil,10.96,Working Women,27-11-2024
TI-CMP-2138,Paid Ads,,6.0,"WhatsApp, Email",26660.0,1138.0,668.0,302.0,135598.0,702.8,-0.36,Bengali,7.91,Working Women,
TI-CMP-14030,Paid Ads,Premium Shoppers,5.0,"WhatsApp, Email, Google",62707.0,6654.0,3573.0,1371.0,1030992.0,166.47,3.52,Hindi,18.5,Premium Shoppers,17-03-2025
TI-CMP-14819,SEO,Working Women,23.0,"Email, WhatsApp",78063.0,5336.0,2277.0,1639.0,463837.0,174.26,0.62,English,11.85,Premium Shoppers,
TI-CMP-51333,Social Media,Premium Shoppers,25.0,"Email, YouTube",57838.0,5538.0,2157.0,708.0,521796.0,356.15,1.07,Hindi,14.53,Premium Shoppers,24-11-2024
TI-CMP-23193,Email,Working Women,18.0,"WhatsApp, Instagram",93503.0,3197.0,667.0,328.0,86264.0,671.77,-0.61,Tamil,4.48,,03-02-2025
TI-CMP-42014,Paid Ads,,21.0,"Facebook, Instagram, Google",95609.0,6052.0,1633.0,,212744.0,451.92,,English,8.59,,24-11-2024
TI-CMP-19649,SEO,Premium Shoppers,,"Facebook, WhatsApp, Email",76071.0,5529.0,2977.0,1458.0,616734.0,184.31,1.3,Bengali,13.1,Youth,26-08-2024
TI-CMP-54822,SEO,College Students,18.0,"WhatsApp, Google, Facebook",97048.0,4395.0,1495.0,1065.0,323760.0,164.77,0.84,English,,Premium Shoppers,23-10-2024
TI-CMP-38896,Email,Premium Shoppers,30.0,WhatsApp,31790.0,2773.0,994.0,408.0,239088.0,535.29,0.09,Tamil,13.13,Working Women,31-08-2024
TI-CMP-27834,Paid Ads,Youth,13.0,"YouTube, Facebook, Email",53981.0,5083.0,2315.0,730.0,368650.0,258.75,0.95,English,15.06,Working Women,13-05-2025
TI-CMP-30106,SEO,College Students,12.0,"Facebook, Instagram, Email",16043.0,1580.0,807.0,446.0,291238.0,275.52,1.37,Tamil,17.66,Premium Shoppers,31-05-2025
TI-CMP-33918,Paid Ads,,14.0,"Email, Instagram",69258.0,9973.0,3811.0,2265.0,,50.61,9.18,English,23.17,College Students,25-09-2024
TI-CMP-16694,SEO,Youth,17.0,Facebook,42410.0,4666.0,1586.0,1097.0,799713.0,207.58,2.51,Tamil,17.33,,27-05-2025
TI-CMP-31739,Influencer,Premium Shoppers,19.0,"Instagram, WhatsApp, Facebook",72331.0,6148.0,3045.0,1709.0,,37.78,7.76,Hindi,15.07,Premium Shoppers,29-03-2025
TI-CMP-31004,Paid Ads,Working Women,18.0,YouTube,55809.0,,1725.0,724.0,149144.0,242.07,-0.15,,14.59,Youth,04-01-2025
TI-CMP-15865,Paid Ads,Tier 2 City Customers,14.0,Google,83870.0,11460.0,5275.0,,896512.0,58.28,6.07,Tamil,22.55,Tier 2 City Customers,30-11-2024
TI-CMP-38619,Email,Youth,24.0,Facebook,56675.0,8319.0,2987.0,2362.0,576328.0,82.56,1.96,Bengali,24.12,College Students,16-07-2024
TI-CMP-47703,,Premium Shoppers,30.0,Instagram,38864.0,4479.0,2195.0,1205.0,357885.0,162.64,0.83,Bengali,20.27,Youth,01-12-2024
TI-CMP-6428,Paid Ads,Premium Shoppers,15.0,,36940.0,751.0,207.0,98.0,42532.0,1119.21,-0.61,English,2.86,College Students,21-09-2024
TI-CMP-5639,SEO,Premium Shoppers,29.0,YouTube,51125.0,3188.0,1163.0,641.0,448059.0,198.3,2.52,Bengali,9.76,Working Women,05-03-2025
TI-CMP-27146,Influencer,Working Women,6.0,Email,98365.0,4609.0,1518.0,946.0,278124.0,275.74,0.07,Hindi,7.19,College Students,08-02-2025
,Email,Tier 2 City Customers,5.0,Google,14378.0,1022.0,576.0,427.0,,161.98,2.9,Tamil,14.08,Working Women,01-06-2025
TI-CMP-17022,Social Media,Youth,6.0,"YouTube, Email",42431.0,1692.0,880.0,636.0,437568.0,114.61,5.0,Hindi,7.56,Youth,13-08-2024
TI-CMP-55836,Paid Ads,Premium Shoppers,23.0,"Email, YouTube",19388.0,1575.0,631.0,198.0,110484.0,274.75,,English,12.4,Working Women,29-04-2025
TI-CMP-48245,Email,Premium Shoppers,12.0,"YouTube, Facebook",67089.0,7883.0,2250.0,961.0,519901.0,66.29,7.16,Hindi,,Working Women,15-03-2025
TI-CMP-35013,Social Media,Working Women,16.0,"YouTube, WhatsApp",52438.0,7495.0,4026.0,2209.0,625147.0,132.16,,Tamil,26.18,Tier 2 City Customers,01-03-2025
TI-CMP-15129,SEO,College Students,11.0,"YouTube, WhatsApp",97524.0,4595.0,1784.0,1174.0,372158.0,246.22,0.29,Bengali,7.74,Tier 2 City Customers,07-08-2024
TI-CMP-46590,Influencer,Premium Shoppers,17.0,Facebook,65427.0,4147.0,1484.0,627.0,286539.0,358.66,0.27,Tamil,9.56,College Students,04-07-2024
TI-CMP-52837,SEO,Premium Shoppers,23.0,Facebook,60811.0,6598.0,3000.0,1464.0,749568.0,62.98,7.13,English,18.19,College Students,13-04-2025
TI-CMP-3579,Social Media,Tier 2 City Customers,19.0,"Email, YouTube, WhatsApp",29426.0,,606.0,465.0,159030.0,199.74,0.71,English,12.2,Youth,13-05-2025
TI-CMP-48360,Paid Ads,Youth,5.0,Facebook,47940.0,5357.0,3165.0,1044.0,220284.0,113.88,0.85,English,19.95,College Students,25-11-2024
TI-CMP-54360,Email,Premium Shoppers,,"WhatsApp, Email",38895.0,3766.0,1843.0,1136.0,343072.0,,3.66,Tamil,17.34,,04-06-2025
TI-CMP-6929,Paid Ads,College Students,22.0,"Email, WhatsApp, YouTube",97884.0,4987.0,2688.0,1348.0,703656.0,74.08,6.05,Hindi,9.22,Working Women,16-01-2025
TI-CMP-28754,Social Media,Working Women,20.0,"Facebook, WhatsApp, Email",42761.0,6409.0,3451.0,1899.0,926712.0,57.05,7.55,English,27.5,Youth,
TI-CMP-42994,Social Media,Tier 2 City Customers,7.0,,42816.0,5626.0,3096.0,1280.0,312320.0,,0.04,Tamil,23.36,Premium Shoppers,04-06-2025
TI-CMP-30329,Email,College Students,27.0,"Email, Google",18348.0,811.0,338.0,165.0,83655.0,1320.24,-0.62,Tamil,7.16,Tier 2 City Customers,16-07-2024
TI-CMP-39372,SEO,Working Women,29.0,"Google, Email, WhatsApp",69064.0,1488.0,448.0,201.0,127434.0,1197.12,-0.47,Bengali,3.09,Youth,14-05-2025
TI-CMP-18293,Influencer,Youth,,"Instagram, Email, Google",18925.0,2444.0,834.0,655.0,140825.0,224.41,-0.04,Bengali,20.78,Youth,18-02-2025
TI-CMP-39769,SEO,Working Women,6.0,"Email, Facebook",55111.0,3756.0,1839.0,648.0,143208.0,83.49,1.65,Bengali,11.33,Tier 2 City Customers,13-01-2025
TI-CMP-26253,Influencer,College Students,27.0,"Facebook, WhatsApp",57639.0,1350.0,745.0,313.0,175906.0,423.0,,English,4.18,Youth,10-01-2025
TI-CMP-45233,SEO,Premium Shoppers,24.0,"YouTube, Instagram, Email",68982.0,3214.0,643.0,352.0,74976.0,420.21,-0.49,Hindi,6.1,College Students,14-04-2025
TI-CMP-24187,Social Media,Premium Shoppers,5.0,Email,83328.0,7968.0,2131.0,1292.0,627912.0,151.81,2.2,Tamil,13.67,Tier 2 City Customers,06-03-2025
TI-CMP-14702,,Youth,18.0,Google,99554.0,5005.0,2775.0,1546.0,372586.0,173.44,0.39,Tamil,9.37,Tier 2 City Customers,12-11-2024
TI-CMP-42980,,Youth,6.0,,33644.0,2997.0,1159.0,681.0,277167.0,127.38,2.2,,14.38,,08-02-2025
TI-CMP-7948,Social Media,,30.0,"Facebook, Email",18116.0,1050.0,468.0,296.0,170496.0,479.63,0.2,Hindi,10.01,Premium Shoppers,23-04-2025
TI-CMP-36448,Influencer,Youth,22.0,Google,88427.0,4002.0,,1008.0,739872.0,63.76,10.51,Hindi,8.05,College Students,20-10-2024
,Social Media,Tier 2 City Customers,7.0,"WhatsApp, Instagram, Google",80361.0,8320.0,4436.0,2085.0,1590855.0,112.95,5.76,Tamil,,Tier 2 City Customers,06-03-2025
TI-CMP-41382,Email,Working Women,28.0,Facebook,22355.0,2905.0,738.0,272.0,119952.0,980.66,-0.55,Bengali,17.51,,23-05-2025
TI-CMP-34659,Email,College Students,21.0,YouTube,53527.0,4490.0,1295.0,482.0,,129.37,2.1,English,11.71,Working Women,19-10-2024
TI-CMP-48741,Email,Premium Shoppers,27.0,"Facebook, Instagram",95369.0,5466.0,1212.0,453.0,163986.0,458.31,-0.21,Tamil,7.48,Youth,31-03-2025
TI-CMP-39708,Email,Tier 2 City Customers,8.0,Facebook,,2539.0,777.0,482.0,96882.0,414.61,-0.52,Tamil,4.1,Working Women,18-08-2024
TI-CMP-4131,Social Media,College Students,22.0,"Facebook, Instagram",11028.0,729.0,365.0,189.0,75222.0,1389.38,-0.71,English,11.63,Working Women,31-12-2024
TI-CMP-32576,SEO,Youth,7.0,,59343.0,7083.0,4210.0,1826.0,681098.0,97.34,,English,,Youth,21-05-2025
TI-CMP-21518,Paid Ads,Youth,12.0,Instagram,16109.0,1889.0,1052.0,555.0,305250.0,95.04,4.79,Hindi,21.7,College Students,09-10-2024
TI-CMP-35230,Social Media,Working Women,9.0,"WhatsApp, Email",90621.0,6968.0,1649.0,574.0,213528.0,431.37,-0.14,Tamil,10.14,,12-07-2024
TI-CMP-42581,Email,College Students,26.0,"YouTube, Instagram",71837.0,4348.0,2450.0,803.0,542828.0,203.24,2.33,Hindi,10.58,Working Women,21-02-2025
TI-CMP-21650,,Working Women,5.0,"Google, Instagram, WhatsApp",69034.0,2911.0,989.0,384.0,273024.0,524.54,0.36,Bengali,6.21,,10-03-2025
TI-CMP-35291,Email,Premium Shoppers,8.0,Email,60118.0,6404.0,1561.0,1096.0,,236.55,0.15,Hindi,15.07,College Students,22-03-2025
TI-CMP-30575,Social Media,Working Women,12.0,"Google, YouTube, Instagram",94937.0,8078.0,3295.0,2161.0,1506217.0,107.93,5.46,Hindi,,Tier 2 City Customers,13-01-2025
TI-CMP-40588,Social Media,Youth,26.0,Instagram,77324.0,7659.0,1737.0,875.0,570500.0,280.27,1.33,English,13.28,College Students,
TI-CMP-20127,SEO,Youth,20.0,Instagram,35423.0,1956.0,686.0,360.0,133200.0,516.61,-0.28,Hindi,8.47,College Students,07-10-2024
TI-CMP-1998,Email,Premium Shoppers,15.0,"WhatsApp, Instagram",87548.0,7899.0,1621.0,980.0,427280.0,205.59,1.12,,11.99,College Students,12-01-2025
TI-CMP-25675,Social Media,College Students,29.0,"WhatsApp, Email",10867.0,271.0,120.0,55.0,11990.0,5374.31,-0.96,Hindi,4.1,College Students,25-05-2025
TI-CMP-44765,Paid Ads,Working Women,,"Email, WhatsApp",12138.0,1750.0,710.0,227.0,54253.0,604.85,-0.6,Bengali,22.14,Premium Shoppers,14-03-2025
TI-CMP-39766,Influencer,Youth,30.0,Google,24567.0,1307.0,488.0,237.0,148125.0,654.01,-0.04,English,8.27,Premium Shoppers,29-05-2025
TI-CMP-41135,Email,Youth,29.0,"Google, Email, Instagram",42443.0,3682.0,929.0,482.0,331134.0,605.3,0.13,English,12.0,Premium Shoppers,12-11-2024
TI-CMP-36112,SEO,Premium Shoppers,30.0,"Facebook, YouTube",33599.0,3491.0,806.0,609.0,476238.0,149.74,4.22,English,14.6,Working Women,23-09-2024
TI-CMP-3515,Social Media,Youth,12.0,YouTube,56585.0,5707.0,2409.0,1268.0,783624.0,,2.65,Hindi,16.58,Youth,24-08-2024
TI-CMP-47299,SEO,Working Women,,YouTube,49127.0,2810.0,609.0,218.0,172220.0,1363.32,-0.42,English,7.4,Premium Shoppers,29-10-2024
TI-CMP-9490,Influencer,Premium Shoppers,17.0,"Facebook, Email",62055.0,5651.0,3314.0,2442.0,551892.0,38.99,4.8,Hindi,18.38,Working Women,29-03-2025
,Paid Ads,Premium Shoppers,5.0,"Facebook, YouTube, Email",47469.0,1530.0,603.0,310.0,127100.0,858.53,-0.52,Tamil,5.15,Tier 2 City Customers,07-10-2024
TI-CMP-43513,SEO,Tier 2 City Customers,11.0,"YouTube, Google, Instagram",,1833.0,771.0,529.0,167164.0,105.12,2.01,English,,Youth,06-03-2025
TI-CMP-27343,,Youth,9.0,Instagram,94272.0,12444.0,6596.0,4315.0,2040995.0,51.78,8.13,,24.77,Premium Shoppers,30-08-2024
TI-CMP-42040,SEO,Youth,13.0,,37503.0,,1070.0,330.0,146190.0,371.02,0.19,English,10.84,Premium Shoppers,22-12-2024
TI-CMP-38156,Email,Youth,27.0,"Google, YouTube",45349.0,1447.0,357.0,195.0,119730.0,678.56,-0.1,English,4.41,Working Women,01-03-2025
TI-CMP-37543,Email,Tier 2 City Customers,14.0,Google,84842.0,9626.0,2760.0,1482.0,,192.21,0.73,Bengali,16.35,Working Women,24-09-2024
TI-CMP-52055,Paid Ads,Tier 2 City Customers,17.0,YouTube,37104.0,5560.0,,1097.0,827138.0,62.49,11.07,Bengali,26.82,Tier 2 City Customers,
TI-CMP-56543,Email,College Students,21.0,,61481.0,6356.0,3639.0,1942.0,1510876.0,71.85,9.83,Tamil,19.42,College Students,28-04-2025
TI-CMP-46474,Influencer,College Students,29.0,"WhatsApp, Google, Instagram",92437.0,3772.0,1334.0,,327750.0,491.84,0.16,Bengali,6.15,College Students,21-02-2025
TI-CMP-7978,Social Media,Premium Shoppers,12.0,"Facebook, Email",94598.0,11197.0,4501.0,2361.0,592611.0,48.66,4.16,Bengali,19.09,College Students,20-10-2024
,Paid Ads,College Students,16.0,Google,96080.0,3278.0,969.0,576.0,187776.0,150.79,1.16,Tamil,5.02,College Students,20-09-2024
TI-CMP-29681,Social Media,Youth,19.0,"YouTube, Instagram, Facebook",15725.0,1839.0,1020.0,399.0,100947.0,551.13,-0.54,Bengali,20.72,College Students,22-02-2025
TI-CMP-33652,Influencer,Tier 2 City Customers,17.0,"Facebook, YouTube, Email",29846.0,1172.0,543.0,312.0,150696.0,,1.9,Hindi,6.79,Premium Shoppers,23-12-2024
TI-CMP-29622,Influencer,College Students,29.0,"YouTube, WhatsApp, Email",24254.0,1908.0,700.0,501.0,352704.0,226.53,2.11,English,12.82,Youth,17-07-2024
TI-CMP-4502,Influencer,Premium Shoppers,24.0,Email,81487.0,3607.0,1653.0,1090.0,804420.0,62.06,10.89,English,7.79,College Students,21-02-2025
TI-CMP-29617,Email,Tier 2 City Customers,9.0,YouTube,22177.0,3226.0,1181.0,912.0,,191.11,2.81,Bengali,,Premium Shoppers,16-05-2025
TI-CMP-33900,Paid Ads,College Students,19.0,"Facebook, YouTube, Google",20927.0,2663.0,548.0,275.0,184525.0,220.49,2.04,Hindi,16.66,Tier 2 City Customers,06-07-2024
TI-CMP-1914,,,9.0,Email,36536.0,3691.0,932.0,355.0,255955.0,487.33,0.48,Bengali,13.62,Tier 2 City Customers,27-04-2025
TI-CMP-38162,SEO,Working Women,19.0,"Facebook, Instagram",49497.0,6727.0,1479.0,,374344.0,462.12,0.39,English,17.76,College Students,10-05-2025
TI-CMP-45303,Paid Ads,Youth,5.0,"Google, Instagram",97008.0,5555.0,1519.0,,,246.69,1.36,Hindi,8.0,Premium Shoppers,24-10-2024
TI-CMP-26337,Influencer,Working Women,17.0,Instagram,45525.0,3108.0,1273.0,445.0,288805.0,261.67,1.48,Bengali,10.6,Youth,05-02-2025
TI-CMP-44529,Social Media,Working Women,21.0,Facebook,35123.0,2116.0,715.0,453.0,166704.0,172.83,1.13,Hindi,9.35,College Students,16-02-2025
TI-CMP-49258,Email,College Students,30.0,"WhatsApp, Facebook, Instagram",73085.0,6886.0,,2674.0,762090.0,41.93,5.8,,18.06,Tier 2 City Customers,20-12-2024
TI-CMP-6936,Paid Ads,Tier 2 City Customers,16.0,Email,69412.0,,2469.0,1855.0,469315.0,106.21,,Bengali,20.52,Tier 2 City Customers,17-09-2024
TI-CMP-52952,SEO,Premium Shoppers,18.0,WhatsApp,19686.0,2482.0,511.0,394.0,278164.0,756.89,-0.07,Hindi,17.21,Youth,03-05-2025
TI-CMP-41360,Paid Ads,Working Women,21.0,"Facebook, Instagram",59639.0,4967.0,2091.0,1317.0,410904.0,122.99,1.54,Bengali,14.04,College Students,29-01-2025
TI-CMP-37128,Influencer,Premium Shoppers,26.0,"WhatsApp, Instagram, Email",78808.0,9103.0,4006.0,1620.0,398520.0,169.91,0.45,Hindi,,College Students,16-11-2024
TI-CMP-32140,Influencer,Premium Shoppers,12.0,"Google, WhatsApp, Facebook",19487.0,1583.0,421.0,204.0,112608.0,1187.64,-0.54,Tamil,11.33,Tier 2 City Customers,08-05-2025
,SEO,Working Women,27.0,"Email, Google, Instagram",78109.0,4224.0,1650.0,1115.0,705795.0,198.26,2.19,English,8.95,Youth,23-03-2025
TI-CMP-31864,Social Media,Premium Shoppers,6.0,"Instagram, Email",65640.0,4725.0,2010.0,870.0,,86.5,1.79,Hindi,11.59,Premium Shoppers,14-12-2024
TI-CMP-39120,Email,Tier 2 City Customers,22.0,"WhatsApp, YouTube, Google",29113.0,1456.0,673.0,253.0,177606.0,460.96,0.52,English,8.18,Youth,20-10-2024
TI-CMP-34432,,Working Women,10.0,"Instagram, YouTube",28165.0,1965.0,490.0,362.0,,265.54,1.47,Bengali,10.0,Premium Shoppers,30-09-2024
TI-CMP-8401,Email,Tier 2 City Customers,15.0,"WhatsApp, Email, YouTube",14027.0,1078.0,575.0,366.0,245220.0,781.45,-0.14,Hindi,14.39,College Students,15-01-2025
TI-CMP-47290,Influencer,College Students,10.0,"Instagram, Google, Facebook",63502.0,9402.0,5544.0,3844.0,999440.0,34.9,6.45,Tamil,29.59,Working Women,05-09-2024
TI-CMP-55295,Paid Ads,Premium Shoppers,,"Email, WhatsApp",91145.0,1862.0,1092.0,467.0,284403.0,264.07,1.31,Hindi,,Youth,24-05-2025
,Social Media,College Students,17.0,"YouTube, Google, Email",94662.0,9303.0,2102.0,1567.0,1053024.0,177.33,2.79,Bengali,13.7,College Students,01-02-2025
TI-CMP-36876,SEO,College Students,27.0,"Instagram, Google, Facebook",37561.0,3514.0,948.0,569.0,,526.06,-0.55,English,13.39,Premium Shoppers,16-08-2024
TI-CMP-25906,Influencer,Youth,12.0,"Facebook, WhatsApp, Google",44738.0,4438.0,1500.0,473.0,145684.0,176.41,0.75,English,14.33,Tier 2 City Customers,03-06-2025
TI-CMP-52577,Influencer,Working Women,8.0,,,1834.0,776.0,418.0,151316.0,183.0,0.98,Hindi,13.04,College Students,15-01-2025
TI-CMP-52285,Paid Ads,Tier 2 City Customers,8.0,"WhatsApp, Google",98873.0,5202.0,1259.0,650.0,317200.0,155.44,2.14,Bengali,7.19,College Students,30-12-2024
TI-CMP-37441,Paid Ads,Tier 2 City Customers,20.0,"Google, WhatsApp",20204.0,1588.0,706.0,,356048.0,187.9,2.98,Hindi,13.71,Tier 2 City Customers,13-12-2024
TI-CMP-51668,SEO,,16.0,Google,47193.0,2039.0,1122.0,825.0,614625.0,95.44,6.81,Hindi,8.45,College Students,23-01-2025
TI-CMP-36589,Social Media,College Students,27.0,"Instagram, Google",69555.0,6849.0,2269.0,1143.0,833247.0,,1.89,English,14.75,Premium Shoppers,11-07-2024
TI-CMP-54673,Social Media,Premium Shoppers,,"Facebook, WhatsApp",71321.0,7967.0,4593.0,3380.0,2213900.0,59.46,10.02,English,22.35,Tier 2 City Customers,28-04-2025
TI-CMP-52224,Paid Ads,Tier 2 City Customers,6.0,Email,36847.0,1257.0,713.0,509.0,205636.0,125.41,2.22,English,6.73,Working Women,26-11-2024
TI-CMP-19473,Paid Ads,College Students,18.0,"Google, WhatsApp, YouTube",36666.0,4774.0,2137.0,1313.0,265226.0,119.32,0.69,Hindi,22.43,Tier 2 City Customers,08-11-2024
TI-CMP-36718,Influencer,Premium Shoppers,6.0,"Google, YouTube, Instagram",13552.0,665.0,,66.0,14124.0,2546.23,-0.92,,6.38,Youth,15-07-2024
TI-CMP-31894,Email,Youth,12.0,WhatsApp,71690.0,10382.0,4422.0,1947.0,397188.0,148.28,0.38,Bengali,23.37,Working Women,10-02-2025
TI-CMP-17992,Paid Ads,Youth,22.0,,91028.0,10896.0,4194.0,1285.0,797985.0,124.25,4.0,English,17.99,College Students,09-05-2025
TI-CMP-51674,Influencer,Premium Shoppers,17.0,Instagram,86365.0,9099.0,2121.0,914.0,404902.0,189.53,1.34,Hindi,14.05,Tier 2 City Customers,28-10-2024
TI-CMP-52010,Email,Premium Shoppers,28.0,Email,17492.0,1209.0,623.0,277.0,79222.0,782.18,-0.63,,12.06,Youth,03-11-2024
TI-CMP-37058,Email,College Students,18.0,"Email, WhatsApp",65040.0,8123.0,2389.0,1429.0,641621.0,166.84,1.69,Tamil,18.36,Tier 2 City Customers,03-07-2024
TI-CMP-48669,Email,Tier 2 City Customers,6.0,"Google, Email, YouTube",,1916.0,629.0,299.0,126477.0,752.3,-0.44,Tamil,11.4,Tier 2 City Customers,18-07-2024
TI-CMP-13623,Email,Tier 2 City Customers,7.0,Instagram,82738.0,4319.0,2154.0,1284.0,409596.0,117.6,1.71,Tamil,9.38,College Students,19-12-2024
TI-CMP-29056,Email,Tier 2 City Customers,28.0,YouTube,68769.0,5674.0,2125.0,1621.0,1084449.0,65.84,9.16,Tamil,13.7,Working Women,03-03-2025
TI-CMP-17382,Paid Ads,Working Women,5.0,Facebook,77400.0,5936.0,1512.0,1029.0,488775.0,196.23,1.42,,10.95,Youth,01-10-2024
TI-CMP-43667,Social Media,Working Women,,"Email, Facebook",79962.0,8860.0,3615.0,2825.0,1528325.0,37.33,13.49,Bengali,19.13,Premium Shoppers,24-03-2025
TI-CMP-46023,Influencer,Tier 2 City Customers,21.0,"WhatsApp, YouTube",42132.0,4968.0,1345.0,,359536.0,239.76,0.53,Bengali,17.3,Tier 2 City Customers,23-07-2024
TI-CMP-24493,Influencer,Premium Shoppers,11.0,Email,19468.0,2615.0,1428.0,702.0,402948.0,265.64,1.16,,24.37,Working Women,29-08-2024
TI-CMP-15448,Email,Tier 2 City Customers,10.0,"WhatsApp, YouTube, Facebook",25495.0,2301.0,598.0,311.0,228585.0,463.68,0.59,Bengali,12.59,Working Women,
TI-CMP-15791,SEO,Premium Shoppers,25.0,"WhatsApp, Facebook, Email",11368.0,1070.0,604.0,352.0,182688.0,326.68,0.59,Bengali,17.82,Tier 2 City Customers,20-05-2025
TI-CMP-15229,SEO,Youth,17.0,"Instagram, Google, WhatsApp",59182.0,2502.0,584.0,298.0,107578.0,172.76,1.09,Hindi,5.72,Youth,26-12-2024
TI-CMP-56196,Influencer,Tier 2 City Customers,15.0,"WhatsApp, Email",20897.0,,900.0,322.0,247296.0,492.96,0.56,English,17.28,,26-10-2024
TI-CMP-55155,Influencer,College Students,20.0,WhatsApp,51332.0,,1397.0,652.0,474656.0,270.74,1.69,Tamil,8.7,Working Women,30-11-2024
TI-CMP-21853,SEO,Tier 2 City Customers,15.0,Instagram,53669.0,5964.0,2542.0,1525.0,510875.0,36.13,8.27,Tamil,18.69,Tier 2 City Customers,13-06-2025
TI-CMP-49017,SEO,Working Women,9.0,"Google, Instagram",98884.0,2004.0,1052.0,673.0,353998.0,299.71,0.76,Bengali,3.77,Premium Shoppers,18-11-2024
TI-CMP-27792,Email,Working Women,12.0,Facebook,61736.0,7552.0,3127.0,1288.0,1004640.0,184.63,,Tamil,19.38,Youth,13-05-2025
TI-CMP-42417,Influencer,Working Women,,"Email, Instagram, YouTube",71154.0,5326.0,2001.0,621.0,270135.0,90.86,3.79,Bengali,,Working Women,30-09-2024
TI-CMP-30183,Social Media,Working Women,7.0,Facebook,,11518.0,3521.0,2723.0,1445913.0,57.66,8.21,Hindi,19.65,Premium Shoppers,04-11-2024
TI-CMP-20688,Email,Premium Shoppers,21.0,Facebook,92972.0,4687.0,2419.0,1860.0,1199700.0,41.52,14.53,Hindi,9.64,College Students,31-10-2024
TI-CMP-16255,Influencer,,20.0,"Google, YouTube",90215.0,7229.0,2051.0,1151.0,387887.0,101.61,2.32,Bengali,11.56,College Students,01-04-2025
TI-CMP-27712,Email,Working Women,9.0,"Email, YouTube",,6537.0,3599.0,1530.0,429930.0,134.88,1.08,Bengali,20.94,Premium Shoppers,
TI-CMP-55574,Influencer,Premium Shoppers,7.0,"YouTube, Instagram",85252.0,7087.0,3527.0,1277.0,418856.0,174.84,0.88,Bengali,13.95,Premium Shoppers,13-09-2024
TI-CMP-9780,,Premium Shoppers,24.0,"Google, Email",84305.0,11046.0,3645.0,1266.0,643128.0,141.05,2.6,,18.93,Working Women,23-04-2025
TI-CMP-55447,Social Media,Tier 2 City Customers,14.0,"Email, YouTube",74972.0,1652.0,739.0,501.0,366732.0,495.32,0.48,Bengali,3.86,Working Women,03-09-2024
TI-CMP-23533,SEO,Youth,21.0,"Instagram, Google, WhatsApp",47363.0,4817.0,1004.0,504.0,175896.0,,-0.26,Bengali,13.35,Youth,05-09-2024
TI-CMP-33382,Paid Ads,College Students,5.0,,49428.0,7114.0,2965.0,1944.0,1001160.0,130.52,2.95,English,24.32,Premium Shoppers,24-12-2024
TI-CMP-47885,Email,Youth,7.0,"Google, WhatsApp, Instagram",81510.0,7334.0,3652.0,,684018.0,128.75,2.7,Bengali,15.24,College Students,05-07-2024
TI-CMP-43396,Social Media,College Students,6.0,Instagram,51366.0,7343.0,4075.0,2041.0,1047033.0,59.41,7.64,Tamil,26.2,College Students,13-05-2025
TI-CMP-36250,Social Media,Premium Shoppers,11.0,"YouTube, Facebook, Email",10390.0,262.0,87.0,64.0,44416.0,3804.56,-0.82,,3.97,Premium Shoppers,03-02-2025
TI-CMP-35667,Influencer,Working Women,,Facebook,85977.0,2049.0,613.0,476.0,98532.0,360.45,-0.43,Tamil,3.65,Tier 2 City Customers,30-03-2025
TI-CMP-49624,SEO,Working Women,20.0,"WhatsApp, Google",23653.0,666.0,155.0,109.0,68997.0,2024.58,,Tamil,3.93,Working Women,25-05-2025
TI-CMP-42704,Paid Ads,Working Women,30.0,Facebook,34507.0,2259.0,965.0,327.0,102351.0,730.13,-0.57,Tamil,10.29,Youth,24-03-2025
TI-CMP-33241,Influencer,Youth,21.0,"WhatsApp, YouTube, Google",26642.0,2247.0,1209.0,590.0,402970.0,329.88,1.07,Tamil,15.19,Working Women,
TI-CMP-4804,Email,College Students,8.0,"Email, WhatsApp, Instagram",97440.0,8347.0,,1348.0,967864.0,145.29,3.94,Tamil,12.72,Youth,15-04-2025
TI-CMP-46601,Influencer,Youth,14.0,Facebook,84461.0,2682.0,701.0,280.0,,659.77,-0.65,Hindi,4.34,Youth,08-06-2025
TI-CMP-9193,Paid Ads,Working Women,21.0,"Google, Facebook",42056.0,5464.0,2648.0,1941.0,1389756.0,105.48,5.79,Hindi,23.9,Youth,15-01-2025
TI-CMP-36834,SEO,College Students,26.0,"WhatsApp, Facebook",33643.0,4154.0,1628.0,839.0,320498.0,351.1,0.09,,19.68,College Students,05-12-2024
TI-CMP-15424,Paid Ads,College Students,13.0,YouTube,21506.0,1959.0,735.0,504.0,191520.0,111.88,2.4,Hindi,14.87,,24-07-2024
TI-CMP-32350,Paid Ads,College Students,18.0,"YouTube, WhatsApp, Facebook",15052.0,1970.0,819.0,458.0,304112.0,609.7,0.09,English,21.57,Tier 2 City Customers,24-12-2024
TI-CMP-28515,Email,Youth,5.0,Instagram,91186.0,9445.0,5370.0,3576.0,2142024.0,80.29,6.46,Hindi,20.17,Youth,
TI-CMP-25457,Paid Ads,Youth,6.0,"Facebook, Email",42498.0,2259.0,521.0,,116109.0,1067.63,-0.36,Hindi,6.94,Youth,28-03-2025
TI-CMP-37750,Social Media,Youth,8.0,Instagram,11751.0,849.0,412.0,213.0,79449.0,349.79,0.07,English,12.54,College Students,18-11-2024
TI-CMP-33493,SEO,College Students,,"Google, WhatsApp",87655.0,11905.0,3227.0,1511.0,569647.0,47.87,6.88,Bengali,18.99,Premium Shoppers,16-04-2025
TI-CMP-55998,Email,College Students,13.0,"Email, Facebook, Google",11551.0,1245.0,699.0,249.0,59511.0,518.69,-0.54,Hindi,18.99,Premium Shoppers,14-11-2024
TI-CMP-8524,Influencer,Tier 2 City Customers,18.0,Facebook,55041.0,2353.0,1273.0,549.0,433161.0,395.14,1.0,Bengali,7.59,Tier 2 City Customers,31-05-2025
TI-CMP-11163,Influencer,College Students,,"Email, Instagram, YouTube",87689.0,,3505.0,1920.0,887040.0,,2.43,English,18.16,Premium Shoppers,21-10-2024
TI-CMP-39166,Influencer,Premium Shoppers,14.0,Email,,2454.0,1284.0,720.0,211680.0,303.78,-0.03,Bengali,7.58,Youth,13-11-2024
,Social Media,College Students,7.0,"YouTube, Facebook",50307.0,7132.0,3256.0,1576.0,395576.0,189.67,0.32,Bengali,23.78,Premium Shoppers,27-09-2024
TI-CMP-26998,Paid Ads,Youth,25.0,"WhatsApp, Google",44196.0,2622.0,1038.0,697.0,265557.0,426.94,-0.11,Bengali,9.86,Working Women,23-03-2025
TI-CMP-4003,,Youth,13.0,"YouTube, Google",17644.0,1939.0,991.0,357.0,107814.0,164.35,,English,,Working Women,23-09-2024
TI-CMP-43502,SEO,Youth,22.0,Instagram,71047.0,9114.0,3307.0,1827.0,1266111.0,40.49,16.12,Bengali,20.05,Tier 2 City Customers,16-03-2025
TI-CMP-23278,Email,Tier 2 City Customers,16.0,"Instagram, WhatsApp",96881.0,7547.0,,811.0,248977.0,356.02,-0.14,Bengali,10.66,Tier 2 City Customers,27-04-2025
TI-CMP-7648,Influencer,Tier 2 City Customers,20.0,Google,30489.0,1518.0,535.0,235.0,148050.0,275.45,1.29,English,7.5,College Students,11-09-2024
TI-CMP-40052,Email,Tier 2 City Customers,20.0,"Facebook, Email",79984.0,3546.0,735.0,260.0,121680.0,778.07,-0.4,,5.68,Premium Shoppers,14-09-2024
TI-CMP-32412,Social Media,Tier 2 City Customers,17.0,"Facebook, Instagram",65276.0,7927.0,,3516.0,995028.0,30.38,8.32,Hindi,24.49,Youth,09-07-2024
TI-CMP-19841,Social Media,Tier 2 City Customers,24.0,Instagram,76660.0,3892.0,2185.0,697.0,540175.0,73.31,9.57,Tamil,8.84,Youth,01-05-2025
TI-CMP-7904,Influencer,Premium Shoppers,5.0,,94856.0,2616.0,716.0,488.0,,385.16,0.16,Bengali,4.03,Premium Shoppers,05-08-2024
TI-CMP-56496,,Working Women,7.0,"Google, Email, Facebook",74534.0,6371.0,2184.0,1503.0,502002.0,83.42,3.0,Hindi,13.49,Working Women,30-05-2025
TI-CMP-9909,Influencer,Working Women,12.0,Google,73135.0,,2671.0,944.0,250160.0,132.59,1.0,Bengali,12.48,Youth,14-04-2025
TI-CMP-24125,,Premium Shoppers,9.0,"WhatsApp, Email",99956.0,,1535.0,515.0,220420.0,569.98,-0.25,Tamil,,Tier 2 City Customers,06-07-2024
TI-CMP-12749,SEO,Premium Shoppers,27.0,YouTube,15255.0,692.0,363.0,259.0,64232.0,691.89,-0.64,Hindi,8.61,Premium Shoppers,12-07-2024
TI-CMP-41303,SEO,Tier 2 City Customers,6.0,Instagram,92256.0,3098.0,1395.0,624.0,388128.0,84.47,6.36,Bengali,5.55,Premium Shoppers,30-09-2024
TI-CMP-20770,Email,Premium Shoppers,23.0,"Google, Facebook",19176.0,2221.0,484.0,299.0,206011.0,692.59,-0.01,Bengali,15.67,Working Women,12-08-2024
TI-CMP-24847,Email,College Students,18.0,"Google, WhatsApp",32144.0,3342.0,,385.0,272580.0,676.97,0.05,English,15.26,Youth,18-08-2024
TI-CMP-33122,Influencer,College Students,11.0,Google,35139.0,4896.0,2832.0,1252.0,845100.0,136.02,3.96,,25.56,Premium Shoppers,06-11-2024
,Social Media,Premium Shoppers,21.0,"WhatsApp, Instagram, Google",98074.0,12251.0,6676.0,4044.0,2131188.0,13.99,36.67,Tamil,,Youth,03-10-2024
TI-CMP-52413,SEO,Youth,22.0,"Facebook, Instagram",83246.0,,3554.0,1481.0,684222.0,84.72,4.45,Bengali,17.98,Premium Shoppers,19-04-2025
TI-CMP-32228,Email,College Students,28.0,"YouTube, Google, Facebook",63248.0,6306.0,,,785916.0,,13.04,Bengali,18.87,Premium Shoppers,15-08-2024
TI-CMP-3298,SEO,Tier 2 City Customers,,"WhatsApp, Facebook, YouTube",18175.0,2382.0,953.0,338.0,111540.0,308.3,0.07,English,20.21,Working Women,20-12-2024
TI-CMP-52497,,Tier 2 City Customers,19.0,"YouTube, WhatsApp",79472.0,10665.0,4881.0,3168.0,1102464.0,47.93,6.26,Hindi,23.55,College Students,09-04-2025
TI-CMP-13440,Social Media,Tier 2 City Customers,22.0,"Email, Google",35041.0,4907.0,2117.0,,517312.0,249.43,0.89,Tamil,23.17,Premium Shoppers,07-02-2025
TI-CMP-5162,Social Media,Youth,24.0,"YouTube, Instagram, Google",87799.0,2115.0,808.0,363.0,149556.0,284.14,0.45,Hindi,3.74,College Students,26-12-2024
TI-CMP-35532,Email,Working Women,18.0,"Google, Facebook, Email",69249.0,5761.0,2174.0,812.0,215992.0,325.25,-0.18,English,12.63,Working Women,07-10-2024
TI-CMP-45831,Influencer,Youth,27.0,Email,99098.0,9810.0,4474.0,2574.0,2010294.0,58.19,12.42,Tamil,17.01,Tier 2 City Customers,09-10-2024
TI-CMP-36197,Influencer,,24.0,YouTube,60760.0,5583.0,2736.0,2124.0,1227672.0,138.16,3.18,Hindi,17.19,College Students,21-10-2024
TI-CMP-19359,Influencer,College Students,10.0,"YouTube, Google",54494.0,1620.0,387.0,196.0,93296.0,1184.58,-0.6,English,4.04,Tier 2 City Customers,08-01-2025
TI-CMP-13027,Influencer,Tier 2 City Customers,20.0,"WhatsApp, Email, YouTube",,11224.0,5372.0,3294.0,915732.0,75.32,2.69,Hindi,22.14,Tier 2 City Customers,
TI-CMP-45329,Social Media,Tier 2 City Customers,8.0,"Email, WhatsApp",68286.0,2498.0,1313.0,729.0,264627.0,403.22,-0.1,Tamil,6.65,Premium Shoppers,23-07-2024
TI-CMP-24409,Paid Ads,Youth,8.0,Instagram,70773.0,5595.0,1992.0,1015.0,501410.0,236.7,1.09,English,12.15,Youth,27-04-2025
TI-CMP-1273,Social Media,Tier 2 City Customers,16.0,Instagram,95237.0,7581.0,1596.0,549.0,216855.0,190.75,1.07,Tamil,10.21,Youth,09-04-2025
TI-CMP-1776,SEO,Youth,23.0,"YouTube, Facebook, Google",56360.0,3381.0,1907.0,1219.0,867928.0,231.53,2.08,,11.55,Tier 2 City Customers,16-01-2025
TI-CMP-5883,SEO,Youth,12.0,"Facebook, Google",35963.0,5114.0,2982.0,1558.0,373920.0,182.26,0.32,Bengali,26.84,,16-09-2024
TI-CMP-27493,Paid Ads,College Students,15.0,YouTube,80550.0,3974.0,,1356.0,900384.0,88.78,6.48,Hindi,9.27,Youth,26-01-2025
TI-CMP-29910,Social Media,Youth,5.0,YouTube,52849.0,1273.0,559.0,204.0,49368.0,1440.43,-0.83,Tamil,3.85,Premium Shoppers,11-01-2025
TI-CMP-47936,SEO,Premium Shoppers,7.0,"WhatsApp, Email",43779.0,4957.0,2076.0,1512.0,1075032.0,172.91,3.11,English,19.52,Working Women,02-05-2025
TI-CMP-2039,Email,Youth,29.0,"Facebook, YouTube",29121.0,593.0,282.0,191.0,91107.0,1528.71,-0.69,English,3.66,Premium Shoppers,20-03-2025
TI-CMP-3493,SEO,,18.0,Google,54419.0,7922.0,2227.0,1026.0,305748.0,283.37,0.05,Bengali,20.54,College Students,04-04-2025
TI-CMP-17670,Paid Ads,Youth,14.0,"Facebook, Instagram, Email",62688.0,3649.0,750.0,359.0,94058.0,477.93,-0.45,Tamil,7.59,Premium Shoppers,05-03-2025
TI-CMP-25344,SEO,College Students,,,68888.0,7330.0,3947.0,2276.0,1372428.0,44.77,12.47,Bengali,19.67,Tier 2 City Customers,28-09-2024
TI-CMP-31169,Social Media,Working Women,30.0,"YouTube, Email, Instagram",20349.0,1901.0,814.0,534.0,128694.0,433.34,-0.44,Tamil,15.97,Tier 2 City Customers,30-12-2024
TI-CMP-28600,,Premium Shoppers,13.0,"Instagram, Facebook, Google",13465.0,1299.0,311.0,132.0,93588.0,1679.45,-0.58,Hindi,12.94,Youth,15-01-2025
TI-CMP-54743,Email,Youth,17.0,"Email, Facebook",63947.0,6608.0,1491.0,856.0,438272.0,110.08,,English,14.0,,14-07-2024
TI-CMP-21041,Paid Ads,Working Women,7.0,Facebook,40470.0,3385.0,1740.0,927.0,607185.0,110.55,4.92,Hindi,14.95,Premium Shoppers,29-03-2025
TI-CMP-36486,Influencer,College Students,20.0,"WhatsApp, YouTube, Email",94053.0,12418.0,4150.0,2851.0,1117592.0,36.09,9.86,Bengali,20.65,College Students,26-12-2024
TI-CMP-21071,SEO,Working Women,18.0,Facebook,14711.0,1366.0,449.0,294.0,87318.0,690.47,-0.57,Tamil,,Premium Shoppers,19-10-2024
TI-CMP-14342,Influencer,Premium Shoppers,28.0,YouTube,37238.0,3601.0,2144.0,,523190.0,61.96,8.12,English,17.91,Youth,09-08-2024
TI-CMP-35038,Paid Ads,Premium Shoppers,25.0,"Instagram, Email",95245.0,9689.0,4367.0,2379.0,835029.0,65.44,4.36,Tamil,17.26,Tier 2 City Customers,27-10-2024
TI-CMP-13633,Social Media,Working Women,22.0,"Google, YouTube",41601.0,3721.0,2068.0,1652.0,1126664.0,82.19,7.3,Bengali,17.89,Youth,22-09-2024
,Social Media,College Students,7.0,"Email, YouTube",15309.0,1110.0,611.0,375.0,233625.0,510.0,0.22,Bengali,13.69,College Students,04-12-2024
TI-CMP-30616,Influencer,Working Women,25.0,"Instagram, YouTube",42197.0,5923.0,2504.0,1041.0,669363.0,233.23,1.76,Hindi,22.44,Tier 2 City Customers,27-11-2024
TI-CMP-7875,Social Media,Tier 2 City Customers,19.0,"YouTube, Facebook",68393.0,8059.0,4560.0,3216.0,842592.0,54.94,3.77,Tamil,23.15,Tier 2 City Customers,19-07-2024
TI-CMP-52532,SEO,College Students,30.0,Google,81176.0,7763.0,4506.0,2963.0,,22.12,12.56,English,18.76,Tier 2 City Customers,22-09-2024
TI-CMP-11894,Social Media,Working Women,,"WhatsApp, Facebook, Instagram",44945.0,3974.0,927.0,509.0,341539.0,551.97,0.22,English,12.04,Tier 2 City Customers,03-10-2024
TI-CMP-42470,Paid Ads,Tier 2 City Customers,6.0,YouTube,69590.0,3211.0,1788.0,1263.0,623922.0,43.41,10.38,English,9.0,,29-11-2024
TI-CMP-36665,Email,Premium Shoppers,6.0,WhatsApp,29378.0,3873.0,1818.0,1371.0,1089945.0,161.7,3.92,Hindi,24.04,College Students,18-07-2024
TI-CMP-52046,Social Media,College Students,16.0,"Instagram, YouTube",,,1390.0,898.0,254134.0,131.36,1.15,Tamil,19.24,Premium Shoppers,18-09-2024
TI-CMP-22704,Social Media,Premium Shoppers,10.0,"Email, WhatsApp",91440.0,8931.0,2499.0,1967.0,607803.0,53.0,4.83,Bengali,14.65,College Students,17-02-2025
TI-CMP-32064,Paid Ads,Working Women,24.0,,91583.0,3829.0,1187.0,698.0,427874.0,114.62,4.35,Tamil,6.24,Youth,17-09-2024
TI-CMP-18095,Social Media,Tier 2 City Customers,17.0,"Facebook, Instagram, Email",87710.0,8065.0,4201.0,1636.0,1231908.0,77.82,8.68,Hindi,15.85,Youth,22-02-2025
TI-CMP-29818,Email,College Students,19.0,"Email, WhatsApp",24324.0,928.0,192.0,,22194.0,1303.65,-0.79,English,4.94,Working Women,21-10-2024
,Influencer,Working Women,11.0,"Instagram, WhatsApp",75819.0,6992.0,4140.0,1998.0,1044954.0,35.87,13.58,Hindi,17.32,Working Women,23-12-2024
,Influencer,College Students,28.0,YouTube,93413.0,11191.0,5096.0,,2450658.0,59.99,10.72,Hindi,21.17,Working Women,12-09-2024
TI-CMP-46282,Social Media,,,"Email, WhatsApp, Instagram",59135.0,7773.0,2771.0,1673.0,361368.0,137.33,0.57,Tamil,20.66,,03-10-2024
TI-CMP-18841,Paid Ads,Tier 2 City Customers,18.0,"YouTube, Google",91354.0,1941.0,655.0,391.0,116909.0,643.72,-0.54,English,3.27,,31-08-2024
TI-CMP-7927,Paid Ads,Working Women,20.0,"Facebook, Google",81032.0,9431.0,5344.0,4172.0,988764.0,63.2,2.75,Hindi,23.38,Premium Shoppers,25-07-2024
TI-CMP-21891,Influencer,College Students,14.0,"Facebook, Email, YouTube",90480.0,10845.0,5961.0,3612.0,1119720.0,80.38,2.86,Tamil,22.57,Tier 2 City Customers,
TI-CMP-5086,Paid Ads,Youth,9.0,"Google, YouTube, Instagram",59192.0,2837.0,824.0,302.0,92110.0,229.4,0.33,,6.7,College Students,26-12-2024
TI-CMP-49985,Email,Premium Shoppers,12.0,"Instagram, Facebook, Email",77317.0,6394.0,3424.0,1096.0,545808.0,207.76,,Hindi,14.12,Youth,02-09-2024
,Influencer,,9.0,"Email, Instagram, WhatsApp",97362.0,10906.0,2852.0,1350.0,295650.0,72.93,2.0,English,15.52,Tier 2 City Customers,07-11-2024
TI-CMP-23971,Email,Tier 2 City Customers,28.0,Email,47560.0,1964.0,666.0,240.0,144720.0,257.15,1.34,Bengali,6.03,Tier 2 City Customers,18-09-2024
TI-CMP-53877,Email,Tier 2 City Customers,24.0,"YouTube, Email, Google",18609.0,1136.0,381.0,230.0,118910.0,740.44,-0.3,Bengali,9.39,Working Women,15-02-2025
TI-CMP-21361,Influencer,College Students,5.0,"Instagram, YouTube",,7958.0,4137.0,2677.0,2007750.0,49.26,14.23,,27.56,Premium Shoppers,28-05-2025
TI-CMP-50860,Social Media,Premium Shoppers,13.0,"Facebook, Google",14657.0,1223.0,720.0,263.0,76007.0,857.03,-0.66,Tamil,15.05,Youth,07-02-2025
TI-CMP-1431,Social Media,Working Women,25.0,Instagram,78682.0,3405.0,1500.0,493.0,102544.0,140.89,0.48,Bengali,6.86,Youth,31-08-2024
TI-CMP-46485,SEO,College Students,15.0,"Google, Facebook, WhatsApp",48988.0,4151.0,1219.0,422.0,106344.0,421.36,-0.4,Tamil,11.82,,17-09-2024
TI-CMP-15279,Social Media,Working Women,24.0,"Facebook, YouTube, WhatsApp",90857.0,11124.0,3374.0,1733.0,1265090.0,69.99,9.43,Bengali,17.86,Tier 2 City Customers,07-05-2025
TI-CMP-15050,Paid Ads,College Students,20.0,"WhatsApp, Facebook, Google",73263.0,5013.0,1809.0,1004.0,440756.0,73.98,4.93,English,10.68,Premium Shoppers,11-12-2024
TI-CMP-48044,SEO,Youth,13.0,"Facebook, Instagram, Email",30200.0,2066.0,775.0,252.0,119700.0,414.15,0.15,Bengali,10.24,,04-04-2025
TI-CMP-34962,Paid Ads,Premium Shoppers,22.0,"Email, WhatsApp, YouTube",69727.0,10202.0,5751.0,4502.0,3245942.0,41.54,16.36,Bengali,29.34,Working Women,04-11-2024
TI-CMP-55952,Influencer,,16.0,"Instagram, Email",89343.0,13361.0,3407.0,1924.0,1185184.0,149.43,3.12,Tamil,20.92,Youth,10-08-2024
TI-CMP-12648,Influencer,Premium Shoppers,22.0,"Instagram, Facebook",10558.0,1254.0,709.0,299.0,123487.0,688.15,-0.4,Hindi,21.42,Premium Shoppers,17-10-2024
TI-CMP-10841,SEO,Tier 2 City Customers,29.0,"YouTube, Instagram",72121.0,9555.0,5203.0,3883.0,2131767.0,,6.57,Bengali,25.85,,12-12-2024
TI-CMP-46153,Influencer,Premium Shoppers,11.0,"Google, Facebook",59479.0,5589.0,2025.0,788.0,365632.0,289.38,0.6,Hindi,14.13,Tier 2 City Customers,10-06-2025
TI-CMP-24203,Influencer,Youth,10.0,"YouTube, Google, Facebook",34789.0,1763.0,410.0,147.0,46452.0,1090.66,-0.71,Hindi,6.67,Tier 2 City Customers,
TI-CMP-14139,Social Media,Working Women,28.0,"Facebook, Google, WhatsApp",25422.0,,977.0,595.0,230860.0,232.15,0.67,Hindi,12.93,Youth,17-09-2024
TI-CMP-23775,Influencer,College Students,18.0,"Facebook, WhatsApp, Email",52018.0,1882.0,652.0,402.0,264918.0,616.73,,English,5.64,College Students,25-10-2024
TI-CMP-34841,Paid Ads,Youth,5.0,"Facebook, YouTube, WhatsApp",58184.0,7949.0,4667.0,3035.0,2409790.0,59.51,,Tamil,26.9,College Students,12-03-2025
TI-CMP-36861,Influencer,Youth,5.0,"Email, Google",26670.0,,1062.0,802.0,344860.0,189.78,1.27,Tamil,14.46,Premium Shoppers,06-06-2025
TI-CMP-53456,Influencer,Working Women,13.0,YouTube,51615.0,6670.0,2606.0,1686.0,809280.0,100.32,3.78,English,21.24,Working Women,02-03-2025
TI-CMP-32314,Email,Tier 2 City Customers,9.0,"Facebook, Email",95056.0,4689.0,992.0,695.0,,243.84,0.35,English,6.71,,07-09-2024
TI-CMP-34761,Social Media,Premium Shoppers,29.0,Email,74427.0,3615.0,2105.0,867.0,570486.0,336.75,0.95,Hindi,8.85,College Students,04-05-2025
TI-CMP-38513,,Tier 2 City Customers,26.0,"Instagram, Email, Google",72870.0,8760.0,2240.0,855.0,171000.0,170.33,0.17,,16.27,Youth,26-03-2025
,SEO,Working Women,28.0,"Google, Instagram, YouTube",81240.0,7132.0,,1006.0,334998.0,106.5,2.13,Hindi,12.98,Youth,17-02-2025
TI-CMP-53282,SEO,Premium Shoppers,11.0,Instagram,94791.0,13724.0,3519.0,1511.0,702615.0,89.3,4.21,English,19.78,Tier 2 City Customers,26-07-2024
TI-CMP-48481,Social Media,Youth,25.0,"YouTube, Google",83013.0,11328.0,5411.0,1939.0,839587.0,29.08,13.89,Hindi,22.5,Working Women,09-08-2024
TI-CMP-16013,Email,Working Women,27.0,"WhatsApp, Instagram, YouTube",43371.0,2850.0,665.0,429.0,199914.0,311.19,0.5,Tamil,9.09,College Students,28-09-2024
TI-CMP-14571,SEO,Tier 2 City Customers,29.0,Instagram,49402.0,5160.0,2040.0,1167.0,895089.0,56.4,12.6,Bengali,16.94,Youth,17-09-2024
TI-CMP-9400,Paid Ads,College Students,11.0,"Google, Instagram, Facebook",92923.0,11388.0,6789.0,3029.0,935961.0,30.89,9.0,Bengali,22.82,Working Women,11-07-2024
TI-CMP-49166,Influencer,Working Women,5.0,Email,14012.0,283.0,108.0,48.0,21744.0,1789.6,-0.75,Tamil,3.13,College Students,07-09-2024
,SEO,Youth,5.0,"YouTube, Instagram",62445.0,2620.0,1188.0,578.0,419050.0,359.32,1.02,Bengali,7.02,Tier 2 City Customers,05-10-2024
TI-CMP-11477,Paid Ads,Tier 2 City Customers,17.0,,64752.0,2863.0,1364.0,661.0,415769.0,138.13,3.55,English,7.55,Premium Shoppers,16-07-2024
,Paid Ads,Youth,15.0,"Google, Facebook",78193.0,8161.0,2840.0,,702856.0,148.13,2.64,Bengali,15.74,Youth,24-10-2024
TI-CMP-30683,Influencer,Working Women,16.0,"Email, Instagram, WhatsApp",16793.0,2090.0,504.0,162.0,,631.87,0.23,,16.41,Premium Shoppers,06-08-2024
TI-CMP-9481,SEO,College Students,30.0,,69818.0,2385.0,1134.0,853.0,456355.0,204.85,1.61,Bengali,6.26,Youth,07-01-2025
TI-CMP-21660,Paid Ads,College Students,19.0,Email,85653.0,8914.0,3256.0,1357.0,527873.0,67.35,4.78,Hindi,15.79,Youth,19-01-2025
TI-CMP-43930,Email,Tier 2 City Customers,16.0,"Facebook, Google, YouTube",51149.0,3359.0,1863.0,1247.0,517505.0,136.49,2.04,,12.65,College Students,13-02-2025
TI-CMP-7247,Influencer,College Students,22.0,Instagram,49653.0,5366.0,2801.0,864.0,190944.0,64.29,2.44,Bengali,18.19,Premium Shoppers,
TI-CMP-37826,SEO,Premium Shoppers,,"Instagram, Facebook",89842.0,12703.0,6563.0,4101.0,1464057.0,17.02,19.98,Hindi,26.01,Working Women,12-02-2025
,SEO,Tier 2 City Customers,15.0,"Instagram, Google",20001.0,986.0,,128.0,67328.0,1942.66,-0.73,Bengali,7.14,Working Women,03-05-2025
TI-CMP-19696,,College Students,13.0,"Google, Instagram, WhatsApp",53853.0,3661.0,2119.0,1292.0,,126.43,1.76,Bengali,13.13,Youth,07-08-2024
TI-CMP-17072,Paid Ads,Youth,22.0,"WhatsApp, Email, Instagram",28969.0,1517.0,877.0,531.0,175230.0,162.75,1.03,,10.1,College Students,16-01-2025
TI-CMP-27133,Influencer,Tier 2 City Customers,21.0,WhatsApp,31365.0,2637.0,1070.0,666.0,410256.0,387.72,0.59,Bengali,13.94,Youth,10-04-2025
TI-CMP-44133,Social Media,Premium Shoppers,28.0,"Facebook, YouTube",42900.0,4743.0,2236.0,979.0,439571.0,157.5,1.85,English,18.55,Tier 2 City Customers,16-04-2025
TI-CMP-11280,SEO,College Students,11.0,"WhatsApp, YouTube, Google",13704.0,584.0,206.0,71.0,23146.0,3056.58,-0.89,Bengali,6.28,Tier 2 City Customers,03-08-2024
TI-CMP-49340,SEO,Youth,29.0,Facebook,82865.0,9064.0,4716.0,2864.0,2256832.0,81.44,8.68,English,20.09,College Students,01-12-2024
TI-CMP-52366,Social Media,Premium Shoppers,28.0,"Instagram, WhatsApp, Facebook",23140.0,1682.0,442.0,265.0,59095.0,389.71,-0.43,Hindi,10.32,Youth,23-09-2024
TI-CMP-18666,Social Media,Premium Shoppers,14.0,"WhatsApp, Facebook, YouTube",20218.0,,393.0,253.0,70587.0,,-0.74,English,8.52,Tier 2 City Customers,10-02-2025
TI-CMP-31460,Email,Premium Shoppers,9.0,"WhatsApp, Google",59884.0,,2644.0,1767.0,1256337.0,128.19,4.55,Tamil,20.89,Working Women,16-06-2025
TI-CMP-36722,,Working Women,14.0,YouTube,26426.0,1586.0,799.0,244.0,191540.0,1069.06,-0.27,Bengali,9.95,Youth,03-03-2025
TI-CMP-45860,Social Media,Youth,11.0,WhatsApp,20751.0,1685.0,829.0,588.0,332220.0,344.76,0.64,,14.95,Premium Shoppers,13-04-2025
TI-CMP-46792,Paid Ads,Youth,24.0,Facebook,27338.0,731.0,198.0,60.0,24540.0,1303.85,-0.69,English,3.62,Tier 2 City Customers,28-09-2024
TI-CMP-33138,Email,College Students,19.0,Facebook,27064.0,2388.0,943.0,703.0,146927.0,328.75,-0.36,Bengali,14.91,Youth,23-04-2025
TI-CMP-29918,Paid Ads,Working Women,23.0,"Email, YouTube",10738.0,387.0,158.0,124.0,25420.0,2049.22,-0.9,English,6.23,Premium Shoppers,23-04-2025
TI-CMP-47706,SEO,Tier 2 City Customers,26.0,"Facebook, YouTube, WhatsApp",34735.0,4454.0,2338.0,1546.0,1071378.0,128.08,4.41,English,24.0,Youth,
TI-CMP-20463,Email,Premium Shoppers,19.0,Google,21164.0,1877.0,947.0,529.0,,533.57,,English,15.84,Tier 2 City Customers,18-07-2024
TI-CMP-49441,Email,Youth,15.0,"Email, WhatsApp, Google",68178.0,3897.0,1929.0,1335.0,307050.0,107.3,1.14,Bengali,10.5,Youth,11-03-2025
TI-CMP-47236,Social Media,College Students,15.0,WhatsApp,37463.0,2427.0,611.0,485.0,322040.0,180.24,2.68,Hindi,9.4,Tier 2 City Customers,30-12-2024
TI-CMP-23969,Email,Premium Shoppers,17.0,"Instagram, Google",42213.0,1962.0,793.0,609.0,248472.0,136.43,1.99,Hindi,7.97,Tier 2 City Customers,06-08-2024
TI-CMP-37192,Paid Ads,Youth,17.0,"Instagram, Facebook, YouTube",24242.0,3218.0,732.0,225.0,77850.0,946.1,-0.63,English,17.22,Premium Shoppers,05-06-2025
TI-CMP-2221,Email,Youth,26.0,"Instagram, Email, YouTube",58943.0,3528.0,748.0,327.0,209280.0,474.52,0.35,Hindi,7.81,Working Women,
TI-CMP-35914,Paid Ads,Premium Shoppers,30.0,"Facebook, Email",85185.0,,2431.0,1521.0,803088.0,40.24,12.12,Tamil,10.61,Youth,23-02-2025
TI-CMP-9368,Email,Working Women,29.0,Facebook,59209.0,8266.0,1958.0,622.0,425448.0,206.6,2.31,Hindi,18.32,Youth,22-08-2024
,Social Media,Youth,9.0,YouTube,69225.0,6859.0,2978.0,996.0,770904.0,296.79,1.61,Hindi,15.65,Premium Shoppers,14-02-2025
,SEO,College Students,18.0,YouTube,47061.0,1011.0,525.0,250.0,154750.0,655.83,-0.06,English,3.8,College Students,15-01-2025
TI-CMP-31032,Email,Working Women,13.0,"Google, Email",52984.0,2520.0,1020.0,424.0,144584.0,162.85,1.09,Hindi,7.48,Premium Shoppers,24-04-2025
TI-CMP-41323,Influencer,Premium Shoppers,16.0,Email,73510.0,5456.0,2373.0,1344.0,358848.0,144.93,0.84,Tamil,12.48,Premium Shoppers,26-07-2024
TI-CMP-30840,Email,Tier 2 City Customers,7.0,"WhatsApp, YouTube",31012.0,3999.0,1118.0,561.0,361845.0,115.02,4.61,English,18.31,College Students,02-03-2025
TI-CMP-30574,Influencer,Premium Shoppers,,"WhatsApp, Instagram",41907.0,4783.0,2252.0,1599.0,1000974.0,74.66,7.38,Tamil,,Tier 2 City Customers,21-12-2024
TI-CMP-9451,Email,Working Women,29.0,WhatsApp,59705.0,7494.0,2658.0,1520.0,908960.0,143.22,3.18,Bengali,19.55,College Students,21-04-2025
TI-CMP-2097,Paid Ads,Premium Shoppers,25.0,WhatsApp,22898.0,1700.0,341.0,221.0,45526.0,977.67,-0.79,Hindi,9.88,Premium Shoppers,16-10-2024
TI-CMP-2246,Email,Working Women,29.0,"YouTube, Facebook",13414.0,443.0,203.0,125.0,88125.0,736.95,-0.04,English,5.75,Working Women,09-07-2024
TI-CMP-31264,Email,Working Women,22.0,Facebook,85090.0,2034.0,951.0,472.0,168504.0,574.81,-0.38,Tamil,4.06,College Students,11-03-2025
TI-CMP-9971,Paid Ads,Working Women,27.0,"WhatsApp, Google, Facebook",86478.0,3406.0,1796.0,675.0,429300.0,246.75,1.58,English,6.8,College Students,13-04-2025
TI-CMP-33288,Paid Ads,College Students,21.0,WhatsApp,64786.0,6580.0,3792.0,1304.0,575064.0,110.36,3.0,English,18.02,Tier 2 City Customers,14-08-2024
TI-CMP-27311,Paid Ads,College Students,19.0,"Email, Google, YouTube",97343.0,11650.0,4176.0,2103.0,,80.36,4.65,English,18.42,Premium Shoppers,07-11-2024
TI-CMP-30771,SEO,,26.0,YouTube,61640.0,2135.0,619.0,,,125.23,3.48,Bengali,5.27,Tier 2 City Customers,
TI-CMP-56527,Paid Ads,Premium Shoppers,20.0,"Instagram, YouTube, WhatsApp",68524.0,2207.0,,454.0,255602.0,290.24,0.94,Bengali,5.7,,02-05-2025
TI-CMP-48886,SEO,College Students,8.0,"WhatsApp, Facebook, Instagram",51717.0,2773.0,1533.0,621.0,292491.0,251.3,0.87,English,9.53,Tier 2 City Customers,29-03-2025
TI-CMP-8821,Paid Ads,College Students,26.0,Email,77297.0,9777.0,3299.0,1470.0,1042230.0,,9.37,Bengali,18.82,,29-05-2025
TI-CMP-13376,Paid Ads,Premium Shoppers,9.0,"YouTube, Google",77304.0,,2789.0,1831.0,1391560.0,55.84,12.61,English,,Premium Shoppers,14-07-2024
TI-CMP-20714,Email,College Students,28.0,"Facebook, WhatsApp, YouTube",68536.0,2246.0,1176.0,429.0,96096.0,245.92,-0.09,Hindi,5.62,Tier 2 City Customers,27-05-2025
TI-CMP-40703,SEO,Working Women,30.0,Facebook,87399.0,3178.0,959.0,510.0,181560.0,399.0,-0.11,Bengali,5.32,Premium Shoppers,25-12-2024
TI-CMP-38811,,College Students,26.0,"Facebook, YouTube",69293.0,8903.0,3522.0,2619.0,607608.0,90.49,1.56,Hindi,21.71,Working Women,29-03-2025
TI-CMP-50954,SEO,Working Women,25.0,"Instagram, Email",76192.0,9364.0,3940.0,1399.0,889764.0,186.83,2.4,Hindi,19.3,Working Women,20-11-2024
TI-CMP-8687,Email,Premium Shoppers,23.0,"Instagram, Facebook, YouTube",36098.0,3272.0,1565.0,777.0,319347.0,84.07,3.89,Bengali,15.55,Tier 2 City Customers,01-07-2024
TI-CMP-26483,Influencer,Youth,14.0,"Email, YouTube, WhatsApp",95492.0,9064.0,3826.0,1268.0,592156.0,206.16,1.27,Tamil,14.83,College Students,12-01-2025
TI-CMP-40814,SEO,Youth,7.0,Facebook,74292.0,4652.0,1172.0,674.0,468430.0,213.22,2.26,English,8.75,Youth,10-05-2025
TI-CMP-38509,Influencer,Premium Shoppers,7.0,Google,59706.0,2961.0,1620.0,888.0,521256.0,59.35,8.89,English,9.16,Tier 2 City Customers,29-04-2025
TI-CMP-35483,Email,Tier 2 City Customers,15.0,"Email, Instagram, WhatsApp",37736.0,2461.0,551.0,388.0,,554.44,-0.52,Tamil,9.01,Youth,05-04-2025
TI-CMP-30625,Influencer,Youth,27.0,Facebook,81547.0,4368.0,2006.0,,697158.0,194.71,1.58,Hindi,9.52,Premium Shoppers,08-03-2025
TI-CMP-22052,SEO,Premium Shoppers,26.0,"Email, Facebook, YouTube",85934.0,2627.0,1522.0,721.0,268933.0,313.91,0.19,Hindi,5.67,Tier 2 City Customers,19-05-2025
TI-CMP-40509,Social Media,College Students,25.0,"WhatsApp, Email",,6256.0,2798.0,1525.0,613050.0,132.49,2.03,English,12.53,Tier 2 City Customers,16-01-2025
TI-CMP-15969,Email,Tier 2 City Customers,8.0,"Facebook, Google, Instagram",39784.0,839.0,337.0,,67284.0,1837.78,-0.66,Hindi,3.23,Youth,
TI-CMP-10025,,College Students,27.0,Email,54872.0,,1282.0,601.0,411084.0,182.41,2.75,Hindi,9.49,Tier 2 City Customers,26-04-2025
TI-CMP-17916,Paid Ads,Youth,9.0,"Email, Facebook",51343.0,6470.0,1901.0,1207.0,280024.0,125.48,0.85,English,18.65,College Students,03-02-2025
TI-CMP-52266,SEO,Working Women,21.0,YouTube,57305.0,5474.0,2815.0,1803.0,836592.0,34.6,12.41,Hindi,17.61,Working Women,16-03-2025
TI-CMP-48592,Social Media,Working Women,20.0,Email,88320.0,10347.0,4817.0,1842.0,790218.0,137.76,2.11,Tamil,19.25,Working Women,09-10-2024
TI-CMP-38411,Social Media,Working Women,26.0,"Instagram, Google",72785.0,7922.0,2662.0,1353.0,799623.0,204.81,1.89,Tamil,16.4,College Students,24-02-2025
TI-CMP-33255,Email,College Students,12.0,"Facebook, Email, Instagram",80198.0,1949.0,933.0,697.0,212585.0,201.75,0.51,Tamil,4.46,Working Women,07-11-2024
TI-CMP-41689,Email,College Students,29.0,"Instagram, Email",28980.0,1514.0,514.0,195.0,95550.0,1191.26,-0.59,,7.67,College Students,23-12-2024
TI-CMP-47536,Email,College Students,26.0,"Email, WhatsApp, Instagram",56252.0,6888.0,2516.0,1742.0,416338.0,169.28,0.41,Tamil,19.81,College Students,22-01-2025
TI-CMP-52850,Social Media,Youth,8.0,YouTube,24368.0,2498.0,1400.0,800.0,221600.0,242.59,0.14,Tamil,19.28,Youth,27-02-2025
TI-CMP-42467,Influencer,Premium Shoppers,28.0,"Email, WhatsApp, Google",65349.0,4642.0,2340.0,1614.0,792474.0,63.66,6.71,Hindi,,Youth,16-11-2024
TI-CMP-14912,Email,Youth,5.0,,46158.0,,1852.0,691.0,313714.0,114.75,2.96,Bengali,19.26,Premium Shoppers,19-03-2025
TI-CMP-29961,Paid Ads,Working Women,24.0,"YouTube, WhatsApp, Google",93430.0,3679.0,752.0,566.0,232060.0,359.18,,,5.35,Working Women,03-05-2025
TI-CMP-17125,SEO,Youth,9.0,Facebook,69818.0,9830.0,4606.0,2091.0,1030863.0,66.95,6.36,Tamil,23.67,Tier 2 City Customers,09-05-2025
TI-CMP-41120,Email,Premium Shoppers,18.0,"Facebook, WhatsApp",19255.0,2143.0,854.0,424.0,106000.0,342.78,-0.27,English,17.77,Youth,26-11-2024
TI-CMP-52791,Paid Ads,Youth,15.0,Facebook,27950.0,2280.0,484.0,296.0,92944.0,384.06,-0.18,English,10.95,Tier 2 City Customers,28-09-2024
TI-CMP-8844,Social Media,Tier 2 City Customers,8.0,Instagram,,2386.0,649.0,,104608.0,438.2,-0.49,Hindi,7.17,Tier 2 City Customers,30-12-2024
TI-CMP-51078,SEO,Premium Shoppers,30.0,WhatsApp,42118.0,1281.0,600.0,356.0,259168.0,,-0.06,Tamil,5.31,,16-05-2025
TI-CMP-54958,Paid Ads,Tier 2 City Customers,21.0,Google,90407.0,9699.0,,2124.0,824112.0,132.04,1.94,Tamil,,,28-01-2025
TI-CMP-46160,Email,Youth,21.0,Instagram,54762.0,6870.0,2448.0,1884.0,913740.0,85.48,4.67,Tamil,20.46,Tier 2 City Customers,06-02-2025
TI-CMP-55445,Influencer,Working Women,8.0,"Facebook, WhatsApp, Instagram",,932.0,337.0,105.0,79275.0,2437.87,-0.69,Tamil,4.1,Premium Shoppers,03-09-2024
TI-CMP-42716,Influencer,College Students,28.0,"WhatsApp, Google",92150.0,6037.0,1486.0,496.0,255440.0,460.3,0.12,Tamil,8.7,Premium Shoppers,14-05-2025
TI-CMP-46834,Email,Tier 2 City Customers,,"Google, YouTube, Facebook",15386.0,419.0,170.0,110.0,71390.0,2007.26,-0.68,English,4.54,Working Women,08-01-2025
TI-CMP-27635,Influencer,Working Women,23.0,WhatsApp,15583.0,1621.0,347.0,190.0,103740.0,877.39,-0.38,Tamil,13.85,College Students,18-04-2025
TI-CMP-28760,Email,Working Women,25.0,"Instagram, Google",50292.0,7133.0,3418.0,2455.0,1077745.0,83.98,4.23,Hindi,25.86,Premium Shoppers,21-03-2025
TI-CMP-19380,Influencer,Working Women,29.0,"Instagram, Google, Email",34552.0,2146.0,513.0,405.0,179820.0,239.42,0.85,Bengali,8.87,College Students,21-12-2024
TI-CMP-1586,Influencer,Premium Shoppers,27.0,Google,62768.0,3986.0,2043.0,1162.0,902874.0,139.97,4.55,English,11.46,College Students,06-08-2024
TI-CMP-28554,SEO,Working Women,15.0,"Instagram, Email, Google",68546.0,,878.0,,,132.39,3.0,Tamil,6.5,Tier 2 City Customers,15-10-2024
TI-CMP-40527,Email,Youth,19.0,YouTube,78375.0,1927.0,797.0,357.0,144585.0,715.43,-0.43,Bengali,3.93,College Students,04-11-2024
TI-CMP-48325,SEO,Tier 2 City Customers,26.0,Facebook,38158.0,943.0,551.0,235.0,58280.0,1189.37,-0.79,Hindi,4.53,College Students,18-04-2025
TI-CMP-11064,SEO,Tier 2 City Customers,7.0,Instagram,13466.0,1216.0,435.0,210.0,146370.0,1415.6,-0.51,Hindi,13.82,Tier 2 City Customers,05-01-2025
TI-CMP-13214,Email,,7.0,YouTube,28094.0,,709.0,532.0,333564.0,502.6,,Bengali,9.07,Premium Shoppers,17-07-2024
TI-CMP-48632,Paid Ads,College Students,29.0,"Email, Instagram, Facebook",88583.0,11572.0,3945.0,2209.0,1628033.0,75.76,8.73,English,20.01,Premium Shoppers,23-04-2025
TI-CMP-40428,SEO,College Students,23.0,Instagram,95010.0,7800.0,3779.0,2708.0,1416284.0,53.69,8.74,Tamil,15.04,Tier 2 City Customers,01-02-2025
TI-CMP-39770,Email,College Students,30.0,"Instagram, Email, WhatsApp",28471.0,3989.0,1972.0,1219.0,330349.0,199.58,0.36,English,25.22,Youth,
TI-CMP-6011,Email,Working Women,21.0,"YouTube, Google",72269.0,3098.0,1830.0,1023.0,806124.0,275.08,1.86,English,8.23,Tier 2 City Customers,04-06-2025
TI-CMP-51143,Email,Youth,9.0,Google,15096.0,2060.0,1048.0,405.0,226800.0,324.14,0.73,Tamil,23.27,Tier 2 City Customers,
TI-CMP-55966,Paid Ads,Tier 2 City Customers,7.0,"Facebook, WhatsApp",48334.0,4173.0,1078.0,589.0,420546.0,414.29,0.72,English,12.08,College Students,31-01-2025
TI-CMP-28714,Influencer,Youth,18.0,"Email, Google, Facebook",89984.0,4155.0,1450.0,482.0,221720.0,284.66,0.62,Tamil,6.76,Working Women,17-07-2024
TI-CMP-37005,Social Media,College Students,,"Google, WhatsApp",19678.0,1224.0,507.0,214.0,95658.0,1299.83,-0.66,Tamil,9.88,Youth,17-08-2024
TI-CMP-29703,Influencer,Premium Shoppers,25.0,Email,57210.0,7927.0,2318.0,1664.0,367744.0,169.19,0.31,Hindi,20.82,Working Women,11-04-2025
TI-CMP-17391,Influencer,Youth,20.0,,92826.0,,4039.0,1751.0,651372.0,28.85,11.9,Tamil,17.53,Tier 2 City Customers,22-01-2025
TI-CMP-41888,,Tier 2 City Customers,27.0,Google,50161.0,4006.0,1010.0,379.0,,427.16,0.81,English,10.76,Premium Shoppers,16-05-2025
TI-CMP-51728,Influencer,Working Women,18.0,"WhatsApp, Facebook",59616.0,7133.0,,1327.0,695348.0,77.93,5.72,Tamil,18.37,Tier 2 City Customers,05-02-2025
TI-CMP-45519,Email,College Students,20.0,"Facebook, YouTube, WhatsApp",33624.0,4062.0,1867.0,1300.0,798200.0,159.57,2.85,,21.5,Tier 2 City Customers,03-10-2024
TI-CMP-56056,SEO,Youth,20.0,"Google, Facebook",78860.0,10694.0,4838.0,2068.0,1021592.0,24.54,19.13,English,,Tier 2 City Customers,19-05-2025
TI-CMP-27682,Email,,16.0,Google,30896.0,2424.0,1056.0,,,164.14,,Bengali,13.94,Youth,07-10-2024
TI-CMP-54758,Social Media,Tier 2 City Customers,13.0,Facebook,58769.0,7367.0,3216.0,1204.0,297388.0,121.29,1.04,Tamil,20.06,Premium Shoppers,04-04-2025
TI-CMP-27257,Email,College Students,10.0,Google,26592.0,2161.0,601.0,439.0,194477.0,252.23,0.76,Hindi,12.04,Youth,25-02-2025
TI-CMP-25184,Influencer,Premium Shoppers,21.0,"WhatsApp, Facebook",,1247.0,537.0,257.0,115650.0,1055.12,-0.57,Tamil,12.34,Working Women,24-10-2024
TI-CMP-42292,Influencer,Youth,22.0,YouTube,54544.0,3381.0,705.0,477.0,301941.0,447.07,0.42,Bengali,8.37,,18-02-2025
TI-CMP-22073,SEO,Youth,13.0,Facebook,13232.0,898.0,218.0,165.0,49005.0,1278.32,-0.77,Hindi,,Youth,08-08-2024
TI-CMP-3960,Influencer,Premium Shoppers,15.0,"Google, WhatsApp",98502.0,,3185.0,1507.0,1172446.0,124.21,5.26,English,15.34,Tier 2 City Customers,16-10-2024
TI-CMP-30597,Social Media,Working Women,22.0,"Email, Google",11115.0,300.0,176.0,111.0,78588.0,745.58,-0.05,Hindi,5.28,Tier 2 City Customers,16-04-2025
TI-CMP-31862,Email,Working Women,23.0,"Google, WhatsApp",25916.0,1931.0,467.0,271.0,142275.0,740.1,-0.29,Tamil,10.3,Youth,02-04-2025
TI-CMP-6157,Influencer,Tier 2 City Customers,30.0,"Google, WhatsApp, Instagram",27601.0,2126.0,996.0,377.0,193778.0,516.63,-0.01,English,,Working Women,18-09-2024
TI-CMP-5269,Social Media,Working Women,26.0,"Google, Instagram",42744.0,6315.0,2356.0,1358.0,419622.0,118.04,1.62,English,23.46,Youth,18-05-2025
TI-CMP-17311,,,16.0,"Instagram, Facebook, Email",36466.0,2210.0,664.0,,166894.0,862.15,-0.26,Tamil,8.6,Working Women,13-07-2024
TI-CMP-53214,,Youth,23.0,Facebook,16231.0,839.0,233.0,149.0,71073.0,793.63,-0.4,English,7.52,Working Women,14-05-2025
TI-CMP-12605,,Youth,26.0,"Instagram, Email",66764.0,3559.0,1071.0,782.0,545836.0,75.29,8.27,Hindi,8.11,Working Women,14-05-2025
TI-CMP-2388,Influencer,College Students,9.0,"Facebook, Google",43549.0,3689.0,1342.0,1055.0,558095.0,51.18,9.34,English,13.98,Youth,01-06-2025
TI-CMP-12082,Email,Premium Shoppers,26.0,"WhatsApp, Instagram, Facebook",49801.0,1171.0,580.0,309.0,224952.0,524.42,0.39,Tamil,4.14,Youth,24-09-2024
TI-CMP-24841,Social Media,Tier 2 City Customers,10.0,"Google, Email, Instagram",90897.0,5257.0,2008.0,809.0,266161.0,170.21,,Tamil,8.88,Tier 2 City Customers,18-01-2025
TI-CMP-37517,SEO,Working Women,11.0,"Google, Instagram, WhatsApp",34363.0,4664.0,1795.0,1077.0,460956.0,214.77,0.99,Bengali,21.93,Premium Shoppers,23-03-2025
TI-CMP-48228,SEO,Working Women,26.0,Instagram,59342.0,8308.0,,1583.0,379920.0,33.07,6.26,Tamil,20.13,Youth,11-05-2025
TI-CMP-47323,Social Media,Tier 2 City Customers,30.0,"YouTube, WhatsApp, Email",96108.0,9971.0,4264.0,2342.0,1145238.0,53.59,8.13,Tamil,17.25,Tier 2 City Customers,11-11-2024
TI-CMP-49904,Influencer,Working Women,7.0,"Email, YouTube, Google",54450.0,4863.0,2897.0,1796.0,459776.0,44.34,4.77,Hindi,,Youth,07-03-2025
,SEO,Premium Shoppers,7.0,Instagram,67344.0,,1322.0,960.0,683520.0,88.1,7.08,Bengali,12.95,Tier 2 City Customers,01-04-2025
TI-CMP-3247,Influencer,Premium Shoppers,24.0,Email,58980.0,1376.0,554.0,310.0,77500.0,548.68,-0.54,Bengali,3.8,Youth,07-09-2024
TI-CMP-43827,Social Media,Tier 2 City Customers,,Instagram,69714.0,10076.0,3374.0,1617.0,878031.0,75.63,6.18,Hindi,21.61,Tier 2 City Customers,27-07-2024
TI-CMP-14066,Paid Ads,Premium Shoppers,26.0,Instagram,94121.0,6264.0,3133.0,985.0,235415.0,111.69,1.14,English,11.03,,13-02-2025
TI-CMP-1578,Email,Premium Shoppers,10.0,"Google, YouTube",90317.0,2422.0,1299.0,464.0,367952.0,279.98,1.83,Hindi,4.63,Working Women,25-08-2024
TI-CMP-38074,SEO,Working Women,7.0,Facebook,82153.0,8186.0,3998.0,1215.0,,223.58,2.41,Tamil,16.31,Working Women,20-12-2024
TI-CMP-3360,Email,Tier 2 City Customers,22.0,"Instagram, Facebook, Google",14620.0,1798.0,413.0,209.0,137313.0,1285.67,-0.49,Hindi,16.55,College Students,07-07-2024
TI-CMP-4653,Email,Working Women,10.0,WhatsApp,75526.0,6260.0,3442.0,2208.0,476928.0,75.15,1.87,Tamil,15.77,Tier 2 City Customers,04-05-2025
TI-CMP-3949,Paid Ads,Youth,,Google,88288.0,12179.0,5559.0,3338.0,2369980.0,51.81,12.7,Bengali,23.87,Youth,27-08-2024
TI-CMP-32532,Influencer,College Students,20.0,"Instagram, YouTube, Facebook",18822.0,2355.0,1281.0,626.0,446338.0,275.03,1.59,English,22.64,Working Women,22-02-2025
TI-CMP-21896,Social Media,Working Women,9.0,Facebook,49555.0,6427.0,1334.0,640.0,133120.0,196.27,0.06,Hindi,16.95,Youth,12-03-2025
TI-CMP-48621,Paid Ads,Youth,16.0,"Instagram, Facebook",62098.0,8988.0,5223.0,1716.0,509652.0,,1.74,Hindi,25.65,College Students,25-09-2024
TI-CMP-10842,Paid Ads,Youth,7.0,"Google, Facebook, Instagram",25663.0,2598.0,1396.0,661.0,374787.0,,5.02,Bengali,18.14,Premium Shoppers,02-09-2024
TI-CMP-25163,,Tier 2 City Customers,19.0,"Google, Email",52796.0,1739.0,754.0,500.0,390000.0,250.38,2.12,Tamil,5.67,Premium Shoppers,27-01-2025
TI-CMP-26387,Paid Ads,Premium Shoppers,30.0,"Facebook, Instagram",96414.0,13687.0,7557.0,5237.0,2403783.0,43.04,9.66,Tamil,27.47,Youth,07-09-2024
TI-CMP-35676,Social Media,Youth,15.0,"Email, Google, Facebook",20116.0,1120.0,348.0,111.0,84693.0,1898.32,-0.6,Tamil,7.85,Tier 2 City Customers,14-04-2025
TI-CMP-44117,SEO,Youth,30.0,"Google, Instagram",32338.0,666.0,201.0,65.0,37700.0,1175.69,-0.51,English,2.88,Working Women,29-01-2025
TI-CMP-22816,Paid Ads,Youth,7.0,"Email, WhatsApp",18456.0,1808.0,586.0,383.0,213331.0,632.73,-0.12,English,15.05,College Students,15-05-2025
TI-CMP-48214,Influencer,Tier 2 City Customers,21.0,"Instagram, Google, YouTube",25002.0,1710.0,796.0,336.0,200928.0,333.48,0.79,Tamil,11.37,Premium Shoppers,23-02-2025
TI-CMP-47543,Paid Ads,College Students,16.0,"Instagram, WhatsApp",61145.0,5952.0,1891.0,1462.0,605268.0,79.42,4.21,Hindi,15.22,,13-06-2025
TI-CMP-32763,Influencer,Tier 2 City Customers,8.0,"YouTube, Instagram",97201.0,3419.0,814.0,263.0,,318.37,1.44,Bengali,4.63,Youth,04-04-2025
TI-CMP-10892,Paid Ads,Working Women,21.0,"Google, Facebook",97409.0,8190.0,4359.0,1601.0,1162326.0,50.47,13.38,Hindi,14.53,Youth,12-04-2025
TI-CMP-49418,Social Media,Tier 2 City Customers,14.0,,55192.0,2576.0,1013.0,472.0,94872.0,588.79,-0.66,Hindi,7.36,Working Women,02-05-2025
TI-CMP-52289,Email,College Students,26.0,"Google, WhatsApp",25847.0,2058.0,502.0,232.0,68672.0,919.0,-0.68,English,10.8,Working Women,27-10-2024
TI-CMP-39439,Social Media,Tier 2 City Customers,19.0,Instagram,86070.0,11372.0,2755.0,909.0,,198.38,0.37,Bengali,17.47,Youth,06-10-2024
TI-CMP-34054,Influencer,Working Women,14.0,,76242.0,6561.0,1748.0,870.0,506340.0,289.97,1.01,Tamil,12.04,Youth,25-03-2025
TI-CMP-13725,Paid Ads,Working Women,15.0,"Email, Google",83910.0,10465.0,5594.0,3511.0,2398013.0,58.31,10.71,Tamil,23.32,Working Women,27-02-2025
TI-CMP-16350,Social Media,Youth,17.0,"Email, Facebook, WhatsApp",33396.0,3832.0,1505.0,1139.0,381565.0,116.3,1.88,Hindi,19.39,College Students,04-02-2025
TI-CMP-47640,Social Media,Youth,28.0,"Email, YouTube",97528.0,5633.0,2391.0,997.0,,127.43,4.31,Tamil,9.25,College Students,08-09-2024
TI-CMP-5614,Influencer,College Students,13.0,"Email, Google, Facebook",18174.0,2691.0,638.0,316.0,143148.0,659.97,-0.31,Tamil,20.06,Tier 2 City Customers,21-01-2025
TI-CMP-15467,Paid Ads,Premium Shoppers,25.0,"Google, Facebook, YouTube",23762.0,956.0,382.0,219.0,75336.0,1193.42,-0.71,English,6.55,Tier 2 City Customers,01-07-2024
TI-CMP-51726,Paid Ads,Working Women,14.0,"Email, Instagram, Facebook",34278.0,1889.0,701.0,398.0,205766.0,740.89,-0.3,Bengali,8.72,Youth,
TI-CMP-46355,Email,Premium Shoppers,,Facebook,58678.0,6226.0,2879.0,1297.0,683519.0,,1.67,Hindi,,Youth,22-11-2024
TI-CMP-2314,Email,Youth,30.0,"Facebook, Google, Email",77849.0,2620.0,1466.0,753.0,546678.0,72.01,9.08,Hindi,,Working Women,27-12-2024
TI-CMP-43601,Social Media,Working Women,9.0,Instagram,64857.0,5766.0,2884.0,1621.0,825089.0,135.95,2.74,Bengali,15.84,Tier 2 City Customers,14-09-2024
TI-CMP-27376,Influencer,Youth,14.0,Google,27521.0,2137.0,446.0,338.0,171028.0,458.84,0.1,Tamil,10.61,Working Women,
TI-CMP-8602,Social Media,College Students,5.0,"Facebook, YouTube, WhatsApp",23730.0,1829.0,709.0,319.0,,467.92,0.58,Tamil,12.04,Tier 2 City Customers,15-08-2024
TI-CMP-39380,Social Media,College Students,9.0,YouTube,79552.0,6749.0,3906.0,1255.0,437995.0,,4.19,Bengali,14.97,Premium Shoppers,29-08-2024
TI-CMP-33617,,Youth,13.0,Instagram,56822.0,5400.0,2445.0,1746.0,949824.0,147.84,2.68,Bengali,16.88,College Students,07-08-2024
TI-CMP-46451,Influencer,Tier 2 City Customers,9.0,,93324.0,7842.0,2127.0,1067.0,406527.0,266.36,0.43,English,,College Students,02-12-2024
TI-CMP-17111,Email,Youth,27.0,YouTube,32552.0,3494.0,1442.0,562.0,328208.0,490.24,0.19,Tamil,16.89,,07-07-2024
,Social Media,Premium Shoppers,8.0,"YouTube, Facebook",44499.0,3780.0,1478.0,971.0,232069.0,,-0.18,Bengali,14.0,Premium Shoppers,16-06-2025
TI-CMP-21458,Paid Ads,College Students,13.0,"WhatsApp, Instagram, YouTube",93727.0,8876.0,3387.0,2572.0,1774680.0,113.44,5.08,Tamil,15.83,Premium Shoppers,17-03-2025
TI-CMP-36668,SEO,College Students,7.0,"WhatsApp, Email, Instagram",26419.0,2304.0,871.0,688.0,178192.0,288.43,-0.1,English,14.62,Working Women,08-12-2024
TI-CMP-32441,SEO,College Students,14.0,Facebook,34971.0,4208.0,1305.0,800.0,572000.0,364.53,0.96,Hindi,18.05,Tier 2 City Customers,10-01-2025
TI-CMP-38717,Influencer,Tier 2 City Customers,18.0,YouTube,98131.0,10839.0,,1387.0,1091569.0,50.84,14.48,Bengali,16.59,College Students,23-11-2024
TI-CMP-40431,Influencer,Tier 2 City Customers,6.0,"Email, Facebook",81672.0,2036.0,1152.0,780.0,453180.0,375.53,0.55,Bengali,4.86,Premium Shoppers,16-07-2024
TI-CMP-45585,Paid Ads,Youth,5.0,"Email, YouTube, Facebook",50315.0,6313.0,1372.0,431.0,224551.0,479.46,0.09,Bengali,16.13,Working Women,23-04-2025
TI-CMP-15146,Paid Ads,Premium Shoppers,30.0,"Google, Email",59849.0,4274.0,1189.0,934.0,237236.0,150.64,0.69,Hindi,10.69,Premium Shoppers,24-08-2024
TI-CMP-27513,Social Media,,11.0,"Instagram, WhatsApp, YouTube",36591.0,5005.0,,765.0,446760.0,385.9,0.51,Tamil,19.99,College Students,26-01-2025
TI-CMP-31468,Social Media,Premium Shoppers,28.0,Email,47460.0,6286.0,3261.0,2137.0,1367680.0,53.21,11.03,Hindi,24.62,Premium Shoppers,30-10-2024
TI-CMP-53560,,Youth,14.0,YouTube,86088.0,5359.0,1613.0,526.0,303502.0,117.01,3.93,Bengali,8.71,Working Women,04-04-2025
TI-CMP-38632,Social Media,Working Women,25.0,"WhatsApp, Google",60870.0,7179.0,3244.0,1438.0,491796.0,64.13,4.33,Bengali,19.49,Working Women,22-04-2025
TI-CMP-10384,Paid Ads,College Students,16.0,"Facebook, WhatsApp",15003.0,1615.0,632.0,,197788.0,305.3,0.64,English,17.6,College Students,08-04-2025
TI-CMP-45274,Influencer,Working Women,17.0,"YouTube, Facebook",16306.0,542.0,220.0,151.0,90751.0,1479.7,-0.59,English,5.6,Youth,29-09-2024
TI-CMP-47219,SEO,Working Women,11.0,"WhatsApp, Facebook",48217.0,5905.0,2526.0,1488.0,812448.0,142.38,2.83,English,20.57,College Students,19-03-2025
TI-CMP-34884,Email,Premium Shoppers,10.0,"Email, YouTube",50099.0,7323.0,1557.0,1004.0,430716.0,100.78,3.26,Bengali,19.73,Tier 2 City Customers,09-07-2024
TI-CMP-55416,Social Media,Tier 2 City Customers,7.0,Google,47262.0,2827.0,1401.0,1105.0,,170.08,2.18,English,11.28,Tier 2 City Customers,01-09-2024
,Social Media,Youth,18.0,"WhatsApp, Google",28489.0,3957.0,2308.0,1333.0,1047738.0,52.13,14.08,Tamil,26.67,Premium Shoppers,03-03-2025
TI-CMP-45162,Email,Tier 2 City Customers,,"Facebook, YouTube, Google",58411.0,5734.0,,1999.0,1533233.0,,4.16,Bengali,18.78,Working Women,16-06-2025
TI-CMP-8064,Paid Ads,Premium Shoppers,26.0,Instagram,91467.0,12425.0,5084.0,2311.0,1217897.0,82.04,5.42,Tamil,21.67,Working Women,01-07-2024
TI-CMP-22829,Social Media,College Students,5.0,"Email, WhatsApp, Instagram",47216.0,1780.0,904.0,322.0,96922.0,392.62,-0.23,,6.37,Working Women,26-10-2024
TI-CMP-30923,Social Media,Premium Shoppers,21.0,WhatsApp,13965.0,1405.0,573.0,294.0,112896.0,357.33,0.07,English,16.27,Tier 2 City Customers,31-05-2025
TI-CMP-41479,Paid Ads,Working Women,24.0,Google,78396.0,10979.0,3957.0,2833.0,,33.1,15.34,English,22.67,Youth,27-12-2024
TI-CMP-1251,SEO,Working Women,,"Email, Instagram",58109.0,4334.0,1370.0,697.0,552721.0,189.02,3.2,Hindi,11.02,Youth,
TI-CMP-17776,Email,Youth,7.0,,47604.0,1640.0,430.0,274.0,175360.0,824.0,-0.22,Tamil,4.92,Premium Shoppers,08-08-2024
TI-CMP-10324,Email,Premium Shoppers,7.0,"YouTube, Facebook",95018.0,8115.0,3503.0,2796.0,561996.0,66.7,2.01,Hindi,15.17,Premium Shoppers,18-09-2024
TI-CMP-51610,Paid Ads,Premium Shoppers,8.0,"Google, WhatsApp, Instagram",21467.0,526.0,183.0,119.0,31654.0,2162.28,-0.88,Bengali,3.86,Working Women,04-05-2025
TI-CMP-24602,SEO,Tier 2 City Customers,11.0,"Google, YouTube, Instagram",,,4091.0,1657.0,944490.0,106.13,4.37,Tamil,21.41,,12-06-2025
TI-CMP-33829,Social Media,Youth,12.0,Email,58329.0,3371.0,748.0,298.0,133802.0,,-0.42,English,7.57,Youth,28-11-2024
TI-CMP-46667,Influencer,Working Women,16.0,YouTube,67862.0,1746.0,576.0,373.0,79449.0,199.65,0.07,Hindi,3.97,,04-01-2025
TI-CMP-7435,,Premium Shoppers,23.0,"Google, Instagram, Email",78673.0,3838.0,1517.0,964.0,228468.0,127.92,0.85,Hindi,8.03,Tier 2 City Customers,05-12-2024
TI-CMP-10613,Paid Ads,Youth,6.0,"YouTube, WhatsApp",39736.0,3652.0,896.0,481.0,149591.0,303.04,0.03,Tamil,12.66,College Students,
TI-CMP-8515,Paid Ads,Tier 2 City Customers,14.0,"Facebook, Email, YouTube",70011.0,6942.0,2233.0,1306.0,686956.0,134.95,2.9,English,14.97,Youth,30-10-2024
TI-CMP-19591,Social Media,Tier 2 City Customers,19.0,"Email, WhatsApp, YouTube",87681.0,2490.0,874.0,,174741.0,315.16,0.18,Bengali,4.37,Working Women,13-04-2025
TI-CMP-33438,Social Media,College Students,17.0,"WhatsApp, Email",,3693.0,1574.0,,390167.0,134.67,1.89,Hindi,10.33,Tier 2 City Customers,12-10-2024
TI-CMP-19623,Social Media,Tier 2 City Customers,26.0,"WhatsApp, Instagram, YouTube",64087.0,4938.0,2150.0,689.0,254930.0,333.96,0.11,Tamil,12.14,Premium Shoppers,23-10-2024
TI-CMP-26773,Email,,5.0,"YouTube, WhatsApp",,4858.0,2038.0,768.0,270336.0,322.97,0.09,Hindi,15.74,Working Women,01-04-2025
TI-CMP-33989,Email,Premium Shoppers,11.0,"YouTube, Instagram",54967.0,6352.0,3077.0,1198.0,885322.0,173.34,3.26,Hindi,19.33,Youth,20-09-2024
TI-CMP-13426,Influencer,Working Women,16.0,WhatsApp,90831.0,7481.0,4406.0,2123.0,1426656.0,105.29,5.38,English,15.42,Premium Shoppers,09-07-2024
TI-CMP-28455,SEO,College Students,27.0,"Email, Instagram",82139.0,5533.0,2551.0,993.0,752694.0,222.47,2.41,Hindi,11.05,College Students,18-10-2024
TI-CMP-10057,SEO,Working Women,20.0,"Google, YouTube, Facebook",73923.0,9525.0,4383.0,3250.0,1319500.0,74.07,4.48,Bengali,23.21,Tier 2 City Customers,13-08-2024
TI-CMP-25037,Paid Ads,Tier 2 City Customers,10.0,Google,76958.0,1836.0,1065.0,657.0,252288.0,160.01,1.4,Bengali,4.62,Working Women,05-06-2025
TI-CMP-35417,Influencer,Tier 2 City Customers,,Google,11858.0,637.0,212.0,132.0,100848.0,824.48,-0.07,English,8.27,Working Women,08-04-2025
TI-CMP-33120,SEO,College Students,8.0,"Facebook, WhatsApp",10681.0,,451.0,346.0,136324.0,556.99,-0.29,Bengali,15.15,Tier 2 City Customers,17-09-2024
TI-CMP-41320,Paid Ads,Tier 2 City Customers,10.0,"WhatsApp, Facebook, Email",25020.0,1716.0,355.0,201.0,62913.0,276.65,0.13,Tamil,9.08,Premium Shoppers,29-11-2024
TI-CMP-31142,Social Media,Premium Shoppers,28.0,YouTube,44717.0,1579.0,414.0,174.0,,765.23,-0.74,Bengali,4.85,Youth,24-05-2025
TI-CMP-9441,,College Students,6.0,"WhatsApp, YouTube",26985.0,659.0,188.0,,45600.0,1207.21,-0.53,Hindi,3.44,,04-03-2025
TI-CMP-56272,Influencer,Youth,22.0,,31941.0,2286.0,909.0,416.0,169312.0,465.94,-0.13,Hindi,11.31,Tier 2 City Customers,16-08-2024
TI-CMP-51173,SEO,,26.0,"Email, YouTube, WhatsApp",70441.0,7061.0,1891.0,1349.0,407398.0,123.56,1.44,Bengali,14.62,Tier 2 City Customers,04-10-2024
TI-CMP-21626,Social Media,Youth,20.0,"WhatsApp, Google",90116.0,5379.0,2016.0,936.0,662688.0,54.05,12.1,English,,Youth,08-05-2025
TI-CMP-8416,,College Students,19.0,"Facebook, Email, YouTube",97587.0,12277.0,4486.0,2464.0,1875104.0,102.68,6.41,English,19.7,Premium Shoppers,08-10-2024
TI-CMP-52102,Influencer,Tier 2 City Customers,10.0,Facebook,,2641.0,744.0,423.0,197964.0,600.03,-0.22,Tamil,13.7,Youth,07-08-2024
TI-CMP-25234,Influencer,Working Women,27.0,"YouTube, Instagram",60815.0,4332.0,2345.0,1205.0,302455.0,227.34,0.1,Hindi,,Youth,05-04-2025
,Social Media,Working Women,11.0,"YouTube, WhatsApp, Google",37497.0,4946.0,1586.0,586.0,220922.0,203.86,0.85,Hindi,,Premium Shoppers,05-09-2024
TI-CMP-32488,Paid Ads,Youth,10.0,Instagram,30146.0,1660.0,431.0,284.0,172104.0,,-0.03,English,7.88,College Students,04-01-2025
TI-CMP-56460,SEO,Working Women,30.0,"Email, Instagram, Facebook",62988.0,6719.0,1957.0,1374.0,579828.0,55.0,6.67,Tamil,15.96,Youth,24-10-2024
TI-CMP-4758,Social Media,,,Facebook,33425.0,1285.0,717.0,511.0,273385.0,328.24,0.63,Hindi,7.52,Tier 2 City Customers,30-07-2024
TI-CMP-2583,SEO,Premium Shoppers,5.0,Instagram,63546.0,2081.0,1061.0,339.0,267471.0,646.66,0.22,English,5.48,College Students,
,Email,Premium Shoppers,20.0,WhatsApp,20597.0,2877.0,1327.0,653.0,412696.0,188.93,2.35,Bengali,23.58,Premium Shoppers,09-03-2025
TI-CMP-52464,Email,Youth,17.0,Instagram,26523.0,3631.0,915.0,457.0,320357.0,504.51,0.39,Hindi,18.86,College Students,20-10-2024
TI-CMP-54771,Email,College Students,14.0,"YouTube, Google",72767.0,2975.0,1541.0,561.0,,396.71,-0.37,English,6.98,Youth,16-01-2025
TI-CMP-2281,Social Media,Premium Shoppers,14.0,"Instagram, Google, WhatsApp",50076.0,1249.0,263.0,138.0,71622.0,735.33,-0.29,Tamil,3.29,College Students,11-02-2025
TI-CMP-7132,Social Media,Youth,10.0,"Email, Facebook, Instagram",94431.0,2466.0,890.0,,226812.0,139.39,2.31,Tamil,,Working Women,08-02-2025
TI-CMP-43706,Influencer,College Students,8.0,"Instagram, Email",87630.0,11947.0,,,1227600.0,,5.07,Tamil,23.6,College Students,15-10-2024
,Influencer,Working Women,24.0,"Google, Facebook, Instagram",39126.0,5803.0,1877.0,1318.0,485024.0,56.28,5.54,Bengali,23.0,Youth,05-08-2024
TI-CMP-39228,Email,Premium Shoppers,23.0,"YouTube, Instagram, Facebook",61313.0,1971.0,769.0,611.0,428922.0,84.79,7.28,English,5.47,College Students,21-12-2024
TI-CMP-54292,SEO,Premium Shoppers,,"Facebook, Email, YouTube",14178.0,1857.0,835.0,476.0,125188.0,554.38,-0.53,Bengali,22.34,College Students,04-07-2024
TI-CMP-51458,Influencer,Premium Shoppers,17.0,"Google, Facebook",14443.0,988.0,317.0,197.0,78603.0,837.56,-0.52,Tamil,10.4,Premium Shoppers,24-11-2024
TI-CMP-48667,SEO,,15.0,"Google, YouTube, Email",13061.0,1223.0,343.0,248.0,62744.0,616.48,-0.59,English,13.89,Premium Shoppers,09-11-2024
TI-CMP-2182,Social Media,Youth,13.0,Email,58394.0,5326.0,1640.0,737.0,167299.0,100.35,1.26,English,13.19,Youth,24-08-2024
TI-CMP-47419,Influencer,Youth,9.0,"Instagram, Google",87514.0,11416.0,5349.0,4270.0,1729350.0,53.63,6.55,Hindi,24.04,Working Women,07-01-2025
TI-CMP-2372,SEO,Tier 2 City Customers,6.0,"Email, Google",57278.0,2981.0,662.0,525.0,213675.0,212.9,0.91,Bengali,7.28,Tier 2 City Customers,18-07-2024
TI-CMP-22987,Influencer,College Students,17.0,"Google, Facebook",92938.0,5985.0,2906.0,915.0,,210.67,0.48,Bengali,10.55,Working Women,29-10-2024
TI-CMP-17507,Paid Ads,Tier 2 City Customers,5.0,,99057.0,8988.0,4475.0,2131.0,909937.0,97.93,3.36,Tamil,15.74,Youth,21-11-2024
TI-CMP-41579,Email,Premium Shoppers,8.0,"Google, YouTube, Instagram",67265.0,5736.0,2780.0,1916.0,404276.0,47.23,3.47,Bengali,15.51,College Students,06-05-2025
,Influencer,Tier 2 City Customers,12.0,WhatsApp,31840.0,4530.0,2086.0,1205.0,800120.0,231.6,1.87,Hindi,24.56,Youth,26-04-2025
TI-CMP-16006,Social Media,Working Women,,"Instagram, Google",79989.0,5006.0,2511.0,833.0,649740.0,297.58,1.62,Hindi,10.44,Tier 2 City Customers,
TI-CMP-3710,Social Media,Tier 2 City Customers,,Instagram,91804.0,4215.0,2045.0,913.0,298551.0,122.84,1.66,Hindi,7.81,Working Women,25-02-2025
TI-CMP-18112,Social Media,Tier 2 City Customers,21.0,"Facebook, Email",71123.0,7990.0,2535.0,1023.0,493086.0,218.2,1.21,Hindi,16.24,Premium Shoppers,14-03-2025
TI-CMP-36867,Paid Ads,Working Women,22.0,"Instagram, YouTube, Facebook",,1395.0,432.0,198.0,88704.0,1492.27,-0.7,English,3.02,Premium Shoppers,28-09-2024
TI-CMP-53200,Paid Ads,Premium Shoppers,28.0,Email,15648.0,,390.0,286.0,149292.0,482.6,0.08,English,10.27,College Students,14-08-2024
TI-CMP-46987,Paid Ads,College Students,7.0,Email,98070.0,12369.0,5048.0,2518.0,1820514.0,38.07,17.99,Bengali,20.33,College Students,09-11-2024
TI-CMP-11915,Social Media,Premium Shoppers,30.0,"WhatsApp, YouTube, Facebook",60897.0,2295.0,1011.0,327.0,83712.0,218.12,0.17,Bengali,5.97,Working Women,14-04-2025
TI-CMP-41672,Influencer,College Students,9.0,"YouTube, WhatsApp",89771.0,10590.0,4332.0,2598.0,,33.64,16.57,English,19.52,Youth,03-12-2024
,Paid Ads,Youth,25.0,"Facebook, WhatsApp, Google",37513.0,969.0,316.0,221.0,89063.0,517.89,-0.22,Bengali,4.01,Premium Shoppers,02-01-2025
TI-CMP-49956,Influencer,Working Women,,Email,17740.0,2567.0,1200.0,865.0,353785.0,243.37,0.68,Bengali,26.11,Working Women,16-04-2025
TI-CMP-27443,Social Media,Tier 2 City Customers,20.0,"WhatsApp, Google, Email",69116.0,4695.0,951.0,686.0,417774.0,362.7,,Tamil,9.16,Tier 2 City Customers,28-09-2024
TI-CMP-8920,SEO,Premium Shoppers,16.0,"Facebook, YouTube, WhatsApp",89547.0,,2997.0,1766.0,505076.0,77.87,2.67,English,12.09,Tier 2 City Customers,14-08-2024
TI-CMP-13687,SEO,Tier 2 City Customers,18.0,,65095.0,1466.0,412.0,318.0,230232.0,293.55,1.47,Tamil,3.37,Tier 2 City Customers,19-01-2025
TI-CMP-30563,Paid Ads,Tier 2 City Customers,12.0,"Facebook, WhatsApp",82438.0,5915.0,3368.0,1710.0,393300.0,57.03,3.03,Hindi,13.33,Youth,
TI-CMP-6683,Social Media,Tier 2 City Customers,17.0,,76234.0,6043.0,1823.0,742.0,263410.0,110.58,,English,11.29,Premium Shoppers,25-04-2025
TI-CMP-48791,Influencer,College Students,22.0,"Facebook, WhatsApp",86172.0,5625.0,2844.0,1033.0,294405.0,187.73,0.52,Bengali,11.03,Youth,19-03-2025
TI-CMP-31393,Influencer,College Students,29.0,"Email, Facebook",17573.0,1103.0,588.0,326.0,256888.0,512.23,0.54,Tamil,11.48,Premium Shoppers,17-09-2024
TI-CMP-17033,Influencer,Tier 2 City Customers,17.0,"WhatsApp, Google",54488.0,5874.0,2851.0,2161.0,1616428.0,33.55,21.29,Hindi,19.98,Working Women,10-12-2024
TI-CMP-37675,Paid Ads,College Students,29.0,"Instagram, Google, Email",69029.0,7880.0,1636.0,1111.0,346632.0,147.01,1.12,Hindi,15.39,Premium Shoppers,10-02-2025
TI-CMP-10750,Email,Premium Shoppers,25.0,"Email, YouTube, WhatsApp",77662.0,4826.0,2805.0,1818.0,1383498.0,37.98,19.04,Hindi,12.17,College Students,02-09-2024
TI-CMP-2584,Paid Ads,,29.0,"WhatsApp, YouTube",19175.0,886.0,528.0,,172744.0,917.82,-0.34,Hindi,8.87,Premium Shoppers,02-10-2024
TI-CMP-2410,,Youth,29.0,YouTube,91626.0,,3807.0,2608.0,1880368.0,71.99,9.01,English,14.02,Tier 2 City Customers,10-04-2025
TI-CMP-41489,Social Media,Premium Shoppers,22.0,"YouTube, Google, WhatsApp",60265.0,2879.0,808.0,472.0,269040.0,156.97,2.63,English,6.9,College Students,24-01-2025
TI-CMP-35966,Influencer,Premium Shoppers,22.0,"YouTube, WhatsApp",71972.0,6211.0,2221.0,1266.0,410184.0,132.02,1.45,Tamil,,Working Women,
TI-CMP-7887,SEO,Premium Shoppers,7.0,"Email, Instagram, Facebook",55142.0,6592.0,2745.0,1171.0,845462.0,140.23,4.15,Tamil,19.06,Working Women,30-05-2025
TI-CMP-37529,SEO,,10.0,"Instagram, Facebook, Email",59736.0,7015.0,3742.0,1798.0,753362.0,56.2,,Tamil,21.02,Tier 2 City Customers,30-09-2024
TI-CMP-37515,Influencer,Tier 2 City Customers,25.0,"Email, YouTube",76511.0,2441.0,861.0,458.0,183658.0,449.56,-0.11,English,4.91,Tier 2 City Customers,29-05-2025
TI-CMP-13645,Social Media,Tier 2 City Customers,18.0,"WhatsApp, Instagram",,7530.0,3391.0,2137.0,784279.0,101.04,2.63,Bengali,13.83,College Students,20-03-2025
TI-CMP-26450,Social Media,Youth,24.0,WhatsApp,90555.0,4101.0,,1658.0,920190.0,99.34,4.59,English,8.79,,12-10-2024
TI-CMP-15759,Paid Ads,Working Women,19.0,"Instagram, Google",91878.0,12616.0,4834.0,2684.0,1392996.0,,25.82,,21.91,Tier 2 City Customers,18-07-2024
TI-CMP-23823,Paid Ads,College Students,17.0,Email,73550.0,7036.0,3605.0,1706.0,1096958.0,54.14,10.88,Bengali,16.79,Tier 2 City Customers,16-02-2025
TI-CMP-12321,,College Students,11.0,"Facebook, Email",24861.0,3358.0,891.0,372.0,267096.0,167.15,3.3,Tamil,18.59,Youth,07-02-2025
TI-CMP-19466,SEO,Tier 2 City Customers,27.0,"WhatsApp, Email, Facebook",88795.0,5839.0,3135.0,2382.0,,110.2,2.48,Tamil,12.79,Tier 2 City Customers,
TI-CMP-45996,Paid Ads,Premium Shoppers,28.0,"Google, WhatsApp, YouTube",,9509.0,5391.0,3640.0,964600.0,30.83,7.6,Hindi,22.41,Working Women,05-02-2025
TI-CMP-49546,Paid Ads,Working Women,25.0,"Google, YouTube, WhatsApp",18078.0,1612.0,610.0,185.0,133385.0,850.79,-0.15,Bengali,13.31,Tier 2 City Customers,08-01-2025
TI-CMP-54316,Email,Premium Shoppers,22.0,"Email, Instagram",85982.0,4912.0,1637.0,508.0,106680.0,229.73,-0.09,Tamil,8.21,Tier 2 City Customers,16-02-2025
TI-CMP-14649,SEO,Premium Shoppers,11.0,Google,66447.0,2603.0,1333.0,445.0,159310.0,388.2,-0.08,English,6.59,Premium Shoppers,06-03-2025
,Influencer,Youth,28.0,YouTube,91416.0,10979.0,5094.0,3479.0,1398558.0,44.4,8.05,Bengali,21.39,College Students,29-01-2025
TI-CMP-42543,,Youth,9.0,"Facebook, Google, WhatsApp",44732.0,2904.0,797.0,456.0,219336.0,212.32,1.27,Bengali,9.29,College Students,22-11-2024
TI-CMP-53242,Paid Ads,Premium Shoppers,10.0,WhatsApp,41725.0,3906.0,1156.0,413.0,134638.0,305.4,0.07,Bengali,13.12,,16-03-2025
TI-CMP-9450,Social Media,Premium Shoppers,22.0,,,1500.0,768.0,477.0,234684.0,343.68,0.43,,9.61,Working Women,
TI-CMP-53185,Email,College Students,27.0,"Google, Instagram",40005.0,1419.0,500.0,206.0,61594.0,515.56,-0.42,Hindi,5.31,Working Women,26-07-2024
TI-CMP-11575,Social Media,,18.0,"YouTube, Facebook, WhatsApp",74155.0,9209.0,3411.0,2152.0,469136.0,131.39,0.66,Tamil,19.92,Youth,31-07-2024
,Influencer,Youth,24.0,"Facebook, Email",43926.0,2884.0,1414.0,,577274.0,124.01,3.34,,12.23,Youth,07-04-2025
TI-CMP-20722,SEO,,8.0,"Instagram, Google",18929.0,1398.0,332.0,206.0,62212.0,,-0.35,Hindi,10.23,Working Women,24-09-2024
TI-CMP-7658,Influencer,Youth,18.0,Instagram,42149.0,1195.0,588.0,,315615.0,751.05,0.06,Hindi,5.17,Youth,17-02-2025
TI-CMP-8266,SEO,Premium Shoppers,13.0,Facebook,31877.0,3750.0,2128.0,1062.0,520380.0,135.33,2.62,Hindi,21.77,Working Women,07-11-2024
TI-CMP-39423,,Working Women,19.0,"Facebook, Google",23918.0,951.0,364.0,124.0,92008.0,1896.72,-0.61,Tamil,6.02,Premium Shoppers,04-01-2025
TI-CMP-55020,Email,College Students,30.0,"Instagram, Google, YouTube",45189.0,4408.0,2350.0,898.0,272094.0,203.75,,Hindi,16.94,Youth,14-12-2024
TI-CMP-55170,SEO,Tier 2 City Customers,10.0,"YouTube, Instagram",,2443.0,617.0,204.0,42432.0,1065.21,-0.8,Hindi,5.68,College Students,11-06-2025
,Social Media,Youth,26.0,Instagram,52362.0,1241.0,386.0,225.0,150525.0,876.67,-0.24,English,3.54,College Students,20-10-2024
TI-CMP-1697,Paid Ads,Tier 2 City Customers,13.0,"Email, Google, Facebook",56764.0,6058.0,2777.0,1837.0,810117.0,32.0,12.78,Bengali,18.8,Tier 2 City Customers,
TI-CMP-38917,Social Media,Premium Shoppers,21.0,"Email, Facebook, WhatsApp",68547.0,3166.0,1817.0,,266910.0,458.07,0.02,Hindi,8.11,Tier 2 City Customers,14-11-2024
TI-CMP-4189,Social Media,College Students,23.0,Email,51924.0,3091.0,1107.0,767.0,516958.0,382.71,0.76,Bengali,9.56,Premium Shoppers,30-09-2024
TI-CMP-52473,SEO,Premium Shoppers,6.0,"Facebook, Email",51726.0,5959.0,1883.0,1086.0,288876.0,179.88,0.48,Hindi,17.26,Tier 2 City Customers,03-11-2024
,Paid Ads,Working Women,22.0,WhatsApp,60569.0,2022.0,855.0,627.0,305976.0,103.56,,Hindi,5.79,Working Women,20-04-2025
TI-CMP-38652,Paid Ads,Youth,30.0,Instagram,36046.0,1946.0,400.0,229.0,175414.0,1267.52,-0.4,Hindi,7.14,Working Women,14-11-2024
TI-CMP-52737,Influencer,Youth,12.0,Instagram,78488.0,11352.0,2607.0,1250.0,641250.0,85.72,4.98,Bengali,19.38,,04-04-2025
TI-CMP-16132,SEO,College Students,11.0,"Facebook, Instagram, Email",16343.0,752.0,192.0,68.0,35428.0,3402.88,-0.85,Tamil,6.19,Premium Shoppers,02-08-2024
TI-CMP-15013,Paid Ads,Working Women,10.0,"Instagram, YouTube",24232.0,,611.0,203.0,61103.0,272.23,0.11,Hindi,9.4,College Students,28-02-2025
TI-CMP-20891,Influencer,College Students,9.0,Instagram,29261.0,2605.0,1284.0,585.0,297765.0,109.18,3.66,Tamil,15.29,Tier 2 City Customers,14-03-2025
TI-CMP-49887,SEO,College Students,21.0,WhatsApp,12122.0,1595.0,623.0,297.0,184734.0,642.85,-0.03,Hindi,20.75,Premium Shoppers,20-12-2024
TI-CMP-2842,Email,Youth,6.0,"WhatsApp, Facebook, Instagram",71303.0,2660.0,770.0,339.0,,781.56,-0.68,Bengali,5.29,Youth,04-02-2025
TI-CMP-42840,Paid Ads,Tier 2 City Customers,7.0,"Facebook, Instagram",83920.0,11712.0,4188.0,3010.0,797650.0,66.68,2.97,English,22.53,Youth,22-07-2024
TI-CMP-13331,Influencer,Premium Shoppers,10.0,WhatsApp,69556.0,2147.0,631.0,337.0,78184.0,483.9,-0.52,Hindi,4.48,Working Women,07-01-2025
TI-CMP-30502,Paid Ads,Youth,5.0,"Email, Facebook",35306.0,889.0,248.0,174.0,102486.0,1294.84,-0.55,Bengali,3.71,,18-11-2024
TI-CMP-9357,SEO,Premium Shoppers,13.0,"Google, YouTube, Email",66384.0,8594.0,4651.0,3385.0,1868520.0,66.96,7.24,English,25.05,Youth,22-09-2024
TI-CMP-4882,Influencer,College Students,10.0,,59534.0,7111.0,3909.0,2631.0,734049.0,101.43,1.75,Hindi,22.93,Premium Shoppers,19-01-2025
,Social Media,Premium Shoppers,27.0,"Instagram, Facebook, Email",75205.0,2747.0,1472.0,539.0,119119.0,233.68,-0.05,Hindi,6.33,Premium Shoppers,08-05-2025
TI-CMP-20409,Social Media,Tier 2 City Customers,7.0,,95038.0,2410.0,1308.0,839.0,234920.0,109.05,1.57,Hindi,4.79,Youth,08-12-2024
,Paid Ads,Youth,,"Facebook, WhatsApp, Google",,2697.0,916.0,724.0,435124.0,397.55,0.51,Tamil,15.23,Tier 2 City Customers,26-04-2025
TI-CMP-39434,Email,College Students,11.0,WhatsApp,90248.0,13133.0,3522.0,2381.0,,118.35,,Bengali,21.09,Working Women,03-12-2024
TI-CMP-47761,Social Media,Premium Shoppers,17.0,"Instagram, YouTube",42225.0,1081.0,630.0,333.0,176157.0,525.07,0.01,English,4.84,Premium Shoppers,11-06-2025
,SEO,Tier 2 City Customers,17.0,"YouTube, Instagram",94121.0,9181.0,3999.0,2781.0,1320975.0,28.59,15.61,English,16.96,Youth,30-04-2025
TI-CMP-22184,SEO,College Students,29.0,Email,96275.0,6686.0,1571.0,937.0,446949.0,225.17,1.12,Bengali,9.55,Premium Shoppers,12-09-2024
TI-CMP-52477,Influencer,College Students,24.0,Google,40518.0,5620.0,2891.0,963.0,746325.0,54.92,13.11,Bengali,23.38,Tier 2 City Customers,11-02-2025
TI-CMP-9182,SEO,Working Women,30.0,"Email, Facebook, Instagram",10113.0,,261.0,193.0,67936.0,810.54,,Bengali,9.59,Premium Shoppers,01-01-2025
TI-CMP-30931,Influencer,College Students,25.0,"WhatsApp, Google",77383.0,6878.0,3608.0,1954.0,,44.99,14.98,English,16.08,,18-10-2024
TI-CMP-54152,Influencer,Tier 2 City Customers,24.0,"Google, Instagram",86641.0,3501.0,1968.0,1442.0,650342.0,70.89,5.36,Tamil,7.98,Premium Shoppers,29-12-2024
TI-CMP-36101,Social Media,Tier 2 City Customers,21.0,"Google, WhatsApp",36075.0,1677.0,907.0,714.0,205632.0,204.95,0.41,English,9.14,Premium Shoppers,16-12-2024
TI-CMP-15000,Paid Ads,Youth,23.0,"Facebook, YouTube, Instagram",17094.0,907.0,352.0,176.0,37312.0,,-0.84,Hindi,8.39,Working Women,05-07-2024
,Influencer,Tier 2 City Customers,9.0,"YouTube, Email, Google",26699.0,2531.0,1086.0,365.0,160235.0,715.52,-0.39,Bengali,14.91,Youth,27-12-2024
TI-CMP-25674,Influencer,Working Women,23.0,"WhatsApp, YouTube",20052.0,1147.0,647.0,499.0,221057.0,392.23,0.13,Tamil,11.44,Tier 2 City Customers,23-02-2025
TI-CMP-51528,Influencer,Youth,16.0,"Email, Google",47855.0,1796.0,435.0,194.0,104566.0,782.52,-0.31,Tamil,5.07,College Students,29-12-2024
TI-CMP-55910,Social Media,College Students,14.0,Facebook,37085.0,4911.0,2326.0,1595.0,704990.0,44.57,8.92,English,23.82,Premium Shoppers,31-08-2024
TI-CMP-24942,SEO,Premium Shoppers,18.0,Email,65857.0,,975.0,483.0,102879.0,364.04,-0.41,Tamil,6.48,Tier 2 City Customers,09-12-2024
TI-CMP-3191,Email,Tier 2 City Customers,25.0,Email,64176.0,,2159.0,698.0,197534.0,309.82,-0.09,English,12.16,Tier 2 City Customers,15-09-2024
TI-CMP-48898,Influencer,Working Women,14.0,"Instagram, YouTube",43510.0,1245.0,535.0,329.0,87185.0,592.02,-0.55,Bengali,4.85,College Students,29-05-2025
TI-CMP-33071,SEO,Working Women,5.0,"Instagram, YouTube",21189.0,771.0,189.0,65.0,30550.0,1010.83,-0.54,English,4.84,Working Women,13-01-2025
TI-CMP-36883,,College Students,17.0,"Instagram, Facebook",28692.0,2047.0,,571.0,348881.0,134.3,3.55,Tamil,12.75,Working Women,20-02-2025
,Paid Ads,Tier 2 City Customers,27.0,"YouTube, WhatsApp",40189.0,1352.0,306.0,213.0,125883.0,1336.66,-0.56,Hindi,4.66,Working Women,15-12-2024
TI-CMP-48503,SEO,Tier 2 City Customers,20.0,Facebook,76217.0,8592.0,3991.0,2467.0,1620819.0,97.23,5.76,Bengali,19.75,Youth,06-02-2025
TI-CMP-27742,Influencer,,10.0,"Facebook, Google, WhatsApp",68845.0,2684.0,1240.0,485.0,167325.0,616.83,-0.44,English,6.4,College Students,04-08-2024
TI-CMP-51715,Influencer,Premium Shoppers,10.0,Instagram,42813.0,6355.0,3341.0,2061.0,562653.0,53.98,4.06,Bengali,27.46,College Students,14-08-2024
TI-CMP-37604,Social Media,,22.0,Google,37418.0,3549.0,1553.0,1069.0,580467.0,183.62,1.96,Bengali,16.49,Tier 2 City Customers,06-07-2024
TI-CMP-34602,Social Media,Working Women,24.0,,91614.0,11712.0,4921.0,2329.0,947903.0,37.07,9.98,Hindi,20.7,Working Women,04-05-2025
,Email,Premium Shoppers,5.0,WhatsApp,54199.0,6549.0,2646.0,1093.0,586941.0,150.39,2.57,Bengali,18.98,College Students,10-12-2024
TI-CMP-46616,Email,Youth,30.0,"Google, Email, YouTube",37426.0,2471.0,598.0,453.0,91506.0,242.9,-0.17,Tamil,9.41,College Students,09-01-2025
TI-CMP-52215,Influencer,Working Women,9.0,YouTube,,4695.0,2750.0,1608.0,993744.0,68.75,7.99,English,15.23,Working Women,02-08-2024
TI-CMP-45000,Social Media,Youth,19.0,"Email, Google, Instagram",,4675.0,2142.0,644.0,412160.0,365.23,0.75,Bengali,10.73,Youth,21-02-2025
TI-CMP-14398,Email,Working Women,25.0,"Facebook, YouTube",12407.0,969.0,508.0,258.0,,343.52,0.57,Hindi,13.98,College Students,13-08-2024
TI-CMP-4095,Influencer,College Students,10.0,"WhatsApp, Instagram, Google",92390.0,9616.0,3155.0,2440.0,1812920.0,49.37,14.05,Hindi,16.46,College Students,30-09-2024
TI-CMP-46651,Paid Ads,Working Women,,Google,50938.0,5476.0,2233.0,764.0,569944.0,214.8,2.47,Hindi,16.63,Working Women,28-07-2024
TI-CMP-10485,Influencer,Youth,15.0,Facebook,10308.0,668.0,294.0,90.0,34830.0,2068.16,-0.81,Bengali,10.21,Working Women,16-11-2024
TI-CMP-51383,Social Media,College Students,15.0,Instagram,90955.0,12663.0,2745.0,1175.0,512300.0,119.46,,Bengali,18.23,Tier 2 City Customers,13-05-2025
TI-CMP-27593,Paid Ads,College Students,16.0,Google,79607.0,11510.0,6756.0,4938.0,2049270.0,56.74,6.31,Bengali,29.15,Premium Shoppers,27-12-2024
TI-CMP-46796,Influencer,Youth,14.0,WhatsApp,43514.0,1410.0,669.0,390.0,163800.0,382.46,0.1,Bengali,5.67,Working Women,01-03-2025
TI-CMP-11113,SEO,College Students,21.0,Email,95769.0,3898.0,1440.0,1104.0,607200.0,53.81,9.22,English,6.73,Premium Shoppers,07-01-2025
TI-CMP-37209,SEO,College Students,6.0,"Facebook, Google",45802.0,2526.0,833.0,439.0,101409.0,366.36,-0.37,English,8.29,Youth,18-01-2025
TI-CMP-23510,Social Media,Premium Shoppers,26.0,Instagram,90242.0,9786.0,2572.0,1663.0,806555.0,141.09,2.44,English,15.54,Youth,04-08-2024
,,Tier 2 City Customers,26.0,YouTube,69428.0,8368.0,2646.0,1822.0,1402940.0,96.39,6.99,Hindi,18.49,College Students,19-10-2024
TI-CMP-38144,Paid Ads,Premium Shoppers,18.0,Instagram,93993.0,12409.0,3034.0,2276.0,1124344.0,48.12,,English,18.85,Working Women,26-12-2024
TI-CMP-39959,Social Media,Working Women,17.0,WhatsApp,80725.0,11295.0,6235.0,2413.0,1657731.0,105.26,5.53,Bengali,24.7,Working Women,21-01-2025
TI-CMP-42259,Influencer,Premium Shoppers,13.0,,38698.0,5353.0,2401.0,1768.0,1092624.0,167.27,2.69,Hindi,24.61,Premium Shoppers,
TI-CMP-21251,Email,Working Women,12.0,"Facebook, YouTube, WhatsApp",35205.0,1687.0,643.0,273.0,189735.0,797.1,-0.13,Bengali,7.39,College Students,05-05-2025
TI-CMP-5679,SEO,Youth,15.0,"Email, Instagram",34656.0,4145.0,1856.0,773.0,242722.0,98.56,2.19,,19.55,Premium Shoppers,25-02-2025
TI-CMP-30758,Influencer,Youth,9.0,Google,56990.0,3971.0,1727.0,920.0,308200.0,128.02,1.62,English,11.61,Tier 2 City Customers,09-07-2024
TI-CMP-3893,Paid Ads,College Students,6.0,Facebook,28240.0,3475.0,961.0,290.0,128470.0,511.17,-0.13,Tamil,16.74,College Students,19-09-2024
TI-CMP-42046,Email,College Students,10.0,"Google, Facebook",,2333.0,648.0,497.0,,124.68,3.56,English,4.73,Premium Shoppers,11-04-2025
TI-CMP-4142,Social Media,Working Women,17.0,"Email, YouTube, Facebook",92786.0,13220.0,7515.0,4782.0,3691704.0,26.37,28.28,Hindi,27.5,Premium Shoppers,12-08-2024
TI-CMP-53695,SEO,Youth,20.0,WhatsApp,40496.0,1384.0,756.0,574.0,150962.0,332.8,,Bengali,6.7,Working Women,14-10-2024
TI-CMP-9740,Social Media,Premium Shoppers,19.0,"Email, WhatsApp, Facebook",85048.0,2057.0,585.0,356.0,97188.0,284.08,-0.04,Tamil,3.53,Working Women,06-04-2025
TI-CMP-50753,SEO,College Students,26.0,"YouTube, Facebook, Google",19943.0,2786.0,1278.0,972.0,419904.0,240.41,0.8,Hindi,25.25,College Students,18-10-2024
TI-CMP-7793,SEO,Youth,5.0,,60873.0,6873.0,3452.0,2610.0,965700.0,65.85,4.62,Tamil,21.25,College Students,22-10-2024
TI-CMP-49422,Paid Ads,Working Women,30.0,"WhatsApp, Facebook, YouTube",86567.0,11149.0,3690.0,1390.0,1021650.0,78.14,8.41,,18.75,Premium Shoppers,24-09-2024
TI-CMP-17987,Email,Premium Shoppers,7.0,"Google, Email, Facebook",57894.0,6511.0,2452.0,1526.0,718746.0,38.81,11.13,English,,Tier 2 City Customers,06-03-2025
TI-CMP-2661,Influencer,Youth,30.0,"YouTube, WhatsApp, Google",87094.0,7276.0,2375.0,787.0,473774.0,330.67,0.82,Tamil,11.98,Youth,24-04-2025
TI-CMP-4661,Social Media,Tier 2 City Customers,,"Facebook, Instagram",61936.0,5963.0,1250.0,560.0,362320.0,158.89,3.07,Bengali,12.55,Tier 2 City Customers,03-12-2024
TI-CMP-46636,Email,Working Women,5.0,Instagram,60517.0,3380.0,1860.0,1236.0,771264.0,198.11,2.15,English,10.7,Youth,17-04-2025
TI-CMP-49960,Email,College Students,17.0,"Instagram, Facebook, Google",41699.0,1432.0,447.0,291.0,155103.0,609.62,-0.13,Bengali,5.2,Tier 2 City Customers,18-04-2025
TI-CMP-18432,Social Media,College Students,10.0,,73082.0,4754.0,1116.0,411.0,324279.0,568.44,,,8.59,Tier 2 City Customers,24-12-2024
,Influencer,College Students,13.0,"Google, WhatsApp, Email",70967.0,7847.0,1786.0,1226.0,744182.0,61.87,8.81,Tamil,15.3,Youth,07-09-2024
TI-CMP-36700,Influencer,Premium Shoppers,22.0,"Instagram, Email, Facebook",71467.0,4070.0,1492.0,1126.0,664340.0,154.72,2.81,Bengali,9.36,Youth,14-09-2024
TI-CMP-12359,Influencer,Youth,6.0,,25591.0,3271.0,949.0,344.0,255936.0,663.36,0.12,Tamil,,Premium Shoppers,30-03-2025
TI-CMP-29998,Email,Tier 2 City Customers,8.0,"Instagram, Google",,2067.0,1181.0,863.0,360734.0,179.87,1.32,Hindi,4.62,Tier 2 City Customers,16-09-2024
TI-CMP-41917,Paid Ads,Premium Shoppers,27.0,"WhatsApp, Instagram, Email",95710.0,2435.0,623.0,442.0,144092.0,666.56,-0.51,English,3.66,College Students,20-05-2025
TI-CMP-11522,Paid Ads,Youth,16.0,"WhatsApp, Facebook, YouTube",68772.0,4456.0,2320.0,739.0,162580.0,276.84,-0.21,English,10.93,Premium Shoppers,07-12-2024
TI-CMP-2670,,Youth,21.0,YouTube,40738.0,1409.0,451.0,289.0,84099.0,,0.15,English,5.28,College Students,19-09-2024
TI-CMP-38399,SEO,Working Women,24.0,"Email, WhatsApp",21120.0,3017.0,956.0,565.0,326005.0,292.68,0.97,Hindi,21.49,Youth,29-11-2024
TI-CMP-49150,Paid Ads,Youth,20.0,Facebook,34705.0,1973.0,543.0,203.0,,638.28,-0.07,,7.83,Tier 2 City Customers,26-08-2024
TI-CMP-15513,Influencer,Premium Shoppers,18.0,YouTube,,6413.0,3087.0,1158.0,836076.0,56.56,11.77,English,14.15,Premium Shoppers,10-05-2025
TI-CMP-8845,Social Media,Premium Shoppers,24.0,"Google, Facebook, YouTube",92786.0,2342.0,1256.0,1004.0,407624.0,170.72,1.38,Hindi,4.96,Premium Shoppers,14-05-2025
TI-CMP-17714,Email,Working Women,10.0,Email,51561.0,5055.0,1802.0,1091.0,750608.0,188.94,2.64,English,15.41,Working Women,14-08-2024
TI-CMP-38969,Influencer,Working Women,17.0,"YouTube, Facebook, Instagram",37702.0,4972.0,2221.0,948.0,304308.0,219.78,0.46,English,21.59,Working Women,27-08-2024
TI-CMP-39901,Influencer,Working Women,8.0,"Email, YouTube, Google",72540.0,8589.0,3425.0,2597.0,,114.85,2.88,Hindi,20.14,Tier 2 City Customers,16-02-2025
TI-CMP-24709,Email,Tier 2 City Customers,16.0,"Email, Facebook",36529.0,4027.0,1977.0,1511.0,356596.0,188.73,0.25,Hindi,20.57,Youth,15-03-2025
TI-CMP-2621,Social Media,Working Women,14.0,Email,49412.0,3684.0,1113.0,381.0,276606.0,411.54,0.76,English,10.48,Youth,12-11-2024
TI-CMP-40571,Paid Ads,Premium Shoppers,11.0,"Google, WhatsApp",22381.0,2667.0,839.0,609.0,341649.0,364.26,0.54,Bengali,18.39,,29-01-2025
TI-CMP-38776,Paid Ads,Working Women,11.0,,83190.0,8140.0,3195.0,2500.0,1737500.0,110.95,5.26,English,16.63,Working Women,14-12-2024
TI-CMP-43111,Social Media,Youth,26.0,"Email, YouTube, WhatsApp",73736.0,6089.0,1358.0,535.0,327420.0,163.18,,Bengali,10.83,Youth,04-01-2025
TI-CMP-40473,SEO,Premium Shoppers,22.0,Google,62223.0,6583.0,2848.0,917.0,233835.0,81.19,2.14,Tamil,16.63,College Students,
TI-CMP-37944,Influencer,Working Women,8.0,"Google, Email, Instagram",61753.0,3986.0,2312.0,1268.0,485644.0,,2.0,Hindi,12.25,Tier 2 City Customers,28-11-2024
TI-CMP-51561,,,30.0,,48229.0,4118.0,1818.0,1322.0,506326.0,157.53,1.43,Bengali,15.05,College Students,09-11-2024
TI-CMP-45970,Email,Working Women,18.0,Facebook,21195.0,2850.0,799.0,605.0,426525.0,160.03,,Hindi,20.07,College Students,23-02-2025
TI-CMP-22222,Social Media,College Students,20.0,Email,94649.0,6411.0,2837.0,2110.0,649880.0,141.48,1.18,Bengali,12.0,Working Women,03-10-2024
TI-CMP-45234,Paid Ads,Working Women,10.0,YouTube,82452.0,4806.0,2540.0,,645468.0,129.97,1.78,English,11.08,Working Women,26-03-2025
TI-CMP-10118,Social Media,Premium Shoppers,7.0,"Email, WhatsApp, Google",84199.0,,2508.0,1001.0,776776.0,209.88,2.7,English,16.68,College Students,16-08-2024
TI-CMP-15916,SEO,Tier 2 City Customers,29.0,"Instagram, YouTube, Email",41436.0,3868.0,2119.0,1523.0,817851.0,183.48,1.93,Hindi,18.12,Premium Shoppers,12-01-2025
TI-CMP-52264,Paid Ads,College Students,,"Facebook, Google, Instagram",,818.0,371.0,182.0,130858.0,866.14,-0.17,Tamil,9.32,Premium Shoppers,01-09-2024
TI-CMP-14077,Influencer,Premium Shoppers,13.0,"WhatsApp, YouTube",16432.0,1359.0,627.0,412.0,290460.0,232.36,2.03,Tamil,14.59,Premium Shoppers,11-01-2025
TI-CMP-20269,Email,Working Women,23.0,"YouTube, Email",23025.0,3267.0,1423.0,428.0,159644.0,698.54,,Tamil,22.23,Premium Shoppers,20-11-2024
,Influencer,Tier 2 City Customers,22.0,"Google, Email, YouTube",36874.0,2461.0,1433.0,658.0,332948.0,153.8,2.29,Hindi,12.34,Working Women,24-02-2025
TI-CMP-18348,Influencer,Youth,12.0,"WhatsApp, YouTube",46525.0,3959.0,1688.0,1177.0,808599.0,145.6,3.72,Tamil,14.67,Premium Shoppers,
TI-CMP-17420,Influencer,Working Women,13.0,"Email, YouTube, Instagram",89860.0,5305.0,1526.0,1043.0,784336.0,195.2,2.85,Hindi,8.76,Premium Shoppers,21-01-2025
TI-CMP-11801,Social Media,Working Women,,Email,10383.0,1195.0,545.0,411.0,202212.0,629.7,-0.22,English,20.72,Premium Shoppers,06-01-2025
TI-CMP-10553,Email,,5.0,YouTube,67277.0,7652.0,3436.0,,979952.0,176.84,2.3,Hindi,18.98,Tier 2 City Customers,31-01-2025
TI-CMP-14924,Email,Tier 2 City Customers,9.0,Google,96416.0,4168.0,,622.0,260618.0,364.91,0.15,Bengali,6.01,Working Women,07-03-2025
TI-CMP-51169,Social Media,Tier 2 City Customers,,"Instagram, Google, Email",39114.0,2445.0,819.0,479.0,309434.0,109.02,4.93,Tamil,,Youth,17-01-2025
TI-CMP-30718,Social Media,Premium Shoppers,16.0,WhatsApp,97517.0,2718.0,1394.0,494.0,122512.0,308.09,-0.2,Bengali,4.72,Tier 2 City Customers,09-01-2025
TI-CMP-3592,,College Students,23.0,"Google, WhatsApp, Instagram",29206.0,1022.0,608.0,381.0,112395.0,680.31,-0.57,,6.89,Tier 2 City Customers,27-07-2024
TI-CMP-50281,,College Students,25.0,"Instagram, Google",50077.0,1322.0,553.0,329.0,128968.0,454.0,-0.14,Tamil,4.4,College Students,03-08-2024
TI-CMP-19087,SEO,Tier 2 City Customers,30.0,YouTube,85066.0,7428.0,,1836.0,910656.0,63.29,,Bengali,14.61,Youth,03-11-2024
TI-CMP-9788,SEO,College Students,28.0,"YouTube, Instagram",59120.0,2802.0,1107.0,438.0,239148.0,222.72,1.45,Hindi,7.35,Premium Shoppers,04-11-2024
TI-CMP-4761,Paid Ads,Working Women,14.0,Facebook,10210.0,738.0,250.0,166.0,126160.0,1376.11,-0.45,Bengali,,Working Women,09-05-2025
TI-CMP-4393,Influencer,Youth,13.0,"Instagram, Email",77479.0,11245.0,3656.0,1522.0,750346.0,84.39,4.84,English,21.2,Tier 2 City Customers,02-03-2025
TI-CMP-47594,,College Students,16.0,"Facebook, Google",74508.0,7914.0,2769.0,1876.0,408968.0,131.12,0.66,Hindi,16.86,Working Women,04-11-2024
TI-CMP-18598,Email,College Students,19.0,,75111.0,3956.0,1747.0,926.0,221314.0,78.32,2.05,English,8.83,College Students,28-10-2024
TI-CMP-47053,Influencer,College Students,11.0,"Facebook, WhatsApp, YouTube",83823.0,4653.0,2324.0,791.0,331429.0,247.64,0.69,English,9.27,Premium Shoppers,05-04-2025
TI-CMP-17392,SEO,Youth,26.0,"Google, Email, Facebook",34622.0,3785.0,884.0,632.0,,364.23,,Tamil,15.31,Premium Shoppers,30-11-2024
TI-CMP-6954,Social Media,Premium Shoppers,29.0,Instagram,93555.0,11151.0,3170.0,1127.0,706629.0,,4.93,Tamil,,College Students,11-11-2024
TI-CMP-34173,Social Media,Youth,18.0,"Google, Instagram",58850.0,4021.0,1005.0,752.0,592576.0,129.21,5.1,English,9.82,Youth,27-03-2025
TI-CMP-17290,Social Media,Tier 2 City Customers,22.0,Facebook,12962.0,1843.0,493.0,298.0,145424.0,221.34,1.2,English,20.32,Working Women,25-07-2024
TI-CMP-52353,SEO,College Students,16.0,"Email, WhatsApp, Facebook",60005.0,5730.0,1581.0,1174.0,292326.0,43.65,4.7,Bengali,14.14,Premium Shoppers,22-10-2024
,Email,Working Women,5.0,"Google, YouTube, Email",30436.0,4414.0,2204.0,1005.0,349740.0,217.59,0.6,Tamil,25.05,College Students,05-06-2025
TI-CMP-38218,Paid Ads,Premium Shoppers,29.0,YouTube,27665.0,2280.0,975.0,684.0,458964.0,274.78,,Bengali,14.24,Working Women,12-10-2024
TI-CMP-3098,Influencer,College Students,27.0,"Email, Google",,3978.0,1913.0,1263.0,724962.0,94.78,,,24.26,Working Women,21-07-2024
TI-CMP-36015,Influencer,Premium Shoppers,22.0,"YouTube, Email",92210.0,7767.0,1854.0,890.0,408510.0,251.33,0.83,English,11.4,Tier 2 City Customers,26-09-2024
TI-CMP-41269,Email,Working Women,16.0,"Facebook, YouTube, Google",68521.0,9647.0,,4270.0,952210.0,25.7,7.68,Hindi,28.26,Tier 2 City Customers,25-11-2024
TI-CMP-35452,Email,College Students,14.0,Email,26526.0,1677.0,565.0,221.0,91052.0,1163.34,,Tamil,9.29,Tier 2 City Customers,
TI-CMP-1659,,Working Women,6.0,,59454.0,6679.0,2205.0,891.0,401841.0,218.58,1.06,Hindi,16.44,Tier 2 City Customers,
TI-CMP-44916,Influencer,Tier 2 City Customers,6.0,"Instagram, Email, Facebook",89293.0,4184.0,855.0,423.0,299061.0,313.12,1.26,Hindi,6.12,Premium Shoppers,27-03-2025
TI-CMP-16135,,Working Women,20.0,"Google, Facebook",36599.0,1935.0,855.0,387.0,232200.0,733.99,-0.18,Bengali,8.68,Premium Shoppers,20-12-2024
TI-CMP-33056,SEO,Working Women,6.0,"Email, WhatsApp, Instagram",90130.0,10683.0,5595.0,3484.0,1658384.0,27.55,16.28,Bengali,21.93,Premium Shoppers,
TI-CMP-47908,Social Media,College Students,7.0,"Email, WhatsApp",15108.0,2048.0,1221.0,464.0,339184.0,435.29,0.68,English,24.71,Tier 2 City Customers,18-07-2024
TI-CMP-40368,Paid Ads,College Students,29.0,,55580.0,5980.0,1758.0,1245.0,353580.0,172.31,0.65,English,16.16,College Students,18-09-2024
TI-CMP-55773,Influencer,Tier 2 City Customers,,,71328.0,7665.0,4131.0,2765.0,926275.0,52.9,5.33,Tamil,20.41,College Students,15-11-2024
TI-CMP-16189,Social Media,Premium Shoppers,11.0,"Instagram, Google",69069.0,10173.0,4957.0,3812.0,1974616.0,18.61,26.84,Bengali,27.42,Premium Shoppers,20-09-2024
TI-CMP-30679,SEO,Premium Shoppers,18.0,"Instagram, Email",84228.0,3916.0,1854.0,802.0,291928.0,222.17,0.64,English,7.8,Working Women,22-11-2024
TI-CMP-14609,Social Media,Youth,16.0,Google,93686.0,10971.0,,1390.0,777010.0,102.54,4.45,English,16.86,,05-12-2024
TI-CMP-29882,SEO,Youth,,Facebook,79192.0,8362.0,2521.0,1728.0,694656.0,116.46,2.45,Hindi,15.92,Youth,15-04-2025
TI-CMP-47117,,Youth,24.0,"Email, Google",96950.0,3565.0,1149.0,667.0,498249.0,101.08,6.39,Tamil,5.55,Youth,21-10-2024
TI-CMP-13263,SEO,Youth,22.0,"YouTube, Email",46298.0,6786.0,2761.0,1079.0,578344.0,235.67,1.27,Hindi,22.95,Youth,
TI-CMP-12645,Social Media,Working Women,,"Facebook, Google",35541.0,2916.0,1404.0,713.0,148304.0,201.45,0.03,Bengali,14.16,Tier 2 City Customers,19-01-2025
TI-CMP-1729,Social Media,Tier 2 City Customers,15.0,"Instagram, Google, YouTube",26366.0,1259.0,505.0,366.0,166164.0,450.98,0.01,Bengali,8.08,Tier 2 City Customers,28-12-2024
TI-CMP-2414,SEO,Youth,26.0,WhatsApp,96021.0,2672.0,1173.0,495.0,146520.0,574.48,-0.48,Hindi,4.52,College Students,12-09-2024
TI-CMP-30357,,Youth,29.0,Email,64483.0,3958.0,806.0,374.0,296956.0,298.26,1.66,English,7.97,Premium Shoppers,16-02-2025
TI-CMP-35951,Email,College Students,10.0,"Google, WhatsApp, Facebook",97089.0,4952.0,2931.0,1419.0,784707.0,184.16,2.0,Bengali,9.58,Tier 2 City Customers,25-12-2024
TI-CMP-28496,Email,Tier 2 City Customers,,"YouTube, Google",26338.0,2508.0,1207.0,498.0,227088.0,113.07,3.03,Hindi,16.0,Working Women,14-01-2025
TI-CMP-39820,SEO,Premium Shoppers,29.0,"Google, YouTube, Email",55888.0,1611.0,331.0,191.0,,879.35,-0.3,English,3.82,Youth,22-04-2025
TI-CMP-14856,SEO,Youth,9.0,Instagram,,4949.0,2000.0,1116.0,579204.0,234.24,1.22,Hindi,17.14,Tier 2 City Customers,24-10-2024
TI-CMP-41334,Social Media,Working Women,27.0,"Facebook, Email",81711.0,7774.0,4254.0,2707.0,1266876.0,74.02,5.32,Hindi,18.03,Tier 2 City Customers,18-05-2025
TI-CMP-36949,Email,Premium Shoppers,16.0,"Facebook, YouTube, Instagram",29420.0,,747.0,537.0,291054.0,420.5,0.29,Tamil,10.58,Working Women,18-07-2024
TI-CMP-38871,SEO,Premium Shoppers,21.0,"Facebook, Google, WhatsApp",14564.0,1182.0,355.0,254.0,100330.0,770.2,-0.49,English,12.3,Working Women,06-12-2024
TI-CMP-31332,Influencer,College Students,10.0,"YouTube, Facebook, Instagram",88440.0,10543.0,5579.0,4047.0,914622.0,21.75,9.39,Tamil,22.81,Premium Shoppers,12-05-2025
TI-CMP-21717,SEO,Youth,13.0,"WhatsApp, YouTube, Google",,691.0,271.0,105.0,40530.0,2223.74,,Bengali,5.43,Working Women,04-12-2024
TI-CMP-50987,SEO,Tier 2 City Customers,,"Instagram, YouTube",38138.0,3140.0,988.0,375.0,238500.0,519.02,0.23,Hindi,11.81,Working Women,17-12-2024
TI-CMP-16897,Paid Ads,Premium Shoppers,9.0,"Instagram, YouTube",73214.0,,1081.0,401.0,119498.0,,-0.03,Hindi,4.62,Working Women,06-05-2025
TI-CMP-32234,Paid Ads,Tier 2 City Customers,16.0,,82651.0,,556.0,388.0,265780.0,235.03,1.91,Tamil,3.18,College Students,13-04-2025
TI-CMP-30755,Paid Ads,,22.0,Email,96240.0,9245.0,2535.0,1690.0,823030.0,109.3,3.46,English,,Youth,25-04-2025
TI-CMP-33673,Social Media,College Students,16.0,YouTube,36854.0,2405.0,999.0,319.0,225214.0,793.76,-0.11,English,10.1,Working Women,21-04-2025
TI-CMP-39200,Social Media,College Students,18.0,"WhatsApp, Facebook",81674.0,11466.0,5815.0,3747.0,760641.0,76.17,1.67,Hindi,25.75,College Students,19-03-2025
TI-CMP-13959,Paid Ads,Youth,8.0,"Facebook, YouTube",62997.0,6934.0,3409.0,2287.0,750136.0,125.16,,English,20.05,,05-04-2025
TI-CMP-15001,Email,Working Women,14.0,"YouTube, Email, Google",83620.0,3845.0,1411.0,871.0,333593.0,221.25,0.73,Tamil,7.33,Youth,25-10-2024
TI-CMP-35852,Paid Ads,College Students,22.0,"Facebook, YouTube, Google",32121.0,2785.0,697.0,,142576.0,757.85,-0.38,English,11.79,College Students,01-04-2025
TI-CMP-52105,Social Media,Youth,30.0,"Facebook, Email",65812.0,7937.0,3061.0,1072.0,687152.0,96.12,5.67,,18.34,College Students,03-05-2025
TI-CMP-38866,,Working Women,29.0,,42445.0,5100.0,2343.0,1374.0,597690.0,159.37,1.73,Hindi,20.77,Working Women,05-05-2025
TI-CMP-35167,Email,Premium Shoppers,10.0,Instagram,44911.0,5857.0,2940.0,972.0,292572.0,,0.61,Hindi,21.75,College Students,12-04-2025
TI-CMP-7383,Social Media,Tier 2 City Customers,11.0,YouTube,73348.0,3486.0,1125.0,839.0,185419.0,115.97,0.91,English,7.43,Youth,21-07-2024
TI-CMP-42209,SEO,Premium Shoppers,28.0,YouTube,70750.0,9624.0,2859.0,2014.0,1103672.0,125.25,3.38,Bengali,20.49,Tier 2 City Customers,23-11-2024
TI-CMP-41432,Influencer,Working Women,27.0,"Google, WhatsApp",89967.0,10948.0,5921.0,3065.0,1026775.0,44.3,,English,22.16,College Students,05-08-2024
TI-CMP-55521,SEO,Premium Shoppers,8.0,Facebook,14131.0,1746.0,995.0,770.0,507430.0,326.81,1.02,English,24.85,,18-12-2024
TI-CMP-38962,Email,,9.0,"WhatsApp, Instagram",69087.0,8818.0,4560.0,2369.0,1229511.0,73.85,6.03,English,22.79,Youth,25-09-2024
TI-CMP-44304,Paid Ads,Working Women,27.0,"YouTube, Google",,3166.0,1599.0,780.0,456300.0,,1.19,Bengali,22.81,Working Women,06-04-2025
TI-CMP-32628,SEO,Premium Shoppers,29.0,WhatsApp,90315.0,11268.0,4837.0,1618.0,739426.0,129.74,2.52,English,19.62,College Students,20-03-2025
TI-CMP-19419,Paid Ads,Youth,7.0,"Facebook, YouTube, Google",13441.0,1228.0,372.0,169.0,46306.0,1577.78,-0.83,English,13.16,Youth,23-03-2025
TI-CMP-29385,Paid Ads,College Students,12.0,"Email, Instagram",42934.0,5919.0,2253.0,1698.0,487326.0,60.67,3.73,Bengali,22.99,Tier 2 City Customers,13-12-2024
,Email,Premium Shoppers,13.0,WhatsApp,20890.0,2655.0,559.0,269.0,160862.0,1107.53,-0.46,English,,Premium Shoppers,30-01-2025
TI-CMP-45984,SEO,College Students,8.0,"Instagram, Email",16023.0,418.0,106.0,49.0,28959.0,1785.49,-0.67,English,3.58,Tier 2 City Customers,25-07-2024
TI-CMP-23730,Social Media,Premium Shoppers,5.0,"Instagram, YouTube, Email",65976.0,3719.0,962.0,602.0,282940.0,163.99,1.87,Bengali,8.01,Working Women,11-06-2025
TI-CMP-49041,Paid Ads,College Students,18.0,"WhatsApp, Google",12150.0,1166.0,576.0,379.0,125449.0,306.19,,Tamil,17.46,Working Women,18-11-2024
TI-CMP-15848,,Working Women,17.0,YouTube,93306.0,5197.0,1077.0,656.0,135792.0,,0.81,English,7.43,Working Women,04-03-2025
TI-CMP-38462,,College Students,20.0,"Facebook, Instagram, YouTube",29075.0,2898.0,1517.0,926.0,273170.0,156.84,,Bengali,18.37,Youth,12-05-2025
TI-CMP-10728,Social Media,Tier 2 City Customers,9.0,"WhatsApp, Facebook, YouTube",92402.0,8676.0,2739.0,846.0,345168.0,259.55,0.57,Tamil,13.27,Working Women,
TI-CMP-23071,Paid Ads,,5.0,"Google, WhatsApp, Instagram",40790.0,5936.0,1334.0,687.0,443115.0,404.9,0.59,Hindi,19.51,Tier 2 City Customers,12-12-2024
,Paid Ads,Premium Shoppers,10.0,"Instagram, WhatsApp, YouTube",86749.0,3411.0,1164.0,789.0,243012.0,174.73,0.76,English,6.18,College Students,19-06-2025
TI-CMP-48689,Paid Ads,Youth,11.0,Google,96913.0,4949.0,2391.0,1030.0,561350.0,183.57,1.97,Tamil,,Tier 2 City Customers,22-01-2025
TI-CMP-9191,SEO,College Students,9.0,"Email, Instagram, Google",49918.0,7004.0,3609.0,2241.0,515430.0,33.39,5.89,English,25.75,Working Women,29-05-2025
TI-CMP-48754,Paid Ads,College Students,23.0,"Email, Facebook",90808.0,11002.0,4184.0,2309.0,1408490.0,128.55,3.75,Tamil,19.27,Tier 2 City Customers,27-08-2024
TI-CMP-17601,Social Media,Premium Shoppers,18.0,YouTube,14368.0,,557.0,267.0,140175.0,593.28,-0.12,Tamil,19.83,,26-10-2024
TI-CMP-11941,SEO,Youth,14.0,"Google, YouTube",14958.0,685.0,153.0,56.0,39424.0,1700.27,-0.59,Bengali,5.98,Working Women,28-03-2025
TI-CMP-7788,SEO,,15.0,"Facebook, Instagram, YouTube",66517.0,4752.0,2437.0,871.0,397176.0,169.45,1.69,Bengali,12.12,College Students,01-02-2025
TI-CMP-49542,Paid Ads,Working Women,20.0,"Email, Google",92289.0,9106.0,3101.0,,,102.04,1.33,Tamil,15.18,Youth,13-01-2025
TI-CMP-41013,Influencer,Tier 2 City Customers,26.0,"Facebook, Instagram, Google",47685.0,5819.0,1791.0,,153924.0,126.97,1.0,Tamil,17.23,Premium Shoppers,12-09-2024
TI-CMP-17612,Paid Ads,Working Women,14.0,"WhatsApp, Google, Facebook",99284.0,,,429.0,203775.0,565.26,-0.16,Bengali,4.01,College Students,14-04-2025
TI-CMP-44313,SEO,College Students,9.0,"Email, YouTube",77267.0,5711.0,3118.0,2195.0,1558450.0,65.05,9.91,English,14.27,Working Women,17-02-2025
TI-CMP-36104,Email,,22.0,"Instagram, WhatsApp",13572.0,799.0,407.0,226.0,138990.0,743.69,-0.17,Hindi,10.55,Working Women,14-09-2024
TI-CMP-49461,Paid Ads,Premium Shoppers,22.0,Instagram,19589.0,870.0,397.0,230.0,179860.0,1281.55,-0.39,English,7.64,Youth,29-08-2024
TI-CMP-55701,Paid Ads,Tier 2 City Customers,23.0,"YouTube, Email, Facebook",60318.0,3756.0,1430.0,1027.0,562796.0,196.15,1.79,Tamil,10.3,Tier 2 City Customers,29-11-2024
TI-CMP-49089,SEO,Premium Shoppers,10.0,"Google, Email",84798.0,8482.0,2897.0,2269.0,560443.0,86.51,1.86,Hindi,16.09,Working Women,07-06-2025
TI-CMP-34446,Social Media,Working Women,,"Google, Facebook, YouTube",13423.0,816.0,451.0,202.0,,774.61,-0.49,Tamil,10.94,Tier 2 City Customers,01-10-2024
TI-CMP-7468,Paid Ads,Working Women,27.0,Facebook,41408.0,3481.0,1371.0,999.0,306693.0,50.11,5.13,Bengali,14.13,Working Women,20-10-2024
TI-CMP-16982,SEO,Youth,7.0,"Email, Facebook, Instagram",26639.0,,205.0,72.0,48672.0,2512.99,-0.73,Hindi,4.66,Tier 2 City Customers,06-11-2024
TI-CMP-21024,Social Media,Tier 2 City Customers,20.0,"YouTube, WhatsApp, Facebook",,10089.0,2520.0,1073.0,634143.0,174.91,2.38,Tamil,19.0,College Students,12-08-2024
TI-CMP-52518,Influencer,Premium Shoppers,16.0,Instagram,25778.0,2094.0,,718.0,240530.0,362.94,-0.08,,15.52,College Students,09-04-2025
TI-CMP-29096,Social Media,Youth,16.0,"Google, Instagram, WhatsApp",50712.0,6251.0,3519.0,2132.0,1699204.0,41.78,,English,23.47,Premium Shoppers,28-11-2024
TI-CMP-27441,Social Media,Premium Shoppers,19.0,YouTube,69230.0,5637.0,1838.0,1343.0,643297.0,164.63,1.91,English,12.74,Youth,14-01-2025
TI-CMP-23790,Paid Ads,Premium Shoppers,26.0,YouTube,19152.0,1454.0,534.0,246.0,125706.0,564.98,-0.1,Bengali,11.66,College Students,15-05-2025
TI-CMP-40440,Influencer,Premium Shoppers,23.0,"Instagram, Facebook, WhatsApp",63786.0,4428.0,1993.0,804.0,536268.0,117.04,4.7,Hindi,11.33,Premium Shoppers,09-08-2024
TI-CMP-16551,SEO,Youth,29.0,,38146.0,3018.0,1678.0,869.0,577885.0,330.47,1.01,English,14.59,,02-10-2024
TI-CMP-47012,Email,Tier 2 City Customers,17.0,"Facebook, Instagram, WhatsApp",42372.0,1664.0,537.0,345.0,149040.0,637.61,-0.32,Bengali,,Tier 2 City Customers,04-01-2025
TI-CMP-27072,SEO,Working Women,12.0,"Email, Facebook",17277.0,1065.0,531.0,236.0,162132.0,1026.69,-0.33,Hindi,10.6,Youth,15-01-2025
TI-CMP-47986,Influencer,Working Women,13.0,"Google, Instagram, Facebook",85442.0,10298.0,4533.0,3169.0,640138.0,58.03,2.48,Bengali,21.07,Premium Shoppers,28-11-2024
TI-CMP-37420,Influencer,College Students,30.0,"WhatsApp, Facebook",55766.0,6461.0,2758.0,,584320.0,270.3,1.6,Hindi,18.02,College Students,20-05-2025
TI-CMP-9318,Paid Ads,Youth,8.0,"Email, Facebook, YouTube",82335.0,7808.0,1792.0,947.0,545472.0,274.63,1.1,Bengali,12.81,Premium Shoppers,07-08-2024
TI-CMP-35201,Paid Ads,Premium Shoppers,27.0,"Instagram, WhatsApp, YouTube",32298.0,1562.0,348.0,154.0,72072.0,549.07,-0.15,Hindi,6.39,Youth,06-10-2024
,SEO,Youth,14.0,"YouTube, Instagram",84464.0,3042.0,988.0,344.0,209152.0,,0.85,Tamil,5.18,Tier 2 City Customers,23-01-2025
TI-CMP-55320,Email,Tier 2 City Customers,15.0,"Facebook, Google, WhatsApp",96251.0,12085.0,3186.0,1364.0,1012088.0,,8.07,Tamil,17.28,Premium Shoppers,22-09-2024
TI-CMP-51792,Email,Premium Shoppers,5.0,"Email, Instagram, WhatsApp",62626.0,7513.0,2408.0,1125.0,798750.0,138.39,4.13,Bengali,17.64,Tier 2 City Customers,17-07-2024
TI-CMP-32577,Social Media,Working Women,15.0,YouTube,80686.0,9313.0,2412.0,,,122.97,4.24,Bengali,16.2,Youth,28-02-2025
TI-CMP-40676,Email,Premium Shoppers,28.0,Google,59955.0,4093.0,2449.0,742.0,208502.0,128.25,1.19,English,12.15,College Students,19-02-2025
TI-CMP-36785,Influencer,Premium Shoppers,14.0,Email,,12553.0,6425.0,1974.0,635628.0,111.84,1.88,Hindi,,College Students,16-02-2025
TI-CMP-22342,Influencer,Tier 2 City Customers,20.0,"Instagram, Email",53781.0,3821.0,1715.0,711.0,310707.0,86.7,4.04,Tamil,11.62,Premium Shoppers,21-08-2024
TI-CMP-37107,Social Media,Tier 2 City Customers,6.0,"YouTube, Instagram",51141.0,4341.0,1165.0,699.0,287988.0,347.48,0.19,English,12.13,Working Women,16-11-2024
TI-CMP-32179,Influencer,Premium Shoppers,26.0,"WhatsApp, YouTube, Facebook",24170.0,1648.0,566.0,286.0,175890.0,780.37,-0.21,Hindi,,Premium Shoppers,05-10-2024
TI-CMP-43273,Paid Ads,Youth,15.0,Google,16243.0,2014.0,486.0,289.0,184382.0,715.25,-0.11,Tamil,17.17,Working Women,01-06-2025
TI-CMP-10010,Paid Ads,,7.0,"WhatsApp, Facebook",22958.0,2785.0,557.0,398.0,249546.0,479.91,0.31,Tamil,16.29,College Students,
TI-CMP-24370,Social Media,Premium Shoppers,29.0,"Facebook, WhatsApp",16898.0,,,388.0,303804.0,498.25,0.57,,17.94,Working Women,17-12-2024
TI-CMP-5168,Influencer,,15.0,"Email, Google",91505.0,11523.0,2933.0,1233.0,599238.0,155.3,2.13,Hindi,17.15,Working Women,01-04-2025
TI-CMP-18616,Paid Ads,College Students,17.0,WhatsApp,59183.0,4157.0,2188.0,1402.0,790728.0,184.97,2.05,Tamil,13.09,,20-10-2024
TI-CMP-15073,Influencer,Working Women,9.0,"Email, Facebook, WhatsApp",32828.0,3147.0,1698.0,1042.0,490782.0,220.72,1.13,Bengali,17.93,College Students,03-09-2024
TI-CMP-3668,Social Media,College Students,28.0,Google,69804.0,8382.0,1815.0,1306.0,357844.0,117.58,1.33,English,16.48,,28-07-2024
TI-CMP-41333,Email,Youth,13.0,"Facebook, WhatsApp, Email",45819.0,5464.0,2160.0,1367.0,1075829.0,161.14,3.88,English,19.62,Premium Shoppers,02-03-2025
TI-CMP-9115,Paid Ads,Tier 2 City Customers,21.0,"Email, YouTube",51667.0,3573.0,1686.0,701.0,230629.0,305.77,,Hindi,11.54,Youth,17-07-2024
TI-CMP-20415,Influencer,Working Women,22.0,Google,67045.0,5549.0,3121.0,1434.0,785832.0,88.19,5.21,Tamil,15.07,Working Women,04-08-2024
TI-CMP-33403,SEO,Youth,15.0,WhatsApp,94758.0,4955.0,2351.0,1142.0,863352.0,54.62,12.84,Tamil,8.92,Premium Shoppers,
TI-CMP-46577,Email,Premium Shoppers,18.0,Facebook,80427.0,,1061.0,403.0,317161.0,168.93,3.66,Bengali,6.53,Premium Shoppers,17-04-2025
TI-CMP-17425,Email,College Students,,"Google, Facebook, Email",22117.0,2895.0,1479.0,693.0,360360.0,108.27,3.8,English,22.91,College Students,29-12-2024
TI-CMP-6835,Social Media,Youth,14.0,WhatsApp,42262.0,5860.0,1580.0,1253.0,702933.0,179.02,2.13,Bengali,20.57,Working Women,10-02-2025
TI-CMP-32717,Paid Ads,Working Women,26.0,"YouTube, Instagram",83103.0,9449.0,2582.0,,255588.0,75.89,2.0,Hindi,15.83,Youth,27-01-2025
TI-CMP-24818,SEO,College Students,14.0,,34423.0,4861.0,2168.0,1313.0,330876.0,49.01,4.14,Tamil,24.23,Premium Shoppers,25-07-2024
TI-CMP-50766,Social Media,Working Women,23.0,Google,25272.0,1814.0,943.0,407.0,171754.0,468.03,-0.1,English,12.52,Tier 2 City Customers,29-11-2024
TI-CMP-9908,Email,Working Women,23.0,YouTube,48095.0,2195.0,1038.0,377.0,76154.0,739.55,-0.73,Tamil,7.51,Youth,30-03-2025
,Email,Working Women,20.0,Google,63278.0,,2296.0,1434.0,488994.0,90.04,,Hindi,12.7,College Students,15-08-2024
TI-CMP-41981,Influencer,Youth,10.0,,64056.0,8915.0,2853.0,1859.0,769626.0,99.33,3.17,,21.27,Working Women,26-07-2024
TI-CMP-48166,Influencer,Youth,21.0,"Facebook, Email, YouTube",28715.0,1110.0,324.0,237.0,117552.0,397.13,0.25,,5.82,Working Women,08-09-2024
TI-CMP-22798,Email,Youth,22.0,"Facebook, Instagram, YouTube",93859.0,3305.0,1399.0,614.0,307000.0,197.19,,Bengali,5.67,Youth,09-11-2024
TI-CMP-19809,Paid Ads,Working Women,13.0,Google,54963.0,3517.0,1890.0,,359100.0,183.04,1.08,Tamil,11.56,Working Women,13-07-2024
TI-CMP-33715,SEO,College Students,11.0,"Google, Instagram",11928.0,1218.0,398.0,266.0,143906.0,390.14,0.39,Hindi,15.78,Youth,06-10-2024
TI-CMP-41121,Paid Ads,Youth,23.0,"Email, WhatsApp, YouTube",10516.0,1364.0,710.0,328.0,159080.0,169.06,1.87,Bengali,22.84,Working Women,17-02-2025
TI-CMP-15579,Paid Ads,Working Women,29.0,Google,80371.0,10059.0,3500.0,1570.0,1190060.0,160.87,3.71,English,18.82,Working Women,04-04-2025
TI-CMP-22379,Influencer,Premium Shoppers,11.0,"Email, Instagram, YouTube",15740.0,442.0,192.0,75.0,43950.0,3869.51,-0.85,Tamil,4.5,,07-12-2024
,SEO,Tier 2 City Customers,16.0,Email,21966.0,916.0,439.0,348.0,112404.0,570.98,-0.43,English,7.75,Working Women,03-09-2024
,Paid Ads,Premium Shoppers,15.0,"YouTube, WhatsApp",19475.0,952.0,201.0,141.0,58938.0,1586.23,-0.74,English,6.64,Working Women,16-09-2024
TI-CMP-33270,SEO,College Students,23.0,"Google, Instagram",70248.0,4327.0,,673.0,,155.5,2.61,Bengali,8.51,Tier 2 City Customers,30-10-2024
TI-CMP-4645,Email,Youth,25.0,YouTube,18649.0,2235.0,922.0,402.0,143916.0,715.68,-0.5,Tamil,19.08,Premium Shoppers,
TI-CMP-47312,Social Media,Working Women,30.0,Google,37606.0,2955.0,1339.0,976.0,772016.0,,7.89,Bengali,14.01,College Students,22-03-2025
TI-CMP-28667,Paid Ads,College Students,24.0,WhatsApp,68942.0,9983.0,3639.0,2614.0,1793204.0,75.13,,Bengali,23.55,College Students,08-12-2024
TI-CMP-25628,Paid Ads,Working Women,6.0,"Google, Instagram",78224.0,6191.0,2564.0,940.0,740720.0,261.77,2.01,Bengali,12.39,Youth,09-06-2025
TI-CMP-31190,Paid Ads,Tier 2 City Customers,11.0,WhatsApp,90837.0,12822.0,3124.0,976.0,286944.0,92.44,2.18,,,,14-07-2024
TI-CMP-17408,Paid Ads,Premium Shoppers,20.0,Email,61273.0,4564.0,1312.0,430.0,153510.0,347.67,0.03,Hindi,10.29,Premium Shoppers,25-10-2024
TI-CMP-24421,Email,Tier 2 City Customers,14.0,"WhatsApp, Google, Email",50754.0,2844.0,1083.0,398.0,263078.0,335.81,0.97,Hindi,8.52,Working Women,18-10-2024
TI-CMP-44992,Influencer,Youth,7.0,Email,28463.0,3165.0,1046.0,465.0,358980.0,,0.38,Hindi,16.43,College Students,16-04-2025
TI-CMP-50259,Paid Ads,Youth,13.0,"YouTube, Google, WhatsApp",29978.0,2521.0,1343.0,1007.0,626354.0,205.7,2.02,Tamil,16.25,Youth,19-09-2024
TI-CMP-26400,Email,College Students,11.0,"YouTube, Email",17468.0,673.0,384.0,284.0,219248.0,376.17,1.05,Tamil,7.68,College Students,30-07-2024
TI-CMP-42249,SEO,College Students,5.0,"Facebook, Email",76677.0,3021.0,1697.0,544.0,361760.0,504.22,0.32,Bengali,6.86,College Students,15-06-2025
TI-CMP-29676,SEO,Working Women,27.0,"WhatsApp, Facebook",29958.0,1005.0,310.0,157.0,60916.0,,-0.76,Hindi,4.91,Tier 2 City Customers,
TI-CMP-56302,Influencer,Youth,30.0,Facebook,94247.0,8081.0,3450.0,1113.0,816942.0,112.97,5.5,Hindi,13.42,Tier 2 City Customers,23-03-2025
TI-CMP-2219,Influencer,College Students,23.0,,13765.0,2032.0,1069.0,629.0,456025.0,462.15,0.57,English,27.1,Working Women,29-05-2025
TI-CMP-54204,Paid Ads,Youth,9.0,Google,62878.0,3998.0,,1367.0,824301.0,59.55,9.13,Hindi,11.41,College Students,05-07-2024
TI-CMP-37155,Email,Tier 2 City Customers,11.0,"Google, Facebook",84889.0,4987.0,2368.0,1056.0,370656.0,207.13,,English,9.91,Youth,30-05-2025
TI-CMP-38764,Influencer,Youth,18.0,"WhatsApp, Instagram",57889.0,2302.0,877.0,536.0,151688.0,424.43,-0.33,Hindi,6.42,Working Women,02-07-2024
TI-CMP-1644,SEO,Youth,17.0,"Google, Instagram",42948.0,3343.0,,595.0,211225.0,370.57,-0.04,Hindi,12.05,College Students,19-08-2024
TI-CMP-25725,Email,Working Women,25.0,WhatsApp,20197.0,1996.0,1182.0,904.0,428496.0,178.2,1.66,English,20.21,,13-05-2025
TI-CMP-50370,Email,Working Women,18.0,WhatsApp,79461.0,4784.0,2541.0,2022.0,1431576.0,92.01,6.7,,11.76,College Students,05-01-2025
TI-CMP-51381,Paid Ads,Working Women,13.0,"Instagram, Email, YouTube",38355.0,3599.0,1135.0,389.0,191388.0,207.87,1.37,,13.36,Working Women,02-04-2025
TI-CMP-45322,Paid Ads,Premium Shoppers,20.0,"Email, Google",71370.0,3004.0,836.0,265.0,54060.0,799.78,-0.74,Tamil,5.75,Tier 2 City Customers,23-09-2024
TI-CMP-27628,SEO,Premium Shoppers,10.0,Google,90055.0,8229.0,2074.0,805.0,,271.94,,Hindi,12.33,Premium Shoppers,28-04-2025
TI-CMP-50410,Influencer,Premium Shoppers,25.0,"Email, Google, Instagram",85977.0,12090.0,7099.0,5324.0,2688620.0,26.03,18.4,Hindi,28.51,Youth,21-02-2025
TI-CMP-45988,Paid Ads,College Students,26.0,Facebook,65068.0,4118.0,891.0,475.0,242250.0,331.65,0.54,Tamil,8.43,Youth,21-03-2025
TI-CMP-27180,Influencer,Working Women,19.0,"Facebook, Email",26849.0,,218.0,130.0,88400.0,797.97,-0.15,English,4.89,Tier 2 City Customers,12-11-2024
TI-CMP-15224,Influencer,Youth,21.0,Google,52319.0,2544.0,515.0,,109520.0,294.4,0.01,Tamil,,Working Women,24-04-2025
TI-CMP-41242,Email,Premium Shoppers,11.0,"Email, WhatsApp",39325.0,5546.0,2453.0,1457.0,403589.0,112.58,1.46,Bengali,24.05,,04-04-2025
TI-CMP-24011,Email,Working Women,9.0,"Email, YouTube, Google",53833.0,5831.0,,1062.0,658440.0,155.88,2.98,Bengali,16.53,Premium Shoppers,16-01-2025
TI-CMP-49265,Influencer,,16.0,"Email, WhatsApp, Facebook",,7961.0,2135.0,759.0,499422.0,309.27,1.13,Tamil,12.53,Premium Shoppers,11-07-2024
TI-CMP-53946,SEO,Youth,23.0,Instagram,58655.0,7837.0,2749.0,1184.0,504384.0,224.11,0.9,English,20.07,Working Women,15-09-2024
TI-CMP-36926,Email,Premium Shoppers,,"YouTube, Facebook",96882.0,,1747.0,1238.0,604144.0,104.85,3.65,Bengali,8.1,Working Women,31-05-2025
TI-CMP-50321,SEO,Youth,,"Facebook, WhatsApp, Email",74344.0,9412.0,3525.0,2540.0,1325880.0,21.67,23.09,Tamil,20.82,Youth,17-10-2024
TI-CMP-25132,Influencer,Premium Shoppers,8.0,"YouTube, Email, Google",29442.0,4129.0,2205.0,,423092.0,101.4,4.78,Bengali,23.97,Youth,29-12-2024
TI-CMP-49006,Email,Premium Shoppers,17.0,"Instagram, Email",79072.0,6046.0,1474.0,1071.0,432684.0,195.02,1.07,Hindi,10.86,College Students,22-01-2025
TI-CMP-38250,SEO,Tier 2 City Customers,30.0,"YouTube, Instagram",93012.0,9172.0,3893.0,2359.0,1387092.0,24.57,22.94,English,16.58,Premium Shoppers,05-05-2025
TI-CMP-47913,Social Media,Premium Shoppers,28.0,"Instagram, Facebook",26467.0,2772.0,1578.0,547.0,432677.0,441.24,0.79,English,18.5,Working Women,
TI-CMP-34916,Social Media,College Students,12.0,Instagram,62362.0,3958.0,1196.0,586.0,227368.0,396.38,-0.02,Bengali,9.2,Premium Shoppers,13-09-2024
TI-CMP-30847,Social Media,Working Women,18.0,,39166.0,1936.0,683.0,493.0,149872.0,263.25,0.15,Bengali,7.95,Premium Shoppers,08-06-2025
TI-CMP-54089,Paid Ads,Tier 2 City Customers,6.0,Google,54968.0,6834.0,,1428.0,809676.0,116.45,3.87,English,20.25,Youth,01-12-2024
TI-CMP-43052,Social Media,College Students,27.0,"Google, Email, Instagram",49081.0,2813.0,1219.0,570.0,439470.0,452.0,0.71,Tamil,9.38,Premium Shoppers,06-05-2025
TI-CMP-1396,Social Media,Youth,8.0,"Facebook, Email, YouTube",98852.0,5177.0,2944.0,1939.0,414946.0,96.11,1.23,Bengali,10.18,,09-10-2024
TI-CMP-26902,Social Media,Tier 2 City Customers,22.0,"Instagram, Email, YouTube",77636.0,8110.0,2149.0,787.0,468265.0,266.19,1.24,English,14.23,Premium Shoppers,22-01-2025
TI-CMP-6134,Paid Ads,Premium Shoppers,26.0,"WhatsApp, Facebook, YouTube",,853.0,300.0,135.0,,1222.81,-0.41,Bengali,7.41,Youth,12-10-2024
TI-CMP-11016,Social Media,Tier 2 City Customers,19.0,WhatsApp,17786.0,1545.0,796.0,617.0,397348.0,123.84,4.2,Hindi,16.63,Youth,
TI-CMP-10561,Influencer,,,,86719.0,12794.0,4822.0,2401.0,1428595.0,62.28,8.55,Tamil,23.08,College Students,07-12-2024
TI-CMP-4214,Influencer,College Students,25.0,"Instagram, Google, Facebook",91084.0,4485.0,1844.0,1324.0,332324.0,139.03,0.81,English,8.4,Premium Shoppers,10-01-2025
TI-CMP-5046,Social Media,College Students,10.0,Instagram,63027.0,6488.0,3423.0,2250.0,706500.0,30.98,9.13,English,19.29,Premium Shoppers,03-08-2024
TI-CMP-35253,SEO,Premium Shoppers,22.0,"Instagram, WhatsApp, Facebook",66452.0,8521.0,3641.0,1485.0,987525.0,60.23,10.04,Hindi,20.54,Premium Shoppers,30-09-2024
TI-CMP-4085,Social Media,,7.0,"WhatsApp, YouTube",41121.0,,1912.0,1279.0,519274.0,101.37,3.01,Bengali,,Youth,25-01-2025
TI-CMP-6729,Influencer,Working Women,28.0,YouTube,91515.0,4960.0,2282.0,1180.0,492060.0,88.05,,English,9.2,Premium Shoppers,06-12-2024
TI-CMP-11132,Influencer,Working Women,17.0,"Instagram, WhatsApp, Email",19674.0,2553.0,1020.0,339.0,122718.0,173.08,,Bengali,19.88,Youth,20-05-2025
TI-CMP-48170,SEO,Working Women,17.0,"YouTube, WhatsApp",22480.0,823.0,192.0,71.0,27974.0,2519.38,-0.84,Hindi,4.83,Youth,28-04-2025
,Influencer,Youth,26.0,Facebook,60194.0,2737.0,1518.0,494.0,143754.0,123.98,1.35,Hindi,7.89,Working Women,09-02-2025
TI-CMP-21007,Influencer,Youth,,"WhatsApp, Email, Google",29701.0,917.0,449.0,330.0,147510.0,283.97,0.57,Tamil,5.71,Premium Shoppers,25-09-2024
TI-CMP-13609,Influencer,College Students,19.0,"YouTube, WhatsApp, Email",42378.0,3623.0,907.0,429.0,305877.0,146.58,,English,11.7,Working Women,08-06-2025
TI-CMP-40893,Social Media,College Students,19.0,WhatsApp,41812.0,1308.0,558.0,405.0,250290.0,309.6,,Bengali,5.43,Youth,
TI-CMP-22126,Influencer,Working Women,29.0,"YouTube, Facebook, Instagram",33641.0,1039.0,304.0,137.0,45210.0,2120.03,-0.84,Bengali,4.4,Premium Shoppers,26-01-2025
TI-CMP-23264,Email,College Students,15.0,"Facebook, YouTube, WhatsApp",38823.0,903.0,481.0,278.0,120930.0,220.57,0.97,Bengali,4.28,Premium Shoppers,29-03-2025
TI-CMP-38255,SEO,Premium Shoppers,26.0,"Facebook, Instagram",60591.0,2526.0,682.0,,138666.0,695.89,-0.48,Bengali,5.92,College Students,14-04-2025
,Influencer,College Students,29.0,"Facebook, Instagram",86904.0,7422.0,2731.0,851.0,239131.0,116.33,1.42,English,12.66,Tier 2 City Customers,28-05-2025
TI-CMP-8100,Email,Working Women,6.0,Email,83886.0,12198.0,5149.0,2878.0,1660606.0,54.75,9.54,Hindi,24.11,Youth,08-07-2024
TI-CMP-19283,SEO,College Students,10.0,"Instagram, Google, Email",62073.0,8799.0,4295.0,,1956132.0,52.93,10.39,Tamil,26.32,Tier 2 City Customers,22-10-2024
TI-CMP-28899,Influencer,Tier 2 City Customers,25.0,Facebook,38920.0,3000.0,1078.0,343.0,92610.0,,-0.61,Tamil,11.36,Youth,13-12-2024
TI-CMP-19049,Email,Tier 2 City Customers,22.0,WhatsApp,90233.0,13478.0,4740.0,3653.0,927862.0,54.51,3.66,Tamil,24.24,College Students,13-07-2024
TI-CMP-49537,Paid Ads,Tier 2 City Customers,15.0,"Email, Facebook",30100.0,1686.0,923.0,418.0,123310.0,466.78,-0.37,English,10.06,Tier 2 City Customers,04-07-2024
TI-CMP-11125,Paid Ads,Premium Shoppers,14.0,"Instagram, YouTube, Email",36235.0,5021.0,1877.0,1368.0,879624.0,96.19,5.68,Tamil,22.81,College Students,05-06-2025
TI-CMP-38202,Influencer,Youth,17.0,"Email, WhatsApp",20872.0,1683.0,486.0,378.0,262710.0,516.99,0.34,Hindi,12.2,Tier 2 City Customers,22-04-2025
TI-CMP-45132,Paid Ads,College Students,,Email,52356.0,6520.0,3609.0,1186.0,287012.0,240.59,0.01,Hindi,21.61,Youth,22-09-2024
TI-CMP-23370,Email,Tier 2 City Customers,25.0,"Instagram, Facebook",14907.0,2055.0,555.0,200.0,41200.0,789.02,-0.74,Bengali,18.85,College Students,18-07-2024
TI-CMP-19536,SEO,Youth,23.0,"Instagram, YouTube",25550.0,1623.0,618.0,305.0,146400.0,937.63,-0.49,Bengali,9.96,Premium Shoppers,25-11-2024
TI-CMP-54891,Influencer,Working Women,9.0,WhatsApp,65908.0,7677.0,2021.0,1365.0,810810.0,105.24,,Hindi,16.79,Youth,25-04-2025
TI-CMP-10462,Social Media,Premium Shoppers,9.0,"Google, WhatsApp",88046.0,12272.0,6370.0,4954.0,1828026.0,53.06,5.95,Bengali,26.8,Premium Shoppers,
TI-CMP-55410,SEO,,16.0,Email,99310.0,3844.0,1131.0,373.0,244315.0,646.94,0.01,English,5.39,Tier 2 City Customers,13-10-2024
TI-CMP-30366,Social Media,Tier 2 City Customers,14.0,"Facebook, Google, WhatsApp",72823.0,6217.0,2345.0,779.0,511803.0,248.47,1.64,English,12.83,Tier 2 City Customers,27-07-2024
TI-CMP-3574,Social Media,Youth,10.0,"Google, Email, WhatsApp",,12716.0,6289.0,3564.0,1129788.0,18.2,16.42,Bengali,26.3,Tier 2 City Customers,21-09-2024
TI-CMP-28904,Paid Ads,College Students,15.0,"YouTube, Google",89248.0,6870.0,3636.0,1665.0,464535.0,170.7,0.63,English,13.64,Premium Shoppers,12-11-2024
TI-CMP-43437,Email,Premium Shoppers,17.0,WhatsApp,78976.0,10760.0,4865.0,3499.0,885247.0,80.2,2.15,Bengali,24.21,Youth,27-01-2025
TI-CMP-44244,SEO,Tier 2 City Customers,30.0,"Email, WhatsApp",71419.0,3898.0,1707.0,554.0,183928.0,136.46,1.43,,8.62,Working Women,12-08-2024
TI-CMP-24001,SEO,Working Women,13.0,"Email, YouTube, Google",19784.0,2645.0,793.0,285.0,119985.0,441.25,-0.05,Hindi,18.82,College Students,23-12-2024
TI-CMP-4899,Paid Ads,,28.0,"Facebook, Google, WhatsApp",53120.0,3848.0,1647.0,547.0,377977.0,139.63,3.95,Bengali,11.37,College Students,16-09-2024
TI-CMP-36964,SEO,Tier 2 City Customers,10.0,WhatsApp,88234.0,12609.0,3713.0,1952.0,1417152.0,143.64,4.05,Hindi,20.71,Premium Shoppers,19-05-2025
TI-CMP-15311,Paid Ads,Premium Shoppers,12.0,YouTube,46376.0,6532.0,3184.0,2106.0,,31.55,16.18,Tamil,25.49,Working Women,17-12-2024
TI-CMP-28090,,College Students,21.0,"YouTube, Google, WhatsApp",19259.0,1244.0,604.0,427.0,228445.0,,,Hindi,11.81,Working Women,24-10-2024
TI-CMP-28851,Paid Ads,College Students,16.0,"Google, Instagram, YouTube",81771.0,3047.0,801.0,449.0,185886.0,480.78,,Bengali,5.25,Premium Shoppers,05-07-2024
TI-CMP-35358,SEO,Tier 2 City Customers,7.0,"Email, Instagram, Facebook",95289.0,13225.0,5569.0,4034.0,1472410.0,44.51,7.2,Hindi,23.96,,11-03-2025
TI-CMP-10584,SEO,College Students,14.0,"Email, WhatsApp",,1239.0,366.0,146.0,116508.0,367.85,1.17,Hindi,,Youth,30-05-2025
TI-CMP-14770,Influencer,Youth,22.0,"Instagram, Email, Facebook",84792.0,8488.0,3347.0,1586.0,965874.0,36.61,15.63,Tamil,15.83,,14-11-2024
TI-CMP-52149,SEO,Youth,21.0,"Google, Email, YouTube",29528.0,615.0,216.0,85.0,17510.0,1206.07,-0.83,Tamil,3.1,Premium Shoppers,18-03-2025
TI-CMP-51842,SEO,Premium Shoppers,6.0,"YouTube, Facebook",21500.0,2794.0,1175.0,844.0,663384.0,130.75,5.01,Hindi,22.39,Premium Shoppers,13-03-2025
TI-CMP-5251,SEO,Working Women,28.0,"Facebook, Instagram, Google",36062.0,2390.0,1166.0,611.0,154583.0,344.74,-0.27,Tamil,11.56,Youth,22-04-2025
TI-CMP-2253,SEO,Youth,27.0,Google,69427.0,4253.0,,1131.0,,,-0.04,Hindi,9.88,Working Women,15-02-2025
TI-CMP-35345,SEO,Premium Shoppers,15.0,WhatsApp,29781.0,4240.0,2248.0,1786.0,1139468.0,70.7,8.02,English,27.78,Tier 2 City Customers,01-06-2025
TI-CMP-3907,Social Media,Youth,13.0,"Google, Instagram",95680.0,11567.0,5139.0,2797.0,1292214.0,101.24,3.56,Tamil,20.38,Premium Shoppers,28-02-2025
TI-CMP-47281,Email,Premium Shoppers,6.0,Instagram,13264.0,340.0,203.0,103.0,51706.0,781.73,-0.36,Hindi,4.87,College Students,25-02-2025
TI-CMP-33759,Social Media,Working Women,12.0,"Instagram, YouTube, Facebook",19603.0,2099.0,866.0,501.0,224949.0,101.27,3.43,Bengali,17.68,Tier 2 City Customers,21-10-2024
TI-CMP-49897,Email,Youth,25.0,"Facebook, YouTube, WhatsApp",55506.0,3771.0,1395.0,793.0,311649.0,64.29,5.11,Tamil,10.74,College Students,08-04-2025
TI-CMP-5035,Email,,19.0,"Email, Facebook",63117.0,9190.0,5446.0,3298.0,2292110.0,69.15,9.05,Tamil,28.41,Working Women,
,Email,Tier 2 City Customers,30.0,Email,69062.0,4335.0,891.0,694.0,369208.0,259.17,1.05,English,8.57,Working Women,27-07-2024
TI-CMP-55815,Social Media,Tier 2 City Customers,9.0,Facebook,27428.0,3318.0,914.0,681.0,258780.0,332.99,0.14,,17.91,Premium Shoppers,30-12-2024
TI-CMP-39047,SEO,Premium Shoppers,13.0,"WhatsApp, Facebook, Email",88848.0,5133.0,1889.0,1488.0,322896.0,96.28,1.25,Bengali,9.58,,09-04-2025
TI-CMP-20015,Paid Ads,Youth,24.0,Facebook,,4206.0,1544.0,721.0,335265.0,94.98,3.9,English,20.0,Premium Shoppers,01-05-2025
TI-CMP-2632,Email,College Students,15.0,"Instagram, Google, Facebook",39933.0,2255.0,673.0,449.0,313402.0,124.99,4.58,Hindi,8.46,Youth,12-02-2025
TI-CMP-47061,Email,Youth,18.0,"Google, Facebook, YouTube",15223.0,2033.0,,333.0,87579.0,398.5,-0.34,Tamil,20.9,Tier 2 City Customers,10-09-2024
TI-CMP-9178,Email,Tier 2 City Customers,25.0,WhatsApp,17306.0,732.0,179.0,124.0,85436.0,1546.98,-0.55,,5.98,Working Women,02-06-2025
TI-CMP-2486,Social Media,Youth,9.0,Facebook,47623.0,2111.0,1197.0,379.0,182299.0,610.12,-0.21,Hindi,7.74,Youth,02-04-2025
TI-CMP-23022,Email,Working Women,8.0,"Facebook, Google, YouTube",,13847.0,3607.0,2746.0,1081924.0,87.3,3.51,Tamil,21.06,Youth,10-05-2025
TI-CMP-21506,Social Media,Working Women,22.0,"Email, WhatsApp, Instagram",60050.0,4481.0,1588.0,488.0,121512.0,258.21,-0.04,Bengali,10.92,Youth,02-09-2024
TI-CMP-33554,Social Media,Working Women,17.0,"Email, Instagram",54980.0,5825.0,2679.0,1632.0,,80.79,4.05,English,18.44,Youth,05-09-2024
TI-CMP-21624,SEO,College Students,29.0,"Facebook, Instagram",70342.0,,2181.0,1003.0,223669.0,159.86,0.39,Bengali,12.04,Premium Shoppers,09-01-2025
TI-CMP-35251,Paid Ads,Tier 2 City Customers,17.0,"Email, Instagram, Facebook",84208.0,8700.0,3762.0,2531.0,1675522.0,116.03,4.71,Tamil,17.8,Tier 2 City Customers,10-04-2025
TI-CMP-29170,SEO,College Students,14.0,"Instagram, Email",51106.0,6549.0,3540.0,2421.0,498726.0,,0.8,Hindi,24.48,College Students,
TI-CMP-49712,Social Media,Tier 2 City Customers,20.0,"WhatsApp, Facebook",99247.0,2721.0,1618.0,1043.0,,168.53,2.13,English,5.42,Working Women,09-07-2024
TI-CMP-37475,Email,Tier 2 City Customers,24.0,Instagram,59539.0,6037.0,1837.0,1322.0,281586.0,152.66,0.4,Bengali,15.45,Tier 2 City Customers,03-07-2024
TI-CMP-18792,Influencer,Working Women,16.0,Facebook,74973.0,9811.0,3213.0,1120.0,656320.0,221.62,1.64,English,18.87,College Students,01-02-2025
TI-CMP-44951,Paid Ads,,13.0,Facebook,73758.0,6909.0,1384.0,590.0,273760.0,156.9,1.96,English,12.04,Youth,22-02-2025
TI-CMP-39822,Social Media,Youth,16.0,"Instagram, WhatsApp",12186.0,1685.0,869.0,638.0,277530.0,430.56,0.01,English,26.19,Tier 2 City Customers,
TI-CMP-23876,Email,,18.0,"Google, WhatsApp",17328.0,590.0,244.0,134.0,98356.0,1829.78,-0.6,Hindi,5.59,Youth,17-11-2024
TI-CMP-34599,Social Media,Working Women,23.0,"Google, Instagram, WhatsApp",53808.0,2348.0,1202.0,499.0,113772.0,146.58,0.56,,,Working Women,26-03-2025
TI-CMP-46326,SEO,Premium Shoppers,8.0,"Google, Instagram, Email",79219.0,5560.0,2697.0,1016.0,677672.0,251.12,1.66,English,11.71,Tier 2 City Customers,17-02-2025
TI-CMP-41508,Influencer,Working Women,5.0,"Email, WhatsApp, YouTube",66653.0,1429.0,501.0,357.0,185997.0,462.51,,Tamil,3.43,Youth,05-08-2024
TI-CMP-9478,Influencer,Tier 2 City Customers,26.0,Instagram,90698.0,2689.0,1013.0,748.0,490688.0,295.45,1.22,Bengali,4.91,Tier 2 City Customers,11-10-2024
TI-CMP-41344,,College Students,16.0,Instagram,63286.0,2684.0,764.0,250.0,141250.0,787.55,-0.28,,5.84,Tier 2 City Customers,22-03-2025
TI-CMP-46065,Email,Premium Shoppers,17.0,"YouTube, Google, Facebook",16634.0,2019.0,868.0,562.0,310786.0,462.31,0.2,English,20.73,Premium Shoppers,30-05-2025
TI-CMP-7573,Email,College Students,30.0,"Email, Facebook",57410.0,3134.0,1174.0,625.0,344375.0,,0.18,Hindi,8.59,Tier 2 City Customers,13-04-2025
TI-CMP-47206,SEO,Tier 2 City Customers,14.0,"Instagram, WhatsApp, YouTube",61469.0,3992.0,932.0,485.0,99425.0,126.2,0.62,Bengali,8.8,Tier 2 City Customers,28-01-2025
TI-CMP-14131,Email,Tier 2 City Customers,9.0,"Google, WhatsApp",,3689.0,1477.0,934.0,387610.0,125.64,2.3,Bengali,24.58,Youth,09-09-2024
TI-CMP-53800,Influencer,College Students,6.0,Facebook,42034.0,5405.0,2695.0,1591.0,1040514.0,164.5,2.98,Bengali,23.06,Tier 2 City Customers,20-02-2025
TI-CMP-10403,Social Media,College Students,,"Facebook, Google, Instagram",80369.0,10327.0,3113.0,1656.0,698832.0,,4.87,Bengali,18.78,Working Women,28-12-2024
TI-CMP-11600,SEO,Working Women,16.0,Instagram,93537.0,7124.0,3996.0,2235.0,1030335.0,93.17,3.95,Tamil,14.28,College Students,03-04-2025
TI-CMP-5248,Influencer,Premium Shoppers,12.0,"Facebook, Google",34161.0,3347.0,1523.0,470.0,279650.0,366.4,0.62,Tamil,15.63,Tier 2 City Customers,20-08-2024
TI-CMP-33814,Paid Ads,Tier 2 City Customers,23.0,"Google, Instagram, Facebook",99868.0,2162.0,891.0,533.0,404547.0,406.95,0.87,English,3.59,Tier 2 City Customers,16-02-2025
TI-CMP-55488,Email,Tier 2 City Customers,26.0,"Instagram, Google",38053.0,2357.0,1045.0,649.0,411466.0,314.19,1.02,Tamil,10.65,Premium Shoppers,25-09-2024
TI-CMP-8201,SEO,Working Women,18.0,"Instagram, WhatsApp, Google",19254.0,963.0,230.0,182.0,126126.0,851.11,-0.19,,7.14,Premium Shoppers,31-05-2025
TI-CMP-29017,Influencer,Tier 2 City Customers,16.0,Instagram,58191.0,7302.0,1775.0,660.0,227040.0,163.95,1.1,Bengali,16.73,,21-03-2025
TI-CMP-7484,Paid Ads,College Students,20.0,"Google, YouTube",24304.0,1761.0,625.0,,135930.0,391.4,-0.12,Tamil,11.44,Tier 2 City Customers,03-02-2025
TI-CMP-1890,Paid Ads,Premium Shoppers,13.0,Instagram,70148.0,7949.0,4138.0,2085.0,1357335.0,135.25,3.81,English,20.2,,28-02-2025
TI-CMP-34068,SEO,Tier 2 City Customers,29.0,"YouTube, Facebook, Email",31094.0,1615.0,370.0,265.0,139655.0,688.12,-0.23,English,7.24,Tier 2 City Customers,18-08-2024
TI-CMP-33653,Social Media,Tier 2 City Customers,23.0,"Email, WhatsApp, YouTube",33148.0,,214.0,89.0,17800.0,2993.39,-0.93,Hindi,3.46,Tier 2 City Customers,06-10-2024
TI-CMP-25692,Paid Ads,Tier 2 City Customers,21.0,YouTube,22905.0,836.0,434.0,218.0,126222.0,1237.0,-0.53,Hindi,6.5,Working Women,20-11-2024
TI-CMP-49129,Social Media,,11.0,Instagram,32821.0,4309.0,1708.0,826.0,626934.0,294.94,1.57,Bengali,20.85,Premium Shoppers,06-01-2025
TI-CMP-1708,,,19.0,"Instagram, Google",14410.0,1393.0,613.0,272.0,174896.0,659.92,-0.03,Bengali,,Working Women,
TI-CMP-32207,Email,Tier 2 City Customers,19.0,"Instagram, WhatsApp, Facebook",25914.0,1824.0,870.0,500.0,296000.0,363.66,0.63,Hindi,12.33,Working Women,11-08-2024
TI-CMP-9578,Influencer,Youth,12.0,Instagram,45166.0,1000.0,218.0,170.0,87550.0,402.9,0.28,Tamil,3.07,Working Women,19-09-2024
TI-CMP-25567,Social Media,Youth,10.0,"Email, Instagram",27093.0,2646.0,800.0,385.0,223685.0,436.42,,Tamil,14.14,Premium Shoppers,08-12-2024
TI-CMP-12900,Influencer,Premium Shoppers,17.0,"YouTube, Facebook, Instagram",92055.0,6613.0,3910.0,2752.0,1009984.0,37.11,8.89,English,14.42,Premium Shoppers,25-07-2024
TI-CMP-55523,,Tier 2 City Customers,7.0,,96661.0,8546.0,1843.0,1347.0,910572.0,192.09,2.52,Bengali,12.14,Youth,12-04-2025
,Email,Premium Shoppers,22.0,"Email, Facebook, Instagram",,7894.0,4335.0,2604.0,1356684.0,42.0,11.41,Tamil,20.39,Premium Shoppers,20-01-2025
TI-CMP-37326,Paid Ads,Youth,12.0,"Facebook, Email, YouTube",85027.0,11732.0,5667.0,4482.0,1658340.0,55.44,5.67,Hindi,25.73,Working Women,01-08-2024
TI-CMP-15499,Email,Working Women,25.0,"Facebook, Instagram, YouTube",67749.0,2773.0,959.0,710.0,253470.0,194.68,0.83,Hindi,6.56,Premium Shoppers,06-12-2024
TI-CMP-32623,Social Media,Premium Shoppers,12.0,"Google, WhatsApp",59101.0,2287.0,1194.0,921.0,518523.0,312.68,0.8,Tamil,7.45,College Students,14-11-2024
TI-CMP-31583,Social Media,Tier 2 City Customers,6.0,Facebook,13400.0,275.0,160.0,79.0,45583.0,3741.13,-0.85,,3.84,Working Women,04-04-2025
TI-CMP-50825,SEO,Working Women,6.0,YouTube,41207.0,1109.0,531.0,410.0,182860.0,223.08,1.0,Hindi,4.97,Youth,11-06-2025
TI-CMP-30460,Paid Ads,Premium Shoppers,12.0,"YouTube, Email",51832.0,6399.0,3109.0,1339.0,856960.0,83.68,6.65,Hindi,20.93,Working Women,19-07-2024
TI-CMP-9473,Paid Ads,Working Women,11.0,"WhatsApp, Email",75121.0,5327.0,2989.0,2329.0,1616326.0,65.08,9.66,Hindi,14.17,College Students,
TI-CMP-22603,Social Media,Premium Shoppers,19.0,,64831.0,7657.0,4409.0,2144.0,769696.0,123.48,1.91,Tamil,21.92,Premium Shoppers,01-12-2024
TI-CMP-49085,Paid Ads,Youth,20.0,"Google, YouTube, Facebook",25991.0,3659.0,1088.0,657.0,354123.0,404.76,0.33,Hindi,20.79,College Students,21-12-2024
TI-CMP-43093,SEO,Tier 2 City Customers,8.0,Facebook,71169.0,,2097.0,1273.0,924198.0,147.09,3.94,Hindi,10.97,Working Women,26-07-2024
TI-CMP-48635,Email,College Students,6.0,Instagram,51699.0,3820.0,1119.0,668.0,416832.0,426.36,0.46,Hindi,10.85,Premium Shoppers,26-09-2024
,Influencer,Working Women,24.0,Email,22442.0,776.0,,112.0,38976.0,2157.04,-0.84,English,4.69,College Students,26-09-2024
TI-CMP-54321,Social Media,Premium Shoppers,14.0,"Email, Instagram",89423.0,9815.0,2130.0,912.0,497952.0,139.49,2.91,Bengali,14.38,Working Women,20-09-2024
TI-CMP-4780,SEO,,9.0,"WhatsApp, YouTube, Email",41548.0,6088.0,1875.0,954.0,681156.0,122.24,4.84,Hindi,21.46,Tier 2 City Customers,13-07-2024
TI-CMP-5039,Social Media,Youth,,Google,21628.0,707.0,321.0,219.0,171039.0,533.67,0.46,Hindi,5.77,Tier 2 City Customers,08-09-2024
TI-CMP-7651,Email,Tier 2 City Customers,29.0,"Facebook, Instagram, Google",91639.0,12364.0,6042.0,2872.0,1533648.0,76.18,6.01,Bengali,23.22,Youth,19-03-2025
TI-CMP-11241,Email,Youth,20.0,Instagram,82352.0,9688.0,2266.0,1705.0,978670.0,140.38,3.09,English,,College Students,25-08-2024
TI-CMP-29720,Social Media,Premium Shoppers,10.0,"Facebook, Google",60139.0,7693.0,1960.0,1350.0,999000.0,48.23,14.34,,18.3,Working Women,20-08-2024
TI-CMP-15720,SEO,Youth,25.0,Google,94424.0,2976.0,1126.0,349.0,268381.0,147.3,4.22,English,4.71,Youth,28-07-2024
TI-CMP-18037,Paid Ads,Working Women,21.0,"YouTube, Google",73764.0,3215.0,1022.0,810.0,613980.0,,3.18,Hindi,6.84,Youth,24-03-2025
TI-CMP-34557,,Working Women,19.0,"Instagram, YouTube",90462.0,8653.0,4562.0,2687.0,1348874.0,23.1,20.73,English,17.58,Working Women,13-12-2024
TI-CMP-40606,Paid Ads,College Students,22.0,"Instagram, Email, WhatsApp",,3216.0,1387.0,441.0,313992.0,193.99,2.67,Tamil,19.71,Working Women,09-03-2025
TI-CMP-2402,Email,,27.0,Email,51460.0,7487.0,2229.0,,1072025.0,,,English,21.92,Youth,
TI-CMP-43873,Email,Premium Shoppers,15.0,"Email, Google",39786.0,5310.0,1309.0,746.0,311082.0,209.63,0.99,English,18.51,Tier 2 City Customers,28-11-2024
TI-CMP-49223,Social Media,College Students,16.0,"Google, Instagram",17211.0,1262.0,412.0,149.0,83887.0,1612.22,-0.65,Tamil,10.59,College Students,04-03-2025
TI-CMP-51275,Influencer,Youth,25.0,"WhatsApp, Google, YouTube",74701.0,6925.0,3981.0,2196.0,1354932.0,32.47,,English,17.54,Premium Shoppers,09-04-2025
TI-CMP-11166,SEO,Tier 2 City Customers,17.0,"Google, Instagram",23156.0,2132.0,847.0,465.0,200880.0,,0.74,Hindi,14.87,Youth,01-07-2024
TI-CMP-27869,Influencer,College Students,6.0,"Instagram, YouTube, Google",97321.0,4537.0,2168.0,1510.0,415250.0,82.44,2.34,English,8.44,College Students,19-10-2024
TI-CMP-44411,Email,Youth,22.0,"YouTube, WhatsApp",20401.0,1481.0,531.0,182.0,,964.58,-0.71,Bengali,10.75,Tier 2 City Customers,05-04-2025
TI-CMP-24044,Email,Premium Shoppers,14.0,WhatsApp,51575.0,5361.0,1761.0,743.0,428711.0,297.45,0.94,English,15.25,Premium Shoppers,20-07-2024
TI-CMP-17356,SEO,Tier 2 City Customers,26.0,WhatsApp,66184.0,5453.0,1764.0,746.0,544580.0,121.01,5.03,Bengali,12.03,Tier 2 City Customers,28-10-2024
TI-CMP-47743,Paid Ads,College Students,26.0,WhatsApp,26526.0,814.0,403.0,310.0,137020.0,796.57,-0.45,Tamil,,College Students,26-01-2025
TI-CMP-24685,Paid Ads,Tier 2 City Customers,28.0,Email,35966.0,2699.0,721.0,360.0,141840.0,754.6,-0.48,Tamil,10.51,College Students,05-11-2024
TI-CMP-52858,Social Media,Youth,8.0,,27769.0,2206.0,477.0,248.0,121520.0,753.65,-0.35,Tamil,10.55,Working Women,11-08-2024
TI-CMP-52797,Paid Ads,Premium Shoppers,14.0,"Google, YouTube",73212.0,2161.0,996.0,661.0,190368.0,152.28,0.89,Bengali,5.21,Youth,
TI-CMP-19301,Influencer,Working Women,21.0,Instagram,77458.0,9649.0,2451.0,1762.0,984958.0,106.49,4.25,Hindi,17.9,Premium Shoppers,01-03-2025
TI-CMP-3608,SEO,College Students,29.0,"YouTube, Facebook",98405.0,9536.0,5055.0,3245.0,2394810.0,,,English,18.13,Youth,18-04-2025
TI-CMP-16978,SEO,Premium Shoppers,20.0,"WhatsApp, Instagram, Facebook",52269.0,,1142.0,524.0,188640.0,136.73,1.63,English,12.0,Youth,07-04-2025
TI-CMP-11127,,Working Women,29.0,"Instagram, WhatsApp",34098.0,3739.0,1027.0,770.0,323400.0,360.37,0.17,,16.24,Premium Shoppers,31-01-2025
TI-CMP-16557,Social Media,Working Women,5.0,"Facebook, Email, Google",77573.0,3451.0,878.0,283.0,109521.0,692.78,-0.44,Hindi,5.95,Premium Shoppers,15-01-2025
TI-CMP-17295,Paid Ads,Youth,9.0,"Instagram, Google",83992.0,4909.0,1660.0,613.0,197999.0,123.96,1.61,,8.55,Youth,14-03-2025
TI-CMP-5421,Influencer,Youth,24.0,"Email, Google",90387.0,7619.0,3063.0,1909.0,1175944.0,37.12,15.59,Tamil,13.93,College Students,26-02-2025
TI-CMP-49371,Paid Ads,Tier 2 City Customers,10.0,Facebook,79621.0,9606.0,2901.0,,471861.0,185.75,0.76,,17.52,Youth,28-03-2025
TI-CMP-29714,Email,College Students,14.0,"Email, YouTube",20903.0,1936.0,803.0,471.0,239268.0,286.91,0.77,,15.36,Working Women,31-10-2024
TI-CMP-34911,SEO,Tier 2 City Customers,20.0,"Email, WhatsApp",72035.0,6890.0,3612.0,2489.0,1597938.0,100.53,5.39,Tamil,18.03,Youth,26-02-2025
TI-CMP-13814,Social Media,Working Women,16.0,"Instagram, Facebook",84310.0,10323.0,4580.0,3057.0,718395.0,57.46,3.09,,21.3,Youth,17-08-2024
TI-CMP-13640,Email,Youth,6.0,Facebook,15626.0,1846.0,961.0,748.0,553520.0,346.3,1.14,English,22.75,College Students,16-05-2025
TI-CMP-9886,Influencer,Youth,21.0,"Email, YouTube, Instagram",11157.0,948.0,336.0,239.0,124041.0,1227.27,-0.58,English,13.65,Youth,27-10-2024
TI-CMP-2641,Paid Ads,,30.0,"YouTube, Facebook",35834.0,,676.0,470.0,227480.0,466.67,0.04,Bengali,6.43,College Students,15-03-2025
TI-CMP-44831,,College Students,8.0,"WhatsApp, Email",39654.0,3669.0,1580.0,666.0,,91.79,5.26,English,,Tier 2 City Customers,20-12-2024
TI-CMP-41104,Influencer,Premium Shoppers,28.0,"YouTube, Google",,9886.0,5710.0,3636.0,2097972.0,36.58,14.78,Hindi,,Tier 2 City Customers,28-03-2025
TI-CMP-51503,Email,Tier 2 City Customers,12.0,"WhatsApp, Facebook, Email",,2514.0,979.0,649.0,439373.0,272.84,,English,12.32,College Students,23-01-2025
TI-CMP-33459,Social Media,College Students,27.0,"Google, WhatsApp, YouTube",40805.0,3289.0,1620.0,767.0,556075.0,160.37,3.52,Tamil,13.91,College Students,29-12-2024
TI-CMP-26893,Email,Tier 2 City Customers,22.0,"Email, WhatsApp",31389.0,3109.0,945.0,735.0,,402.73,0.74,Bengali,15.26,Premium Shoppers,27-10-2024
TI-CMP-10011,Paid Ads,College Students,16.0,Google,62484.0,4095.0,2177.0,1055.0,596075.0,166.02,2.4,English,11.73,Tier 2 City Customers,10-01-2025
TI-CMP-38248,Social Media,Tier 2 City Customers,13.0,Google,75038.0,4572.0,2112.0,1193.0,439024.0,184.37,1.0,Hindi,10.5,Youth,13-01-2025
TI-CMP-38270,Social Media,Youth,11.0,Email,69786.0,2280.0,,348.0,272484.0,183.78,3.26,English,4.69,Working Women,28-03-2025
TI-CMP-41089,Paid Ads,Working Women,7.0,"YouTube, Instagram, Email",70385.0,9284.0,4752.0,3308.0,1796244.0,,11.77,Bengali,24.64,Premium Shoppers,20-11-2024
TI-CMP-27747,Email,College Students,6.0,"Email, YouTube",77136.0,8870.0,4897.0,1943.0,,99.06,2.99,Bengali,20.37,Working Women,14-10-2024
TI-CMP-6739,Paid Ads,College Students,22.0,"Email, Google, WhatsApp",79315.0,,4775.0,2181.0,582327.0,96.39,1.77,English,19.53,Working Women,31-12-2024
TI-CMP-24927,Social Media,Tier 2 City Customers,28.0,Email,46103.0,2883.0,762.0,574.0,356454.0,,0.94,,9.15,Tier 2 City Customers,20-09-2024
TI-CMP-56046,Influencer,Youth,18.0,"YouTube, WhatsApp, Google",79506.0,3559.0,1485.0,1098.0,815814.0,94.62,6.85,Bengali,7.73,Premium Shoppers,30-09-2024
,Influencer,Youth,13.0,Email,88777.0,2808.0,842.0,642.0,170130.0,456.56,-0.42,English,4.83,Working Women,16-07-2024
TI-CMP-37682,Social Media,Premium Shoppers,14.0,,54679.0,1537.0,518.0,173.0,122311.0,1049.72,-0.33,Hindi,4.07,Premium Shoppers,06-03-2025
,Social Media,Tier 2 City Customers,7.0,"YouTube, WhatsApp, Google",27044.0,2216.0,1041.0,424.0,276872.0,262.39,1.49,Bengali,13.61,Tier 2 City Customers,09-01-2025
TI-CMP-41051,Influencer,Working Women,7.0,WhatsApp,83637.0,2202.0,841.0,343.0,263767.0,,3.25,English,4.05,Working Women,
TI-CMP-20066,Influencer,Youth,26.0,WhatsApp,87145.0,4087.0,1922.0,1103.0,,150.58,2.1,Hindi,8.16,Working Women,22-04-2025
TI-CMP-44597,Social Media,Youth,,Email,41272.0,5748.0,1298.0,1004.0,492964.0,78.06,5.29,English,19.5,Youth,27-02-2025
TI-CMP-52587,Social Media,Premium Shoppers,24.0,Email,19419.0,2869.0,828.0,614.0,402784.0,98.02,5.69,English,22.2,Premium Shoppers,19-12-2024
TI-CMP-25720,SEO,Premium Shoppers,12.0,WhatsApp,43457.0,2646.0,641.0,447.0,,376.21,0.35,Hindi,8.59,Youth,07-04-2025
TI-CMP-7429,SEO,Premium Shoppers,,"Google, Facebook",52014.0,2388.0,,935.0,401115.0,66.41,5.46,English,8.65,,
TI-CMP-4104,SEO,Working Women,11.0,"YouTube, WhatsApp",40438.0,2005.0,1165.0,503.0,362160.0,414.72,0.74,Hindi,9.08,Premium Shoppers,20-03-2025
TI-CMP-35749,Paid Ads,Tier 2 City Customers,28.0,"Facebook, YouTube",58893.0,5452.0,1662.0,1134.0,607824.0,249.07,1.15,Hindi,14.01,Working Women,16-08-2024
TI-CMP-21987,Email,College Students,,"Email, Google",45283.0,1328.0,755.0,325.0,81900.0,330.51,-0.24,English,5.32,Working Women,04-11-2024
TI-CMP-48455,Email,Working Women,18.0,Google,25950.0,2607.0,532.0,200.0,124200.0,1375.39,-0.55,English,12.87,Youth,26-01-2025
TI-CMP-20253,,Premium Shoppers,12.0,"WhatsApp, Facebook, Instagram",50876.0,2693.0,1041.0,348.0,200100.0,749.03,-0.23,English,8.02,Youth,26-11-2024
TI-CMP-51480,SEO,Premium Shoppers,21.0,YouTube,61551.0,4145.0,1312.0,621.0,148419.0,393.28,-0.39,English,9.87,Tier 2 City Customers,19-04-2025
TI-CMP-31937,Email,Premium Shoppers,24.0,"Facebook, Email",27820.0,1908.0,659.0,197.0,154448.0,565.02,0.39,Bengali,9.94,Premium Shoppers,16-05-2025
TI-CMP-19719,Influencer,Premium Shoppers,24.0,"Facebook, WhatsApp",65325.0,5592.0,1930.0,1134.0,501228.0,204.1,1.17,English,13.25,College Students,01-05-2025
TI-CMP-42879,Paid Ads,College Students,30.0,YouTube,47040.0,5361.0,1294.0,771.0,528906.0,240.54,1.85,Bengali,15.79,Premium Shoppers,28-09-2024
TI-CMP-50485,SEO,Premium Shoppers,11.0,Facebook,68918.0,5069.0,2468.0,788.0,262404.0,68.2,3.88,Tamil,12.08,Tier 2 City Customers,17-01-2025
TI-CMP-36212,Social Media,College Students,16.0,"Instagram, WhatsApp, Google",39883.0,5748.0,2774.0,938.0,386456.0,69.93,4.89,Tamil,23.72,Youth,25-01-2025
TI-CMP-32517,Influencer,Youth,12.0,"Email, WhatsApp",58574.0,5157.0,1357.0,949.0,648167.0,290.65,1.35,Hindi,12.74,Working Women,20-07-2024
TI-CMP-31219,Email,Premium Shoppers,22.0,Google,23098.0,,1343.0,882.0,178164.0,99.86,1.02,English,20.56,Premium Shoppers,24-07-2024
TI-CMP-49137,Influencer,Premium Shoppers,18.0,"Google, Instagram",66807.0,3952.0,2207.0,1577.0,591375.0,142.33,1.63,Bengali,11.58,College Students,29-03-2025
TI-CMP-49841,Paid Ads,Premium Shoppers,18.0,Email,54868.0,1699.0,920.0,635.0,391795.0,278.52,1.22,Hindi,5.93,Working Women,28-09-2024
TI-CMP-49007,Paid Ads,Tier 2 City Customers,14.0,"Instagram, YouTube, WhatsApp",38368.0,4392.0,1945.0,1494.0,,184.71,2.05,Hindi,20.41,Tier 2 City Customers,04-02-2025
TI-CMP-51901,Influencer,Youth,24.0,Email,17584.0,,310.0,139.0,82566.0,1910.85,-0.69,Bengali,9.42,Youth,17-11-2024
TI-CMP-25458,Social Media,Tier 2 City Customers,21.0,YouTube,55079.0,1187.0,329.0,217.0,97433.0,976.32,-0.54,Tamil,3.15,Working Women,03-08-2024
TI-CMP-53371,Social Media,Youth,25.0,Instagram,44013.0,4633.0,2714.0,1848.0,1358280.0,156.13,3.71,Tamil,20.89,Premium Shoppers,29-09-2024
TI-CMP-25702,SEO,College Students,23.0,WhatsApp,19927.0,559.0,159.0,82.0,42558.0,2321.39,-0.78,English,4.01,Premium Shoppers,09-03-2025
TI-CMP-31547,Paid Ads,Youth,6.0,"Instagram, Email",19357.0,2652.0,835.0,453.0,208833.0,528.12,-0.13,Tamil,20.35,College Students,13-10-2024
TI-CMP-40600,Social Media,Working Women,18.0,"Facebook, Email, WhatsApp",86801.0,10953.0,4993.0,1926.0,1379016.0,97.26,6.36,Bengali,20.59,College Students,05-12-2024
TI-CMP-9479,Email,College Students,9.0,"WhatsApp, YouTube",82943.0,,3255.0,1557.0,815868.0,147.84,,Tamil,,Working Women,25-05-2025
TI-CMP-35186,,Premium Shoppers,14.0,"WhatsApp, Instagram, Facebook",30700.0,4191.0,2500.0,1472.0,457792.0,160.49,0.94,Bengali,26.59,Working Women,28-09-2024
TI-CMP-34845,Email,Working Women,23.0,,20455.0,2069.0,489.0,389.0,118645.0,642.1,-0.52,Tamil,14.41,Youth,23-01-2025
TI-CMP-36664,,Tier 2 City Customers,14.0,"YouTube, WhatsApp",35957.0,,1285.0,418.0,125818.0,206.29,0.46,Hindi,14.1,,01-12-2024
TI-CMP-7526,SEO,Tier 2 City Customers,19.0,Google,70786.0,1962.0,1149.0,448.0,284032.0,185.71,2.41,Hindi,,College Students,
TI-CMP-53542,Paid Ads,College Students,26.0,"Email, WhatsApp, Instagram",56446.0,7387.0,4350.0,2927.0,1966944.0,87.99,6.64,Hindi,25.98,Working Women,03-05-2025
TI-CMP-3761,,College Students,23.0,Instagram,70892.0,5713.0,3341.0,1904.0,693056.0,84.01,3.33,,15.46,College Students,03-10-2024
TI-CMP-34438,Social Media,Tier 2 City Customers,5.0,Google,78358.0,1730.0,814.0,,,439.5,,Hindi,4.07,College Students,11-05-2025
TI-CMP-48921,Paid Ads,,5.0,WhatsApp,66111.0,8153.0,4666.0,1682.0,523102.0,176.69,0.76,English,21.93,College Students,28-08-2024
TI-CMP-1285,Social Media,Working Women,,"Facebook, Instagram",51238.0,2009.0,1003.0,310.0,237460.0,607.73,0.26,,6.48,Working Women,11-12-2024
TI-CMP-49048,Email,Working Women,23.0,"Facebook, WhatsApp, Google",,11185.0,4372.0,1591.0,435934.0,54.2,4.06,Bengali,20.79,Tier 2 City Customers,13-08-2024
TI-CMP-33678,SEO,College Students,11.0,"YouTube, Instagram, Google",92356.0,2613.0,603.0,194.0,56454.0,744.08,-0.61,Tamil,,Premium Shoppers,26-07-2024
TI-CMP-47618,Influencer,Youth,25.0,"YouTube, Email, Facebook",18026.0,973.0,467.0,146.0,72562.0,2053.84,-0.76,Tamil,8.8,Youth,29-07-2024
TI-CMP-12619,Influencer,Premium Shoppers,30.0,"WhatsApp, Google",19341.0,2375.0,587.0,,98820.0,774.71,-0.53,Bengali,16.71,Premium Shoppers,13-02-2025
TI-CMP-25759,Paid Ads,Working Women,15.0,YouTube,65451.0,7489.0,3887.0,2272.0,1349568.0,125.98,3.72,,20.85,Premium Shoppers,24-01-2025
TI-CMP-6876,Social Media,College Students,21.0,"WhatsApp, Google, YouTube",28842.0,1776.0,776.0,324.0,258552.0,640.03,0.25,Hindi,9.97,College Students,
TI-CMP-12670,SEO,Youth,7.0,"Facebook, WhatsApp",34424.0,1017.0,537.0,213.0,108204.0,1184.55,-0.57,English,5.13,College Students,01-04-2025
TI-CMP-5879,Paid Ads,Youth,19.0,WhatsApp,80315.0,1893.0,567.0,396.0,296208.0,751.57,0.0,Hindi,3.56,Premium Shoppers,15-01-2025
TI-CMP-26598,SEO,Working Women,11.0,Google,45250.0,2771.0,1223.0,665.0,403655.0,169.13,2.59,Hindi,10.3,College Students,31-12-2024
TI-CMP-6275,Influencer,,6.0,"WhatsApp, Email, Instagram",54873.0,2454.0,1060.0,521.0,,245.93,1.18,Bengali,7.35,,24-03-2025
TI-CMP-33431,Influencer,Working Women,24.0,Instagram,23408.0,1532.0,909.0,570.0,239970.0,492.69,-0.15,Bengali,12.86,Premium Shoppers,21-01-2025
TI-CMP-28859,Paid Ads,Working Women,13.0,"Facebook, WhatsApp",39868.0,2748.0,647.0,454.0,136200.0,142.19,1.11,Tamil,9.65,Working Women,04-10-2024
TI-CMP-55492,Paid Ads,Working Women,24.0,YouTube,19552.0,1144.0,376.0,127.0,85217.0,2192.2,-0.69,English,8.42,Tier 2 City Customers,17-12-2024
TI-CMP-1476,SEO,Working Women,8.0,"Instagram, WhatsApp",66756.0,4055.0,2278.0,1537.0,559468.0,192.74,0.89,Tamil,11.79,College Students,02-08-2024
,Social Media,Tier 2 City Customers,12.0,"Facebook, WhatsApp, Instagram",51459.0,6483.0,2476.0,,389712.0,258.64,0.36,Bengali,19.56,College Students,08-01-2025
TI-CMP-31548,Paid Ads,,10.0,,39211.0,1029.0,443.0,138.0,75624.0,993.69,-0.45,English,4.11,Tier 2 City Customers,23-04-2025
TI-CMP-16697,Social Media,Premium Shoppers,26.0,YouTube,44485.0,1420.0,733.0,430.0,256710.0,525.0,0.14,Tamil,,College Students,29-01-2025
TI-CMP-25378,Email,Youth,11.0,"Google, Email, Instagram",74583.0,5073.0,1478.0,752.0,323360.0,287.07,0.5,Hindi,9.79,Youth,28-04-2025
TI-CMP-10126,SEO,Tier 2 City Customers,17.0,Instagram,80747.0,2508.0,1226.0,802.0,307166.0,116.66,2.28,Hindi,5.62,Working Women,14-04-2025
TI-CMP-30268,SEO,Premium Shoppers,24.0,"YouTube, Instagram",92975.0,8928.0,3778.0,2041.0,1622595.0,56.76,13.01,Bengali,15.86,College Students,08-10-2024
TI-CMP-31738,Email,Tier 2 City Customers,12.0,"WhatsApp, Google, Email",67842.0,7244.0,1546.0,857.0,421644.0,349.42,0.41,,14.22,Youth,06-10-2024
TI-CMP-45146,Social Media,Tier 2 City Customers,25.0,"Facebook, Email, Instagram",56406.0,8232.0,2066.0,805.0,416185.0,237.48,1.18,Tamil,19.68,Premium Shoppers,12-03-2025
TI-CMP-22519,SEO,Tier 2 City Customers,28.0,"Facebook, YouTube",55288.0,7205.0,1563.0,706.0,511144.0,76.15,8.51,English,17.14,Working Women,28-03-2025
TI-CMP-54715,Paid Ads,Working Women,23.0,"Facebook, Email, Instagram",15197.0,1839.0,,784.0,,314.51,0.06,Hindi,23.73,Premium Shoppers,24-01-2025
TI-CMP-17540,Paid Ads,Youth,30.0,"Email, Google",72442.0,2443.0,1274.0,974.0,461676.0,,1.71,Bengali,6.48,Premium Shoppers,23-04-2025
TI-CMP-35595,Paid Ads,Youth,26.0,"WhatsApp, Facebook",12944.0,1649.0,644.0,397.0,312836.0,645.12,0.22,,20.78,Tier 2 City Customers,
TI-CMP-37083,Paid Ads,Youth,28.0,"WhatsApp, YouTube",92878.0,8026.0,4737.0,1944.0,579312.0,84.68,2.52,Bengali,15.83,Working Women,29-04-2025
TI-CMP-30093,Influencer,Tier 2 City Customers,21.0,"YouTube, Instagram",58837.0,8202.0,4467.0,1909.0,855232.0,49.84,7.99,English,24.78,Tier 2 City Customers,02-02-2025
TI-CMP-11583,Influencer,Premium Shoppers,28.0,Google,64351.0,1527.0,725.0,265.0,111565.0,766.27,-0.45,Hindi,3.91,Tier 2 City Customers,23-11-2024
TI-CMP-32096,Email,Tier 2 City Customers,19.0,"WhatsApp, Instagram",32303.0,2077.0,511.0,205.0,104755.0,816.36,-0.37,Bengali,8.65,Premium Shoppers,18-01-2025
TI-CMP-22840,Paid Ads,,10.0,WhatsApp,64715.0,2281.0,1052.0,762.0,467868.0,345.63,0.78,Hindi,6.33,,22-07-2024
TI-CMP-50035,Paid Ads,Tier 2 City Customers,5.0,WhatsApp,30655.0,929.0,328.0,128.0,82176.0,1339.93,-0.52,Bengali,4.52,Premium Shoppers,19-11-2024
TI-CMP-23390,Paid Ads,Premium Shoppers,11.0,"Email, Facebook",39497.0,4305.0,2464.0,1322.0,867232.0,162.05,3.05,Hindi,20.49,Premium Shoppers,04-04-2025
TI-CMP-52457,Social Media,College Students,19.0,Facebook,57662.0,6825.0,3960.0,1536.0,399360.0,65.14,2.99,Bengali,21.37,Tier 2 City Customers,21-01-2025
TI-CMP-46468,,Working Women,24.0,Instagram,48937.0,4102.0,920.0,719.0,470226.0,170.37,2.84,Bengali,11.73,Youth,29-07-2024
TI-CMP-45176,,Tier 2 City Customers,12.0,WhatsApp,14630.0,1128.0,411.0,299.0,98969.0,976.27,-0.66,Bengali,12.56,Youth,03-12-2024
TI-CMP-4541,SEO,Premium Shoppers,6.0,"Instagram, YouTube",69619.0,1605.0,853.0,345.0,169395.0,536.17,-0.08,Bengali,4.03,Tier 2 City Customers,16-01-2025
TI-CMP-11989,Social Media,Youth,,"Email, Facebook, YouTube",22704.0,1018.0,321.0,128.0,53120.0,397.48,0.04,Hindi,6.46,Premium Shoppers,14-05-2025
TI-CMP-17730,SEO,Working Women,23.0,"Facebook, Google",53818.0,2455.0,,629.0,445961.0,126.08,4.62,Tamil,7.21,Youth,23-01-2025
TI-CMP-42711,SEO,College Students,17.0,"Instagram, Email",72964.0,5507.0,1436.0,524.0,,341.86,1.02,English,10.23,Youth,25-11-2024
TI-CMP-12860,Paid Ads,Premium Shoppers,29.0,"YouTube, Instagram",10994.0,896.0,350.0,117.0,46098.0,504.31,-0.22,Bengali,12.4,Premium Shoppers,22-09-2024
TI-CMP-5348,Social Media,Youth,18.0,"YouTube, Instagram, WhatsApp",38162.0,3333.0,1350.0,969.0,346902.0,266.53,0.34,Bengali,14.81,Premium Shoppers,18-05-2025
TI-CMP-45576,Paid Ads,Premium Shoppers,24.0,Email,54778.0,2849.0,1673.0,1259.0,536334.0,205.28,,Bengali,10.55,Premium Shoppers,25-03-2025
TI-CMP-39082,Paid Ads,Premium Shoppers,29.0,Facebook,83004.0,9084.0,2526.0,1905.0,1402080.0,33.81,20.77,Hindi,,,11-12-2024
TI-CMP-2608,SEO,Working Women,10.0,Facebook,63989.0,8593.0,2179.0,1578.0,373986.0,124.22,0.91,Hindi,19.3,Tier 2 City Customers,31-07-2024
,SEO,Working Women,24.0,"Instagram, Facebook",15647.0,1407.0,622.0,453.0,252321.0,277.51,1.01,Bengali,15.86,Youth,08-04-2025
TI-CMP-52627,Email,Premium Shoppers,5.0,YouTube,59626.0,6487.0,1618.0,684.0,320112.0,107.7,3.35,Bengali,,Tier 2 City Customers,20-08-2024
TI-CMP-34789,SEO,College Students,18.0,"Google, Instagram",30497.0,681.0,253.0,164.0,130216.0,1351.76,-0.41,Hindi,3.6,,05-01-2025
TI-CMP-25579,Paid Ads,Tier 2 City Customers,23.0,"WhatsApp, Instagram",22263.0,2544.0,1064.0,737.0,407561.0,339.91,0.63,Hindi,19.52,Youth,27-10-2024
TI-CMP-17307,Social Media,Youth,22.0,"Instagram, Google",86222.0,12856.0,3872.0,1488.0,1114512.0,91.95,7.15,,21.13,Premium Shoppers,24-03-2025
TI-CMP-14687,Paid Ads,Tier 2 City Customers,21.0,"Instagram, Google",10709.0,643.0,177.0,102.0,49776.0,1824.67,-0.73,English,8.61,College Students,11-09-2024
TI-CMP-36809,Influencer,Working Women,,"Instagram, Google, WhatsApp",60146.0,2866.0,675.0,388.0,159468.0,131.7,2.12,Hindi,,Youth,11-03-2025
TI-CMP-33791,Paid Ads,Working Women,13.0,"Instagram, Email",41648.0,1303.0,581.0,403.0,91884.0,318.2,-0.28,English,5.49,Tier 2 City Customers,21-12-2024
,SEO,College Students,12.0,"Instagram, YouTube",78103.0,5527.0,1624.0,840.0,317520.0,78.57,3.81,Tamil,10.23,Youth,08-11-2024
TI-CMP-52011,,Working Women,6.0,Google,61673.0,5128.0,,1616.0,1061712.0,,5.0,Tamil,14.82,Working Women,26-08-2024
TI-CMP-47059,Social Media,Youth,27.0,,,4482.0,1503.0,788.0,624884.0,165.28,3.8,English,18.4,,05-01-2025
TI-CMP-39364,Social Media,Youth,15.0,"YouTube, Facebook, Instagram",18894.0,1119.0,478.0,294.0,231084.0,729.12,0.08,Hindi,10.01,Tier 2 City Customers,06-04-2025
TI-CMP-5759,Paid Ads,Working Women,13.0,Email,68684.0,4912.0,2762.0,1437.0,767358.0,90.28,4.91,Tamil,13.27,Working Women,11-08-2024
TI-CMP-4593,Paid Ads,College Students,20.0,"Google, YouTube, Facebook",89680.0,6051.0,2612.0,1332.0,1044288.0,171.92,3.56,,11.15,Working Women,20-08-2024
TI-CMP-15737,Influencer,Premium Shoppers,22.0,"Google, YouTube",41754.0,4057.0,2120.0,1152.0,741888.0,54.1,10.9,Tamil,,Premium Shoppers,11-04-2025
,Influencer,Working Women,18.0,,88256.0,6497.0,2866.0,1031.0,455702.0,207.3,1.13,English,11.78,Youth,22-01-2025
TI-CMP-8320,Paid Ads,Working Women,21.0,Google,91286.0,4974.0,1815.0,852.0,269232.0,258.3,0.22,Tamil,8.37,Tier 2 City Customers,20-08-2024
TI-CMP-1773,SEO,Youth,13.0,"Instagram, Email",10201.0,296.0,128.0,81.0,38799.0,1869.99,-0.74,English,4.95,Premium Shoppers,04-10-2024
TI-CMP-10167,Influencer,Premium Shoppers,15.0,Google,80638.0,4422.0,1634.0,953.0,604202.0,288.78,1.2,Bengali,8.69,,11-08-2024
,Email,Tier 2 City Customers,12.0,,35895.0,1256.0,694.0,527.0,171275.0,441.97,-0.26,English,6.9,Tier 2 City Customers,06-10-2024
TI-CMP-54953,Influencer,Premium Shoppers,21.0,"Email, Instagram",30637.0,1589.0,396.0,215.0,139965.0,393.6,0.65,English,7.18,Tier 2 City Customers,27-04-2025
TI-CMP-29227,Email,,21.0,"Google, WhatsApp, Email",92598.0,12348.0,2633.0,1521.0,473031.0,71.29,3.36,Hindi,17.82,College Students,10-08-2024
TI-CMP-51646,Paid Ads,College Students,,"Facebook, Email, Google",60500.0,3656.0,887.0,354.0,266562.0,616.29,0.22,Tamil,8.09,Premium Shoppers,27-02-2025
TI-CMP-10836,Social Media,Youth,15.0,"YouTube, WhatsApp",58943.0,6759.0,2865.0,914.0,414956.0,72.3,5.28,Bengali,17.88,College Students,20-08-2024
TI-CMP-33246,Influencer,College Students,25.0,"Instagram, Email, Google",94221.0,2329.0,911.0,304.0,203072.0,477.08,0.4,English,,Tier 2 City Customers,
TI-CMP-46816,Email,Youth,19.0,,12496.0,268.0,92.0,38.0,13262.0,1920.08,-0.82,English,3.19,College Students,09-11-2024
TI-CMP-1842,Paid Ads,Tier 2 City Customers,27.0,"WhatsApp, Facebook",57066.0,6935.0,3874.0,2230.0,1077090.0,34.61,12.96,English,22.85,College Students,27-08-2024
TI-CMP-44101,Influencer,Tier 2 City Customers,15.0,"Google, YouTube",92623.0,9500.0,,3618.0,2036934.0,61.68,8.13,English,19.87,College Students,18-04-2025
TI-CMP-7315,Social Media,Premium Shoppers,26.0,"Facebook, Google, Instagram",93531.0,9207.0,5183.0,2879.0,1024924.0,45.43,6.84,English,18.46,Working Women,12-11-2024
TI-CMP-9970,Paid Ads,Tier 2 City Customers,23.0,WhatsApp,34760.0,4049.0,892.0,418.0,333564.0,292.6,1.73,Tamil,15.42,Working Women,09-02-2025
TI-CMP-23086,Email,Working Women,12.0,"Instagram, YouTube",38406.0,1482.0,,429.0,301587.0,454.8,0.55,English,6.77,Tier 2 City Customers,27-01-2025
TI-CMP-14797,,Youth,16.0,"Email, WhatsApp",33934.0,4250.0,2106.0,887.0,418664.0,80.51,4.86,Hindi,21.34,Premium Shoppers,
TI-CMP-23392,SEO,Premium Shoppers,18.0,"Instagram, Google, WhatsApp",81042.0,3722.0,2182.0,1350.0,275400.0,148.24,0.38,English,8.95,Youth,
TI-CMP-31058,Email,,11.0,WhatsApp,62804.0,2176.0,1112.0,384.0,100608.0,509.04,-0.49,English,5.85,Premium Shoppers,
TI-CMP-56435,Email,,,"Instagram, WhatsApp",33758.0,,2225.0,670.0,387930.0,349.71,0.66,Tamil,,Youth,11-12-2024
,Paid Ads,Working Women,28.0,"Google, Instagram, Email",84585.0,5234.0,,832.0,185536.0,303.31,-0.26,Hindi,8.44,College Students,07-09-2024
TI-CMP-48163,Influencer,Youth,24.0,Facebook,,4985.0,2821.0,,731240.0,179.14,3.04,Bengali,22.59,College Students,05-07-2024
TI-CMP-50913,Social Media,College Students,6.0,"Instagram, YouTube",33066.0,833.0,302.0,93.0,22227.0,661.47,-0.64,Bengali,3.71,Youth,04-02-2025
TI-CMP-30944,Email,Youth,15.0,"WhatsApp, Facebook, Google",84197.0,10655.0,2944.0,1231.0,537947.0,123.47,2.54,Tamil,17.61,Youth,07-09-2024
TI-CMP-12570,Email,College Students,23.0,"YouTube, WhatsApp",79066.0,10171.0,4197.0,2422.0,494088.0,97.24,1.1,Tamil,21.24,Tier 2 City Customers,16-05-2025
TI-CMP-50993,Influencer,Premium Shoppers,26.0,"Email, YouTube",42078.0,5812.0,2184.0,1720.0,586520.0,100.48,2.39,Bengali,23.09,Working Women,19-08-2024
TI-CMP-16774,Email,Youth,,"YouTube, WhatsApp",,375.0,,91.0,21203.0,3152.63,-0.93,English,5.57,Working Women,02-08-2024
TI-CMP-2792,Social Media,Premium Shoppers,14.0,"Instagram, YouTube",39781.0,4286.0,969.0,432.0,262656.0,116.11,4.24,Bengali,14.3,Working Women,27-03-2025
TI-CMP-2169,Social Media,Premium Shoppers,25.0,WhatsApp,99929.0,9104.0,1967.0,,544500.0,228.73,2.17,Hindi,11.83,College Students,15-01-2025
TI-CMP-34352,Influencer,Premium Shoppers,25.0,"Email, Instagram",12720.0,1503.0,389.0,138.0,58512.0,1419.91,-0.7,English,15.96,College Students,10-09-2024
TI-CMP-30156,Paid Ads,College Students,5.0,"Instagram, WhatsApp, Facebook",57800.0,3322.0,1197.0,486.0,157464.0,395.93,-0.18,Bengali,8.66,Youth,02-09-2024
TI-CMP-11761,Email,Tier 2 City Customers,11.0,"Google, Facebook, Instagram",98858.0,7926.0,3274.0,2317.0,1714580.0,26.78,26.63,Bengali,13.67,College Students,
TI-CMP-23996,SEO,College Students,6.0,Instagram,87487.0,9332.0,4148.0,1853.0,683757.0,115.79,2.19,Hindi,17.53,Premium Shoppers,26-08-2024
TI-CMP-5028,Paid Ads,Working Women,17.0,"Facebook, Google",24837.0,3144.0,1026.0,399.0,106134.0,201.88,0.32,Tamil,18.4,Working Women,22-09-2024
TI-CMP-28379,Social Media,College Students,20.0,"Facebook, WhatsApp, YouTube",26191.0,1921.0,1134.0,651.0,467418.0,227.17,2.16,Bengali,14.15,Youth,
TI-CMP-28520,Email,Working Women,5.0,Email,,6756.0,2284.0,853.0,497299.0,76.17,6.65,Bengali,15.37,Youth,13-06-2025
TI-CMP-2696,Social Media,Premium Shoppers,20.0,YouTube,35628.0,2335.0,973.0,298.0,217838.0,486.48,0.5,Tamil,10.12,Youth,04-09-2024
TI-CMP-45099,Paid Ads,Working Women,26.0,,94180.0,3883.0,1723.0,716.0,489028.0,387.88,0.76,Hindi,6.71,College Students,06-11-2024
TI-CMP-39298,Social Media,Youth,9.0,"Google, Instagram",49018.0,5632.0,3002.0,1280.0,340480.0,188.18,0.41,Bengali,20.23,Premium Shoppers,17-02-2025
TI-CMP-9274,Email,Youth,14.0,"YouTube, Facebook",31185.0,4497.0,2538.0,941.0,575892.0,159.92,2.83,Hindi,25.58,Working Women,03-04-2025
TI-CMP-2390,Email,,26.0,Google,91179.0,8395.0,4524.0,2296.0,1198512.0,24.64,20.18,Tamil,16.69,Youth,24-10-2024
TI-CMP-38698,Influencer,Youth,,"WhatsApp, Facebook",69288.0,5297.0,2198.0,669.0,154539.0,430.89,-0.46,Bengali,11.78,Youth,17-11-2024
TI-CMP-31238,Email,College Students,11.0,"Google, YouTube, Email",31895.0,4383.0,2419.0,1086.0,527796.0,83.55,4.82,Hindi,24.73,College Students,12-04-2025
TI-CMP-12010,Social Media,Working Women,17.0,Google,28550.0,1220.0,364.0,222.0,69930.0,463.45,-0.32,Hindi,6.33,Working Women,22-04-2025
TI-CMP-20850,Paid Ads,College Students,14.0,"Facebook, Google, Instagram",94766.0,10711.0,6060.0,3428.0,2005380.0,15.84,35.93,Tamil,21.31,Premium Shoppers,12-10-2024
TI-CMP-11678,Social Media,Tier 2 City Customers,28.0,YouTube,57349.0,4861.0,1452.0,567.0,254583.0,219.7,1.04,Tamil,12.0,Tier 2 City Customers,26-08-2024
TI-CMP-40002,Social Media,College Students,15.0,"Email, Google",21568.0,1195.0,446.0,291.0,132696.0,911.85,,English,8.96,Premium Shoppers,29-03-2025
TI-CMP-17430,Paid Ads,Premium Shoppers,9.0,"Facebook, Instagram",55369.0,4139.0,1096.0,549.0,199836.0,123.65,1.94,Bengali,10.45,Working Women,26-04-2025
TI-CMP-42460,Influencer,Working Women,22.0,,47361.0,2788.0,745.0,576.0,331200.0,446.98,,Hindi,8.68,College Students,04-12-2024
TI-CMP-22374,Influencer,Youth,19.0,Instagram,18227.0,892.0,193.0,95.0,72200.0,1101.97,-0.31,English,6.47,Tier 2 City Customers,24-11-2024
,Paid Ads,Premium Shoppers,18.0,"Google, WhatsApp, Facebook",76915.0,1959.0,636.0,403.0,85033.0,707.66,-0.7,Tamil,3.9,Tier 2 City Customers,05-08-2024
TI-CMP-1253,Influencer,Youth,30.0,"Email, Facebook, YouTube",93029.0,4431.0,2160.0,1454.0,574330.0,149.45,1.64,Bengali,8.65,Working Women,18-09-2024
TI-CMP-31229,Influencer,Youth,26.0,"WhatsApp, Google",30013.0,1556.0,933.0,474.0,294828.0,191.22,2.25,Tamil,9.87,Tier 2 City Customers,
TI-CMP-53416,Influencer,Tier 2 City Customers,18.0,"Email, Instagram, Google",91350.0,7546.0,2522.0,1898.0,814242.0,,7.88,English,13.1,Tier 2 City Customers,26-08-2024
TI-CMP-54279,Email,Youth,24.0,,46505.0,3665.0,1799.0,921.0,391425.0,217.08,0.96,English,13.73,Premium Shoppers,27-10-2024
TI-CMP-11930,Paid Ads,Premium Shoppers,13.0,"WhatsApp, Google",12270.0,1050.0,378.0,132.0,104412.0,2047.63,-0.61,Bengali,12.71,Premium Shoppers,22-10-2024
TI-CMP-37601,Social Media,Tier 2 City Customers,,"Instagram, Facebook, Google",55951.0,4052.0,2021.0,1287.0,675675.0,95.72,4.48,Hindi,13.15,,03-10-2024
TI-CMP-2003,SEO,Tier 2 City Customers,19.0,WhatsApp,56472.0,1459.0,,273.0,141960.0,359.63,0.45,Hindi,4.19,Working Women,12-03-2025
TI-CMP-15164,Social Media,Working Women,16.0,Facebook,25652.0,2938.0,1149.0,424.0,278568.0,351.46,0.87,English,17.59,Working Women,21-03-2025
TI-CMP-11542,SEO,Tier 2 City Customers,11.0,"Instagram, WhatsApp, YouTube",29697.0,2642.0,940.0,685.0,253450.0,256.27,0.44,Bengali,14.37,College Students,18-12-2024
TI-CMP-13399,Influencer,Tier 2 City Customers,7.0,"Google, WhatsApp, Instagram",40661.0,3299.0,1731.0,592.0,458208.0,483.69,,English,13.83,Youth,
TI-CMP-11883,Email,Youth,28.0,"Google, Instagram",55666.0,5542.0,,937.0,335446.0,180.83,0.98,Hindi,14.87,Working Women,08-09-2024
TI-CMP-7936,Influencer,Tier 2 City Customers,,YouTube,75737.0,5493.0,3003.0,2126.0,1105520.0,55.44,8.38,English,14.02,Working Women,21-01-2025
TI-CMP-10618,Paid Ads,Youth,17.0,"YouTube, WhatsApp, Email",86264.0,8869.0,3182.0,2466.0,,87.06,3.02,Bengali,16.83,Premium Shoppers,28-09-2024
TI-CMP-31758,SEO,College Students,12.0,"Google, YouTube, Instagram",,1508.0,593.0,330.0,188430.0,848.59,-0.33,English,,Premium Shoppers,26-12-2024
TI-CMP-47459,SEO,College Students,25.0,"YouTube, Facebook, Email",45796.0,1130.0,560.0,252.0,192780.0,492.81,0.55,Tamil,4.24,Youth,28-05-2025
TI-CMP-15446,SEO,Premium Shoppers,12.0,"WhatsApp, Facebook",29055.0,1298.0,,224.0,65632.0,548.82,-0.47,Tamil,6.21,Youth,19-12-2024
TI-CMP-54066,Paid Ads,Working Women,23.0,Instagram,39967.0,1732.0,1025.0,560.0,124880.0,202.13,0.1,English,8.3,Working Women,21-10-2024
TI-CMP-7196,SEO,Working Women,11.0,"Google, Facebook",87231.0,7421.0,2878.0,1118.0,658502.0,,1.32,Tamil,13.09,Premium Shoppers,28-09-2024
TI-CMP-51064,SEO,College Students,10.0,"YouTube, Google",71498.0,2434.0,1401.0,793.0,352885.0,187.78,1.37,,6.47,Premium Shoppers,17-01-2025
TI-CMP-6517,Influencer,Tier 2 City Customers,28.0,"Facebook, Instagram, YouTube",41079.0,4921.0,1699.0,1028.0,680536.0,126.04,4.25,Bengali,18.62,Working Women,26-12-2024
TI-CMP-9858,Paid Ads,Tier 2 City Customers,21.0,"Facebook, Instagram",40599.0,3069.0,658.0,226.0,104638.0,1045.53,-0.56,Tamil,9.74,,11-09-2024
TI-CMP-22937,Email,College Students,28.0,YouTube,89803.0,3122.0,1325.0,950.0,682100.0,303.11,1.37,English,6.01,Tier 2 City Customers,
TI-CMP-30276,Social Media,Tier 2 City Customers,20.0,Email,77341.0,10010.0,4970.0,2387.0,1802185.0,92.89,7.13,Tamil,22.46,Premium Shoppers,22-11-2024
TI-CMP-28831,Email,Working Women,11.0,"Facebook, Email",58992.0,1728.0,495.0,280.0,110320.0,834.48,,Hindi,4.24,College Students,07-05-2025
TI-CMP-38301,SEO,Tier 2 City Customers,21.0,"WhatsApp, YouTube",95507.0,2976.0,1388.0,,235600.0,134.26,0.85,Tamil,5.56,College Students,07-10-2024
TI-CMP-5669,,Tier 2 City Customers,21.0,"Facebook, Google",18575.0,548.0,294.0,192.0,57408.0,584.17,-0.49,Bengali,5.57,Youth,29-09-2024
TI-CMP-30936,Paid Ads,,13.0,Facebook,63602.0,4359.0,1821.0,956.0,349896.0,60.28,5.07,English,11.22,,25-01-2025
TI-CMP-31432,Paid Ads,Working Women,18.0,Facebook,72943.0,,4120.0,2827.0,1130800.0,23.31,16.16,English,19.17,Working Women,28-05-2025
TI-CMP-50162,Influencer,Youth,5.0,,25194.0,2579.0,896.0,306.0,135864.0,193.7,1.29,Hindi,15.01,Premium Shoppers,09-11-2024
TI-CMP-22862,Social Media,Working Women,8.0,"WhatsApp, Instagram, Email",75172.0,,2694.0,1701.0,835191.0,157.74,2.11,English,18.17,,20-06-2025
TI-CMP-6711,SEO,Premium Shoppers,23.0,"Google, YouTube",,450.0,231.0,152.0,117040.0,1663.66,-0.54,,4.51,Working Women,30-05-2025
TI-CMP-25830,SEO,Premium Shoppers,5.0,"WhatsApp, Email",43045.0,5713.0,2955.0,1179.0,636660.0,190.99,1.83,Tamil,22.88,Tier 2 City Customers,21-03-2025
TI-CMP-47359,Social Media,Youth,24.0,"Email, Instagram, YouTube",72541.0,2841.0,1370.0,911.0,490118.0,236.67,1.27,,7.06,College Students,02-11-2024
TI-CMP-39844,Influencer,Working Women,,"Email, YouTube, WhatsApp",44296.0,5530.0,1277.0,853.0,220927.0,134.79,0.92,Bengali,17.29,Premium Shoppers,09-10-2024
TI-CMP-55943,Email,Working Women,30.0,"Facebook, Instagram, Email",22653.0,3052.0,805.0,361.0,129599.0,740.52,-0.52,Tamil,18.62,College Students,26-09-2024
TI-CMP-5448,SEO,Working Women,16.0,"YouTube, Facebook, Google",30831.0,842.0,416.0,142.0,62622.0,944.14,-0.53,Hindi,4.54,Youth,03-03-2025
TI-CMP-27176,Social Media,College Students,29.0,Facebook,70097.0,3713.0,1622.0,510.0,275910.0,496.16,0.09,Tamil,8.34,Tier 2 City Customers,06-11-2024
TI-CMP-52365,,Premium Shoppers,20.0,"Instagram, Google",24592.0,776.0,394.0,120.0,46800.0,795.04,-0.51,Tamil,5.25,Working Women,27-04-2025
TI-CMP-25202,,Youth,10.0,Instagram,35785.0,5184.0,2408.0,1728.0,843264.0,35.06,12.92,,26.04,Youth,20-04-2025
TI-CMP-31335,Paid Ads,,5.0,"YouTube, WhatsApp, Email",27416.0,2802.0,1064.0,402.0,156378.0,429.74,-0.09,Tamil,15.57,,31-03-2025
TI-CMP-46537,SEO,Premium Shoppers,26.0,"YouTube, WhatsApp",73930.0,9135.0,2995.0,1709.0,449467.0,87.89,1.99,Tamil,18.72,College Students,05-03-2025
TI-CMP-18475,Influencer,Premium Shoppers,19.0,"Facebook, WhatsApp, Google",65675.0,4240.0,1988.0,895.0,635450.0,171.9,3.13,Hindi,10.85,College Students,05-04-2025
TI-CMP-7128,Influencer,Youth,,"Instagram, Email, YouTube",11026.0,1111.0,583.0,,168434.0,792.38,-0.43,Tamil,18.73,,04-05-2025
TI-CMP-13081,Paid Ads,College Students,,"Email, Facebook, Instagram",70626.0,8938.0,2653.0,979.0,,54.85,13.2,Bengali,,,14-05-2025
TI-CMP-38328,Influencer,College Students,15.0,"Email, YouTube",45636.0,5646.0,2710.0,2158.0,,86.51,6.34,Bengali,23.04,Youth,05-06-2025
TI-CMP-12100,Social Media,Premium Shoppers,5.0,"Google, WhatsApp",66275.0,6570.0,1595.0,668.0,188376.0,157.31,,Hindi,13.33,Premium Shoppers,23-09-2024
TI-CMP-44396,Influencer,Youth,,Facebook,27348.0,3576.0,1746.0,811.0,380359.0,300.91,0.56,Hindi,22.43,College Students,12-12-2024
TI-CMP-44631,Social Media,College Students,23.0,"WhatsApp, YouTube",16932.0,2119.0,558.0,358.0,192246.0,501.56,0.07,Hindi,17.92,Premium Shoppers,08-12-2024
TI-CMP-27174,Email,Working Women,27.0,Google,35947.0,1573.0,811.0,293.0,205979.0,294.92,1.38,Hindi,7.45,Youth,05-01-2025
TI-CMP-23374,Paid Ads,,14.0,"WhatsApp, Email",58005.0,8449.0,4636.0,2517.0,1671288.0,41.02,15.19,Bengali,26.9,Working Women,05-06-2025
TI-CMP-56361,Email,Working Women,19.0,"Facebook, Google",55067.0,6388.0,1307.0,933.0,735204.0,59.76,12.19,English,15.67,Tier 2 City Customers,19-04-2025
TI-CMP-3807,Social Media,Youth,22.0,Facebook,36046.0,2515.0,1462.0,527.0,217124.0,201.59,1.04,English,12.5,Premium Shoppers,04-05-2025
TI-CMP-4788,Social Media,Working Women,13.0,YouTube,16438.0,2092.0,447.0,267.0,186900.0,688.76,0.02,Hindi,17.07,Premium Shoppers,05-11-2024
TI-CMP-31185,Influencer,Premium Shoppers,13.0,Facebook,61612.0,7181.0,1686.0,829.0,409526.0,159.31,2.1,Hindi,15.74,Premium Shoppers,25-10-2024
TI-CMP-18080,SEO,Tier 2 City Customers,20.0,"Facebook, Google, Email",40616.0,1563.0,721.0,322.0,220248.0,284.91,1.4,Tamil,6.42,Youth,11-10-2024
TI-CMP-46849,Influencer,Tier 2 City Customers,9.0,Facebook,44555.0,5291.0,2532.0,1174.0,373332.0,168.23,0.89,Bengali,20.19,Premium Shoppers,06-12-2024
TI-CMP-7095,Social Media,College Students,15.0,"WhatsApp, Google",70248.0,8856.0,,2045.0,840495.0,92.69,3.43,Bengali,21.79,Tier 2 City Customers,21-02-2025
TI-CMP-5878,Social Media,Working Women,25.0,"WhatsApp, Email, YouTube",87921.0,9838.0,2365.0,1223.0,629845.0,124.76,3.13,Bengali,15.27,Youth,15-07-2024
TI-CMP-26942,Paid Ads,,22.0,YouTube,75282.0,3594.0,,,188150.0,231.95,0.53,,6.61,Youth,13-04-2025
TI-CMP-19834,Paid Ads,Premium Shoppers,23.0,"Google, Email, Facebook",71947.0,7623.0,2771.0,2153.0,611452.0,114.31,1.48,Hindi,17.44,Youth,09-10-2024
TI-CMP-37900,Influencer,Youth,26.0,"YouTube, Instagram",85458.0,10730.0,3633.0,1419.0,1126686.0,196.68,3.04,,18.47,Working Women,19-05-2025
TI-CMP-8836,Email,Premium Shoppers,9.0,Email,10762.0,997.0,461.0,343.0,164983.0,216.24,1.22,Bengali,16.73,Tier 2 City Customers,07-02-2025
TI-CMP-3008,Influencer,Working Women,21.0,"Facebook, YouTube, WhatsApp",64586.0,4379.0,1118.0,448.0,212800.0,436.5,0.09,Hindi,9.2,Premium Shoppers,29-12-2024
TI-CMP-33374,Email,Working Women,,"Google, WhatsApp, Instagram",40431.0,2607.0,800.0,269.0,129927.0,830.14,-0.42,English,9.09,Tier 2 City Customers,02-02-2025
TI-CMP-40675,Influencer,Premium Shoppers,27.0,"WhatsApp, Email, YouTube",90822.0,3805.0,1466.0,548.0,355104.0,152.85,3.24,Tamil,6.41,Working Women,19-08-2024
TI-CMP-25308,SEO,College Students,,"Email, WhatsApp",27936.0,3091.0,1224.0,938.0,694120.0,277.93,1.66,Hindi,18.8,College Students,05-10-2024
TI-CMP-36431,Social Media,Youth,15.0,"Instagram, Google, WhatsApp",58023.0,,798.0,458.0,221214.0,283.93,0.7,English,7.76,College Students,19-10-2024
TI-CMP-34819,SEO,Working Women,8.0,"Instagram, WhatsApp",50658.0,6695.0,3548.0,1498.0,819406.0,122.09,3.48,Bengali,23.18,Premium Shoppers,14-04-2025
TI-CMP-19415,Email,College Students,,"YouTube, Instagram, Facebook",40469.0,2770.0,641.0,241.0,54225.0,,-0.68,Hindi,9.02,Tier 2 City Customers,30-03-2025
TI-CMP-37037,Influencer,College Students,13.0,"Google, WhatsApp",82864.0,6866.0,2246.0,788.0,372724.0,162.71,1.91,English,11.95,Tier 2 City Customers,30-09-2024
TI-CMP-20176,Social Media,Premium Shoppers,22.0,"Google, WhatsApp, Email",27576.0,3934.0,2086.0,649.0,275176.0,137.11,,Hindi,24.18,Tier 2 City Customers,
TI-CMP-43272,,Youth,12.0,"Facebook, Google",94397.0,3843.0,,698.0,465566.0,384.09,0.74,English,5.91,Tier 2 City Customers,20-07-2024
TI-CMP-19102,Social Media,Tier 2 City Customers,23.0,"Email, YouTube",45473.0,2292.0,1238.0,692.0,164004.0,395.24,-0.4,English,9.28,Tier 2 City Customers,19-10-2024
TI-CMP-53111,Email,Youth,23.0,"Instagram, YouTube",22025.0,550.0,232.0,106.0,41234.0,2688.25,-0.86,Bengali,4.03,College Students,15-07-2024
TI-CMP-22132,SEO,Tier 2 City Customers,17.0,"YouTube, WhatsApp, Facebook",82167.0,8109.0,3259.0,2393.0,1751676.0,117.81,5.21,Bengali,,Premium Shoppers,12-06-2025
TI-CMP-32354,SEO,College Students,,"Facebook, Instagram, WhatsApp",25489.0,805.0,336.0,204.0,100368.0,581.9,-0.15,English,,Premium Shoppers,02-05-2025
TI-CMP-12541,Influencer,Premium Shoppers,27.0,Facebook,27179.0,1335.0,676.0,506.0,,448.75,-0.42,Tamil,9.26,College Students,24-05-2025
TI-CMP-26953,Email,Youth,27.0,"Facebook, WhatsApp",,4788.0,1472.0,723.0,,119.89,4.4,Tamil,13.88,Working Women,24-09-2024
TI-CMP-47115,Influencer,College Students,11.0,WhatsApp,53609.0,2567.0,545.0,190.0,145540.0,829.28,-0.08,English,6.16,Working Women,04-09-2024
TI-CMP-27625,Influencer,,13.0,"Instagram, WhatsApp",87722.0,1912.0,456.0,158.0,41712.0,347.01,-0.24,Bengali,2.88,Tier 2 City Customers,31-12-2024
,Paid Ads,Working Women,25.0,"WhatsApp, Google, Email",78322.0,5169.0,2120.0,1557.0,644598.0,69.37,4.97,Bengali,11.29,Youth,20-10-2024
TI-CMP-21701,Email,Premium Shoppers,18.0,"Email, WhatsApp, Google",86280.0,3973.0,2243.0,1536.0,,115.88,5.16,Tamil,8.98,Premium Shoppers,03-07-2024
TI-CMP-51934,SEO,College Students,,,36978.0,2511.0,690.0,348.0,144420.0,372.85,0.11,Tamil,9.6,Working Women,04-07-2024
TI-CMP-37156,SEO,College Students,21.0,"Instagram, YouTube, Google",13394.0,1106.0,565.0,269.0,204440.0,649.25,0.17,Bengali,14.48,Youth,03-02-2025
TI-CMP-23141,SEO,College Students,9.0,,50707.0,5097.0,1165.0,911.0,295164.0,220.12,0.47,Tamil,14.15,,04-10-2024
TI-CMP-17273,Paid Ads,Tier 2 City Customers,8.0,Email,82059.0,8123.0,4829.0,2154.0,1522878.0,66.43,9.64,Tamil,18.41,Tier 2 City Customers,30-08-2024
TI-CMP-47794,Email,Youth,22.0,"Instagram, YouTube, Google",44651.0,3660.0,785.0,562.0,301794.0,479.86,0.12,Tamil,11.21,,07-09-2024
TI-CMP-28279,Influencer,Working Women,5.0,"Instagram, YouTube",17798.0,,626.0,226.0,138990.0,859.25,-0.28,Tamil,18.19,College Students,17-07-2024
TI-CMP-18090,Influencer,Premium Shoppers,18.0,,48995.0,6982.0,2535.0,923.0,524264.0,119.89,3.74,Hindi,21.31,Youth,05-06-2025
TI-CMP-50690,Email,,9.0,"Instagram, Google, Facebook",11978.0,608.0,126.0,97.0,58782.0,1520.85,,Hindi,6.94,Premium Shoppers,03-03-2025
TI-CMP-3616,Paid Ads,Working Women,21.0,Google,41415.0,998.0,534.0,356.0,140976.0,415.08,-0.05,Hindi,4.56,College Students,30-10-2024
TI-CMP-10606,Email,College Students,17.0,"Facebook, Google",71830.0,7401.0,,740.0,280460.0,387.25,-0.02,Bengali,14.09,Tier 2 City Customers,14-10-2024
TI-CMP-34255,SEO,Tier 2 City Customers,27.0,Email,98385.0,11922.0,5368.0,3888.0,2896560.0,75.05,8.93,English,21.53,Youth,28-09-2024
TI-CMP-23872,Paid Ads,Premium Shoppers,19.0,YouTube,91101.0,2262.0,1083.0,334.0,85838.0,720.03,-0.64,Tamil,4.04,Youth,05-06-2025
TI-CMP-42608,Paid Ads,College Students,11.0,"Instagram, WhatsApp",35175.0,,2050.0,743.0,485922.0,280.83,1.33,English,22.93,Tier 2 City Customers,28-08-2024
TI-CMP-13691,Paid Ads,Working Women,12.0,"Google, Instagram, Email",60228.0,8808.0,4366.0,1770.0,1212450.0,115.51,4.93,Tamil,24.81,Premium Shoppers,27-09-2024
,Paid Ads,Premium Shoppers,15.0,"Google, Instagram, Email",88896.0,2869.0,1715.0,1166.0,612150.0,84.57,5.21,Tamil,6.47,Premium Shoppers,
TI-CMP-40034,Paid Ads,Working Women,24.0,"WhatsApp, Email, Facebook",96107.0,5860.0,1702.0,943.0,485645.0,185.15,1.78,Bengali,8.85,Premium Shoppers,09-04-2025
TI-CMP-53999,SEO,Working Women,28.0,"YouTube, Email, Facebook",27897.0,2193.0,1072.0,849.0,549303.0,157.2,3.12,English,14.75,Youth,31-07-2024
TI-CMP-50389,Paid Ads,Premium Shoppers,18.0,"WhatsApp, Email, Google",53458.0,6261.0,1723.0,861.0,203196.0,221.0,0.07,Hindi,16.55,Tier 2 City Customers,30-04-2025
TI-CMP-50652,Social Media,,12.0,,90132.0,12705.0,6812.0,,614760.0,115.25,1.45,Hindi,,Working Women,24-08-2024
TI-CMP-39576,Influencer,Working Women,18.0,"Email, WhatsApp, Google",77315.0,3844.0,1492.0,484.0,186824.0,159.03,1.43,Tamil,7.53,Youth,24-04-2025
TI-CMP-49914,Social Media,Youth,22.0,WhatsApp,35318.0,,919.0,421.0,274913.0,412.21,0.58,Tamil,11.51,College Students,05-03-2025
TI-CMP-23874,Influencer,Tier 2 City Customers,8.0,"YouTube, Facebook, Google",93739.0,8270.0,,1904.0,550256.0,95.64,2.02,Bengali,15.93,Tier 2 City Customers,04-11-2024
TI-CMP-51267,Social Media,College Students,23.0,,58959.0,7648.0,2636.0,2079.0,,56.07,7.38,,20.97,Tier 2 City Customers,25-08-2024
TI-CMP-51484,Paid Ads,Tier 2 City Customers,12.0,"Google, YouTube",83364.0,,2571.0,1129.0,414343.0,181.27,1.02,English,14.95,College Students,08-09-2024
TI-CMP-47611,Paid Ads,Youth,18.0,YouTube,11841.0,638.0,288.0,87.0,58551.0,3381.69,-0.8,English,8.56,Working Women,12-03-2025
TI-CMP-16292,Social Media,Tier 2 City Customers,8.0,Email,51552.0,,664.0,272.0,78064.0,1085.22,-0.74,Bengali,7.06,Tier 2 City Customers,30-05-2025
TI-CMP-26922,Paid Ads,Premium Shoppers,25.0,Google,39221.0,1160.0,535.0,344.0,237360.0,670.87,0.03,,5.2,,04-12-2024
TI-CMP-25676,Paid Ads,Youth,19.0,"Facebook, WhatsApp, Email",75407.0,6008.0,2095.0,,1156815.0,115.94,5.72,Tamil,12.71,Tier 2 City Customers,09-01-2025
TI-CMP-16726,Influencer,Tier 2 City Customers,23.0,"WhatsApp, Facebook",28815.0,2308.0,1282.0,999.0,252747.0,79.41,2.19,English,15.93,Premium Shoppers,08-07-2024
TI-CMP-18697,Influencer,Working Women,10.0,"Google, WhatsApp, Instagram",71813.0,6420.0,3270.0,2255.0,1576245.0,,4.27,Tamil,16.63,Tier 2 City Customers,31-01-2025
TI-CMP-18593,Influencer,College Students,10.0,YouTube,75402.0,8250.0,4410.0,2396.0,675672.0,104.53,1.7,English,19.97,College Students,03-07-2024
TI-CMP-36491,Influencer,Tier 2 City Customers,27.0,"Facebook, Email",11808.0,1131.0,504.0,203.0,131747.0,957.17,-0.32,Hindi,,Working Women,02-02-2025
TI-CMP-6975,Paid Ads,College Students,7.0,"Google, Email",70795.0,3841.0,1750.0,,312156.0,162.56,0.84,,9.37,Working Women,31-10-2024
TI-CMP-45652,Paid Ads,Premium Shoppers,18.0,"Instagram, YouTube, Email",37852.0,3543.0,1558.0,1050.0,254100.0,75.9,2.19,Hindi,16.25,Premium Shoppers,16-03-2025
TI-CMP-56055,Email,,30.0,,51616.0,1925.0,515.0,375.0,133875.0,176.62,1.02,Bengali,5.45,,13-07-2024
TI-CMP-2736,Influencer,Youth,14.0,Facebook,53803.0,6047.0,2892.0,1827.0,1452465.0,135.03,4.89,English,20.01,Premium Shoppers,05-05-2025
TI-CMP-11439,Paid Ads,Tier 2 City Customers,13.0,"Email, WhatsApp",40335.0,3793.0,1620.0,1295.0,495985.0,86.2,3.44,Tamil,16.63,Working Women,04-02-2025
TI-CMP-10125,Influencer,Premium Shoppers,28.0,"Google, YouTube",88676.0,11306.0,3802.0,2854.0,1615364.0,62.09,8.12,English,20.26,Youth,22-07-2024
TI-CMP-10129,Social Media,Premium Shoppers,23.0,"Instagram, YouTube, Facebook",35224.0,2465.0,671.0,484.0,225544.0,252.82,0.84,Tamil,10.28,Premium Shoppers,28-05-2025
TI-CMP-48907,Paid Ads,Youth,26.0,"YouTube, Instagram, Facebook",44253.0,6090.0,3205.0,1710.0,396720.0,113.52,1.04,English,24.87,Tier 2 City Customers,15-12-2024
TI-CMP-45885,Influencer,Youth,18.0,,89888.0,6451.0,1637.0,1058.0,369242.0,97.1,2.59,Tamil,10.17,Working Women,06-02-2025
TI-CMP-24742,Paid Ads,Premium Shoppers,27.0,"Email, YouTube, WhatsApp",79613.0,9430.0,2099.0,775.0,505300.0,130.62,3.99,Bengali,15.45,Premium Shoppers,26-11-2024
TI-CMP-9171,Paid Ads,Youth,8.0,"Email, WhatsApp, Facebook",99910.0,7417.0,2815.0,1493.0,438942.0,117.34,1.51,Bengali,,Youth,08-01-2025
TI-CMP-19861,Social Media,Tier 2 City Customers,,Facebook,29386.0,4086.0,1215.0,728.0,434616.0,214.84,1.78,English,20.52,Premium Shoppers,06-11-2024
,SEO,College Students,19.0,Email,29467.0,4099.0,1009.0,393.0,202002.0,668.37,,English,18.67,Tier 2 City Customers,15-11-2024
TI-CMP-26554,Paid Ads,Premium Shoppers,21.0,Instagram,40994.0,5321.0,2803.0,1731.0,1102647.0,154.9,3.11,English,24.04,Working Women,13-05-2025
TI-CMP-13695,Influencer,Youth,24.0,"Google, YouTube",32177.0,4340.0,2452.0,1436.0,821392.0,69.93,7.18,Tamil,25.57,Youth,02-05-2025
,Email,College Students,12.0,WhatsApp,81529.0,7692.0,2196.0,945.0,693630.0,68.95,9.65,Bengali,13.29,College Students,19-10-2024
TI-CMP-22805,SEO,Tier 2 City Customers,23.0,"Instagram, Email, YouTube",83039.0,8373.0,2309.0,1220.0,252540.0,136.81,0.51,Hindi,14.33,Working Women,18-03-2025
TI-CMP-3982,Email,College Students,30.0,"Facebook, Email",27199.0,1427.0,782.0,,278535.0,527.29,0.14,English,9.83,Youth,04-07-2024
TI-CMP-37797,SEO,Premium Shoppers,25.0,"Facebook, Email, WhatsApp",74428.0,9318.0,5331.0,2552.0,1260688.0,100.5,3.92,Bengali,23.11,Tier 2 City Customers,15-11-2024
TI-CMP-33119,Email,Premium Shoppers,23.0,WhatsApp,98274.0,7588.0,4078.0,,518757.0,162.96,1.22,English,13.33,Tier 2 City Customers,18-05-2025
TI-CMP-2655,Influencer,Tier 2 City Customers,20.0,"Email, Instagram, Facebook",36867.0,3330.0,799.0,508.0,261112.0,117.41,3.38,Hindi,12.58,Working Women,20-03-2025
,Email,Working Women,20.0,"Google, YouTube",91326.0,4558.0,2559.0,,414279.0,39.04,5.17,English,9.68,College Students,16-01-2025
TI-CMP-6920,SEO,Working Women,19.0,Email,52080.0,6471.0,3369.0,1637.0,523840.0,83.95,2.81,English,22.04,Tier 2 City Customers,10-07-2024
TI-CMP-38527,Social Media,Premium Shoppers,24.0,YouTube,48178.0,2207.0,660.0,399.0,256557.0,153.28,3.19,Bengali,6.78,Working Women,24-02-2025
TI-CMP-49822,Paid Ads,Youth,10.0,"Email, YouTube, Google",35500.0,4290.0,1747.0,842.0,401634.0,155.25,2.07,English,19.38,Youth,
TI-CMP-30589,Social Media,Youth,24.0,Google,10619.0,1280.0,561.0,276.0,160080.0,229.95,1.52,English,19.94,Youth,28-04-2025
TI-CMP-44276,Email,Tier 2 City Customers,8.0,Email,35770.0,4825.0,1728.0,928.0,649600.0,117.6,4.95,English,20.91,Premium Shoppers,29-11-2024
TI-CMP-36467,Email,College Students,6.0,Facebook,94152.0,4141.0,992.0,638.0,176088.0,204.53,0.35,English,6.13,Premium Shoppers,04-04-2025
TI-CMP-7075,Social Media,College Students,24.0,Google,15566.0,2284.0,1084.0,,264045.0,170.63,2.56,Tamil,24.43,Premium Shoppers,06-02-2025
TI-CMP-41032,Influencer,College Students,,"Instagram, Email",84328.0,9084.0,2948.0,2294.0,1087356.0,94.92,3.99,Tamil,16.99,Tier 2 City Customers,26-03-2025
TI-CMP-51279,Email,College Students,25.0,WhatsApp,81396.0,4900.0,1746.0,754.0,182468.0,335.61,-0.28,Bengali,9.09,Youth,20-09-2024
TI-CMP-14660,Email,Tier 2 City Customers,24.0,Facebook,26078.0,785.0,161.0,112.0,64624.0,804.08,-0.28,Tamil,4.06,Youth,06-11-2024
TI-CMP-35726,Email,College Students,17.0,Google,15057.0,747.0,364.0,225.0,123525.0,658.04,-0.17,Hindi,,Tier 2 City Customers,10-04-2025
,Influencer,Youth,20.0,"WhatsApp, Email, Instagram",40635.0,3049.0,1709.0,1279.0,415675.0,63.05,4.15,Hindi,14.86,College Students,26-10-2024
TI-CMP-19794,Influencer,Youth,14.0,"YouTube, Facebook",67182.0,6268.0,3356.0,1228.0,677856.0,180.84,2.05,English,16.15,Working Women,21-05-2025
TI-CMP-22908,Influencer,Youth,9.0,"YouTube, WhatsApp",68536.0,5298.0,2623.0,,513890.0,270.05,1.18,Tamil,12.83,College Students,17-04-2025
TI-CMP-26555,Email,Premium Shoppers,20.0,"WhatsApp, Google, YouTube",28777.0,4140.0,2281.0,1678.0,1251788.0,125.1,4.96,Bengali,28.14,,11-02-2025
TI-CMP-18462,Influencer,Tier 2 City Customers,,"WhatsApp, Facebook",36550.0,1980.0,1040.0,575.0,335225.0,108.33,,Tamil,9.84,College Students,04-04-2025
TI-CMP-42288,Email,Youth,28.0,Instagram,51714.0,7119.0,3634.0,1643.0,1271682.0,142.51,4.43,English,23.97,Premium Shoppers,18-08-2024
TI-CMP-30786,Email,Youth,16.0,"YouTube, WhatsApp",70188.0,5802.0,1208.0,577.0,304079.0,192.35,1.74,Hindi,10.81,Tier 2 City Customers,15-11-2024
TI-CMP-41476,Email,Tier 2 City Customers,7.0,"YouTube, Google",57382.0,8368.0,1816.0,1391.0,410345.0,42.83,5.89,Hindi,20.17,Youth,18-12-2024
TI-CMP-41804,Paid Ads,Premium Shoppers,25.0,"Instagram, WhatsApp, Google",15471.0,621.0,325.0,146.0,99426.0,1385.05,-0.51,Bengali,7.06,Youth,06-02-2025
TI-CMP-8143,Social Media,Premium Shoppers,,"YouTube, Email, Google",44945.0,4923.0,1785.0,,396422.0,106.25,2.63,Hindi,17.21,College Students,14-08-2024
TI-CMP-26486,Influencer,Youth,8.0,"Facebook, Email",65912.0,4876.0,2197.0,1747.0,897958.0,157.01,2.27,Tamil,13.38,Working Women,07-12-2024
TI-CMP-15763,Email,Working Women,22.0,"Instagram, Google, Facebook",96664.0,10531.0,3182.0,1629.0,343719.0,138.98,0.52,Bengali,15.87,College Students,
TI-CMP-10313,Influencer,Youth,29.0,Email,95259.0,6798.0,1540.0,463.0,296320.0,457.04,0.4,Hindi,9.24,College Students,09-08-2024
TI-CMP-45352,Influencer,Youth,29.0,"Email, Instagram, Facebook",65992.0,3299.0,1960.0,1227.0,927612.0,237.05,2.19,Bengali,9.83,Youth,07-07-2024
TI-CMP-5091,Email,,26.0,"Instagram, Email",,10966.0,4481.0,,1207455.0,35.46,13.24,Tamil,,Tier 2 City Customers,10-05-2025
TI-CMP-44031,Social Media,Tier 2 City Customers,27.0,Google,,1506.0,842.0,271.0,185906.0,445.0,0.54,English,21.2,College Students,26-02-2025
TI-CMP-1681,Paid Ads,Working Women,9.0,"WhatsApp, Email, Google",68669.0,2556.0,1498.0,535.0,421580.0,222.54,2.54,Tamil,6.68,Working Women,06-12-2024
TI-CMP-7939,Social Media,Premium Shoppers,26.0,"Google, YouTube",32165.0,3141.0,1515.0,689.0,413400.0,303.61,0.98,English,16.62,Youth,20-07-2024
TI-CMP-2484,Social Media,College Students,7.0,"WhatsApp, Instagram, Google",75775.0,8768.0,5108.0,,1506218.0,13.42,28.58,Hindi,23.32,Working Women,
TI-CMP-7933,Social Media,College Students,,"Email, Facebook",45874.0,4019.0,1306.0,746.0,376730.0,277.79,0.82,Hindi,13.23,Tier 2 City Customers,17-01-2025
TI-CMP-52150,Social Media,Working Women,9.0,,42566.0,1074.0,291.0,119.0,50218.0,958.84,-0.56,English,3.49,College Students,28-10-2024
TI-CMP-14126,Email,College Students,10.0,WhatsApp,41867.0,1681.0,446.0,311.0,243202.0,633.88,0.23,Hindi,5.82,College Students,14-03-2025
TI-CMP-38640,Influencer,Youth,9.0,"Google, Instagram, Facebook",24270.0,2443.0,698.0,345.0,163875.0,459.37,,English,14.36,Premium Shoppers,15-05-2025
TI-CMP-8982,Email,Tier 2 City Customers,25.0,"Instagram, YouTube",10970.0,971.0,483.0,,201524.0,537.97,0.13,English,16.28,Tier 2 City Customers,15-08-2024
TI-CMP-34338,,,29.0,"Facebook, WhatsApp, Instagram",76833.0,7677.0,1607.0,592.0,233248.0,95.06,3.14,Tamil,,Youth,04-03-2025
TI-CMP-11496,SEO,,21.0,"Google, Instagram",45275.0,4951.0,,1616.0,694880.0,71.56,5.01,Hindi,19.55,College Students,03-08-2024
TI-CMP-49482,,Premium Shoppers,23.0,Email,91109.0,9445.0,3379.0,1364.0,373736.0,127.38,1.15,Hindi,,College Students,21-05-2025
TI-CMP-6466,Influencer,Youth,,"YouTube, Google, WhatsApp",23490.0,1393.0,567.0,264.0,173184.0,1126.46,,,9.47,Tier 2 City Customers,18-12-2024
TI-CMP-13153,Influencer,College Students,29.0,"Facebook, Instagram, YouTube",15415.0,1477.0,588.0,343.0,234955.0,442.61,0.55,English,15.62,Premium Shoppers,13-11-2024
TI-CMP-13681,Influencer,Working Women,6.0,,86374.0,10884.0,2949.0,2230.0,1186360.0,107.23,3.96,English,18.6,,02-10-2024
TI-CMP-3449,Email,Premium Shoppers,7.0,Email,75442.0,8308.0,4682.0,,1123632.0,74.26,3.12,English,22.09,Tier 2 City Customers,15-08-2024
TI-CMP-47009,Social Media,Working Women,12.0,YouTube,16515.0,2073.0,820.0,388.0,209520.0,263.23,1.05,,19.87,Youth,07-03-2025
TI-CMP-43311,Paid Ads,College Students,23.0,"Email, Facebook, WhatsApp",79489.0,5784.0,2369.0,762.0,164592.0,317.49,-0.32,Tamil,11.22,Working Women,30-10-2024
TI-CMP-34640,SEO,College Students,6.0,YouTube,83514.0,9334.0,,3273.0,1175007.0,,3.08,Bengali,20.42,Tier 2 City Customers,09-12-2024
TI-CMP-56295,,Premium Shoppers,18.0,Email,18834.0,475.0,147.0,93.0,24831.0,887.39,-0.7,Hindi,3.8,Working Women,19-04-2025
TI-CMP-7483,Email,Premium Shoppers,18.0,,69047.0,3858.0,1347.0,674.0,339022.0,325.99,0.54,English,8.51,Youth,04-10-2024
TI-CMP-52201,SEO,Youth,28.0,Facebook,42308.0,4468.0,2246.0,1028.0,636332.0,248.4,1.49,Hindi,18.3,Premium Shoppers,14-07-2024
TI-CMP-12165,SEO,Working Women,24.0,Facebook,70563.0,2276.0,1344.0,714.0,478380.0,171.52,2.91,Bengali,6.14,Working Women,08-02-2025
TI-CMP-2566,SEO,Youth,11.0,YouTube,31968.0,3883.0,2259.0,1256.0,335352.0,211.11,0.26,Hindi,23.14,College Students,01-12-2024
TI-CMP-3593,Email,Working Women,30.0,"Instagram, Email",69255.0,4548.0,1775.0,573.0,392505.0,224.87,2.05,Tamil,9.96,Working Women,18-09-2024
TI-CMP-38025,Email,Premium Shoppers,22.0,Facebook,22162.0,677.0,304.0,191.0,,1320.81,-0.59,Bengali,5.29,Working Women,12-10-2024
TI-CMP-51758,SEO,,5.0,Email,13135.0,681.0,344.0,148.0,80216.0,1409.6,-0.62,Bengali,8.93,Premium Shoppers,31-07-2024
TI-CMP-3522,Email,College Students,7.0,"WhatsApp, Google, Instagram",58141.0,5105.0,2444.0,1034.0,507694.0,280.68,0.75,Bengali,14.76,Youth,12-10-2024
,Influencer,Premium Shoppers,30.0,Email,56133.0,1235.0,507.0,378.0,95634.0,670.12,-0.62,Tamil,3.78,Premium Shoppers,12-03-2025
TI-CMP-15761,SEO,College Students,7.0,Facebook,31528.0,1545.0,360.0,233.0,165430.0,917.1,-0.23,Tamil,6.78,Premium Shoppers,03-11-2024
TI-CMP-50700,Email,Youth,23.0,"YouTube, WhatsApp, Google",10723.0,1164.0,313.0,212.0,165360.0,569.93,0.37,English,15.75,College Students,29-10-2024
TI-CMP-34138,Social Media,Premium Shoppers,,"YouTube, Google",57214.0,5306.0,1426.0,485.0,345320.0,354.53,1.01,English,12.61,College Students,17-01-2025
TI-CMP-1898,Influencer,Working Women,11.0,YouTube,95717.0,5008.0,2098.0,1530.0,322830.0,161.65,0.31,Bengali,9.02,Premium Shoppers,07-08-2024
TI-CMP-54719,Social Media,Working Women,17.0,"YouTube, Facebook, Instagram",74163.0,7501.0,3833.0,1322.0,748252.0,69.08,7.19,Hindi,17.07,Working Women,12-02-2025
TI-CMP-5021,SEO,Tier 2 City Customers,28.0,"Facebook, Instagram",,3571.0,1860.0,1334.0,905786.0,161.59,,Bengali,8.15,,07-09-2024
TI-CMP-29416,Social Media,,23.0,"Google, Instagram, WhatsApp",23803.0,1285.0,673.0,537.0,424767.0,257.63,2.07,Hindi,10.48,Premium Shoppers,02-06-2025
TI-CMP-28249,,Tier 2 City Customers,23.0,"WhatsApp, YouTube, Instagram",31310.0,2174.0,454.0,337.0,115254.0,500.03,-0.32,Hindi,9.47,College Students,26-08-2024
TI-CMP-47870,Social Media,Premium Shoppers,7.0,YouTube,31722.0,2316.0,1368.0,412.0,262032.0,552.45,0.15,English,12.91,Working Women,30-08-2024
TI-CMP-39390,Social Media,Premium Shoppers,12.0,"YouTube, Instagram",87557.0,8363.0,2401.0,1015.0,721665.0,209.28,2.4,English,13.45,Tier 2 City Customers,14-02-2025
TI-CMP-11153,SEO,Youth,11.0,"WhatsApp, Facebook",70003.0,4557.0,2085.0,1108.0,684744.0,209.57,1.95,Hindi,,Premium Shoppers,24-10-2024
TI-CMP-2603,Email,College Students,25.0,WhatsApp,98127.0,6168.0,,1098.0,,105.28,4.33,Bengali,9.68,Working Women,13-03-2025
TI-CMP-34131,Email,Working Women,27.0,"Google, Instagram, Facebook",28309.0,3431.0,1294.0,826.0,321314.0,142.04,1.74,English,19.61,College Students,24-03-2025
TI-CMP-43824,SEO,Tier 2 City Customers,16.0,"Facebook, YouTube, Google",74292.0,5790.0,,1233.0,669519.0,160.9,2.37,English,11.8,Working Women,
TI-CMP-14726,Email,Tier 2 City Customers,30.0,Email,44787.0,1936.0,429.0,186.0,,1308.6,-0.64,Tamil,5.7,Premium Shoppers,
TI-CMP-13157,SEO,Youth,9.0,"Email, Google",82329.0,11926.0,3657.0,1579.0,1141617.0,135.98,4.32,English,20.85,Working Women,
TI-CMP-34693,SEO,Youth,21.0,"Facebook, WhatsApp, Email",78437.0,3530.0,2003.0,1105.0,458575.0,183.18,1.27,Bengali,8.46,Youth,26-02-2025
TI-CMP-28581,SEO,Tier 2 City Customers,22.0,"YouTube, Instagram",37317.0,4633.0,1013.0,432.0,337824.0,487.67,,Bengali,16.29,Youth,08-12-2024
TI-CMP-10353,Influencer,Tier 2 City Customers,19.0,"WhatsApp, Email",20992.0,1540.0,876.0,488.0,245952.0,548.0,,Hindi,13.83,Working Women,16-04-2025
TI-CMP-53640,Influencer,Premium Shoppers,18.0,"WhatsApp, Facebook",28614.0,,1314.0,503.0,180074.0,413.99,-0.14,Hindi,15.42,College Students,23-01-2025
TI-CMP-32111,Influencer,College Students,20.0,"WhatsApp, Google, YouTube",86084.0,9675.0,4792.0,3340.0,2665320.0,58.28,12.69,Bengali,20.69,College Students,
TI-CMP-35563,Influencer,Tier 2 City Customers,6.0,"Email, WhatsApp",88491.0,9699.0,5662.0,3617.0,846378.0,65.73,2.56,English,21.45,Youth,07-03-2025
TI-CMP-6657,Paid Ads,College Students,27.0,"YouTube, Instagram",,1311.0,649.0,462.0,190806.0,353.11,0.17,Bengali,6.01,Youth,09-03-2025
TI-CMP-12771,Email,Youth,27.0,"Instagram, Email, WhatsApp",29773.0,2908.0,820.0,450.0,144900.0,224.36,0.44,Tamil,14.03,Youth,05-10-2024
TI-CMP-40057,SEO,Tier 2 City Customers,16.0,"Email, WhatsApp, Instagram",69970.0,6057.0,,1389.0,315303.0,204.04,0.11,Tamil,13.14,Premium Shoppers,08-01-2025
TI-CMP-51168,SEO,College Students,29.0,"Email, Facebook, YouTube",78418.0,6376.0,2693.0,1359.0,,219.45,0.99,Hindi,13.3,College Students,10-09-2024
TI-CMP-13994,Influencer,College Students,6.0,Google,80286.0,6108.0,3324.0,1082.0,839632.0,117.19,5.62,English,13.1,Working Women,01-02-2025
TI-CMP-23345,Social Media,Youth,12.0,"YouTube, Facebook, Instagram",67234.0,3433.0,1479.0,743.0,467347.0,250.05,1.52,English,8.41,Youth,19-07-2024
TI-CMP-33666,Influencer,Tier 2 City Customers,23.0,"Facebook, Instagram",88687.0,2735.0,1417.0,1025.0,253175.0,131.56,0.88,Bengali,5.84,Premium Shoppers,19-11-2024
TI-CMP-5788,Social Media,Working Women,22.0,"Facebook, WhatsApp",75758.0,2719.0,1060.0,780.0,227760.0,117.76,1.48,Hindi,6.02,College Students,26-04-2025
TI-CMP-38742,Paid Ads,Premium Shoppers,15.0,"Google, Instagram",47708.0,1221.0,527.0,261.0,75690.0,737.78,-0.61,English,4.21,Tier 2 City Customers,26-05-2025
TI-CMP-8474,Social Media,Working Women,28.0,Email,17805.0,2192.0,791.0,250.0,120250.0,1047.33,-0.54,English,18.16,College Students,24-05-2025
TI-CMP-8686,SEO,Premium Shoppers,21.0,"Email, Facebook, Google",51014.0,1556.0,694.0,291.0,210684.0,766.36,-0.06,Tamil,4.98,Working Women,22-07-2024
TI-CMP-9500,SEO,Tier 2 City Customers,29.0,"Google, Facebook",47106.0,3501.0,1104.0,459.0,335070.0,626.65,0.16,Bengali,10.75,,05-02-2025
,Paid Ads,Youth,11.0,"Instagram, Google",11451.0,1666.0,946.0,461.0,221741.0,623.99,-0.23,Hindi,26.84,Working Women,19-11-2024
TI-CMP-30213,Influencer,Tier 2 City Customers,10.0,WhatsApp,97292.0,2100.0,990.0,666.0,430902.0,365.05,0.77,Bengali,3.86,Premium Shoppers,03-07-2024
TI-CMP-29674,,Tier 2 City Customers,14.0,"Facebook, Email, WhatsApp",44243.0,3070.0,1084.0,594.0,365310.0,393.89,0.56,Hindi,10.73,College Students,21-07-2024
TI-CMP-41284,Influencer,Tier 2 City Customers,30.0,YouTube,86238.0,8610.0,2320.0,748.0,546040.0,125.45,4.82,Tamil,13.54,College Students,06-12-2024
TI-CMP-9489,Email,Premium Shoppers,18.0,YouTube,53164.0,1200.0,572.0,323.0,,205.38,0.86,English,3.94,Premium Shoppers,09-01-2025
TI-CMP-22779,Influencer,Premium Shoppers,24.0,"WhatsApp, Google, Facebook",70256.0,3282.0,988.0,502.0,200298.0,236.9,0.68,English,6.79,Tier 2 City Customers,25-12-2024
TI-CMP-11540,Paid Ads,Premium Shoppers,28.0,"WhatsApp, Facebook",53914.0,1200.0,336.0,265.0,102820.0,651.21,-0.4,Hindi,3.34,Youth,04-11-2024
TI-CMP-37084,Influencer,Youth,24.0,Instagram,10411.0,536.0,142.0,90.0,27990.0,1942.53,-0.84,Hindi,7.38,Tier 2 City Customers,16-09-2024
TI-CMP-20634,Paid Ads,Premium Shoppers,29.0,"Instagram, YouTube",,1481.0,404.0,273.0,202020.0,826.55,-0.1,Tamil,8.21,College Students,22-03-2025
TI-CMP-21339,Paid Ads,Tier 2 City Customers,23.0,"Facebook, WhatsApp, Instagram",56143.0,,574.0,295.0,84960.0,932.66,-0.69,English,6.48,Tier 2 City Customers,31-10-2024
TI-CMP-25711,Influencer,College Students,25.0,"Facebook, Google",58073.0,7451.0,3285.0,2459.0,1684415.0,74.54,8.19,Hindi,22.72,Working Women,21-03-2025
TI-CMP-37381,Influencer,Premium Shoppers,17.0,"Instagram, Email",42661.0,5430.0,2741.0,1515.0,1075650.0,109.14,5.51,Tamil,22.7,Working Women,19-02-2025
TI-CMP-11250,Influencer,Tier 2 City Customers,14.0,"YouTube, Email, Instagram",29176.0,3136.0,1583.0,855.0,316350.0,171.16,1.16,English,19.1,Youth,09-12-2024
TI-CMP-49722,Social Media,Tier 2 City Customers,25.0,"WhatsApp, Facebook, YouTube",48110.0,7001.0,2936.0,2331.0,,72.41,8.94,Bengali,25.5,Working Women,23-08-2024
TI-CMP-48971,Paid Ads,College Students,20.0,"Instagram, YouTube, Facebook",61765.0,3644.0,2065.0,841.0,635796.0,109.9,5.88,Tamil,10.6,Youth,30-11-2024
TI-CMP-41207,,Tier 2 City Customers,8.0,"YouTube, Google, WhatsApp",29391.0,1101.0,591.0,295.0,79355.0,985.01,-0.73,Bengali,6.76,Working Women,15-03-2025
TI-CMP-35739,Social Media,Tier 2 City Customers,27.0,"Facebook, Email",97365.0,14593.0,6904.0,3234.0,2457840.0,20.66,35.78,Bengali,25.4,Working Women,01-10-2024
TI-CMP-17707,Paid Ads,Premium Shoppers,24.0,"YouTube, Email",65526.0,5443.0,3219.0,1378.0,531908.0,170.21,1.27,Bengali,15.32,,01-02-2025
TI-CMP-46364,Social Media,Tier 2 City Customers,24.0,"YouTube, Google, Facebook",86482.0,11826.0,2370.0,1460.0,1160700.0,81.42,8.76,Hindi,18.1,Premium Shoppers,06-10-2024
TI-CMP-50953,Social Media,Youth,13.0,"WhatsApp, Instagram",54751.0,3573.0,1672.0,912.0,393984.0,215.2,1.01,Bengali,11.25,Premium Shoppers,16-06-2025
TI-CMP-30445,Social Media,Premium Shoppers,5.0,"WhatsApp, Google, Instagram",72623.0,5806.0,1883.0,723.0,536466.0,,1.23,Tamil,11.58,Working Women,
TI-CMP-24198,Paid Ads,,15.0,"Instagram, Google, Facebook",24466.0,3416.0,1668.0,760.0,582160.0,382.73,1.0,English,23.89,Tier 2 City Customers,06-08-2024
TI-CMP-48084,Paid Ads,,20.0,"Email, YouTube",38726.0,4683.0,2809.0,2037.0,776097.0,82.36,3.63,English,24.61,Premium Shoppers,11-05-2025
TI-CMP-29423,Influencer,College Students,12.0,Email,50173.0,6976.0,2122.0,1383.0,376176.0,156.9,0.73,English,20.89,Working Women,22-11-2024
TI-CMP-41389,Paid Ads,Working Women,9.0,"WhatsApp, Facebook, Email",,13383.0,4772.0,3174.0,2094840.0,65.02,9.15,Tamil,22.23,Tier 2 City Customers,
TI-CMP-38875,,Working Women,21.0,"Google, Instagram, WhatsApp",62229.0,6929.0,2162.0,1202.0,394256.0,140.32,1.34,English,16.54,Working Women,07-12-2024
TI-CMP-5465,Influencer,Working Women,21.0,Google,75835.0,9910.0,4203.0,1810.0,874230.0,158.12,,Tamil,21.0,Working Women,03-12-2024
TI-CMP-11951,Influencer,Tier 2 City Customers,,"Facebook, Email, WhatsApp",98130.0,11527.0,,1665.0,511155.0,120.69,1.54,Tamil,,Working Women,23-01-2025
TI-CMP-21513,Social Media,College Students,6.0,"YouTube, Instagram",46367.0,5497.0,1912.0,1349.0,785118.0,116.27,4.01,Bengali,18.89,,23-04-2025
TI-CMP-35809,Influencer,College Students,5.0,"YouTube, Instagram, Google",79712.0,10942.0,2583.0,1265.0,767855.0,194.71,2.12,English,18.55,Working Women,10-09-2024
TI-CMP-41270,SEO,College Students,22.0,"Instagram, Google",72844.0,10918.0,4465.0,1953.0,552699.0,59.62,3.75,Bengali,23.8,Youth,25-05-2025
TI-CMP-50778,SEO,Premium Shoppers,10.0,"Email, Facebook",77031.0,9065.0,2606.0,1972.0,1571684.0,73.6,9.83,Tamil,17.71,Youth,29-10-2024
,SEO,Premium Shoppers,28.0,"Email, YouTube, Google",86706.0,8482.0,4033.0,2341.0,1142408.0,60.08,7.12,Bengali,17.13,Tier 2 City Customers,27-12-2024
TI-CMP-53499,SEO,College Students,8.0,"Instagram, WhatsApp",96168.0,2439.0,709.0,286.0,94952.0,941.82,,Bengali,3.57,Working Women,29-04-2025
TI-CMP-30586,Social Media,Tier 2 City Customers,5.0,"Instagram, WhatsApp, YouTube",77351.0,8243.0,1788.0,825.0,562650.0,198.25,2.44,Tamil,14.03,Tier 2 City Customers,28-11-2024
TI-CMP-30349,Email,Tier 2 City Customers,27.0,"Facebook, YouTube, Email",70119.0,6065.0,3010.0,2097.0,643779.0,57.5,4.34,Tamil,15.93,Working Women,20-04-2025
TI-CMP-18244,SEO,Youth,16.0,"Email, Google",59007.0,8342.0,3721.0,1639.0,1147300.0,102.12,5.85,Tamil,23.22,Tier 2 City Customers,04-02-2025
TI-CMP-4419,Influencer,Youth,27.0,"YouTube, Email, Instagram",38794.0,5166.0,1280.0,819.0,381654.0,223.47,1.09,English,18.73,Premium Shoppers,17-02-2025
TI-CMP-6369,Influencer,Working Women,19.0,"Instagram, WhatsApp",33837.0,4303.0,1721.0,882.0,532728.0,256.11,1.36,Hindi,20.41,Premium Shoppers,22-10-2024
TI-CMP-52755,Paid Ads,College Students,15.0,"Facebook, Instagram, Google",42753.0,4636.0,2352.0,1066.0,528736.0,160.94,2.08,Bengali,18.84,Premium Shoppers,03-12-2024
TI-CMP-20011,Influencer,Youth,,"WhatsApp, Email",51535.0,,680.0,450.0,121050.0,349.41,-0.23,Bengali,6.68,Working Women,16-04-2025
TI-CMP-36753,Email,Premium Shoppers,14.0,"Email, Facebook",58750.0,7212.0,3812.0,2672.0,539744.0,108.15,0.87,Bengali,23.31,College Students,07-11-2024
,Email,Working Women,23.0,Google,46708.0,4013.0,1937.0,777.0,445998.0,133.51,,Hindi,14.4,Working Women,23-01-2025
TI-CMP-44419,Email,Working Women,29.0,"Facebook, Instagram, WhatsApp",13084.0,889.0,376.0,,97185.0,1574.27,-0.63,English,10.93,Youth,18-11-2024
TI-CMP-3851,Social Media,Premium Shoppers,27.0,"Facebook, Google",72071.0,2167.0,670.0,499.0,187624.0,389.63,-0.03,Tamil,4.63,Youth,01-07-2024
TI-CMP-50705,Social Media,Working Women,21.0,"Instagram, WhatsApp, Facebook",62327.0,3310.0,1841.0,1028.0,479048.0,248.91,0.87,Bengali,9.91,Youth,03-02-2025
TI-CMP-5890,Paid Ads,Youth,9.0,YouTube,74922.0,8351.0,2965.0,963.0,568170.0,283.31,1.08,Hindi,16.39,College Students,20-11-2024
TI-CMP-24273,Email,Youth,28.0,Instagram,96713.0,7549.0,4457.0,2301.0,869778.0,61.42,5.15,,14.79,Premium Shoppers,07-02-2025
TI-CMP-14904,Email,Tier 2 City Customers,9.0,WhatsApp,53144.0,2391.0,1288.0,860.0,203820.0,76.19,2.11,Bengali,8.54,,17-04-2025
TI-CMP-40414,SEO,Working Women,9.0,"YouTube, Email",69627.0,3055.0,1349.0,917.0,427322.0,265.83,0.75,English,7.64,,24-09-2024
TI-CMP-35126,,Working Women,24.0,,15894.0,350.0,72.0,,24570.0,2011.67,-0.71,English,2.92,Youth,17-11-2024
TI-CMP-39981,Social Media,Premium Shoppers,29.0,"Email, WhatsApp, YouTube",12934.0,1249.0,580.0,224.0,126560.0,1136.98,-0.5,Hindi,15.87,Premium Shoppers,11-10-2024
TI-CMP-2901,Influencer,College Students,22.0,"Google, Instagram, WhatsApp",77479.0,7957.0,2023.0,1041.0,249840.0,62.27,2.85,Bengali,14.22,Premium Shoppers,08-02-2025
TI-CMP-29260,SEO,Tier 2 City Customers,25.0,"Facebook, WhatsApp",94129.0,6573.0,1994.0,1193.0,300636.0,,0.53,English,10.37,College Students,08-12-2024
TI-CMP-24794,Email,Tier 2 City Customers,5.0,Facebook,67055.0,4692.0,1886.0,1379.0,672952.0,207.04,1.36,Bengali,11.87,Tier 2 City Customers,21-04-2025
TI-CMP-30537,SEO,College Students,16.0,"Instagram, Google",,1815.0,820.0,649.0,367334.0,318.46,,Tamil,18.02,Youth,04-11-2024
TI-CMP-18051,Social Media,College Students,21.0,"WhatsApp, Email, Google",19824.0,816.0,211.0,125.0,36250.0,2227.62,-0.87,Bengali,5.81,Working Women,01-10-2024
,SEO,Tier 2 City Customers,,"Facebook, Google, YouTube",62536.0,4132.0,,971.0,513659.0,119.59,3.42,Tamil,11.91,Tier 2 City Customers,23-10-2024
TI-CMP-8744,Social Media,Premium Shoppers,30.0,"Facebook, YouTube, Google",95517.0,7557.0,3964.0,2281.0,1343509.0,54.22,9.86,Hindi,14.45,Youth,16-09-2024
TI-CMP-5304,Paid Ads,Youth,7.0,"Instagram, Google, Facebook",40853.0,6059.0,1506.0,1118.0,468442.0,212.93,0.97,English,21.25,College Students,27-01-2025
TI-CMP-33198,Social Media,Tier 2 City Customers,14.0,"YouTube, Instagram",,8598.0,3085.0,1446.0,984726.0,103.4,5.59,English,19.71,Youth,29-07-2024
TI-CMP-20939,SEO,Tier 2 City Customers,17.0,WhatsApp,53375.0,3910.0,1976.0,1487.0,957628.0,160.06,3.02,English,13.81,Youth,12-08-2024
TI-CMP-50901,,Tier 2 City Customers,21.0,Facebook,53667.0,5985.0,3162.0,1114.0,599332.0,189.48,1.84,Bengali,19.12,Premium Shoppers,
TI-CMP-41398,Social Media,Youth,22.0,"Instagram, WhatsApp, Facebook",46854.0,4780.0,2644.0,930.0,279930.0,119.34,1.52,Hindi,17.83,Working Women,22-04-2025
TI-CMP-45729,Paid Ads,College Students,7.0,"WhatsApp, YouTube",54061.0,3966.0,810.0,371.0,199598.0,138.66,2.88,,9.52,Working Women,02-09-2024
TI-CMP-7839,Email,College Students,29.0,"Google, YouTube, Facebook",38800.0,867.0,189.0,119.0,79373.0,1931.96,-0.65,English,3.03,Premium Shoppers,11-01-2025
TI-CMP-1110,,College Students,19.0,YouTube,20471.0,1696.0,495.0,206.0,146878.0,1389.44,-0.49,Bengali,11.71,Premium Shoppers,06-06-2025
TI-CMP-55834,SEO,,7.0,"Instagram, Facebook",43232.0,1333.0,702.0,335.0,72695.0,555.15,-0.61,Hindi,5.48,Working Women,17-04-2025
TI-CMP-46943,Paid Ads,College Students,22.0,Google,90633.0,7822.0,3877.0,1648.0,1147008.0,154.32,3.51,Tamil,14.73,Youth,15-09-2024
TI-CMP-22104,,Tier 2 City Customers,20.0,Facebook,17015.0,2055.0,1114.0,464.0,209728.0,450.17,0.0,Hindi,21.35,Premium Shoppers,20-05-2025
TI-CMP-13851,Email,Youth,19.0,WhatsApp,91131.0,5027.0,2132.0,1074.0,588552.0,217.11,1.52,Hindi,9.03,Premium Shoppers,04-07-2024
TI-CMP-36041,SEO,Premium Shoppers,23.0,"Email, Instagram",61086.0,8241.0,4421.0,2040.0,732360.0,77.13,3.65,Tamil,24.07,Youth,31-12-2024
TI-CMP-20327,SEO,Working Women,27.0,Instagram,81018.0,4947.0,2791.0,1123.0,470537.0,246.72,0.7,Bengali,10.94,Premium Shoppers,29-09-2024
TI-CMP-43539,Paid Ads,Working Women,20.0,"Facebook, WhatsApp, Google",92811.0,13417.0,2721.0,,485306.0,176.64,1.44,Tamil,18.6,Premium Shoppers,10-08-2024
TI-CMP-38303,Email,Working Women,26.0,YouTube,97061.0,14187.0,,904.0,715064.0,217.02,2.64,Bengali,,College Students,05-05-2025
TI-CMP-10848,Paid Ads,Working Women,10.0,,78382.0,10347.0,4142.0,2082.0,1651026.0,99.73,6.95,Bengali,21.14,Premium Shoppers,06-08-2024
TI-CMP-6373,SEO,Youth,18.0,"YouTube, Google, Instagram",15806.0,2033.0,,311.0,114137.0,,0.42,English,17.87,Working Women,06-05-2025
TI-CMP-20649,SEO,Working Women,9.0,Google,,5490.0,1850.0,1127.0,814821.0,242.21,1.98,Hindi,21.02,Youth,30-12-2024
TI-CMP-25651,Social Media,Youth,12.0,"Facebook, Instagram",54257.0,6345.0,1477.0,694.0,,118.01,3.45,Bengali,15.7,Working Women,28-05-2025
TI-CMP-38672,Influencer,Youth,23.0,"WhatsApp, Instagram",87970.0,,1980.0,1574.0,772834.0,48.33,9.16,Bengali,14.45,Working Women,07-11-2024
TI-CMP-51831,Influencer,Working Women,5.0,Email,16518.0,673.0,270.0,214.0,68908.0,,-0.7,Tamil,7.0,Youth,03-11-2024
TI-CMP-14774,Social Media,Premium Shoppers,8.0,"Instagram, Facebook",99585.0,8444.0,4342.0,2906.0,1423940.0,57.48,7.52,Hindi,15.76,Youth,02-11-2024
TI-CMP-22210,Influencer,Premium Shoppers,19.0,Google,24957.0,1464.0,442.0,315.0,198450.0,571.02,0.1,,8.9,Youth,19-12-2024
TI-CMP-48670,SEO,Working Women,9.0,"Google, Instagram",63985.0,3223.0,826.0,402.0,86430.0,743.75,-0.71,Tamil,6.96,Youth,07-01-2025
TI-CMP-21029,Paid Ads,Youth,16.0,"Instagram, YouTube, Google",29063.0,1212.0,671.0,384.0,231552.0,173.61,2.47,Bengali,7.8,Premium Shoppers,12-12-2024
TI-CMP-1926,Social Media,College Students,15.0,"Email, WhatsApp",65690.0,7282.0,2050.0,1270.0,448310.0,215.84,0.64,,,Premium Shoppers,16-08-2024
TI-CMP-2194,SEO,College Students,5.0,YouTube,29768.0,1976.0,994.0,401.0,317993.0,404.29,0.96,Bengali,11.32,College Students,16-01-2025
TI-CMP-56212,Email,Tier 2 City Customers,30.0,"Google, WhatsApp",87694.0,6134.0,3461.0,2328.0,563376.0,89.81,1.69,Hindi,,College Students,06-03-2025
TI-CMP-14519,Influencer,College Students,30.0,"Instagram, YouTube",90290.0,3301.0,1421.0,513.0,154926.0,195.72,0.54,Hindi,5.8,Premium Shoppers,18-01-2025
TI-CMP-40526,SEO,Working Women,20.0,"Email, Google",13674.0,1119.0,383.0,162.0,115344.0,1398.82,-0.49,Hindi,12.17,Premium Shoppers,21-04-2025
TI-CMP-55856,SEO,Tier 2 City Customers,16.0,YouTube,,3132.0,1694.0,891.0,457083.0,115.49,3.44,Bengali,8.7,College Students,21-08-2024
TI-CMP-50495,SEO,Working Women,18.0,Email,20501.0,2038.0,1127.0,766.0,477984.0,364.97,0.71,Hindi,19.17,Premium Shoppers,10-01-2025
TI-CMP-41190,SEO,College Students,26.0,"Instagram, WhatsApp, Facebook",48173.0,5027.0,2546.0,868.0,414904.0,89.85,4.32,Hindi,17.52,Premium Shoppers,08-09-2024
TI-CMP-34839,Influencer,Tier 2 City Customers,30.0,WhatsApp,43788.0,3702.0,1604.0,1272.0,283656.0,176.73,0.26,English,15.02,Working Women,31-07-2024
TI-CMP-15477,SEO,Youth,29.0,Facebook,34739.0,3829.0,1623.0,718.0,399926.0,394.54,0.41,English,17.76,College Students,15-04-2025
TI-CMP-30494,Influencer,College Students,16.0,"Email, Facebook, Google",76994.0,5753.0,,1103.0,302222.0,182.34,0.5,Hindi,11.24,College Students,16-05-2025
TI-CMP-47683,,Premium Shoppers,16.0,YouTube,46706.0,5697.0,1684.0,785.0,525165.0,367.52,0.82,Bengali,17.48,Youth,07-06-2025
TI-CMP-25612,SEO,Working Women,16.0,"WhatsApp, Google, YouTube",63487.0,4780.0,2673.0,1945.0,1128100.0,66.26,7.75,Bengali,14.8,,08-12-2024
,SEO,Working Women,12.0,"Facebook, YouTube",42349.0,2816.0,934.0,403.0,109213.0,362.18,-0.25,Bengali,9.81,Premium Shoppers,11-11-2024
TI-CMP-49177,Influencer,Tier 2 City Customers,8.0,"YouTube, Email",58747.0,3968.0,1962.0,852.0,669672.0,62.76,11.52,English,11.54,Working Women,27-10-2024
TI-CMP-48026,Email,Tier 2 City Customers,27.0,"WhatsApp, Google",58999.0,2326.0,1175.0,698.0,196138.0,280.44,0.0,Hindi,7.12,Tier 2 City Customers,08-03-2025
TI-CMP-24473,Influencer,Youth,18.0,"Facebook, YouTube",40065.0,5417.0,1960.0,1189.0,557641.0,249.35,0.88,Bengali,21.38,College Students,
TI-CMP-38448,Influencer,Working Women,23.0,"Instagram, Email, YouTube",34028.0,916.0,351.0,175.0,60900.0,,-0.77,Hindi,4.24,Tier 2 City Customers,23-09-2024
TI-CMP-12062,Email,Tier 2 City Customers,10.0,"Email, Google, WhatsApp",38746.0,2674.0,1257.0,407.0,321530.0,538.25,0.47,Hindi,,College Students,21-02-2025
TI-CMP-26461,SEO,Working Women,30.0,"YouTube, Email, Google",89890.0,8970.0,4733.0,3548.0,1319856.0,76.7,3.85,Hindi,19.19,Youth,24-09-2024
TI-CMP-32327,Influencer,Tier 2 City Customers,13.0,"Google, Facebook",25245.0,2168.0,905.0,510.0,237660.0,365.93,0.27,Bengali,14.19,Working Women,05-03-2025
TI-CMP-48035,Email,College Students,,"Email, YouTube",17139.0,1691.0,984.0,,109556.0,183.18,0.33,Bengali,18.23,Youth,31-12-2024
TI-CMP-23636,Social Media,Tier 2 City Customers,7.0,"WhatsApp, Instagram",10492.0,422.0,234.0,96.0,21312.0,2293.84,-0.9,English,7.17,Premium Shoppers,20-12-2024
TI-CMP-44236,Email,Youth,17.0,"Google, YouTube, Instagram",97454.0,14556.0,3994.0,1256.0,959584.0,,4.78,Hindi,20.32,Youth,
TI-CMP-21207,Email,Tier 2 City Customers,28.0,YouTube,63619.0,2784.0,618.0,312.0,65208.0,721.0,-0.71,English,5.84,Tier 2 City Customers,08-04-2025
TI-CMP-19586,Paid Ads,Youth,27.0,"Google, WhatsApp, Email",71936.0,7080.0,3156.0,1263.0,622659.0,170.67,1.89,English,15.99,Working Women,18-04-2025
TI-CMP-12499,SEO,Tier 2 City Customers,7.0,Instagram,91414.0,7067.0,2016.0,1010.0,354510.0,148.2,,Tamil,11.04,,17-04-2025
TI-CMP-55250,Email,Premium Shoppers,6.0,"YouTube, Instagram, Email",56516.0,1760.0,994.0,399.0,172767.0,622.31,-0.3,,5.58,Youth,20-09-2024
TI-CMP-21318,Influencer,Premium Shoppers,7.0,"YouTube, Facebook",96369.0,13230.0,6771.0,2223.0,691353.0,,1.75,Tamil,23.06,Working Women,01-06-2025
TI-CMP-44012,SEO,Youth,11.0,"YouTube, Email, Facebook",52089.0,1396.0,444.0,145.0,113970.0,1103.81,-0.29,Bengali,3.81,Working Women,25-01-2025
TI-CMP-37667,SEO,Youth,11.0,WhatsApp,96537.0,5157.0,1671.0,615.0,320415.0,,1.2,Tamil,7.71,Tier 2 City Customers,24-04-2025
TI-CMP-6874,Email,Working Women,22.0,YouTube,46791.0,2411.0,617.0,316.0,71100.0,905.1,-0.75,Tamil,7.15,College Students,25-02-2025
TI-CMP-12042,SEO,Premium Shoppers,10.0,"Facebook, YouTube, WhatsApp",18663.0,806.0,262.0,200.0,98800.0,272.21,0.81,Tamil,6.79,Working Women,08-08-2024
TI-CMP-50296,Paid Ads,Tier 2 City Customers,25.0,Instagram,30361.0,1131.0,422.0,201.0,83817.0,390.77,0.07,Tamil,5.78,Working Women,04-09-2024
TI-CMP-54605,Paid Ads,Premium Shoppers,29.0,YouTube,41686.0,3591.0,1641.0,989.0,603290.0,180.8,2.37,Hindi,14.92,Tier 2 City Customers,18-07-2024
TI-CMP-31943,SEO,Youth,29.0,"Facebook, Email, YouTube",,267.0,125.0,39.0,11622.0,7106.82,,Bengali,3.55,Youth,17-11-2024
TI-CMP-46191,Influencer,Premium Shoppers,,"Facebook, Google, YouTube",21985.0,1305.0,,175.0,135800.0,1544.5,-0.5,Hindi,8.01,Working Women,05-08-2024
TI-CMP-17700,Paid Ads,Premium Shoppers,14.0,"YouTube, Google",82226.0,2887.0,874.0,499.0,195109.0,586.48,-0.33,Bengali,5.18,Working Women,19-02-2025
,Influencer,Youth,19.0,"Instagram, Email",75495.0,3168.0,,577.0,264266.0,294.03,0.56,English,6.22,College Students,18-01-2025
TI-CMP-43382,SEO,Youth,30.0,"Instagram, YouTube, Facebook",28358.0,,1306.0,925.0,300625.0,139.32,1.33,Bengali,16.47,Working Women,05-02-2025
TI-CMP-13753,Social Media,Working Women,14.0,Email,28824.0,4138.0,2171.0,881.0,335661.0,286.12,0.33,English,24.94,Youth,14-03-2025
TI-CMP-35957,SEO,College Students,14.0,"WhatsApp, Facebook, Instagram",83189.0,8484.0,4861.0,2505.0,1315125.0,29.65,16.7,,19.05,College Students,28-10-2024
TI-CMP-24336,Email,Tier 2 City Customers,26.0,"Instagram, YouTube, WhatsApp",,2714.0,1517.0,930.0,680760.0,217.27,2.37,Tamil,15.45,Working Women,15-01-2025
TI-CMP-53656,SEO,College Students,9.0,"WhatsApp, Email",54663.0,1742.0,612.0,197.0,,309.01,-0.23,Hindi,4.67,Youth,15-05-2025
TI-CMP-34273,Email,College Students,25.0,"Instagram, YouTube",70309.0,10320.0,3741.0,2860.0,1744600.0,74.29,7.21,Hindi,24.07,Premium Shoppers,26-03-2025
TI-CMP-48071,Paid Ads,Working Women,17.0,Instagram,,2623.0,1297.0,673.0,403800.0,76.26,6.87,Bengali,17.35,Tier 2 City Customers,30-04-2025
TI-CMP-45025,Influencer,Tier 2 City Customers,24.0,"Google, YouTube, Email",28902.0,3431.0,2001.0,1032.0,,266.52,1.82,Hindi,22.37,Youth,16-02-2025
,Influencer,Tier 2 City Customers,23.0,"WhatsApp, Google",95182.0,8607.0,2931.0,2044.0,923888.0,35.86,11.61,Bengali,14.27,Working Women,08-12-2024
TI-CMP-56509,Paid Ads,College Students,20.0,"YouTube, Google",54999.0,7031.0,1507.0,1013.0,626034.0,231.45,1.67,Bengali,17.37,College Students,21-05-2025
TI-CMP-16158,Paid Ads,Tier 2 City Customers,11.0,"Google, Email",11855.0,275.0,161.0,63.0,49014.0,3885.79,-0.8,Tamil,4.21,Premium Shoppers,17-03-2025
TI-CMP-13892,Social Media,Working Women,26.0,"Google, YouTube, Facebook",75212.0,7589.0,2941.0,1004.0,742960.0,279.24,1.65,Tamil,15.34,Working Women,17-02-2025
TI-CMP-52573,SEO,Premium Shoppers,8.0,"Google, WhatsApp, Email",53081.0,6903.0,3789.0,2343.0,1351911.0,106.41,4.42,Hindi,24.56,Working Women,13-08-2024
TI-CMP-42653,SEO,Working Women,9.0,,53414.0,5743.0,3416.0,1587.0,820479.0,56.94,8.08,,20.12,Working Women,17-03-2025
TI-CMP-53459,Influencer,College Students,6.0,"Email, WhatsApp",69789.0,3436.0,978.0,598.0,459862.0,107.66,6.14,English,7.18,Tier 2 City Customers,21-10-2024
TI-CMP-50479,SEO,College Students,21.0,"WhatsApp, Email",59568.0,3727.0,1995.0,1260.0,884520.0,57.68,,Tamil,11.72,College Students,06-09-2024
TI-CMP-5053,Paid Ads,College Students,23.0,"Google, WhatsApp",22151.0,908.0,302.0,208.0,161200.0,1335.81,-0.42,Bengali,6.4,Working Women,26-04-2025
TI-CMP-48763,,College Students,7.0,"Facebook, WhatsApp",76481.0,8845.0,2536.0,1277.0,868360.0,145.91,3.66,Hindi,16.55,Working Women,01-10-2024
,Email,College Students,20.0,Facebook,76768.0,5701.0,3186.0,1059.0,720120.0,212.2,2.2,Hindi,12.96,Premium Shoppers,07-04-2025
TI-CMP-14958,Email,Tier 2 City Customers,22.0,"Google, YouTube, Email",60273.0,2713.0,1099.0,531.0,226206.0,137.92,2.09,Tamil,7.21,College Students,01-03-2025
TI-CMP-33074,SEO,Premium Shoppers,30.0,"YouTube, WhatsApp",,1411.0,399.0,158.0,36656.0,841.86,-0.72,,,Youth,07-11-2024
TI-CMP-25257,Email,Premium Shoppers,15.0,"WhatsApp, Instagram",37762.0,3151.0,1236.0,560.0,425600.0,458.71,0.66,Bengali,13.1,College Students,
TI-CMP-30947,SEO,College Students,20.0,"Email, Instagram, Facebook",62298.0,4779.0,1866.0,1083.0,829578.0,102.5,6.47,English,12.4,Premium Shoppers,16-10-2024
TI-CMP-43943,Social Media,College Students,22.0,"YouTube, Facebook, Google",94036.0,4781.0,2512.0,1863.0,944541.0,64.75,6.83,Bengali,9.74,Premium Shoppers,10-02-2025
TI-CMP-7921,,Tier 2 City Customers,26.0,YouTube,19924.0,2582.0,670.0,258.0,118164.0,316.64,0.45,Hindi,17.62,Tier 2 City Customers,
TI-CMP-45590,Social Media,College Students,23.0,"Google, Email",46687.0,1556.0,334.0,200.0,127000.0,381.54,0.66,Tamil,4.48,Working Women,09-03-2025
TI-CMP-8024,Email,Tier 2 City Customers,12.0,"YouTube, Facebook",40112.0,2589.0,1131.0,390.0,308880.0,559.39,0.42,Bengali,10.25,College Students,03-09-2024
TI-CMP-48156,Social Media,Premium Shoppers,25.0,"Google, Instagram, WhatsApp",47649.0,2080.0,990.0,745.0,239145.0,361.12,-0.11,Tamil,,Premium Shoppers,06-12-2024
TI-CMP-48317,SEO,Working Women,29.0,"Email, Instagram, Google",75441.0,1771.0,625.0,418.0,199386.0,714.52,-0.33,Bengali,3.73,Youth,25-04-2025
TI-CMP-53775,Influencer,,29.0,YouTube,48615.0,6578.0,1361.0,573.0,399954.0,,1.47,Tamil,17.51,College Students,02-12-2024
TI-CMP-43047,Influencer,Tier 2 City Customers,5.0,"Facebook, Email",71694.0,3778.0,801.0,340.0,103020.0,466.09,-0.35,English,6.86,Premium Shoppers,19-03-2025
TI-CMP-39873,Social Media,College Students,17.0,"Google, YouTube, WhatsApp",27235.0,2382.0,1335.0,975.0,624975.0,,1.19,Hindi,17.23,Premium Shoppers,04-06-2025
TI-CMP-51798,Social Media,Premium Shoppers,5.0,"Instagram, Google, Facebook",95483.0,4724.0,2664.0,811.0,215726.0,334.39,-0.2,English,8.59,Premium Shoppers,19-03-2025
TI-CMP-4335,Email,Tier 2 City Customers,,"Facebook, YouTube, Google",24347.0,1010.0,519.0,354.0,206736.0,484.65,0.2,Bengali,7.73,Tier 2 City Customers,01-10-2024
TI-CMP-36496,Influencer,Premium Shoppers,10.0,"YouTube, Facebook",97427.0,14081.0,6184.0,4362.0,2146104.0,53.6,8.18,Tamil,25.28,Tier 2 City Customers,23-11-2024
TI-CMP-55914,Influencer,Youth,25.0,"Instagram, WhatsApp, YouTube",49775.0,6250.0,3236.0,1589.0,384538.0,75.94,2.19,Tamil,22.25,Premium Shoppers,31-07-2024
,SEO,Tier 2 City Customers,27.0,"Google, YouTube, Instagram",73552.0,10044.0,4269.0,2749.0,711991.0,65.78,2.94,Tamil,23.2,Working Women,19-09-2024
TI-CMP-17176,Influencer,College Students,10.0,"WhatsApp, Email",92217.0,12693.0,3923.0,1603.0,636391.0,162.94,1.44,Bengali,19.76,,21-01-2025
TI-CMP-22166,Email,Youth,6.0,"YouTube, Instagram",84137.0,9518.0,4462.0,1967.0,993335.0,68.26,6.4,Hindi,18.95,,05-07-2024
TI-CMP-21154,Social Media,Youth,25.0,Facebook,77377.0,5780.0,2751.0,1264.0,815280.0,236.57,1.73,Hindi,12.66,Youth,10-03-2025
TI-CMP-11045,Social Media,Tier 2 City Customers,13.0,YouTube,77395.0,4642.0,1700.0,,537592.0,,2.58,Tamil,9.73,Tier 2 City Customers,12-03-2025
TI-CMP-18437,,Youth,,Email,38167.0,5306.0,3034.0,1554.0,1210566.0,184.97,3.21,,25.92,College Students,04-03-2025
TI-CMP-51338,Social Media,Tier 2 City Customers,30.0,"WhatsApp, YouTube",68820.0,9020.0,3375.0,1580.0,474000.0,93.23,2.22,Bengali,,Tier 2 City Customers,21-11-2024
TI-CMP-1212,Influencer,Working Women,21.0,"WhatsApp, Email",59221.0,8051.0,3639.0,2424.0,1934352.0,101.81,6.84,Bengali,23.83,Tier 2 City Customers,30-12-2024
TI-CMP-40271,SEO,Working Women,22.0,Facebook,94402.0,11180.0,3009.0,1911.0,496860.0,152.45,,Tamil,,Tier 2 City Customers,19-02-2025
TI-CMP-1080,Social Media,Working Women,,"WhatsApp, YouTube",37319.0,968.0,394.0,227.0,88076.0,830.27,-0.53,Hindi,4.26,Youth,31-10-2024
TI-CMP-46334,Email,Youth,23.0,"Email, YouTube, Google",76072.0,8958.0,3399.0,1551.0,687093.0,190.02,1.33,Tamil,18.28,Working Women,15-01-2025
TI-CMP-53803,Social Media,College Students,25.0,Google,40987.0,6119.0,2924.0,881.0,650178.0,160.19,,,24.21,Tier 2 City Customers,26-07-2024
TI-CMP-6090,Influencer,Tier 2 City Customers,16.0,Facebook,70487.0,8568.0,,681.0,530499.0,303.45,1.57,Bengali,15.56,Working Women,21-03-2025
TI-CMP-8168,SEO,College Students,24.0,"YouTube, Google",49161.0,3093.0,804.0,587.0,133249.0,164.6,0.38,Bengali,9.12,Premium Shoppers,14-11-2024
TI-CMP-29929,Paid Ads,Youth,24.0,"YouTube, Facebook",88005.0,6641.0,,2073.0,891390.0,91.81,3.68,English,14.4,Working Women,21-03-2025
TI-CMP-8149,Email,Working Women,14.0,Email,87938.0,11869.0,4298.0,2599.0,566582.0,105.72,1.06,Bengali,21.34,Tier 2 City Customers,03-02-2025
TI-CMP-48887,Social Media,Premium Shoppers,10.0,"Instagram, Facebook, WhatsApp",34846.0,2486.0,809.0,587.0,304066.0,91.84,4.64,Tamil,11.14,Premium Shoppers,07-06-2025
TI-CMP-7705,Social Media,Working Women,8.0,"Email, Facebook, Google",71096.0,7155.0,3103.0,2402.0,1301884.0,26.94,19.12,English,17.81,College Students,12-08-2024
TI-CMP-25768,Email,Youth,14.0,Google,57006.0,6959.0,3779.0,2151.0,456012.0,126.53,0.68,Tamil,22.61,Working Women,26-02-2025
TI-CMP-3331,SEO,Tier 2 City Customers,28.0,"YouTube, Google, Email",88147.0,4519.0,2306.0,920.0,464600.0,145.0,2.48,Hindi,8.79,Premium Shoppers,16-03-2025
TI-CMP-24787,Social Media,College Students,10.0,Google,34703.0,4828.0,1933.0,1132.0,706368.0,183.27,2.4,Hindi,22.74,Premium Shoppers,20-12-2024
TI-CMP-48008,Influencer,Working Women,9.0,"WhatsApp, YouTube, Instagram",79849.0,7288.0,4140.0,2068.0,1650264.0,141.16,4.65,Hindi,16.9,Premium Shoppers,18-11-2024
TI-CMP-20826,Influencer,Youth,13.0,"Instagram, Email, WhatsApp",31638.0,2010.0,1059.0,808.0,197152.0,83.65,1.92,English,12.25,College Students,26-10-2024
TI-CMP-15967,Social Media,Working Women,30.0,Facebook,35230.0,3382.0,1817.0,561.0,115566.0,176.83,0.16,Tamil,16.35,College Students,
TI-CMP-39017,Social Media,Youth,8.0,"Google, Email",54742.0,1456.0,437.0,203.0,,,0.9,Bengali,3.83,Working Women,07-10-2024
TI-CMP-22724,SEO,Premium Shoppers,28.0,"Instagram, Google",41481.0,6130.0,2844.0,1788.0,1256964.0,98.77,6.12,English,25.94,Working Women,12-08-2024
TI-CMP-47333,Paid Ads,Working Women,24.0,Facebook,96243.0,11419.0,5009.0,3549.0,1877421.0,61.9,7.55,Tamil,20.76,Youth,13-11-2024
TI-CMP-8250,Social Media,College Students,,"WhatsApp, Google, YouTube",35057.0,5046.0,,1880.0,654240.0,103.38,2.37,Bengali,26.67,Working Women,23-09-2024
TI-CMP-30015,Email,Tier 2 City Customers,21.0,"Google, Email",88170.0,1769.0,582.0,403.0,288548.0,155.49,3.6,,3.12,Tier 2 City Customers,17-04-2025
TI-CMP-11268,Email,Premium Shoppers,20.0,"Facebook, Email",84719.0,6489.0,1397.0,762.0,268986.0,210.57,0.68,Bengali,10.21,Tier 2 City Customers,05-04-2025
TI-CMP-19198,Email,Premium Shoppers,16.0,"YouTube, WhatsApp, Instagram",10411.0,822.0,242.0,85.0,45645.0,827.86,-0.35,,11.04,Premium Shoppers,28-07-2024
TI-CMP-38027,Email,Youth,12.0,"WhatsApp, Instagram",58127.0,7231.0,4252.0,2637.0,606510.0,,8.34,English,24.29,Tier 2 City Customers,04-02-2025
TI-CMP-13335,Social Media,Tier 2 City Customers,18.0,"Facebook, WhatsApp",25339.0,627.0,,146.0,73876.0,,-0.65,English,4.2,College Students,15-02-2025
TI-CMP-19480,Influencer,Youth,14.0,"YouTube, Instagram, Email",21381.0,,1176.0,482.0,338364.0,302.44,1.32,Hindi,,Working Women,14-12-2024
TI-CMP-10433,SEO,Premium Shoppers,29.0,,34249.0,1410.0,472.0,219.0,45333.0,821.13,-0.75,Hindi,6.13,College Students,16-01-2025
TI-CMP-46682,Influencer,College Students,7.0,"WhatsApp, Facebook, Email",82064.0,9242.0,1897.0,652.0,487696.0,122.24,5.12,,14.37,Premium Shoppers,28-10-2024
TI-CMP-18002,Influencer,College Students,9.0,"Google, Instagram, Facebook",19050.0,629.0,305.0,193.0,75077.0,990.19,-0.61,,5.92,College Students,11-02-2025
TI-CMP-11504,,Tier 2 City Customers,25.0,"Instagram, Google, Facebook",16868.0,2164.0,467.0,238.0,157080.0,733.97,-0.1,Bengali,17.01,Youth,30-05-2025
TI-CMP-26919,SEO,Working Women,23.0,Google,87460.0,2531.0,676.0,471.0,227022.0,194.8,1.47,English,,College Students,06-08-2024
TI-CMP-4426,,Tier 2 City Customers,22.0,"Email, Facebook",13644.0,1123.0,293.0,171.0,34371.0,1715.27,-0.88,Bengali,11.63,Youth,09-03-2025
TI-CMP-42567,Paid Ads,Working Women,7.0,"Google, Facebook",,2348.0,486.0,386.0,81060.0,763.1,-0.72,Tamil,10.31,College Students,26-03-2025
TI-CMP-33898,Influencer,,26.0,"WhatsApp, Instagram",25705.0,802.0,435.0,191.0,129689.0,846.12,-0.2,Hindi,5.56,Tier 2 City Customers,08-10-2024
TI-CMP-50141,Influencer,Working Women,21.0,"Facebook, Email",94679.0,13447.0,3141.0,2180.0,1179380.0,120.37,3.49,Tamil,19.82,,14-09-2024
TI-CMP-28661,Social Media,College Students,14.0,WhatsApp,,4071.0,1790.0,1272.0,362520.0,39.79,6.16,Tamil,9.77,College Students,28-11-2024
TI-CMP-49401,,College Students,15.0,"YouTube, Email",38149.0,3045.0,1035.0,337.0,,159.53,3.93,Hindi,11.58,Premium Shoppers,09-12-2024
TI-CMP-7188,,Tier 2 City Customers,20.0,"Facebook, WhatsApp",77631.0,5780.0,1181.0,446.0,168142.0,329.92,0.14,Tamil,9.54,College Students,11-12-2024
TI-CMP-33578,Influencer,Working Women,9.0,Instagram,51349.0,6093.0,2685.0,2050.0,1295600.0,132.41,3.77,Hindi,21.09,Working Women,18-11-2024
TI-CMP-23806,Social Media,College Students,24.0,"Google, YouTube, WhatsApp",39812.0,,710.0,437.0,169119.0,398.42,-0.03,Tamil,8.72,College Students,19-07-2024
TI-CMP-37958,Influencer,Tier 2 City Customers,29.0,WhatsApp,11538.0,792.0,380.0,218.0,44908.0,722.46,-0.71,English,12.05,Premium Shoppers,24-05-2025
TI-CMP-40609,SEO,Youth,10.0,Instagram,83382.0,11627.0,4077.0,1702.0,582084.0,34.03,,,20.88,Premium Shoppers,06-05-2025
TI-CMP-13403,SEO,Youth,14.0,YouTube,49644.0,4849.0,1624.0,1096.0,818712.0,61.08,11.23,Bengali,15.25,Premium Shoppers,09-01-2025
,Paid Ads,College Students,11.0,"YouTube, Email, Google",79195.0,5154.0,1807.0,1382.0,609462.0,87.54,4.04,Hindi,10.53,College Students,04-08-2024
TI-CMP-26070,Paid Ads,Working Women,29.0,Facebook,23895.0,2359.0,862.0,450.0,349650.0,337.14,1.3,Tamil,15.36,Youth,02-02-2025
TI-CMP-32392,Influencer,College Students,13.0,"Instagram, WhatsApp",64817.0,4532.0,2505.0,1578.0,,67.69,5.78,Bengali,13.29,Tier 2 City Customers,30-05-2025
TI-CMP-25381,SEO,College Students,23.0,"Email, YouTube, Instagram",45854.0,2939.0,1372.0,717.0,501900.0,77.97,7.98,Tamil,10.97,Working Women,07-02-2025
TI-CMP-25924,Email,Tier 2 City Customers,8.0,Instagram,76678.0,9122.0,4461.0,,1903440.0,87.22,6.06,Tamil,21.74,Working Women,02-10-2024
TI-CMP-44510,Paid Ads,Working Women,15.0,"YouTube, Facebook, WhatsApp",33975.0,3271.0,1642.0,1086.0,773232.0,220.3,2.23,Tamil,17.66,Youth,10-12-2024
TI-CMP-16807,Paid Ads,College Students,30.0,"WhatsApp, YouTube",69670.0,9208.0,3947.0,1748.0,463220.0,102.36,1.59,Bengali,21.39,Tier 2 City Customers,
TI-CMP-3072,Social Media,Tier 2 City Customers,16.0,"Facebook, WhatsApp",30973.0,2887.0,1205.0,876.0,684156.0,138.59,4.64,Bengali,16.04,Premium Shoppers,25-07-2024
TI-CMP-8200,,Tier 2 City Customers,19.0,"Email, WhatsApp",72915.0,3704.0,1518.0,813.0,390240.0,124.44,,Tamil,8.28,Working Women,09-01-2025
TI-CMP-11218,,College Students,13.0,Facebook,82927.0,6046.0,3001.0,2398.0,,101.39,3.96,Hindi,13.8,College Students,08-11-2024
TI-CMP-40971,Paid Ads,Tier 2 City Customers,24.0,"WhatsApp, Instagram, YouTube",85189.0,3116.0,626.0,335.0,212055.0,443.86,0.43,Bengali,4.79,Tier 2 City Customers,14-07-2024
TI-CMP-35449,Influencer,Tier 2 City Customers,26.0,YouTube,36977.0,2179.0,1017.0,671.0,174460.0,120.71,1.15,Tamil,10.46,Youth,27-03-2025
TI-CMP-54314,SEO,Tier 2 City Customers,18.0,Instagram,35284.0,1143.0,681.0,315.0,217035.0,461.13,0.49,Tamil,6.06,Working Women,12-04-2025
TI-CMP-14391,SEO,College Students,12.0,WhatsApp,99934.0,10749.0,2220.0,1382.0,710348.0,209.41,1.45,Hindi,14.36,College Students,17-02-2025
TI-CMP-55845,Email,Premium Shoppers,6.0,Email,18217.0,1912.0,1123.0,842.0,371322.0,207.28,1.13,Hindi,21.28,Premium Shoppers,26-12-2024
TI-CMP-4789,Social Media,College Students,6.0,"Instagram, YouTube",97935.0,3647.0,1867.0,634.0,419708.0,82.35,,Bengali,6.28,Youth,03-08-2024
TI-CMP-50915,,Premium Shoppers,9.0,"Email, Google",67928.0,3644.0,963.0,300.0,111000.0,,0.2,Hindi,7.22,Working Women,12-07-2024
TI-CMP-14359,Social Media,Working Women,26.0,"Google, Facebook, WhatsApp",10366.0,350.0,143.0,70.0,30870.0,3803.19,-0.88,Bengali,5.43,Premium Shoppers,02-05-2025
,SEO,Working Women,15.0,Email,72539.0,,775.0,232.0,139200.0,1157.26,-0.48,Tamil,4.68,College Students,11-04-2025
TI-CMP-44805,Social Media,Tier 2 City Customers,23.0,YouTube,43119.0,1588.0,807.0,,189046.0,841.13,-0.21,English,6.22,,15-04-2025
TI-CMP-12081,Influencer,Working Women,15.0,"Email, Google, Facebook",19030.0,2064.0,582.0,393.0,221652.0,608.35,-0.07,Bengali,15.97,Premium Shoppers,05-05-2025
TI-CMP-34871,Social Media,Youth,27.0,Facebook,15638.0,402.0,127.0,72.0,31536.0,3147.81,-0.86,Hindi,,Working Women,15-01-2025
TI-CMP-14253,Email,Premium Shoppers,22.0,"WhatsApp, Facebook",41148.0,5242.0,,2081.0,1646071.0,140.06,4.65,Bengali,24.62,Premium Shoppers,17-10-2024
TI-CMP-20662,Paid Ads,Premium Shoppers,24.0,WhatsApp,12440.0,1110.0,498.0,229.0,88852.0,814.59,-0.52,Tamil,14.77,College Students,10-09-2024
TI-CMP-50656,Social Media,Premium Shoppers,14.0,"Google, WhatsApp",21335.0,1509.0,706.0,473.0,250217.0,171.53,2.08,Bengali,12.6,Working Women,11-05-2025
TI-CMP-41282,SEO,Premium Shoppers,28.0,"Facebook, YouTube",30161.0,1376.0,475.0,233.0,92501.0,1054.34,-0.62,Tamil,6.91,Youth,01-04-2025
TI-CMP-19804,Influencer,Tier 2 City Customers,20.0,"Instagram, Google, YouTube",77273.0,11104.0,3218.0,1278.0,,167.28,0.66,Bengali,20.19,College Students,
TI-CMP-27103,Influencer,Working Women,5.0,"Facebook, WhatsApp, YouTube",97414.0,13668.0,5196.0,2440.0,531920.0,80.6,,English,,Working Women,19-03-2025
TI-CMP-19081,Paid Ads,Tier 2 City Customers,14.0,"Facebook, YouTube",70636.0,7576.0,2561.0,1602.0,443754.0,,4.03,Hindi,16.62,College Students,28-09-2024
TI-CMP-37385,Influencer,,17.0,"Instagram, WhatsApp",97374.0,3357.0,1323.0,683.0,387944.0,230.94,1.46,Bengali,5.51,Youth,07-06-2025
TI-CMP-32801,Influencer,Tier 2 City Customers,15.0,Instagram,74497.0,1984.0,625.0,471.0,126699.0,259.0,0.04,,4.13,Working Women,20-12-2024
TI-CMP-11098,Social Media,Tier 2 City Customers,20.0,"YouTube, Instagram",22661.0,661.0,203.0,153.0,90729.0,1668.17,-0.64,English,4.49,Working Women,20-03-2025
TI-CMP-42026,Influencer,Premium Shoppers,6.0,Google,71969.0,3033.0,827.0,297.0,98010.0,315.08,0.05,English,5.78,Tier 2 City Customers,14-07-2024
TI-CMP-48700,,Youth,23.0,Facebook,92112.0,5420.0,1783.0,783.0,474498.0,275.32,1.2,Tamil,8.67,Youth,07-10-2024
TI-CMP-9665,Social Media,Tier 2 City Customers,6.0,"Facebook, WhatsApp, YouTube",50915.0,1994.0,893.0,,200226.0,198.49,0.52,Hindi,6.97,Tier 2 City Customers,22-03-2025
TI-CMP-22887,SEO,College Students,14.0,"Instagram, Facebook",60861.0,2551.0,651.0,377.0,225823.0,178.42,2.36,Bengali,5.88,Premium Shoppers,01-06-2025
TI-CMP-26990,Paid Ads,Premium Shoppers,17.0,Facebook,54892.0,7561.0,1769.0,1285.0,492155.0,95.63,,Tamil,19.34,Working Women,22-04-2025
TI-CMP-32043,Influencer,Working Women,14.0,YouTube,27955.0,1105.0,346.0,128.0,46848.0,1082.8,-0.66,Hindi,5.65,Tier 2 City Customers,24-10-2024
TI-CMP-33723,Social Media,Working Women,29.0,"Instagram, Facebook, Google",90272.0,13320.0,7976.0,5855.0,3085585.0,40.35,,Tamil,30.08,Youth,01-01-2025
TI-CMP-37100,Influencer,College Students,26.0,Google,95046.0,3765.0,1578.0,884.0,408408.0,184.41,1.51,Bengali,6.55,Premium Shoppers,11-04-2025
TI-CMP-34067,Paid Ads,Working Women,20.0,"Google, Facebook, WhatsApp",,2182.0,819.0,622.0,222054.0,441.64,-0.19,Bengali,6.45,Working Women,05-11-2024
TI-CMP-56542,Email,Tier 2 City Customers,29.0,"WhatsApp, YouTube, Google",31664.0,3403.0,1606.0,846.0,454302.0,,0.57,Tamil,18.49,Youth,04-02-2025
TI-CMP-23814,Social Media,Youth,13.0,"YouTube, Facebook, WhatsApp",52759.0,7442.0,3952.0,1851.0,740400.0,136.51,,,25.1,Youth,
TI-CMP-44552,Email,Youth,26.0,"Facebook, Email",71783.0,6832.0,2970.0,1195.0,951220.0,44.44,16.91,English,15.32,Tier 2 City Customers,23-12-2024
TI-CMP-33302,SEO,Tier 2 City Customers,24.0,Email,68569.0,9080.0,3169.0,2450.0,1626800.0,25.8,24.73,English,21.44,Premium Shoppers,22-05-2025
TI-CMP-45790,Influencer,Premium Shoppers,16.0,"Facebook, Instagram, WhatsApp",99762.0,,1298.0,930.0,380370.0,278.81,0.47,Tamil,6.67,College Students,24-08-2024
TI-CMP-30243,Paid Ads,Youth,13.0,"Instagram, Facebook",79332.0,6554.0,3167.0,1664.0,727168.0,95.24,,English,14.35,Tier 2 City Customers,10-10-2024
TI-CMP-17297,SEO,Premium Shoppers,7.0,Email,78306.0,4408.0,1105.0,377.0,242411.0,765.86,-0.16,Hindi,7.52,,12-12-2024
TI-CMP-15148,Email,Youth,23.0,"Google, WhatsApp, YouTube",22471.0,2413.0,498.0,279.0,88722.0,609.99,,Tamil,14.2,Premium Shoppers,18-03-2025
TI-CMP-20679,Paid Ads,College Students,27.0,"WhatsApp, Email",18186.0,1255.0,490.0,347.0,78422.0,487.7,-0.54,Tamil,11.5,Youth,
TI-CMP-32869,Social Media,Working Women,21.0,"YouTube, Facebook, WhatsApp",63419.0,7447.0,3272.0,1641.0,503787.0,129.75,1.37,Hindi,19.49,,17-04-2025
TI-CMP-55324,SEO,Tier 2 City Customers,18.0,"WhatsApp, YouTube",51649.0,6832.0,3659.0,2056.0,1130800.0,130.09,3.23,Tamil,24.29,Premium Shoppers,07-06-2025
TI-CMP-51501,Social Media,Premium Shoppers,22.0,"WhatsApp, YouTube",70409.0,8961.0,4503.0,2728.0,1053008.0,79.17,3.88,Tamil,23.0,College Students,07-07-2024
TI-CMP-54423,Paid Ads,College Students,7.0,"WhatsApp, YouTube",12204.0,314.0,75.0,27.0,20547.0,5817.93,-0.87,Tamil,3.41,College Students,11-06-2025
TI-CMP-22211,Paid Ads,Working Women,13.0,"Google, YouTube",36840.0,5265.0,1356.0,690.0,407790.0,90.96,5.5,Bengali,19.85,Premium Shoppers,12-06-2025
TI-CMP-2812,Email,College Students,,"Email, Facebook, YouTube",66395.0,7811.0,3512.0,1148.0,776048.0,62.83,9.76,Tamil,18.78,Youth,22-10-2024
TI-CMP-33319,Paid Ads,College Students,24.0,Google,50801.0,6987.0,,,525074.0,102.7,2.11,,21.53,Youth,22-10-2024
TI-CMP-34404,Paid Ads,Working Women,10.0,"WhatsApp, Email",40313.0,5817.0,,718.0,567938.0,98.58,7.02,Bengali,20.77,College Students,11-10-2024
TI-CMP-56338,Influencer,Working Women,7.0,,85267.0,6511.0,1446.0,472.0,94872.0,512.65,-0.61,Bengali,9.89,Premium Shoppers,01-12-2024
TI-CMP-24079,,College Students,5.0,"YouTube, WhatsApp, Email",41507.0,1043.0,326.0,146.0,79424.0,1389.5,-0.61,Bengali,3.65,Premium Shoppers,05-11-2024
TI-CMP-55196,SEO,Premium Shoppers,19.0,"Facebook, Instagram, YouTube",16419.0,1672.0,943.0,351.0,91611.0,432.56,-0.4,English,18.06,Tier 2 City Customers,21-10-2024
TI-CMP-9654,Influencer,Working Women,11.0,"Email, Facebook, Instagram",65325.0,3248.0,1522.0,618.0,138432.0,323.03,-0.31,English,8.25,College Students,
TI-CMP-14748,Email,Tier 2 City Customers,24.0,"Google, Email",65152.0,2662.0,562.0,397.0,112351.0,420.96,-0.33,Hindi,5.56,Tier 2 City Customers,27-12-2024
TI-CMP-33866,SEO,Tier 2 City Customers,8.0,YouTube,40578.0,3184.0,1367.0,962.0,253968.0,273.94,-0.04,Hindi,13.59,Youth,
TI-CMP-29719,Influencer,Tier 2 City Customers,22.0,Instagram,86423.0,2275.0,957.0,428.0,134820.0,392.39,-0.2,English,4.23,Youth,22-01-2025
TI-CMP-35244,Email,Tier 2 City Customers,21.0,"WhatsApp, Email, YouTube",72657.0,3591.0,1537.0,901.0,355895.0,299.73,0.32,English,8.3,Youth,21-11-2024
TI-CMP-44828,Paid Ads,Working Women,8.0,"Instagram, Email",14624.0,493.0,225.0,104.0,,2105.69,-0.75,Bengali,5.62,Working Women,04-08-2024
TI-CMP-36869,Influencer,Working Women,18.0,"Facebook, YouTube, Google",27641.0,2738.0,678.0,454.0,144826.0,630.24,-0.49,Hindi,14.0,College Students,04-05-2025
TI-CMP-50886,Email,Tier 2 City Customers,24.0,"Instagram, Google, WhatsApp",27800.0,3351.0,1905.0,1202.0,572152.0,131.9,,Bengali,23.23,College Students,11-04-2025
TI-CMP-15014,Social Media,College Students,9.0,"YouTube, WhatsApp",50929.0,3593.0,900.0,550.0,160600.0,145.93,1.0,English,9.9,,04-01-2025
,Influencer,Working Women,5.0,"Facebook, Google, Instagram",58500.0,4136.0,1124.0,484.0,285560.0,439.74,0.34,English,,Tier 2 City Customers,11-06-2025
TI-CMP-50327,Influencer,Premium Shoppers,12.0,"Instagram, Facebook",54966.0,3632.0,2058.0,1305.0,384975.0,193.7,0.52,Hindi,12.73,,15-05-2025
TI-CMP-10061,SEO,Youth,29.0,WhatsApp,72684.0,6598.0,3568.0,1616.0,1210384.0,111.35,5.73,Bengali,16.21,Premium Shoppers,31-05-2025
TI-CMP-52696,Social Media,College Students,18.0,"Instagram, Email",,5930.0,2206.0,1270.0,640080.0,106.08,3.75,English,11.93,College Students,18-10-2024
TI-CMP-50178,Paid Ads,Tier 2 City Customers,19.0,"WhatsApp, Email, Instagram",31643.0,3553.0,,539.0,352506.0,280.71,1.33,Hindi,15.76,Tier 2 City Customers,02-06-2025
TI-CMP-3101,Social Media,College Students,11.0,"Instagram, WhatsApp, Email",93610.0,3786.0,2107.0,786.0,306540.0,118.62,,Hindi,7.13,Working Women,10-06-2025
,Social Media,College Students,15.0,WhatsApp,40542.0,4780.0,1634.0,1083.0,806835.0,187.89,2.97,Bengali,18.49,College Students,07-06-2025
TI-CMP-50694,Social Media,Premium Shoppers,19.0,"Google, Instagram, YouTube",76552.0,9270.0,4017.0,1646.0,995830.0,122.07,3.96,Bengali,19.51,Working Women,26-09-2024
TI-CMP-37414,Influencer,Tier 2 City Customers,18.0,"Instagram, Facebook",79484.0,10398.0,4191.0,2452.0,613000.0,41.93,4.96,Tamil,21.44,Youth,21-05-2025
TI-CMP-36971,Social Media,Working Women,19.0,YouTube,80819.0,6032.0,3267.0,,1445201.0,77.63,6.36,English,,Working Women,09-05-2025
TI-CMP-6034,Email,Tier 2 City Customers,7.0,"Instagram, WhatsApp",64125.0,7339.0,2154.0,735.0,,362.89,0.6,Bengali,15.95,Tier 2 City Customers,31-01-2025
TI-CMP-1373,,Youth,11.0,"Facebook, Instagram",88797.0,10211.0,4856.0,,1350130.0,74.77,4.95,Bengali,20.38,Tier 2 City Customers,21-04-2025
TI-CMP-48889,Social Media,Premium Shoppers,28.0,"Email, Facebook",72132.0,6616.0,3690.0,1674.0,644490.0,51.99,6.4,Tamil,16.61,Youth,
TI-CMP-1543,Email,Premium Shoppers,,Facebook,18867.0,1573.0,931.0,376.0,209056.0,707.22,-0.21,Tamil,15.26,Tier 2 City Customers,30-08-2024
TI-CMP-40318,Paid Ads,,28.0,WhatsApp,65164.0,8120.0,1899.0,,504594.0,84.79,5.86,Tamil,16.71,Youth,29-07-2024
TI-CMP-1454,SEO,Working Women,13.0,YouTube,91727.0,12269.0,4026.0,3157.0,1234387.0,91.77,3.26,,21.21,Youth,
TI-CMP-1930,Influencer,Premium Shoppers,29.0,YouTube,85294.0,9147.0,2449.0,1695.0,,42.64,14.24,English,15.58,College Students,
TI-CMP-43973,Email,Tier 2 City Customers,9.0,"Facebook, Email, WhatsApp",21136.0,,1067.0,772.0,337364.0,74.99,,English,18.3,Working Women,02-06-2025
TI-CMP-21217,Paid Ads,Tier 2 City Customers,14.0,"Google, Email, Facebook",43752.0,3477.0,2063.0,908.0,211564.0,,1.74,Bengali,14.74,Working Women,29-04-2025
TI-CMP-38061,SEO,Tier 2 City Customers,11.0,"Email, Google, YouTube",,4227.0,1064.0,837.0,611847.0,281.57,1.6,Hindi,8.76,Youth,16-03-2025
TI-CMP-25210,SEO,Working Women,14.0,Email,21611.0,1016.0,389.0,155.0,112995.0,776.28,-0.06,Tamil,7.22,College Students,30-12-2024
TI-CMP-18168,Influencer,Premium Shoppers,,"Email, WhatsApp",61872.0,3561.0,2001.0,1064.0,575624.0,209.67,1.58,Tamil,10.71,College Students,27-11-2024
TI-CMP-20535,Influencer,Premium Shoppers,19.0,"WhatsApp, Instagram",15764.0,2070.0,1200.0,894.0,696426.0,112.26,5.94,Hindi,26.41,Working Women,01-03-2025
TI-CMP-16558,Social Media,Tier 2 City Customers,6.0,"WhatsApp, Facebook",47065.0,4350.0,1452.0,761.0,561618.0,325.08,1.27,English,13.94,Working Women,21-11-2024
TI-CMP-18163,Email,College Students,27.0,"Email, WhatsApp",,,,2020.0,444400.0,83.91,1.62,Hindi,22.69,Youth,21-08-2024
TI-CMP-28692,Influencer,Premium Shoppers,27.0,"Email, Facebook, Google",56490.0,4517.0,1350.0,412.0,93524.0,427.83,-0.47,Hindi,11.12,Youth,08-12-2024
TI-CMP-6771,Paid Ads,College Students,16.0,"Instagram, Google",37565.0,2145.0,841.0,653.0,172392.0,188.6,0.4,Tamil,9.69,College Students,09-02-2025
TI-CMP-17053,Social Media,Tier 2 City Customers,27.0,YouTube,34495.0,2461.0,546.0,249.0,174300.0,830.16,-0.16,Bengali,9.44,Working Women,26-05-2025
TI-CMP-15081,Influencer,Premium Shoppers,26.0,"Facebook, YouTube, Google",19996.0,430.0,208.0,126.0,79506.0,1577.13,-0.6,Hindi,3.82,Tier 2 City Customers,10-08-2024
TI-CMP-41324,SEO,Premium Shoppers,25.0,Google,19423.0,1217.0,628.0,219.0,163812.0,937.84,-0.2,,10.63,College Students,
TI-CMP-13498,Social Media,Tier 2 City Customers,5.0,"WhatsApp, Email",52565.0,7280.0,2027.0,832.0,273728.0,216.17,,Tamil,19.29,College Students,29-08-2024
TI-CMP-38319,Email,Youth,14.0,"Google, Email",11997.0,1389.0,714.0,224.0,94080.0,1260.69,-0.67,English,19.4,Working Women,05-12-2024
TI-CMP-38231,Social Media,College Students,23.0,Email,36797.0,2598.0,702.0,257.0,58853.0,816.14,-0.72,Tamil,9.67,Working Women,07-07-2024
TI-CMP-47235,Email,Premium Shoppers,13.0,"YouTube, Instagram",51968.0,5692.0,1568.0,1013.0,676684.0,219.3,2.05,Bengali,15.92,Working Women,09-10-2024
TI-CMP-8722,SEO,Youth,29.0,"Google, Email, WhatsApp",20538.0,2344.0,1360.0,786.0,554130.0,374.19,0.88,Bengali,21.86,Premium Shoppers,18-05-2025
TI-CMP-12247,Paid Ads,Premium Shoppers,27.0,"YouTube, Google",95554.0,9337.0,2408.0,1252.0,817556.0,118.67,4.5,Hindi,13.6,Tier 2 City Customers,
TI-CMP-50300,Email,,20.0,Email,28106.0,1772.0,1002.0,701.0,358912.0,155.43,2.29,English,12.36,Premium Shoppers,06-02-2025
TI-CMP-49299,Paid Ads,College Students,22.0,YouTube,80439.0,2465.0,525.0,251.0,168923.0,1103.16,-0.39,Tamil,4.03,Youth,13-11-2024
TI-CMP-3758,SEO,Tier 2 City Customers,5.0,Google,17704.0,354.0,83.0,34.0,27132.0,1548.44,-0.48,Bengali,2.66,Working Women,29-07-2024
TI-CMP-48386,Paid Ads,College Students,19.0,"WhatsApp, Instagram, Facebook",15517.0,2181.0,438.0,298.0,192508.0,895.08,-0.28,Bengali,18.8,Youth,15-08-2024
TI-CMP-33716,Social Media,Tier 2 City Customers,29.0,Facebook,84214.0,8590.0,3256.0,1592.0,1100072.0,163.83,3.22,Tamil,15.96,Premium Shoppers,14-02-2025
,Social Media,Youth,28.0,"Email, WhatsApp",26057.0,3428.0,1723.0,1284.0,,94.52,4.15,Tamil,24.7,Youth,30-05-2025
TI-CMP-38007,Influencer,Premium Shoppers,27.0,"Google, YouTube, Instagram",43132.0,3976.0,2379.0,,532648.0,197.54,1.42,Hindi,17.31,Working Women,11-04-2025
TI-CMP-37663,Email,Working Women,29.0,"YouTube, Instagram, Email",80829.0,8969.0,2150.0,1410.0,,185.76,1.68,Tamil,15.5,Youth,29-10-2024
TI-CMP-45759,Influencer,College Students,5.0,"WhatsApp, YouTube, Facebook",50480.0,5355.0,1155.0,702.0,409266.0,313.01,0.86,English,14.29,Working Women,10-12-2024
TI-CMP-20772,Influencer,College Students,12.0,Google,62523.0,2611.0,695.0,498.0,155376.0,398.09,-0.22,Tamil,6.08,Youth,03-05-2025
TI-CMP-28653,SEO,Tier 2 City Customers,23.0,"Facebook, Instagram, Email",83976.0,8606.0,4810.0,3365.0,2692000.0,71.04,10.26,Bengali,19.98,Working Women,31-08-2024
TI-CMP-47205,Influencer,Premium Shoppers,20.0,"WhatsApp, Google, Instagram",,661.0,285.0,185.0,105080.0,501.42,0.13,English,,Tier 2 City Customers,15-05-2025
TI-CMP-26485,Influencer,Tier 2 City Customers,7.0,"Instagram, Email, Google",39740.0,,1421.0,843.0,255429.0,249.39,0.21,English,12.92,Youth,26-01-2025
TI-CMP-23269,SEO,Working Women,6.0,"Google, Email, Facebook",69310.0,4321.0,,,237314.0,257.08,-0.02,Tamil,11.16,College Students,10-04-2025
TI-CMP-18856,SEO,Youth,11.0,"YouTube, Google, WhatsApp",35991.0,4318.0,,905.0,403630.0,85.22,4.23,English,19.98,College Students,18-06-2025
TI-CMP-35734,Email,Youth,23.0,"Email, WhatsApp",81678.0,9420.0,5319.0,2983.0,2159692.0,94.93,6.63,Hindi,21.7,College Students,01-04-2025
TI-CMP-34788,Social Media,Youth,17.0,"Instagram, Facebook, Google",27648.0,628.0,,137.0,57951.0,1362.83,-0.69,Tamil,3.74,College Students,18-03-2025
,Influencer,College Students,18.0,"Facebook, Email, YouTube",20594.0,877.0,326.0,230.0,170200.0,703.75,0.05,English,,,04-09-2024
TI-CMP-37633,Paid Ads,College Students,,WhatsApp,12979.0,1166.0,355.0,160.0,37600.0,1857.44,-0.87,English,12.95,Tier 2 City Customers,03-03-2025
TI-CMP-26029,SEO,Premium Shoppers,16.0,"Email, Google",78997.0,5089.0,2984.0,1744.0,551104.0,102.12,2.09,Bengali,12.43,Tier 2 City Customers,
TI-CMP-47731,Social Media,Working Women,22.0,"Email, Facebook, Instagram",16244.0,582.0,346.0,106.0,58088.0,1772.51,-0.69,Bengali,,Premium Shoppers,27-11-2024
TI-CMP-16121,Email,Premium Shoppers,7.0,"Facebook, Email, Google",52743.0,,1545.0,1096.0,647736.0,201.32,1.94,English,19.12,Working Women,26-02-2025
TI-CMP-6152,,,20.0,"YouTube, WhatsApp",83619.0,10920.0,6045.0,3312.0,1742112.0,57.76,8.11,Hindi,24.25,Premium Shoppers,01-12-2024
TI-CMP-26560,Email,Tier 2 City Customers,10.0,YouTube,60714.0,6677.0,2742.0,1300.0,282100.0,188.19,0.15,Hindi,17.65,Youth,25-08-2024
,Paid Ads,Youth,24.0,"WhatsApp, Facebook, Instagram",85838.0,4690.0,2684.0,945.0,489510.0,,1.7,Hindi,9.69,,12-09-2024
TI-CMP-35859,Paid Ads,Youth,16.0,YouTube,67496.0,1837.0,628.0,379.0,176614.0,611.81,-0.24,Hindi,4.21,Premium Shoppers,11-06-2025
TI-CMP-20608,Social Media,Tier 2 City Customers,23.0,YouTube,52937.0,6794.0,1917.0,1081.0,535095.0,147.36,2.36,English,18.5,Tier 2 City Customers,15-12-2024
TI-CMP-49619,SEO,Premium Shoppers,28.0,"Google, Facebook",51829.0,2175.0,1043.0,476.0,311780.0,,0.62,Tamil,7.13,Premium Shoppers,24-09-2024
TI-CMP-21391,Email,Youth,18.0,"Instagram, Facebook",,802.0,250.0,165.0,46695.0,422.02,-0.33,Hindi,6.35,Tier 2 City Customers,26-05-2025
TI-CMP-51666,Influencer,Tier 2 City Customers,21.0,"Facebook, Email",73625.0,2152.0,742.0,455.0,355810.0,350.09,1.23,English,4.55,,30-09-2024
TI-CMP-22369,Paid Ads,Tier 2 City Customers,7.0,"WhatsApp, Google, Email",84994.0,1885.0,,442.0,,493.08,-0.41,English,3.66,Tier 2 City Customers,02-03-2025
TI-CMP-45431,Email,College Students,5.0,"Instagram, Email",65732.0,7935.0,2107.0,1094.0,410250.0,197.86,0.9,Hindi,16.94,Youth,16-01-2025
TI-CMP-38135,Social Media,Working Women,9.0,"Instagram, Email",14453.0,350.0,104.0,51.0,40035.0,5245.25,-0.85,English,3.49,College Students,28-01-2025
TI-CMP-23678,SEO,Premium Shoppers,,"YouTube, Instagram, Google",49351.0,3824.0,,680.0,205360.0,205.45,0.47,Hindi,12.89,College Students,04-11-2024
TI-CMP-15054,Influencer,Premium Shoppers,16.0,"Google, Facebook, Instagram",69904.0,1600.0,903.0,328.0,127264.0,219.31,0.77,Bengali,4.05,Premium Shoppers,07-01-2025
TI-CMP-38238,Paid Ads,Premium Shoppers,14.0,"YouTube, WhatsApp, Email",74967.0,7756.0,3566.0,2399.0,1489779.0,90.3,5.88,Tamil,18.3,Premium Shoppers,04-02-2025
TI-CMP-29953,Social Media,Working Women,6.0,"Google, YouTube",61035.0,4405.0,2165.0,1560.0,488280.0,63.83,3.9,Bengali,,Tier 2 City Customers,20-12-2024
TI-CMP-42730,Influencer,College Students,28.0,"WhatsApp, Instagram, YouTube",47347.0,6212.0,2148.0,645.0,,459.69,-0.4,English,19.02,Tier 2 City Customers,20-09-2024
TI-CMP-42230,SEO,Youth,23.0,"YouTube, WhatsApp, Instagram",80995.0,11131.0,4424.0,1895.0,1097205.0,100.51,4.76,English,21.54,Tier 2 City Customers,12-09-2024
TI-CMP-11609,Social Media,Working Women,23.0,YouTube,12692.0,501.0,237.0,86.0,36980.0,1118.42,-0.62,English,6.49,Working Women,06-06-2025
TI-CMP-33647,Social Media,Youth,28.0,Instagram,35587.0,1702.0,525.0,245.0,78890.0,1223.0,-0.74,Bengali,6.95,College Students,13-01-2025
TI-CMP-25716,SEO,Premium Shoppers,23.0,"Email, WhatsApp",63470.0,4227.0,2187.0,1324.0,876488.0,153.18,3.32,Hindi,12.19,College Students,05-06-2025
TI-CMP-53034,Paid Ads,Tier 2 City Customers,,Instagram,15283.0,955.0,379.0,224.0,,318.02,,Tamil,10.19,Working Women,28-02-2025
TI-CMP-25899,Email,Youth,16.0,WhatsApp,54029.0,4815.0,,444.0,267732.0,254.8,1.37,Hindi,12.07,Tier 2 City Customers,20-11-2024
,Paid Ads,Tier 2 City Customers,23.0,"WhatsApp, YouTube",41461.0,1326.0,612.0,250.0,161750.0,888.06,-0.27,English,,Tier 2 City Customers,
TI-CMP-48218,SEO,College Students,24.0,"YouTube, Email, Facebook",91045.0,3587.0,1450.0,517.0,396539.0,554.47,0.38,English,6.1,Youth,21-01-2025
TI-CMP-54568,Email,Tier 2 City Customers,7.0,"YouTube, Email, Facebook",11617.0,1026.0,227.0,161.0,92897.0,1104.89,-0.48,Tamil,12.17,,06-05-2025
TI-CMP-52129,Paid Ads,Tier 2 City Customers,25.0,Facebook,51041.0,3884.0,1000.0,391.0,141542.0,296.15,0.22,Tamil,10.33,Working Women,01-08-2024
TI-CMP-17271,Email,Youth,19.0,"Instagram, Google",48212.0,2420.0,1429.0,456.0,285456.0,554.22,0.13,Tamil,8.93,Working Women,26-01-2025
TI-CMP-32060,Paid Ads,,29.0,"Google, Instagram",55497.0,4458.0,2165.0,1560.0,444600.0,44.37,5.42,Bengali,,Tier 2 City Customers,25-10-2024
TI-CMP-14192,SEO,Tier 2 City Customers,24.0,"Email, Google",67370.0,7606.0,4071.0,2502.0,848178.0,37.72,7.99,Tamil,21.05,College Students,22-04-2025
TI-CMP-38631,,Tier 2 City Customers,10.0,Email,16251.0,567.0,170.0,73.0,33945.0,3574.22,-0.87,English,4.98,Youth,16-09-2024
TI-CMP-28834,,Working Women,24.0,"Email, Facebook",39345.0,1787.0,954.0,470.0,162620.0,310.92,0.11,Hindi,8.16,Premium Shoppers,15-12-2024
TI-CMP-36839,Email,College Students,22.0,WhatsApp,12067.0,920.0,477.0,300.0,77700.0,424.45,-0.39,English,14.06,Youth,26-04-2025
TI-CMP-38836,Paid Ads,Tier 2 City Customers,5.0,"Instagram, Email, Google",48954.0,4089.0,1276.0,401.0,308770.0,435.33,0.77,Bengali,11.78,Premium Shoppers,17-02-2025
TI-CMP-26588,Social Media,Tier 2 City Customers,30.0,WhatsApp,26374.0,2992.0,874.0,285.0,215175.0,1005.47,-0.25,Hindi,15.74,Premium Shoppers,27-07-2024
TI-CMP-50562,Social Media,Tier 2 City Customers,7.0,,89852.0,8978.0,2314.0,1754.0,1183950.0,109.34,5.17,English,,Tier 2 City Customers,25-05-2025
TI-CMP-17013,Email,Youth,23.0,"Instagram, Google",86400.0,11409.0,3451.0,1157.0,259168.0,212.82,,Tamil,,Tier 2 City Customers,28-04-2025
TI-CMP-56081,Paid Ads,Youth,28.0,Google,73158.0,2930.0,1241.0,747.0,158364.0,390.46,-0.46,English,6.72,Working Women,12-04-2025
TI-CMP-34334,Email,Tier 2 City Customers,18.0,Email,81511.0,6894.0,,2069.0,1251745.0,,4.06,Bengali,14.5,College Students,17-04-2025
TI-CMP-36578,Paid Ads,Youth,17.0,"YouTube, Email",79418.0,6570.0,2741.0,1902.0,1281948.0,27.36,23.63,English,14.12,Premium Shoppers,21-08-2024
TI-CMP-32393,Paid Ads,Premium Shoppers,30.0,"Instagram, YouTube",96132.0,9288.0,3528.0,2450.0,585550.0,108.21,1.21,Hindi,15.88,Premium Shoppers,11-10-2024
TI-CMP-29678,Influencer,Tier 2 City Customers,,"Instagram, YouTube",22339.0,2385.0,874.0,510.0,208590.0,331.25,0.23,English,16.87,Premium Shoppers,07-02-2025
TI-CMP-29507,Paid Ads,College Students,26.0,Email,34503.0,3718.0,1664.0,575.0,249550.0,194.66,1.23,Hindi,17.27,Working Women,07-01-2025
TI-CMP-11613,Influencer,Premium Shoppers,16.0,"Facebook, YouTube",24766.0,525.0,271.0,92.0,,2259.9,-0.91,English,3.59,College Students,01-10-2024
TI-CMP-34355,SEO,Premium Shoppers,26.0,WhatsApp,42331.0,3276.0,1763.0,1205.0,886880.0,133.09,,Hindi,14.75,College Students,01-11-2024
TI-CMP-23279,Social Media,Youth,22.0,"Email, Google",85084.0,1886.0,836.0,518.0,273504.0,372.87,0.42,Bengali,3.81,Working Women,05-12-2024
TI-CMP-38669,Social Media,Tier 2 City Customers,25.0,,,14364.0,5909.0,2120.0,1225360.0,,3.42,English,22.41,Working Women,
TI-CMP-46783,Paid Ads,,30.0,,55725.0,3969.0,2362.0,1628.0,986568.0,55.83,9.85,Hindi,14.28,College Students,31-03-2025
TI-CMP-21864,Paid Ads,Tier 2 City Customers,,"Email, Google, Instagram",47902.0,5517.0,2913.0,1583.0,316600.0,107.98,0.85,English,20.9,Youth,03-03-2025
TI-CMP-54711,Social Media,Youth,24.0,Google,85603.0,6281.0,1406.0,1028.0,413256.0,241.94,0.66,Hindi,10.18,Premium Shoppers,05-01-2025
TI-CMP-17677,Paid Ads,Premium Shoppers,5.0,"Email, Google",16638.0,2152.0,772.0,460.0,150420.0,303.5,0.08,English,20.34,Youth,
TI-CMP-19365,Social Media,Youth,28.0,"WhatsApp, Instagram",12831.0,1705.0,545.0,210.0,138600.0,,0.57,Tamil,19.17,College Students,04-04-2025
TI-CMP-53787,Influencer,Tier 2 City Customers,10.0,,40108.0,2319.0,1302.0,818.0,450718.0,,1.45,Tamil,11.07,College Students,20-12-2024
TI-CMP-20574,SEO,College Students,15.0,YouTube,96146.0,9028.0,1813.0,1193.0,899522.0,213.35,2.53,Hindi,12.52,Tier 2 City Customers,06-02-2025
,SEO,College Students,21.0,"Instagram, Google",14905.0,2165.0,750.0,399.0,202692.0,315.14,0.61,Bengali,22.23,Tier 2 City Customers,04-08-2024
TI-CMP-22749,Paid Ads,Premium Shoppers,12.0,Facebook,17497.0,1004.0,503.0,252.0,57204.0,1179.94,-0.81,Tamil,10.05,Working Women,04-10-2024
TI-CMP-52364,Paid Ads,College Students,16.0,"WhatsApp, Instagram, YouTube",88048.0,2220.0,583.0,384.0,150528.0,451.69,-0.13,Tamil,3.62,Youth,09-10-2024
TI-CMP-25062,Social Media,Youth,29.0,Email,85296.0,7948.0,1891.0,759.0,554070.0,,7.43,English,12.42,College Students,26-01-2025
TI-CMP-36591,Influencer,College Students,21.0,WhatsApp,68258.0,7607.0,3884.0,1404.0,602316.0,74.82,4.73,Bengali,18.89,Working Women,27-09-2024
TI-CMP-18554,SEO,Working Women,9.0,,,3769.0,1732.0,586.0,250222.0,416.8,0.02,Hindi,12.49,Working Women,12-11-2024
TI-CMP-2967,Influencer,Premium Shoppers,10.0,"WhatsApp, Facebook, Google",12426.0,1849.0,962.0,656.0,149568.0,399.45,-0.43,Hindi,27.9,Premium Shoppers,13-06-2025
TI-CMP-48393,Paid Ads,Tier 2 City Customers,20.0,YouTube,97682.0,3450.0,1261.0,839.0,189614.0,111.86,1.02,Tamil,5.68,Working Women,21-08-2024
TI-CMP-12893,Email,College Students,12.0,"Instagram, YouTube, WhatsApp",69370.0,3582.0,1422.0,440.0,289080.0,152.3,3.31,English,7.85,Youth,18-03-2025
TI-CMP-9546,,Working Women,13.0,"WhatsApp, Facebook",,5188.0,1187.0,702.0,347490.0,364.04,0.36,Bengali,11.48,College Students,04-12-2024
TI-CMP-53147,SEO,Working Women,23.0,"YouTube, Google, Email",84773.0,8835.0,2717.0,1630.0,878570.0,,6.23,English,15.55,Tier 2 City Customers,27-09-2024
TI-CMP-13252,Email,Tier 2 City Customers,21.0,"WhatsApp, Google",91009.0,6478.0,2492.0,1173.0,791775.0,178.27,2.79,English,11.15,Working Women,26-03-2025
TI-CMP-52740,SEO,College Students,12.0,"YouTube, Email, Instagram",29983.0,,605.0,264.0,81312.0,1097.65,-0.72,English,9.83,,31-12-2024
TI-CMP-52592,,Working Women,11.0,"YouTube, Facebook, Instagram",36416.0,1105.0,574.0,425.0,276675.0,,1.39,Hindi,5.78,College Students,12-06-2025
TI-CMP-18284,Social Media,Youth,30.0,Google,91261.0,10784.0,3051.0,950.0,227050.0,248.42,-0.04,Hindi,16.2,Premium Shoppers,16-03-2025
TI-CMP-13315,SEO,College Students,22.0,"WhatsApp, Google, Instagram",43574.0,3055.0,1112.0,579.0,298764.0,206.88,1.49,Bengali,10.89,College Students,18-01-2025
TI-CMP-4840,Email,Youth,16.0,"Google, Email",11606.0,444.0,158.0,50.0,39750.0,2938.46,-0.73,Tamil,5.62,College Students,27-10-2024
TI-CMP-48423,SEO,Tier 2 City Customers,16.0,"WhatsApp, Instagram",15245.0,2029.0,971.0,577.0,406208.0,375.63,0.87,Hindi,23.46,College Students,27-10-2024
TI-CMP-47942,Paid Ads,Tier 2 City Customers,25.0,WhatsApp,53565.0,5690.0,1693.0,1296.0,443232.0,201.03,0.7,English,16.2,Youth,20-11-2024
TI-CMP-35155,SEO,Youth,12.0,Email,,2110.0,862.0,304.0,185744.0,208.17,1.94,Tamil,17.91,College Students,08-09-2024
TI-CMP-42055,Social Media,Youth,29.0,"Instagram, Facebook",99645.0,7173.0,3554.0,1923.0,1024959.0,64.53,7.26,Tamil,12.7,Youth,17-10-2024
TI-CMP-40514,Email,Working Women,29.0,"Email, YouTube, WhatsApp",33124.0,3381.0,1007.0,316.0,214880.0,612.18,0.11,Hindi,14.2,Tier 2 City Customers,28-10-2024
TI-CMP-16603,SEO,Working Women,,"Email, YouTube",20866.0,1632.0,877.0,475.0,209950.0,266.32,0.66,English,,Working Women,01-12-2024
TI-CMP-41019,Social Media,Working Women,14.0,"YouTube, Instagram",13335.0,831.0,457.0,164.0,36900.0,710.66,-0.68,Tamil,10.89,Working Women,28-11-2024
TI-CMP-42012,Email,Premium Shoppers,24.0,"Instagram, WhatsApp, Google",53556.0,6262.0,1934.0,1492.0,978752.0,118.4,4.54,Hindi,,College Students,11-08-2024
TI-CMP-19379,SEO,College Students,16.0,"WhatsApp, Email",21923.0,2208.0,478.0,319.0,183425.0,747.02,-0.23,Bengali,13.71,Working Women,15-09-2024
TI-CMP-52951,Email,Tier 2 City Customers,17.0,"Instagram, WhatsApp, Email",59656.0,4341.0,2256.0,952.0,473144.0,206.22,1.41,English,12.65,Working Women,12-04-2025
TI-CMP-42006,Social Media,Tier 2 City Customers,26.0,"WhatsApp, YouTube, Google",16674.0,1625.0,346.0,139.0,62133.0,1956.58,-0.77,,12.65,Tier 2 City Customers,16-08-2024
TI-CMP-50254,,Working Women,30.0,Instagram,69849.0,4072.0,1528.0,904.0,634608.0,319.53,1.2,Bengali,9.31,College Students,07-03-2025
TI-CMP-56298,Email,College Students,25.0,"Instagram, WhatsApp",99725.0,,3510.0,1842.0,416292.0,37.95,4.95,Bengali,18.95,Working Women,17-07-2024
TI-CMP-9966,SEO,College Students,21.0,Facebook,36134.0,3975.0,1500.0,513.0,,276.97,1.59,Tamil,16.57,Youth,12-05-2025
TI-CMP-42591,SEO,Youth,26.0,"YouTube, WhatsApp, Instagram",25118.0,,1664.0,1044.0,221328.0,257.76,-0.18,English,24.5,College Students,26-09-2024
TI-CMP-8267,Influencer,Tier 2 City Customers,23.0,Facebook,22348.0,1355.0,806.0,269.0,140418.0,546.33,-0.04,,10.87,Youth,07-10-2024
TI-CMP-16712,SEO,Youth,16.0,"Facebook, Google, YouTube",16469.0,706.0,144.0,55.0,35750.0,3544.44,-0.82,,5.5,Premium Shoppers,19-03-2025
TI-CMP-10798,,Tier 2 City Customers,17.0,"Google, Email",53854.0,2957.0,944.0,411.0,239613.0,395.43,0.47,Tamil,8.01,Working Women,26-11-2024
TI-CMP-11946,Email,College Students,24.0,Facebook,19851.0,1058.0,,182.0,54782.0,292.21,0.03,English,8.0,Working Women,20-11-2024
TI-CMP-1971,Paid Ads,Youth,,"WhatsApp, Instagram, Google",87508.0,7525.0,3888.0,2246.0,1724928.0,,13.71,Hindi,15.61,Youth,01-04-2025
,Influencer,Working Women,8.0,"Facebook, WhatsApp, Google",14010.0,913.0,407.0,251.0,69025.0,399.02,-0.31,Hindi,11.21,Working Women,10-01-2025
TI-CMP-20151,Email,Tier 2 City Customers,6.0,"Google, Email",50604.0,4785.0,1802.0,1439.0,771304.0,163.43,2.28,Bengali,15.86,Youth,31-01-2025
TI-CMP-29167,Paid Ads,Working Women,28.0,"Facebook, Instagram",42052.0,1196.0,509.0,287.0,109634.0,451.08,-0.15,English,4.74,Youth,28-04-2025
TI-CMP-46094,Email,Youth,25.0,"WhatsApp, Instagram",98584.0,4092.0,1866.0,1137.0,309264.0,180.27,0.51,Bengali,7.2,Working Women,28-12-2024
TI-CMP-41431,Email,Premium Shoppers,13.0,"YouTube, Instagram",55577.0,3059.0,1590.0,1215.0,896670.0,109.85,5.72,Hindi,10.55,Working Women,12-11-2024
TI-CMP-53663,,Working Women,5.0,"WhatsApp, YouTube, Email",45506.0,4992.0,1428.0,431.0,172400.0,575.52,-0.3,Hindi,15.06,Tier 2 City Customers,11-10-2024
TI-CMP-36889,Influencer,Youth,,"Email, YouTube",48957.0,2415.0,915.0,602.0,459928.0,248.88,2.07,Tamil,8.03,Youth,08-05-2025
TI-CMP-7990,Email,Youth,6.0,,23515.0,3159.0,646.0,453.0,360588.0,291.22,1.73,English,18.11,College Students,25-08-2024
TI-CMP-26171,Email,Premium Shoppers,11.0,YouTube,43787.0,1268.0,749.0,377.0,221676.0,738.13,-0.2,Bengali,5.47,College Students,02-06-2025
TI-CMP-43179,SEO,Premium Shoppers,5.0,"Email, Facebook",42048.0,2383.0,774.0,479.0,146574.0,326.93,-0.06,English,8.65,Youth,05-02-2025
TI-CMP-42371,Email,College Students,20.0,"Google, Instagram, Facebook",30140.0,3608.0,2031.0,1332.0,707292.0,73.15,6.26,English,23.13,Tier 2 City Customers,18-01-2025
TI-CMP-13566,Influencer,Working Women,7.0,Email,34716.0,3510.0,1686.0,1045.0,245575.0,172.03,0.37,Bengali,17.98,College Students,31-10-2024
TI-CMP-53216,Email,Premium Shoppers,13.0,"YouTube, Email, Google",61524.0,1474.0,400.0,255.0,122400.0,840.24,-0.43,Hindi,3.46,Premium Shoppers,11-05-2025
TI-CMP-7288,SEO,,11.0,Google,42137.0,1886.0,552.0,399.0,106533.0,435.67,-0.39,,6.73,Working Women,01-09-2024
TI-CMP-6058,Paid Ads,Tier 2 City Customers,17.0,,74786.0,8126.0,3988.0,2329.0,1308898.0,48.68,10.55,Hindi,19.31,Youth,23-02-2025
TI-CMP-37478,SEO,Premium Shoppers,19.0,"Instagram, Facebook",81329.0,2135.0,1166.0,805.0,472535.0,290.21,1.02,Tamil,5.05,Tier 2 City Customers,28-11-2024
TI-CMP-25033,SEO,Tier 2 City Customers,14.0,"YouTube, Email, WhatsApp",86302.0,2803.0,791.0,446.0,342082.0,356.93,1.15,Tamil,4.68,Working Women,30-12-2024
TI-CMP-48521,Paid Ads,Tier 2 City Customers,20.0,"WhatsApp, Instagram",13570.0,1931.0,989.0,422.0,90308.0,539.04,-0.6,Hindi,24.63,Premium Shoppers,11-03-2025
TI-CMP-48447,Email,Youth,6.0,"YouTube, Google, Instagram",86378.0,7599.0,,2467.0,1026272.0,39.52,9.53,Tamil,16.1,Working Women,28-03-2025
TI-CMP-45444,Influencer,Premium Shoppers,22.0,"Email, YouTube",90852.0,10754.0,2963.0,1334.0,727030.0,66.75,7.16,Tamil,16.57,,10-05-2025
TI-CMP-1225,SEO,Tier 2 City Customers,20.0,Email,30514.0,1627.0,719.0,531.0,206028.0,396.05,-0.02,English,9.43,College Students,22-12-2024
TI-CMP-44976,Social Media,Premium Shoppers,21.0,"Google, Facebook",24666.0,807.0,,182.0,87178.0,1473.77,-0.67,Bengali,5.34,Working Women,22-08-2024
TI-CMP-9659,Email,College Students,11.0,Email,51919.0,6303.0,3286.0,1000.0,637000.0,51.15,11.45,Bengali,20.4,Premium Shoppers,24-09-2024
TI-CMP-27659,Email,Premium Shoppers,13.0,Facebook,76149.0,6472.0,1995.0,624.0,419952.0,303.41,1.22,English,11.94,Working Women,26-08-2024
TI-CMP-41062,SEO,College Students,,"Google, Email",36643.0,2149.0,767.0,357.0,174930.0,168.95,1.9,Bengali,8.93,Premium Shoppers,01-07-2024
TI-CMP-1664,Social Media,Youth,14.0,"YouTube, WhatsApp",43276.0,3924.0,1666.0,1223.0,245823.0,242.37,-0.17,English,15.74,Tier 2 City Customers,01-03-2025
TI-CMP-13928,Social Media,Working Women,24.0,Facebook,70429.0,4128.0,1915.0,629.0,211344.0,397.56,-0.15,Bengali,9.47,Working Women,06-01-2025
TI-CMP-45221,Paid Ads,Youth,6.0,Google,17413.0,1019.0,408.0,206.0,117832.0,270.87,1.11,English,9.38,College Students,03-07-2024
TI-CMP-10869,Social Media,,20.0,"Facebook, YouTube, WhatsApp",27550.0,1214.0,640.0,393.0,240123.0,190.32,2.21,Tamil,8.16,College Students,11-03-2025
TI-CMP-17758,SEO,College Students,6.0,"Google, Instagram, Facebook",54438.0,6583.0,3387.0,1647.0,1034316.0,76.38,7.22,Hindi,21.34,Premium Shoppers,09-08-2024
,Paid Ads,Tier 2 City Customers,,"Instagram, Google, YouTube",47246.0,4006.0,,1330.0,,224.39,0.66,Bengali,14.99,Working Women,29-08-2024
TI-CMP-32057,Paid Ads,Youth,,Instagram,29162.0,720.0,391.0,210.0,116760.0,329.82,0.69,Hindi,4.53,College Students,31-08-2024
,SEO,Premium Shoppers,23.0,Email,26130.0,1937.0,,476.0,223244.0,382.65,0.23,Hindi,13.18,Working Women,22-04-2025
TI-CMP-30573,Paid Ads,Tier 2 City Customers,21.0,"Instagram, Email",25423.0,1088.0,425.0,207.0,,950.64,-0.43,Bengali,6.77,Tier 2 City Customers,01-03-2025
TI-CMP-26546,Social Media,Premium Shoppers,16.0,"WhatsApp, Google",97519.0,5423.0,1170.0,682.0,423522.0,170.37,2.64,Bengali,,Premium Shoppers,16-07-2024
TI-CMP-46549,Email,Working Women,15.0,"WhatsApp, YouTube, Facebook",82834.0,1859.0,736.0,409.0,300615.0,217.21,2.38,Bengali,3.63,Premium Shoppers,01-07-2024
TI-CMP-48236,Email,Youth,30.0,"Email, Google, YouTube",59190.0,8664.0,2068.0,938.0,345184.0,146.26,1.52,Bengali,19.72,Premium Shoppers,13-01-2025
TI-CMP-32190,Influencer,,16.0,"Google, Email",13578.0,541.0,193.0,90.0,36900.0,734.91,-0.44,Bengali,6.07,Tier 2 City Customers,21-04-2025
TI-CMP-37799,Paid Ads,Premium Shoppers,16.0,"YouTube, Google, Email",20049.0,2969.0,1425.0,860.0,561580.0,201.72,2.24,Bengali,26.21,Youth,01-04-2025
TI-CMP-45635,Social Media,Premium Shoppers,12.0,Email,93210.0,10699.0,3390.0,1641.0,950139.0,165.86,2.49,Hindi,16.88,,09-01-2025
TI-CMP-10877,Social Media,Premium Shoppers,21.0,Facebook,22490.0,1350.0,507.0,292.0,151256.0,371.5,0.39,Tamil,9.56,College Students,30-10-2024
TI-CMP-31368,Influencer,Tier 2 City Customers,19.0,Facebook,75653.0,5956.0,1706.0,1230.0,939720.0,54.74,12.96,Tamil,11.75,Working Women,07-04-2025
TI-CMP-25613,Email,Youth,14.0,Instagram,70598.0,2466.0,1372.0,639.0,282438.0,324.73,0.36,Bengali,6.34,Working Women,20-07-2024
,SEO,Tier 2 City Customers,24.0,"WhatsApp, Google",11822.0,1707.0,743.0,264.0,184008.0,1100.22,-0.37,English,22.96,Youth,22-04-2025
TI-CMP-25779,Email,Working Women,13.0,"Google, Facebook",99537.0,9148.0,5433.0,1647.0,1012905.0,92.9,5.62,Tamil,16.3,Youth,28-07-2024
TI-CMP-27134,Social Media,College Students,5.0,"Email, WhatsApp",59413.0,,,1495.0,985205.0,136.21,3.84,Hindi,,Working Women,30-12-2024
TI-CMP-38738,Influencer,Working Women,22.0,"YouTube, WhatsApp, Facebook",51734.0,7576.0,4315.0,2750.0,1141250.0,29.49,13.07,English,28.3,Working Women,16-04-2025
TI-CMP-20306,Influencer,Premium Shoppers,16.0,,81385.0,9912.0,2161.0,1313.0,404404.0,137.2,1.24,Hindi,16.45,Working Women,24-07-2024
TI-CMP-13422,SEO,College Students,16.0,Google,84024.0,11656.0,2382.0,1744.0,791776.0,60.3,6.53,Hindi,18.78,College Students,23-10-2024
TI-CMP-19618,Paid Ads,Premium Shoppers,28.0,"WhatsApp, Google, YouTube",83770.0,5952.0,3487.0,2306.0,555746.0,50.5,3.77,Bengali,14.02,Youth,13-07-2024
TI-CMP-16208,Influencer,Tier 2 City Customers,22.0,"Instagram, Email, Facebook",69437.0,2731.0,748.0,306.0,62424.0,,-0.11,Tamil,,College Students,04-04-2025
,Paid Ads,Tier 2 City Customers,5.0,"Instagram, Facebook",85051.0,12079.0,5596.0,,2546437.0,13.46,43.66,Bengali,25.76,Premium Shoppers,15-09-2024
TI-CMP-1429,Influencer,,14.0,Facebook,28762.0,2210.0,583.0,282.0,144948.0,590.67,,English,10.69,College Students,14-12-2024
TI-CMP-5829,Social Media,Tier 2 City Customers,7.0,"Email, Google",43389.0,6157.0,2119.0,1468.0,1092192.0,117.02,5.36,Tamil,22.46,Working Women,13-07-2024
TI-CMP-4222,Influencer,Premium Shoppers,11.0,"Email, YouTube",23799.0,1916.0,668.0,303.0,85749.0,912.31,-0.69,Tamil,12.13,Youth,12-08-2024
TI-CMP-5040,Email,Working Women,12.0,"Google, Facebook, WhatsApp",36620.0,2745.0,1222.0,812.0,251720.0,99.66,2.11,Bengali,13.05,Youth,16-01-2025
TI-CMP-55978,Social Media,,26.0,YouTube,27794.0,2244.0,641.0,406.0,103124.0,299.57,-0.15,Hindi,11.84,Premium Shoppers,02-11-2024
TI-CMP-49944,Influencer,Working Women,30.0,YouTube,39842.0,1715.0,633.0,421.0,94725.0,637.82,-0.65,Tamil,6.95,Working Women,23-03-2025
,Paid Ads,College Students,29.0,"YouTube, Email, Instagram",,2354.0,606.0,330.0,215160.0,563.82,,,4.2,Youth,06-09-2024
TI-CMP-55203,SEO,College Students,8.0,Instagram,89918.0,5035.0,1369.0,944.0,523920.0,285.13,0.95,Hindi,8.17,Youth,29-07-2024
TI-CMP-23600,Influencer,Youth,25.0,"Google, Facebook, WhatsApp",61766.0,,3969.0,1775.0,1224750.0,166.88,3.13,Tamil,22.03,Working Women,16-09-2024
TI-CMP-1381,Paid Ads,College Students,27.0,"Instagram, WhatsApp, Google",84608.0,2890.0,1522.0,574.0,,399.4,0.3,Hindi,5.89,Premium Shoppers,
TI-CMP-21464,Influencer,College Students,28.0,"Google, Facebook",50777.0,1322.0,335.0,140.0,73920.0,422.2,0.25,Bengali,3.54,Youth,04-04-2025
TI-CMP-7720,Social Media,Youth,23.0,Google,29552.0,1172.0,394.0,308.0,160776.0,212.89,1.45,English,6.34,Youth,07-05-2025
TI-CMP-50078,Social Media,Youth,12.0,Facebook,82226.0,2799.0,1145.0,844.0,531720.0,68.55,8.19,English,,Tier 2 City Customers,17-03-2025
TI-CMP-13957,Paid Ads,Premium Shoppers,7.0,WhatsApp,41493.0,2597.0,,978.0,400980.0,76.36,4.37,Bengali,12.25,Tier 2 City Customers,13-05-2025
TI-CMP-8479,Social Media,College Students,21.0,,90659.0,,1115.0,681.0,459675.0,155.06,3.35,,4.2,Tier 2 City Customers,04-02-2025
TI-CMP-50042,Social Media,Tier 2 City Customers,20.0,Instagram,77000.0,5565.0,2072.0,1558.0,1233936.0,78.02,9.15,Bengali,11.94,Youth,26-10-2024
TI-CMP-28587,Influencer,Working Women,12.0,"WhatsApp, YouTube, Google",59284.0,6603.0,3745.0,1691.0,394003.0,60.0,2.88,Bengali,20.31,College Students,07-05-2025
TI-CMP-32062,Paid Ads,Youth,14.0,Google,81518.0,3110.0,1270.0,,453884.0,174.02,1.68,Hindi,6.57,Working Women,11-09-2024
TI-CMP-5212,SEO,Tier 2 City Customers,27.0,"Email, WhatsApp",95626.0,12848.0,4489.0,3340.0,801600.0,73.48,2.27,Tamil,21.62,Youth,18-07-2024
TI-CMP-14295,Social Media,Youth,25.0,"Instagram, Email",96235.0,6332.0,3141.0,1038.0,370566.0,95.52,2.74,,10.92,Youth,18-12-2024
TI-CMP-26011,Email,Tier 2 City Customers,30.0,"Instagram, YouTube, Email",12183.0,307.0,,96.0,58944.0,,,Tamil,4.34,Premium Shoppers,23-09-2024
TI-CMP-54113,Paid Ads,Youth,17.0,WhatsApp,75283.0,6082.0,1674.0,1268.0,429852.0,182.2,0.86,Tamil,11.99,Youth,25-12-2024
TI-CMP-28934,Email,Premium Shoppers,27.0,"YouTube, Email",90626.0,9755.0,,1770.0,906240.0,,15.44,English,,Premium Shoppers,27-09-2024
TI-CMP-13958,Influencer,Youth,26.0,"YouTube, WhatsApp",72862.0,1921.0,910.0,436.0,130800.0,295.46,0.02,Tamil,4.48,Youth,29-05-2025
TI-CMP-25367,Paid Ads,Premium Shoppers,23.0,Email,74697.0,3948.0,2315.0,1034.0,740344.0,232.93,2.07,Bengali,9.77,Tier 2 City Customers,06-11-2024
TI-CMP-31656,Social Media,Youth,17.0,"WhatsApp, Email, Instagram",71419.0,5862.0,3156.0,2495.0,558880.0,102.12,1.19,Bengali,16.12,College Students,25-04-2025
TI-CMP-48588,Social Media,Tier 2 City Customers,30.0,"WhatsApp, Email, Google",41829.0,5978.0,1948.0,1188.0,679536.0,129.06,3.43,Tamil,21.79,Youth,14-12-2024
TI-CMP-24210,Paid Ads,Tier 2 City Customers,16.0,"Facebook, Instagram, YouTube",34169.0,4137.0,961.0,738.0,192618.0,133.05,0.96,Bengali,,Youth,21-03-2025
TI-CMP-21996,Paid Ads,,14.0,"Instagram, YouTube",83635.0,11363.0,3280.0,2371.0,1517440.0,85.03,6.53,English,20.34,Premium Shoppers,07-08-2024
TI-CMP-33109,Paid Ads,Tier 2 City Customers,11.0,Instagram,40506.0,5510.0,1676.0,570.0,416100.0,122.12,4.98,English,,Premium Shoppers,16-12-2024
TI-CMP-31043,Paid Ads,College Students,14.0,YouTube,98199.0,8329.0,,1244.0,393104.0,62.13,4.09,Bengali,13.59,Tier 2 City Customers,11-10-2024
TI-CMP-26516,SEO,Tier 2 City Customers,23.0,"Email, WhatsApp, Facebook",74373.0,3789.0,1505.0,1059.0,227685.0,68.98,2.12,Bengali,8.54,College Students,07-03-2025
TI-CMP-17275,Paid Ads,Youth,10.0,"Email, Google",17036.0,1405.0,633.0,364.0,165620.0,666.67,-0.32,Bengali,14.1,Premium Shoppers,05-02-2025
TI-CMP-3778,Paid Ads,Tier 2 City Customers,25.0,Facebook,73831.0,4570.0,1639.0,1113.0,395115.0,87.73,3.05,English,9.92,Youth,06-08-2024
TI-CMP-22229,Influencer,Working Women,10.0,"Instagram, Facebook, Email",98902.0,6997.0,3483.0,1053.0,245349.0,125.68,0.85,Hindi,11.66,College Students,30-08-2024
TI-CMP-39986,Email,Tier 2 City Customers,6.0,"Instagram, YouTube, WhatsApp",74566.0,1983.0,588.0,406.0,,400.01,-0.48,Tamil,3.99,Tier 2 City Customers,20-04-2025
TI-CMP-16127,Social Media,Premium Shoppers,13.0,"YouTube, Facebook, Email",82920.0,7061.0,2169.0,1364.0,922064.0,48.22,13.02,English,12.78,Tier 2 City Customers,09-08-2024
TI-CMP-21676,Email,College Students,26.0,Instagram,14250.0,1133.0,484.0,317.0,109365.0,710.93,-0.51,Bengali,13.57,Youth,24-12-2024
TI-CMP-41367,Social Media,Premium Shoppers,15.0,YouTube,,2916.0,940.0,553.0,422492.0,256.73,1.98,Bengali,4.79,Tier 2 City Customers,17-10-2024
TI-CMP-6246,Influencer,Youth,,Facebook,30071.0,2947.0,1455.0,968.0,585640.0,,4.25,Hindi,17.86,Premium Shoppers,05-11-2024
TI-CMP-30313,Email,Youth,30.0,"YouTube, Google",89100.0,2486.0,1482.0,492.0,202704.0,209.24,0.97,English,5.01,Premium Shoppers,21-04-2025
TI-CMP-17875,Influencer,Youth,28.0,"Facebook, Instagram",54865.0,1459.0,462.0,294.0,109662.0,1010.6,-0.63,Tamil,4.04,Tier 2 City Customers,28-09-2024
TI-CMP-29309,Paid Ads,Tier 2 City Customers,7.0,"YouTube, WhatsApp",81087.0,3000.0,1015.0,722.0,174002.0,170.69,0.41,Hindi,5.84,College Students,02-04-2025
TI-CMP-2639,Email,Youth,25.0,Instagram,56018.0,3956.0,1143.0,884.0,287300.0,138.65,1.34,English,10.68,Premium Shoppers,18-11-2024
TI-CMP-26057,,Youth,18.0,"Google, Facebook, YouTube",39116.0,1127.0,556.0,277.0,204980.0,769.51,-0.04,Bengali,5.01,Tier 2 City Customers,07-04-2025
TI-CMP-26268,,Premium Shoppers,19.0,"Facebook, WhatsApp",80490.0,9608.0,5342.0,2019.0,825771.0,92.36,3.43,Tamil,21.08,Tier 2 City Customers,30-01-2025
TI-CMP-26125,Paid Ads,Youth,24.0,"Google, Instagram, WhatsApp",20817.0,1689.0,872.0,548.0,208788.0,92.11,3.14,Bengali,14.93,Youth,13-04-2025
,Email,Youth,6.0,"WhatsApp, Facebook, YouTube",,1338.0,662.0,461.0,131846.0,425.45,-0.33,Bengali,7.34,Youth,24-08-2024
TI-CMP-17298,SEO,Youth,27.0,Email,82510.0,12123.0,6635.0,4448.0,2206208.0,35.43,13.0,Tamil,28.13,Youth,16-12-2024
TI-CMP-17969,Paid Ads,Tier 2 City Customers,18.0,"Facebook, Email",62162.0,3953.0,1420.0,568.0,324328.0,117.65,3.85,Bengali,9.56,,02-03-2025
TI-CMP-20059,Influencer,Tier 2 City Customers,11.0,WhatsApp,13206.0,410.0,172.0,82.0,49610.0,3358.7,-0.82,English,5.03,Tier 2 City Customers,13-06-2025
TI-CMP-16506,Paid Ads,Working Women,25.0,"YouTube, Email, WhatsApp",71959.0,5928.0,2202.0,1309.0,869176.0,123.76,4.37,English,13.12,Premium Shoppers,13-07-2024
TI-CMP-23204,Social Media,Premium Shoppers,15.0,Facebook,33308.0,,503.0,332.0,,617.16,-0.28,Bengali,7.78,College Students,05-01-2025
TI-CMP-31097,Influencer,Youth,25.0,"Google, Facebook",94545.0,3405.0,806.0,342.0,110808.0,226.25,0.43,Bengali,,Working Women,21-01-2025
TI-CMP-7779,Influencer,College Students,10.0,,74084.0,2764.0,1396.0,876.0,629844.0,92.95,6.73,English,6.8,College Students,21-02-2025
TI-CMP-49213,SEO,College Students,10.0,Instagram,47600.0,3145.0,1361.0,934.0,588420.0,65.51,8.62,Tamil,11.43,Working Women,07-04-2025
TI-CMP-47455,Paid Ads,Tier 2 City Customers,6.0,"WhatsApp, YouTube",59496.0,2283.0,1101.0,833.0,588931.0,229.41,2.08,Hindi,7.09,College Students,06-01-2025
TI-CMP-21222,Social Media,Youth,,"Instagram, Facebook, Email",11784.0,678.0,276.0,206.0,90846.0,888.79,-0.5,English,9.84,College Students,11-03-2025
TI-CMP-52908,,College Students,5.0,"Google, YouTube",86408.0,7550.0,3212.0,1126.0,,240.79,1.92,Tamil,13.76,Premium Shoppers,08-02-2025
TI-CMP-32322,Paid Ads,Premium Shoppers,5.0,"Email, Facebook, WhatsApp",73892.0,2273.0,1225.0,386.0,299922.0,574.82,0.35,Bengali,5.26,College Students,15-09-2024
TI-CMP-54679,Email,Tier 2 City Customers,24.0,"Instagram, Email",92870.0,11402.0,,2443.0,1485344.0,118.21,4.14,Bengali,19.14,Tier 2 City Customers,28-03-2025
TI-CMP-38042,Email,Working Women,27.0,"WhatsApp, YouTube, Google",30095.0,2375.0,715.0,348.0,231768.0,210.3,,Bengali,11.42,College Students,08-12-2024
TI-CMP-22156,Influencer,Youth,21.0,"Instagram, YouTube",39117.0,2066.0,1010.0,480.0,256800.0,614.87,-0.13,Hindi,9.09,Working Women,08-03-2025
TI-CMP-37752,Influencer,Youth,26.0,YouTube,90361.0,7031.0,2379.0,1021.0,408400.0,139.64,1.86,Tamil,11.54,College Students,11-10-2024
TI-CMP-19439,SEO,Premium Shoppers,23.0,,73303.0,8879.0,4307.0,1329.0,644565.0,,2.4,Bengali,19.8,College Students,23-01-2025
TI-CMP-43950,Social Media,,19.0,Email,31353.0,3902.0,1074.0,782.0,382398.0,206.44,1.37,Bengali,18.37,Premium Shoppers,01-12-2024
TI-CMP-34028,SEO,Premium Shoppers,12.0,"YouTube, Google, Email",28267.0,1076.0,567.0,228.0,152076.0,730.35,-0.09,Tamil,6.62,Working Women,08-11-2024
TI-CMP-9370,Social Media,Youth,12.0,Facebook,39083.0,3754.0,1704.0,614.0,372698.0,96.41,5.3,Hindi,15.54,Working Women,25-07-2024
TI-CMP-54567,Influencer,Working Women,8.0,"Instagram, WhatsApp, YouTube",11659.0,896.0,203.0,111.0,40293.0,2245.86,-0.84,Bengali,10.38,Youth,19-07-2024
TI-CMP-4834,Social Media,Premium Shoppers,18.0,Email,42450.0,6131.0,2574.0,1261.0,282464.0,,1.04,Hindi,23.48,Premium Shoppers,14-10-2024
TI-CMP-38864,Social Media,Premium Shoppers,7.0,"Email, Google",41349.0,4673.0,1801.0,1257.0,398469.0,237.35,0.34,Hindi,18.7,Tier 2 City Customers,16-08-2024
TI-CMP-12504,Influencer,,,YouTube,28609.0,2604.0,1182.0,928.0,303456.0,140.95,1.32,Tamil,16.48,Working Women,14-04-2025
,Influencer,College Students,22.0,Google,92928.0,10170.0,3832.0,2756.0,901212.0,90.24,,Hindi,18.03,Tier 2 City Customers,08-01-2025
TI-CMP-34246,Email,Premium Shoppers,17.0,Email,41729.0,2130.0,1222.0,936.0,599040.0,114.29,4.6,English,10.28,Working Women,05-03-2025
TI-CMP-26548,Email,Premium Shoppers,18.0,"Google, WhatsApp",76031.0,8384.0,3614.0,2850.0,937650.0,,2.2,Bengali,19.53,Youth,10-03-2025
TI-CMP-1812,Influencer,Youth,,"WhatsApp, Google",53074.0,2170.0,486.0,338.0,71318.0,392.24,-0.46,English,5.64,Tier 2 City Customers,20-11-2024
TI-CMP-33393,Social Media,Tier 2 City Customers,,Email,41307.0,3036.0,787.0,509.0,388876.0,514.04,0.49,Bengali,10.49,College Students,
TI-CMP-32611,,College Students,29.0,"Facebook, YouTube",43574.0,4641.0,2317.0,1256.0,869152.0,81.71,7.47,Bengali,18.85,Premium Shoppers,05-01-2025
TI-CMP-27326,Influencer,Working Women,5.0,"Email, YouTube, Google",91181.0,4372.0,1431.0,579.0,130275.0,372.32,-0.4,Tamil,7.0,Working Women,17-09-2024
TI-CMP-24033,SEO,Premium Shoppers,29.0,"Email, Facebook",98602.0,11118.0,5350.0,2093.0,1203475.0,33.67,16.08,,18.82,Tier 2 City Customers,24-12-2024
,Social Media,Youth,19.0,Email,66913.0,5238.0,1251.0,662.0,338282.0,390.3,0.31,Bengali,10.69,Youth,10-07-2024
TI-CMP-51789,Paid Ads,Premium Shoppers,30.0,"WhatsApp, Google",16521.0,605.0,305.0,181.0,,696.43,-0.22,English,6.6,College Students,18-03-2025
TI-CMP-50357,,Premium Shoppers,,WhatsApp,,2447.0,775.0,,234192.0,591.3,0.21,Bengali,17.59,Tier 2 City Customers,
TI-CMP-55036,Paid Ads,Working Women,22.0,,69748.0,9034.0,4419.0,1598.0,,,,Bengali,21.58,Premium Shoppers,20-02-2025
TI-CMP-47042,Email,Youth,7.0,"WhatsApp, Google",54471.0,1417.0,383.0,272.0,65552.0,1076.93,-0.78,Bengali,3.8,Working Women,28-07-2024
TI-CMP-3322,Paid Ads,College Students,27.0,"Facebook, YouTube, Google",10815.0,1293.0,506.0,312.0,160992.0,900.74,-0.43,English,19.52,Premium Shoppers,12-11-2024
TI-CMP-39743,Social Media,,27.0,Instagram,88072.0,9042.0,2319.0,758.0,573048.0,253.53,1.98,English,13.76,College Students,26-12-2024
TI-CMP-31518,SEO,Tier 2 City Customers,27.0,"Instagram, Email",71986.0,2403.0,777.0,516.0,115068.0,327.96,-0.32,Tamil,5.13,Tier 2 City Customers,13-04-2025
,Influencer,Working Women,23.0,Email,76157.0,4693.0,2453.0,1386.0,841302.0,66.9,8.07,Tamil,11.2,Tier 2 City Customers,16-10-2024
TI-CMP-7537,Email,Premium Shoppers,5.0,"Email, WhatsApp, Facebook",,,1109.0,865.0,305345.0,82.23,3.29,Hindi,,Working Women,20-11-2024
TI-CMP-53001,SEO,Youth,13.0,"WhatsApp, YouTube",95047.0,6801.0,1958.0,1385.0,480595.0,152.28,1.28,Tamil,10.67,Tier 2 City Customers,23-01-2025
TI-CMP-11574,Paid Ads,Premium Shoppers,30.0,"YouTube, WhatsApp",,6954.0,2689.0,1359.0,562626.0,189.93,1.18,Hindi,18.24,Working Women,26-11-2024
TI-CMP-48620,SEO,College Students,26.0,Google,28547.0,3464.0,747.0,331.0,,334.54,0.9,,15.91,,26-01-2025
TI-CMP-14845,SEO,College Students,28.0,"WhatsApp, Email, Facebook",86448.0,10692.0,5851.0,3576.0,883272.0,74.88,2.3,Hindi,23.27,Youth,07-11-2024
TI-CMP-1430,Email,College Students,,Instagram,10194.0,1029.0,498.0,324.0,77436.0,545.71,-0.56,,18.16,College Students,26-02-2025
TI-CMP-38673,Paid Ads,Premium Shoppers,26.0,"Instagram, WhatsApp, YouTube",73698.0,5550.0,1278.0,846.0,654804.0,275.27,1.81,Bengali,10.41,Tier 2 City Customers,25-11-2024
TI-CMP-47100,,Youth,27.0,Email,56605.0,4456.0,1472.0,,454768.0,296.55,1.23,Tamil,11.69,Tier 2 City Customers,17-10-2024
TI-CMP-39144,,College Students,9.0,"WhatsApp, Facebook, Google",49727.0,2132.0,692.0,417.0,277305.0,627.38,0.06,,6.52,Premium Shoppers,14-07-2024
TI-CMP-32702,Influencer,College Students,8.0,,70448.0,10330.0,2937.0,1219.0,800883.0,195.06,2.37,Tamil,20.56,Youth,06-11-2024
TI-CMP-52061,Social Media,Youth,25.0,,46676.0,5556.0,2809.0,1360.0,558960.0,109.65,2.75,Bengali,20.84,College Students,04-04-2025
TI-CMP-27070,Paid Ads,Youth,25.0,"YouTube, Facebook, Instagram",62066.0,3818.0,1377.0,600.0,180000.0,152.41,0.97,Hindi,9.34,College Students,24-12-2024
,Email,Working Women,11.0,WhatsApp,73293.0,10890.0,5022.0,3822.0,2232048.0,75.98,6.69,Tamil,26.92,College Students,31-07-2024
TI-CMP-48318,Paid Ads,Tier 2 City Customers,5.0,"Facebook, Google",21970.0,681.0,383.0,249.0,150396.0,1165.77,-0.48,Bengali,5.98,Working Women,18-09-2024
TI-CMP-3726,Paid Ads,Premium Shoppers,10.0,Facebook,57594.0,4586.0,2254.0,994.0,263410.0,262.8,0.01,English,13.6,Youth,09-05-2025
TI-CMP-8175,Email,College Students,16.0,"Facebook, Google, Email",61338.0,8426.0,3162.0,2066.0,1570160.0,69.69,9.91,Hindi,22.26,Youth,24-05-2025
TI-CMP-5219,SEO,,29.0,"Google, WhatsApp",74593.0,4515.0,,1561.0,588497.0,132.39,1.85,Tamil,10.82,Premium Shoppers,26-05-2025
TI-CMP-4073,Social Media,Working Women,,"WhatsApp, YouTube, Google",36046.0,784.0,355.0,132.0,79200.0,432.96,,Bengali,,Working Women,27-04-2025
TI-CMP-19221,Email,Working Women,29.0,"Google, WhatsApp, Instagram",57455.0,4299.0,,692.0,314860.0,163.57,1.78,Tamil,11.9,Premium Shoppers,29-11-2024
TI-CMP-25483,Social Media,,22.0,"Google, Facebook",25801.0,1193.0,405.0,163.0,33415.0,1106.05,-0.81,English,6.83,Working Women,02-04-2025
TI-CMP-29580,Email,College Students,26.0,"YouTube, Facebook, Email",61604.0,3354.0,1589.0,621.0,143451.0,338.94,-0.32,Hindi,9.03,College Students,27-11-2024
TI-CMP-43804,Social Media,Premium Shoppers,6.0,,47325.0,,740.0,347.0,247758.0,372.04,,Tamil,8.95,Working Women,27-08-2024
TI-CMP-50085,Email,Working Women,12.0,"Facebook, Email",85937.0,2854.0,1382.0,727.0,503084.0,222.64,2.11,Bengali,5.78,Tier 2 City Customers,11-07-2024
TI-CMP-48215,SEO,Tier 2 City Customers,24.0,"YouTube, WhatsApp",78420.0,8423.0,2502.0,1032.0,461304.0,125.05,2.57,Tamil,15.25,Tier 2 City Customers,12-01-2025
TI-CMP-45067,Email,Premium Shoppers,17.0,"Email, Google, Instagram",42341.0,4699.0,2287.0,975.0,324675.0,298.98,0.11,,18.8,Premium Shoppers,08-12-2024
TI-CMP-51453,SEO,Premium Shoppers,25.0,"Email, Google",91832.0,,5894.0,2497.0,1023770.0,65.09,5.3,Tamil,20.43,College Students,14-05-2025
TI-CMP-36778,Influencer,Youth,27.0,"Facebook, YouTube",38360.0,4232.0,1182.0,791.0,374143.0,291.56,0.62,English,16.18,Working Women,15-11-2024
TI-CMP-27824,SEO,Tier 2 City Customers,12.0,"WhatsApp, Google",64029.0,3182.0,926.0,528.0,115104.0,547.28,-0.6,English,7.24,College Students,08-06-2025
TI-CMP-29110,Influencer,Premium Shoppers,19.0,"WhatsApp, Google, Email",14540.0,1785.0,,214.0,91164.0,1276.08,-0.67,Hindi,17.65,Youth,14-04-2025
TI-CMP-1585,Paid Ads,Youth,20.0,"YouTube, WhatsApp",24521.0,2241.0,717.0,231.0,133056.0,532.77,0.08,Hindi,13.01,,18-08-2024
TI-CMP-1896,Social Media,College Students,21.0,"Google, Email, Instagram",40639.0,5645.0,2199.0,1192.0,462496.0,161.55,1.4,Hindi,22.23,Working Women,01-12-2024
TI-CMP-43451,Influencer,Working Women,17.0,,38832.0,3400.0,1702.0,1217.0,573207.0,143.89,2.27,Hindi,16.27,Working Women,01-04-2025
TI-CMP-39988,Social Media,Youth,16.0,Facebook,33229.0,4606.0,2685.0,1776.0,660672.0,75.13,3.95,Bengali,27.29,Tier 2 City Customers,06-07-2024
TI-CMP-30391,Social Media,Youth,13.0,"Instagram, YouTube, WhatsApp",77453.0,5568.0,1662.0,884.0,565760.0,297.64,1.15,Hindi,10.48,College Students,23-12-2024
TI-CMP-36087,SEO,College Students,19.0,YouTube,38840.0,,1062.0,764.0,301780.0,205.97,0.92,Tamil,11.83,Working Women,10-03-2025
TI-CMP-41384,SEO,Youth,13.0,"Facebook, Email",44158.0,4406.0,1628.0,1283.0,,79.42,2.75,English,,Premium Shoppers,20-07-2024
TI-CMP-20452,Paid Ads,Premium Shoppers,8.0,"Facebook, Instagram, YouTube",60685.0,8974.0,3452.0,1123.0,798453.0,236.37,2.01,,22.33,Tier 2 City Customers,25-01-2025
TI-CMP-20444,Influencer,,7.0,"Email, WhatsApp, Facebook",53021.0,1798.0,991.0,500.0,220500.0,362.49,0.22,Hindi,6.2,College Students,02-10-2024
TI-CMP-53332,Email,Premium Shoppers,25.0,Facebook,65816.0,2740.0,1532.0,972.0,434484.0,233.1,0.92,Hindi,7.97,Premium Shoppers,31-03-2025
TI-CMP-31727,Social Media,College Students,7.0,"WhatsApp, Facebook",17419.0,2111.0,624.0,451.0,,212.91,2.58,Hindi,18.29,Premium Shoppers,27-08-2024
,Paid Ads,Youth,20.0,"WhatsApp, Google, Facebook",71247.0,7443.0,3836.0,1758.0,1232358.0,121.33,,Hindi,18.3,College Students,18-09-2024
TI-CMP-55576,Social Media,,21.0,"Email, Facebook, WhatsApp",18073.0,493.0,,137.0,34113.0,1296.1,-0.81,English,4.53,College Students,05-02-2025
TI-CMP-55463,Email,Tier 2 City Customers,20.0,"Email, YouTube, Google",10768.0,514.0,111.0,82.0,30176.0,2542.78,-0.86,Bengali,6.57,Premium Shoppers,18-05-2025
TI-CMP-9449,SEO,Tier 2 City Customers,28.0,YouTube,84493.0,5844.0,2846.0,2003.0,636954.0,39.16,7.12,Bengali,12.66,Tier 2 City Customers,01-02-2025
TI-CMP-11474,Paid Ads,Premium Shoppers,9.0,WhatsApp,68547.0,6693.0,2740.0,2070.0,,72.51,2.37,Tamil,16.78,College Students,20-06-2025
TI-CMP-12988,SEO,Working Women,17.0,,38226.0,5023.0,1850.0,1305.0,576810.0,129.17,2.42,English,21.39,College Students,08-02-2025
TI-CMP-40418,Influencer,Tier 2 City Customers,,"Instagram, Email",47433.0,2225.0,1156.0,912.0,483360.0,184.05,1.88,Hindi,9.05,College Students,30-01-2025
TI-CMP-24691,Paid Ads,Working Women,6.0,"Instagram, Facebook, Email",95154.0,9334.0,2534.0,,359824.0,136.72,1.52,English,13.57,Working Women,23-06-2025
TI-CMP-9021,Email,,9.0,"Facebook, WhatsApp",44839.0,6694.0,2153.0,1374.0,919206.0,180.47,2.71,Tamil,22.79,Premium Shoppers,29-05-2025
TI-CMP-4519,Email,Premium Shoppers,12.0,Google,17884.0,1502.0,837.0,297.0,208791.0,334.95,1.1,English,14.74,,17-12-2024
TI-CMP-28699,Social Media,Working Women,18.0,"Email, Google, Facebook",55632.0,3647.0,889.0,432.0,151632.0,156.48,1.24,Hindi,8.93,Youth,25-05-2025
TI-CMP-52913,SEO,College Students,30.0,"WhatsApp, Google",64745.0,5557.0,1159.0,454.0,166618.0,460.02,-0.2,Hindi,11.07,Youth,04-08-2024
TI-CMP-50313,SEO,Premium Shoppers,11.0,Instagram,11253.0,925.0,247.0,,72912.0,1204.09,-0.69,English,12.16,Working Women,15-12-2024
TI-CMP-39573,SEO,College Students,6.0,Facebook,77369.0,5247.0,1219.0,518.0,315980.0,438.6,0.39,,9.03,Youth,04-11-2024
TI-CMP-28442,,Premium Shoppers,11.0,"Facebook, YouTube",33709.0,1972.0,608.0,357.0,138873.0,448.04,-0.13,Tamil,8.71,College Students,31-10-2024
TI-CMP-21873,SEO,Youth,9.0,"Facebook, YouTube, Google",16225.0,942.0,287.0,218.0,,1375.57,-0.75,Bengali,8.92,,02-07-2024
TI-CMP-28936,,College Students,30.0,Instagram,41071.0,2943.0,1651.0,533.0,248378.0,264.22,0.76,Hindi,12.48,Youth,15-08-2024
TI-CMP-43751,Social Media,Youth,17.0,Google,69871.0,2607.0,747.0,470.0,335110.0,507.66,0.4,Hindi,5.47,Youth,19-11-2024
TI-CMP-52205,Email,Tier 2 City Customers,30.0,"Email, Facebook",70487.0,9407.0,4804.0,1994.0,1148544.0,56.43,9.21,Hindi,,Tier 2 City Customers,07-08-2024
TI-CMP-12200,Paid Ads,Working Women,10.0,"Facebook, Instagram, Google",27474.0,1187.0,267.0,134.0,79328.0,1699.34,-0.65,Bengali,5.78,Youth,18-09-2024
TI-CMP-53595,Paid Ads,Tier 2 City Customers,23.0,Instagram,26551.0,1142.0,342.0,117.0,26676.0,2033.16,-0.89,Hindi,6.03,Tier 2 City Customers,14-10-2024
TI-CMP-53633,SEO,College Students,25.0,"Facebook, Email",99921.0,11443.0,4683.0,1865.0,1437915.0,77.76,8.91,Tamil,18.01,Youth,13-08-2024
TI-CMP-7019,Email,Working Women,9.0,"Google, Email",80514.0,4722.0,1598.0,1232.0,614768.0,85.04,4.87,English,9.38,Working Women,
TI-CMP-10055,Influencer,Working Women,18.0,"Email, WhatsApp, Facebook",75850.0,4558.0,2471.0,1301.0,526905.0,134.09,2.02,English,10.98,Tier 2 City Customers,10-07-2024
TI-CMP-52985,Email,Tier 2 City Customers,,"WhatsApp, Email, Instagram",65528.0,7292.0,3171.0,2120.0,1507320.0,43.82,15.22,Hindi,19.2,College Students,16-12-2024
TI-CMP-27919,,,19.0,YouTube,31650.0,2003.0,701.0,422.0,104656.0,526.92,-0.53,Tamil,9.88,College Students,11-08-2024
TI-CMP-8672,Influencer,Premium Shoppers,27.0,,94216.0,11474.0,4564.0,2279.0,1360563.0,102.6,4.82,Tamil,19.44,Youth,21-10-2024
TI-CMP-27244,Influencer,College Students,23.0,Instagram,24745.0,575.0,132.0,66.0,48642.0,860.41,-0.14,Bengali,3.12,Working Women,07-09-2024
TI-CMP-37563,SEO,Tier 2 City Customers,10.0,Instagram,86805.0,2807.0,837.0,311.0,156122.0,703.22,-0.29,English,4.56,Tier 2 City Customers,19-10-2024
TI-CMP-52851,Email,Tier 2 City Customers,10.0,"WhatsApp, Google",66020.0,2824.0,1173.0,740.0,219040.0,269.59,0.1,English,7.18,Working Women,06-09-2024
TI-CMP-18117,Paid Ads,College Students,6.0,WhatsApp,81046.0,3802.0,1368.0,417.0,274386.0,383.53,,Tamil,6.89,Youth,24-05-2025
TI-CMP-49023,Social Media,Working Women,27.0,"YouTube, Instagram",14350.0,2079.0,867.0,663.0,519792.0,364.71,1.15,Bengali,,College Students,22-03-2025
TI-CMP-9550,Influencer,Tier 2 City Customers,9.0,"WhatsApp, Email",42281.0,5518.0,1802.0,1100.0,585200.0,94.01,4.66,Hindi,19.91,College Students,18-01-2025
TI-CMP-38345,Email,College Students,24.0,"Instagram, YouTube, Email",78742.0,5952.0,2986.0,1044.0,614916.0,247.33,1.38,Bengali,12.68,Premium Shoppers,28-03-2025
TI-CMP-42479,Influencer,Youth,6.0,Email,98854.0,9480.0,4916.0,1490.0,987870.0,109.16,5.07,English,16.07,Premium Shoppers,
TI-CMP-53184,Social Media,Working Women,5.0,YouTube,50916.0,,1533.0,,690885.0,136.15,3.3,Hindi,10.39,Working Women,22-05-2025
TI-CMP-53901,Email,Youth,27.0,"Email, YouTube",73698.0,2461.0,579.0,461.0,139683.0,314.06,-0.04,English,4.75,Working Women,16-09-2024
TI-CMP-19111,Paid Ads,Youth,11.0,Facebook,96363.0,5186.0,2126.0,764.0,351440.0,120.1,2.83,Tamil,8.38,Premium Shoppers,23-12-2024
TI-CMP-45178,Email,Working Women,10.0,WhatsApp,23596.0,2090.0,1087.0,455.0,243425.0,197.45,1.71,Tamil,15.39,College Students,28-03-2025
TI-CMP-32744,Social Media,Working Women,15.0,"Google, WhatsApp",81255.0,10529.0,5718.0,2174.0,1308748.0,97.33,5.19,Bengali,22.67,Working Women,06-02-2025
TI-CMP-8638,Email,Youth,29.0,"Email, WhatsApp, Facebook",97888.0,14165.0,4905.0,1516.0,413868.0,152.39,0.79,Bengali,21.03,Tier 2 City Customers,09-08-2024
TI-CMP-16356,Influencer,Premium Shoppers,24.0,"Instagram, WhatsApp",21898.0,2521.0,1010.0,,297206.0,162.65,2.06,Hindi,18.86,Working Women,12-10-2024
TI-CMP-37848,Paid Ads,Youth,18.0,"WhatsApp, Facebook",40636.0,,1588.0,1251.0,,114.23,4.42,Bengali,15.78,Tier 2 City Customers,13-11-2024
TI-CMP-4698,SEO,Youth,10.0,Instagram,16295.0,1477.0,783.0,357.0,80682.0,598.31,-0.62,Bengali,16.06,Premium Shoppers,31-05-2025
TI-CMP-29824,Email,Youth,,WhatsApp,50162.0,1431.0,536.0,382.0,213538.0,327.4,0.71,Tamil,4.68,Working Women,19-07-2024
TI-CMP-28537,SEO,Youth,29.0,Google,15117.0,1296.0,375.0,172.0,67940.0,1300.14,-0.7,,12.19,Tier 2 City Customers,05-07-2024
TI-CMP-16811,Influencer,Tier 2 City Customers,21.0,"WhatsApp, YouTube",,1691.0,937.0,505.0,151500.0,344.74,-0.13,Hindi,19.61,College Students,29-07-2024
TI-CMP-43152,Paid Ads,Working Women,9.0,"WhatsApp, Google",,4149.0,1673.0,852.0,531648.0,181.53,,Tamil,6.68,Tier 2 City Customers,04-06-2025
TI-CMP-11538,Influencer,College Students,25.0,"Email, WhatsApp",41751.0,3755.0,1392.0,647.0,280798.0,366.12,,Tamil,13.88,College Students,
TI-CMP-34454,,Premium Shoppers,,Google,47877.0,6674.0,1952.0,1197.0,538650.0,46.0,8.78,Tamil,20.52,Youth,22-12-2024
TI-CMP-36202,Email,College Students,12.0,"Facebook, Instagram",69810.0,9735.0,2348.0,1707.0,,31.52,21.55,Hindi,19.75,College Students,24-10-2024
TI-CMP-55437,SEO,Premium Shoppers,30.0,"Facebook, Instagram",17284.0,1242.0,351.0,198.0,157212.0,1386.33,-0.43,English,10.36,Youth,25-01-2025
TI-CMP-41526,Email,Tier 2 City Customers,15.0,"WhatsApp, Google",75669.0,9528.0,4456.0,2877.0,1326297.0,24.86,17.55,Tamil,22.28,Premium Shoppers,12-05-2025
TI-CMP-5724,Influencer,,9.0,Email,62348.0,5470.0,3007.0,1421.0,737499.0,111.0,3.68,Tamil,15.88,Premium Shoppers,14-04-2025
TI-CMP-33773,Influencer,,19.0,"WhatsApp, Google",82520.0,9489.0,5268.0,3745.0,1576645.0,71.76,4.87,Bengali,,Youth,23-02-2025
TI-CMP-28292,Influencer,Working Women,21.0,"Google, Email, Instagram",,7714.0,3727.0,1284.0,625308.0,193.36,1.52,Bengali,16.29,Tier 2 City Customers,20-04-2025
TI-CMP-4272,SEO,Premium Shoppers,18.0,"YouTube, WhatsApp, Google",66322.0,2299.0,1344.0,698.0,226850.0,354.63,,Bengali,,Working Women,19-04-2025
TI-CMP-27002,Paid Ads,Youth,19.0,Instagram,29066.0,973.0,290.0,165.0,118470.0,1189.64,-0.4,Tamil,4.91,College Students,26-08-2024
TI-CMP-10568,SEO,Tier 2 City Customers,,Google,22378.0,2576.0,1065.0,467.0,,492.73,-0.11,Tamil,18.36,Youth,28-02-2025
TI-CMP-29301,Influencer,Working Women,5.0,"Google, YouTube, Email",69689.0,1803.0,947.0,663.0,389181.0,265.36,1.21,Tamil,4.9,Youth,06-12-2024
TI-CMP-35378,SEO,,24.0,"Instagram, WhatsApp, Facebook",99487.0,11849.0,6917.0,2964.0,2264496.0,54.77,12.95,Tamil,21.84,Tier 2 City Customers,23-09-2024
TI-CMP-37549,SEO,College Students,16.0,"Google, Instagram, YouTube",22725.0,2013.0,405.0,,204108.0,332.71,1.1,English,11.93,Youth,15-11-2024
TI-CMP-55105,Paid Ads,Working Women,20.0,"WhatsApp, Facebook",91559.0,11227.0,2699.0,1936.0,1357136.0,60.57,10.57,,17.32,College Students,
TI-CMP-53002,Social Media,Working Women,26.0,"WhatsApp, Google, YouTube",80767.0,10220.0,5197.0,2397.0,1315953.0,82.41,5.66,Bengali,22.06,College Students,13-08-2024
TI-CMP-2507,Email,Premium Shoppers,,"Email, Facebook",99137.0,8738.0,3710.0,1704.0,640704.0,,4.42,English,14.28,Tier 2 City Customers,04-10-2024
TI-CMP-24020,SEO,Youth,5.0,"Email, Facebook",84031.0,4299.0,1314.0,863.0,621360.0,90.76,6.93,English,7.71,Tier 2 City Customers,03-04-2025
TI-CMP-34507,Paid Ads,Youth,7.0,"WhatsApp, Instagram",65137.0,7519.0,2504.0,1454.0,316972.0,176.65,,English,17.62,Working Women,04-10-2024
TI-CMP-36265,Influencer,Premium Shoppers,13.0,Facebook,97783.0,2909.0,1706.0,1061.0,241908.0,197.95,0.15,Bengali,5.8,Working Women,04-10-2024
TI-CMP-29124,Email,Youth,14.0,"Email, YouTube, Facebook",47828.0,2041.0,1015.0,496.0,,510.95,0.23,Tamil,7.43,Premium Shoppers,27-05-2025
TI-CMP-40926,Influencer,Working Women,,"Instagram, Facebook, Email",93130.0,10629.0,3122.0,2100.0,596400.0,126.6,1.24,Bengali,17.02,Youth,04-08-2024
TI-CMP-6946,SEO,Tier 2 City Customers,17.0,Facebook,42475.0,2772.0,1280.0,734.0,348650.0,313.48,0.52,Hindi,11.27,Working Women,11-06-2025
TI-CMP-32805,SEO,College Students,14.0,"Facebook, Email",78830.0,4374.0,2311.0,1272.0,833160.0,94.54,5.93,Tamil,10.09,Tier 2 City Customers,15-07-2024
TI-CMP-27359,Social Media,Tier 2 City Customers,28.0,"Instagram, Facebook",54549.0,4951.0,1150.0,399.0,174363.0,684.04,-0.36,Tamil,11.92,Premium Shoppers,03-11-2024
TI-CMP-46418,Influencer,College Students,30.0,"Google, Instagram",84396.0,7126.0,1785.0,1258.0,392496.0,169.74,0.84,Hindi,12.05,Tier 2 City Customers,10-08-2024
TI-CMP-18891,SEO,Youth,22.0,"WhatsApp, Facebook",68593.0,6686.0,2155.0,917.0,234752.0,,,Bengali,14.23,Premium Shoppers,27-08-2024
TI-CMP-6359,Paid Ads,Youth,26.0,"Instagram, Email, Google",83395.0,6792.0,3232.0,1971.0,1499931.0,77.01,8.88,Hindi,14.38,Tier 2 City Customers,23-02-2025
TI-CMP-53911,Social Media,Working Women,16.0,"Instagram, YouTube, WhatsApp",43697.0,5850.0,1263.0,570.0,428070.0,460.04,0.63,Tamil,17.58,Premium Shoppers,19-03-2025
TI-CMP-31281,Social Media,Youth,14.0,"Google, Email, YouTube",19449.0,1461.0,663.0,502.0,239454.0,170.32,1.8,Hindi,13.5,College Students,12-04-2025
TI-CMP-42215,SEO,Premium Shoppers,6.0,"Facebook, YouTube, WhatsApp",58721.0,6426.0,3035.0,1237.0,954964.0,,3.6,English,18.22,,20-06-2025
TI-CMP-49100,Email,College Students,,"Email, Google",32155.0,3332.0,1213.0,446.0,228352.0,547.72,-0.07,Hindi,15.52,Premium Shoppers,11-11-2024
TI-CMP-22279,SEO,Working Women,23.0,"Google, YouTube",32378.0,3514.0,798.0,554.0,229356.0,434.56,-0.05,Bengali,15.03,Tier 2 City Customers,09-02-2025
TI-CMP-36449,Influencer,Premium Shoppers,21.0,"Email, Instagram, Google",69431.0,4283.0,2295.0,997.0,555329.0,65.0,7.57,Hindi,,College Students,29-09-2024
TI-CMP-48866,Paid Ads,Tier 2 City Customers,25.0,"Email, WhatsApp, YouTube",37334.0,3755.0,1575.0,485.0,228920.0,127.98,2.69,Hindi,15.58,Youth,15-12-2024
TI-CMP-21692,Influencer,Tier 2 City Customers,26.0,"YouTube, Facebook",93662.0,8880.0,4016.0,1312.0,754400.0,108.12,,Tamil,,Tier 2 City Customers,18-04-2025
TI-CMP-32091,Influencer,Premium Shoppers,,"Instagram, Facebook",27882.0,3976.0,1778.0,1341.0,303066.0,216.58,0.04,Tamil,25.45,Premium Shoppers,19-12-2024
TI-CMP-2731,,Tier 2 City Customers,,"Instagram, WhatsApp",14005.0,414.0,121.0,75.0,59700.0,2894.43,-0.72,Tamil,4.36,Working Women,15-09-2024
TI-CMP-56064,,Tier 2 City Customers,,"Instagram, WhatsApp, Email",23799.0,3475.0,,970.0,693550.0,212.03,2.37,,24.3,Working Women,16-10-2024
TI-CMP-40855,Email,College Students,28.0,"Google, Email",51553.0,2662.0,1063.0,839.0,263446.0,92.38,2.4,Hindi,8.85,Youth,29-11-2024
TI-CMP-24522,Paid Ads,Working Women,19.0,"Instagram, YouTube",17622.0,1056.0,212.0,108.0,32508.0,516.81,-0.42,Hindi,7.81,Tier 2 City Customers,31-03-2025
TI-CMP-17528,Influencer,College Students,21.0,"Email, Instagram",38327.0,4080.0,1916.0,1110.0,728160.0,210.25,2.12,Tamil,18.54,Tier 2 City Customers,02-09-2024
TI-CMP-43997,Paid Ads,College Students,21.0,"Google, WhatsApp, Facebook",11280.0,727.0,171.0,74.0,50764.0,2351.27,-0.71,Bengali,8.62,Youth,09-05-2025
TI-CMP-52903,,Youth,18.0,WhatsApp,70206.0,2481.0,1309.0,688.0,437568.0,321.03,0.98,Tamil,6.38,College Students,18-07-2024
TI-CMP-18681,SEO,Working Women,14.0,"Facebook, WhatsApp",85128.0,4745.0,1254.0,689.0,330031.0,281.11,0.7,English,7.86,Youth,19-01-2025
TI-CMP-28401,SEO,College Students,30.0,"YouTube, Instagram",,2283.0,980.0,777.0,182595.0,82.97,,Tamil,26.38,,27-01-2025
TI-CMP-8503,Social Media,Tier 2 City Customers,22.0,"WhatsApp, YouTube, Email",46679.0,4099.0,1488.0,1061.0,841373.0,138.31,4.73,Tamil,14.24,College Students,02-03-2025
TI-CMP-56291,Paid Ads,College Students,14.0,"YouTube, Google",84292.0,9457.0,4594.0,2297.0,1679107.0,65.93,10.09,Bengali,19.39,College Students,31-12-2024
TI-CMP-38362,Email,Youth,16.0,Google,77596.0,3631.0,1056.0,488.0,325984.0,,2.11,Tamil,6.67,Tier 2 City Customers,13-07-2024
TI-CMP-12591,Influencer,Youth,30.0,"YouTube, Facebook",16705.0,2484.0,1330.0,743.0,500039.0,247.38,,Hindi,27.28,Premium Shoppers,07-04-2025
TI-CMP-9238,SEO,College Students,28.0,"YouTube, Facebook",36454.0,5149.0,1410.0,577.0,343315.0,186.66,2.19,Tamil,19.58,Premium Shoppers,07-03-2025
TI-CMP-36446,,Tier 2 City Customers,7.0,"Email, WhatsApp",75265.0,9001.0,1898.0,940.0,689960.0,311.4,1.36,Hindi,15.73,College Students,07-01-2025
TI-CMP-14862,Influencer,Tier 2 City Customers,9.0,"Email, WhatsApp, Google",30936.0,2598.0,1144.0,545.0,212550.0,94.71,3.12,Tamil,13.86,Working Women,28-09-2024
TI-CMP-50097,SEO,Working Women,9.0,"Google, Instagram",94588.0,2862.0,1667.0,1241.0,739636.0,222.25,1.68,Tamil,6.1,,06-02-2025
TI-CMP-46798,Influencer,College Students,29.0,Google,70754.0,2947.0,1536.0,557.0,157631.0,183.96,0.54,English,7.12,Working Women,16-09-2024
TI-CMP-51361,,College Students,13.0,YouTube,72045.0,10620.0,5681.0,2742.0,1908432.0,42.55,15.36,English,26.43,College Students,25-04-2025
TI-CMP-20303,SEO,College Students,22.0,"Email, WhatsApp, Facebook",50751.0,7127.0,3566.0,1464.0,919392.0,164.22,2.82,Tamil,23.95,College Students,29-01-2025
TI-CMP-20312,Social Media,Youth,10.0,WhatsApp,43415.0,5830.0,2522.0,1557.0,348768.0,157.01,0.43,Tamil,22.82,Tier 2 City Customers,28-08-2024
TI-CMP-23472,Email,Working Women,6.0,"Email, Facebook",91552.0,8592.0,3312.0,1535.0,796665.0,98.07,4.29,Hindi,14.68,Youth,10-05-2025
TI-CMP-2319,Email,College Students,18.0,"Facebook, WhatsApp, Email",70661.0,8009.0,3747.0,2434.0,1944766.0,46.11,16.33,Bengali,20.08,Working Women,
TI-CMP-39761,Paid Ads,Tier 2 City Customers,17.0,YouTube,31478.0,2921.0,1632.0,592.0,235616.0,116.58,2.41,Hindi,16.34,College Students,28-10-2024
,Paid Ads,Tier 2 City Customers,6.0,"Email, WhatsApp, YouTube",56962.0,7911.0,4133.0,,1515618.0,102.59,5.46,Hindi,25.16,Youth,21-06-2025
TI-CMP-52953,SEO,Premium Shoppers,20.0,"Email, YouTube",22630.0,1296.0,544.0,197.0,114851.0,1385.37,-0.58,Tamil,9.0,Tier 2 City Customers,18-03-2025
TI-CMP-44212,Influencer,Tier 2 City Customers,22.0,"Instagram, YouTube, Facebook",71750.0,7056.0,1421.0,959.0,294413.0,92.44,2.32,,13.15,Youth,20-05-2025
TI-CMP-16400,Email,Premium Shoppers,28.0,"Email, Instagram, WhatsApp",17753.0,1606.0,417.0,277.0,121880.0,921.82,-0.52,English,12.96,Youth,04-05-2025
TI-CMP-30463,Paid Ads,Premium Shoppers,23.0,"Instagram, Facebook, YouTube",,3306.0,,613.0,422970.0,459.9,0.5,Hindi,,Premium Shoppers,12-03-2025
TI-CMP-5805,Paid Ads,Tier 2 City Customers,25.0,,67971.0,9125.0,,1995.0,1360590.0,96.1,6.1,Tamil,20.27,Working Women,25-04-2025
TI-CMP-14449,Social Media,Working Women,14.0,"Instagram, YouTube, WhatsApp",69721.0,,726.0,327.0,225303.0,643.15,0.07,Tamil,4.81,Youth,17-07-2024
TI-CMP-34619,Influencer,Youth,20.0,"Email, WhatsApp",47882.0,2186.0,1069.0,628.0,194680.0,139.22,,English,,Tier 2 City Customers,25-10-2024
TI-CMP-40658,Influencer,Premium Shoppers,22.0,"Instagram, Facebook, WhatsApp",12327.0,1512.0,688.0,503.0,315381.0,207.92,2.02,Tamil,21.93,Working Women,25-10-2024
TI-CMP-13187,Influencer,Working Women,10.0,"Instagram, Facebook, Google",10871.0,1147.0,409.0,192.0,108096.0,1219.41,-0.54,English,16.08,Premium Shoppers,03-05-2025
TI-CMP-4184,Influencer,Youth,27.0,Google,16236.0,629.0,355.0,118.0,42952.0,1538.47,-0.76,,6.79,Youth,19-11-2024
TI-CMP-16102,SEO,Tier 2 City Customers,20.0,"YouTube, Email",10262.0,964.0,574.0,177.0,87969.0,843.86,-0.41,English,16.71,Tier 2 City Customers,29-11-2024
TI-CMP-8427,Social Media,Tier 2 City Customers,7.0,"Email, Facebook, Google",33108.0,2242.0,1168.0,789.0,303765.0,159.07,1.42,English,12.68,Youth,18-05-2025
TI-CMP-48773,Paid Ads,College Students,11.0,"WhatsApp, Instagram, Email",93918.0,9363.0,1975.0,1014.0,808158.0,109.38,6.29,Bengali,13.15,Premium Shoppers,27-10-2024
TI-CMP-2175,Influencer,Tier 2 City Customers,25.0,"Email, Google",28969.0,1948.0,641.0,327.0,240672.0,338.9,1.17,Tamil,10.07,Premium Shoppers,05-11-2024
TI-CMP-27830,SEO,Tier 2 City Customers,10.0,"YouTube, Instagram",42055.0,2927.0,614.0,248.0,123752.0,379.48,0.31,Bengali,9.01,Youth,28-09-2024
TI-CMP-31923,SEO,College Students,19.0,Instagram,21510.0,1613.0,524.0,203.0,127890.0,933.04,-0.32,English,,Tier 2 City Customers,01-03-2025
TI-CMP-32620,SEO,Working Women,30.0,"YouTube, Google, Instagram",31575.0,1721.0,405.0,,216502.0,779.54,-0.03,Tamil,7.64,Youth,07-03-2025
TI-CMP-8132,Influencer,Working Women,7.0,"Google, Instagram, YouTube",23127.0,2414.0,1091.0,575.0,251850.0,501.29,-0.13,Bengali,17.64,Tier 2 City Customers,01-01-2025
,Email,College Students,25.0,"Facebook, Google",82520.0,6697.0,2835.0,1628.0,1001220.0,167.98,2.66,Hindi,13.52,Premium Shoppers,06-05-2025
TI-CMP-22666,,Tier 2 City Customers,9.0,Email,70052.0,2898.0,1217.0,468.0,294840.0,589.26,0.07,English,6.54,College Students,18-02-2025
TI-CMP-28709,Paid Ads,Tier 2 City Customers,22.0,"Google, WhatsApp, Email",71280.0,,3658.0,2721.0,1466619.0,54.33,8.92,English,21.92,Youth,12-10-2024
TI-CMP-40548,Email,Working Women,24.0,"YouTube, Email, Google",,3310.0,1123.0,660.0,458040.0,278.47,1.49,,8.86,Working Women,18-07-2024
TI-CMP-49144,Paid Ads,Tier 2 City Customers,5.0,"WhatsApp, Facebook",31760.0,3254.0,684.0,498.0,305274.0,405.17,0.51,Tamil,13.97,Youth,01-06-2025
TI-CMP-23818,Paid Ads,Youth,7.0,"Instagram, WhatsApp",61406.0,8469.0,2044.0,1240.0,869240.0,104.38,5.72,,19.14,Tier 2 City Customers,16-06-2025
TI-CMP-15103,Social Media,Youth,6.0,"Email, Instagram, YouTube",42602.0,2588.0,895.0,579.0,276183.0,437.23,0.09,English,9.53,Youth,10-02-2025
TI-CMP-32421,Email,Youth,5.0,Facebook,34514.0,1467.0,698.0,270.0,187380.0,897.53,-0.23,English,7.06,Working Women,17-12-2024
TI-CMP-14645,Influencer,Premium Shoppers,9.0,YouTube,28678.0,1257.0,704.0,326.0,134638.0,,1.08,Bengali,7.97,Premium Shoppers,19-04-2025
TI-CMP-4180,Paid Ads,Premium Shoppers,,Facebook,45914.0,5144.0,1610.0,607.0,477102.0,136.53,4.76,Tamil,16.03,Premium Shoppers,08-04-2025
TI-CMP-35367,Email,Tier 2 City Customers,,"Instagram, Email",17660.0,865.0,383.0,246.0,173184.0,1211.82,-0.42,Hindi,8.46,Tier 2 City Customers,25-02-2025
TI-CMP-47661,Paid Ads,Tier 2 City Customers,29.0,YouTube,,9881.0,4893.0,3758.0,1236382.0,20.3,15.21,Tamil,19.19,Working Women,11-04-2025
TI-CMP-47930,Social Media,,24.0,"Google, Facebook",28297.0,988.0,270.0,169.0,62361.0,394.2,-0.06,,5.04,Tier 2 City Customers,30-01-2025
TI-CMP-5347,Paid Ads,College Students,12.0,,63969.0,4166.0,2036.0,986.0,615264.0,76.9,7.11,Hindi,11.24,Premium Shoppers,21-01-2025
TI-CMP-53253,Email,Premium Shoppers,7.0,"Instagram, Facebook",79052.0,3411.0,1753.0,1192.0,307536.0,164.31,0.57,Bengali,8.04,Premium Shoppers,12-10-2024
TI-CMP-26623,Email,Tier 2 City Customers,6.0,Google,50903.0,1260.0,651.0,366.0,252906.0,785.47,-0.12,English,4.47,Premium Shoppers,25-10-2024
TI-CMP-4375,Social Media,Working Women,,"Google, Facebook, WhatsApp",20307.0,1278.0,295.0,194.0,45008.0,334.47,-0.31,Hindi,8.7,College Students,24-02-2025
,Email,Premium Shoppers,,"Email, Facebook, Google",93749.0,12033.0,3228.0,1802.0,612680.0,146.22,1.33,Hindi,18.2,Tier 2 City Customers,09-10-2024
TI-CMP-35575,Paid Ads,College Students,14.0,"Google, Email, YouTube",33593.0,3928.0,1345.0,617.0,164122.0,,1.14,Bengali,,Tier 2 City Customers,13-08-2024
TI-CMP-37070,Influencer,Youth,14.0,"Facebook, WhatsApp",53986.0,4935.0,1898.0,1494.0,1006956.0,79.59,7.47,,15.42,Working Women,14-11-2024
,Paid Ads,Working Women,22.0,"YouTube, Instagram",82884.0,11508.0,3806.0,2004.0,707412.0,107.74,2.28,Hindi,20.89,Tier 2 City Customers,23-12-2024
TI-CMP-12307,Social Media,Youth,5.0,"Google, YouTube",20411.0,2709.0,849.0,298.0,205918.0,258.97,1.67,English,18.89,,26-11-2024
TI-CMP-18487,SEO,Working Women,28.0,"Google, YouTube",26042.0,2331.0,1381.0,928.0,313664.0,321.87,,English,17.82,Youth,02-04-2025
TI-CMP-53888,Email,Premium Shoppers,17.0,"WhatsApp, Google, Facebook",65543.0,2563.0,1470.0,872.0,414200.0,,0.42,Hindi,7.48,Premium Shoppers,24-02-2025
TI-CMP-41074,Social Media,Working Women,12.0,Email,72080.0,6501.0,3743.0,1498.0,940744.0,97.86,5.42,Hindi,16.29,Working Women,14-06-2025
TI-CMP-38287,Influencer,Working Women,28.0,"Google, Email, YouTube",30158.0,2708.0,1553.0,1112.0,488168.0,237.38,0.85,English,17.82,Premium Shoppers,13-07-2024
TI-CMP-22610,Email,Working Women,9.0,"Email, Facebook",28447.0,1312.0,268.0,,66452.0,1916.38,-0.77,Hindi,6.07,Working Women,15-04-2025
TI-CMP-42208,Email,Tier 2 City Customers,28.0,"Google, WhatsApp",,,516.0,355.0,265185.0,617.69,0.21,Bengali,8.92,Working Women,04-05-2025
TI-CMP-51412,Paid Ads,Premium Shoppers,16.0,"YouTube, WhatsApp, Google",83522.0,10180.0,2781.0,1171.0,381746.0,44.33,6.35,Hindi,16.92,College Students,08-03-2025
TI-CMP-38990,SEO,Tier 2 City Customers,9.0,Instagram,79317.0,6006.0,3180.0,1431.0,,109.62,1.41,,13.39,Youth,29-05-2025
TI-CMP-53300,Social Media,Youth,24.0,"WhatsApp, Facebook",,2437.0,793.0,495.0,138105.0,224.54,0.24,Tamil,12.64,Tier 2 City Customers,02-01-2025
TI-CMP-53162,Paid Ads,Premium Shoppers,29.0,"WhatsApp, Instagram",88013.0,5205.0,1906.0,1450.0,498800.0,74.6,3.61,Hindi,9.73,Premium Shoppers,19-05-2025
TI-CMP-54925,Paid Ads,Premium Shoppers,11.0,"Facebook, Email, Google",80659.0,2911.0,897.0,431.0,127576.0,206.5,0.43,Tamil,5.26,Youth,22-02-2025
TI-CMP-26366,SEO,Premium Shoppers,12.0,"WhatsApp, Facebook",27526.0,2923.0,1455.0,572.0,167596.0,394.48,-0.26,Bengali,17.98,Youth,19-05-2025
TI-CMP-25695,Influencer,Youth,28.0,,46095.0,6803.0,2641.0,,534238.0,133.73,,English,24.33,College Students,19-02-2025
TI-CMP-34492,Influencer,Youth,8.0,Instagram,16832.0,1736.0,726.0,300.0,74700.0,924.04,-0.73,Hindi,16.41,College Students,15-12-2024
TI-CMP-53979,Influencer,Premium Shoppers,12.0,Facebook,25168.0,1159.0,347.0,138.0,97014.0,494.58,0.42,Bengali,6.53,Youth,11-05-2025
TI-CMP-1176,Influencer,College Students,15.0,"Google, Email, Instagram",18504.0,931.0,406.0,205.0,151905.0,743.81,0.0,Tamil,,Tier 2 City Customers,26-02-2025
TI-CMP-29354,Email,Working Women,30.0,"Google, YouTube, Facebook",77629.0,2471.0,887.0,438.0,286452.0,311.48,1.1,Bengali,4.89,Tier 2 City Customers,12-03-2025
TI-CMP-36274,Paid Ads,College Students,9.0,"Instagram, Email, WhatsApp",,10091.0,5099.0,2177.0,,96.0,5.59,English,22.45,Premium Shoppers,21-12-2024
TI-CMP-18713,Influencer,College Students,18.0,Google,81008.0,10139.0,3274.0,1480.0,747400.0,59.75,7.45,Bengali,18.38,,27-12-2024
TI-CMP-43295,SEO,College Students,21.0,"Instagram, YouTube, Facebook",90650.0,7934.0,3823.0,1395.0,295740.0,146.07,0.45,Bengali,14.51,College Students,03-04-2025
TI-CMP-32103,Influencer,Youth,27.0,"WhatsApp, Google",56015.0,3036.0,1056.0,505.0,168670.0,444.1,-0.25,Bengali,8.21,Youth,18-11-2024
TI-CMP-38666,Paid Ads,Tier 2 City Customers,14.0,,86515.0,11617.0,2643.0,798.0,403788.0,294.28,0.72,English,17.41,Working Women,30-03-2025
TI-CMP-54688,Influencer,Premium Shoppers,26.0,"Email, WhatsApp",12875.0,966.0,245.0,192.0,102144.0,360.7,0.47,English,10.9,Youth,14-09-2024
TI-CMP-9423,Social Media,Youth,12.0,"Google, Facebook",,4364.0,1927.0,766.0,444280.0,250.96,1.31,Tamil,14.86,Premium Shoppers,25-10-2024
TI-CMP-10197,Social Media,Premium Shoppers,18.0,"Facebook, Instagram",52599.0,4314.0,2026.0,1357.0,782989.0,195.16,1.96,Bengali,14.63,Premium Shoppers,04-07-2024
TI-CMP-6718,SEO,Working Women,22.0,"WhatsApp, Email",79704.0,2770.0,896.0,518.0,264180.0,442.12,0.15,English,5.25,Premium Shoppers,19-12-2024
TI-CMP-30792,Influencer,,25.0,"YouTube, Email, WhatsApp",24001.0,1285.0,331.0,255.0,59160.0,390.73,-0.41,Tamil,7.8,Premium Shoppers,04-10-2024
TI-CMP-48666,SEO,Tier 2 City Customers,21.0,Facebook,21529.0,2073.0,678.0,458.0,294952.0,215.04,1.99,,14.91,Premium Shoppers,
TI-CMP-45485,Paid Ads,College Students,,Google,33923.0,707.0,303.0,172.0,37668.0,603.02,-0.64,Bengali,3.48,Youth,29-01-2025
TI-CMP-33183,Social Media,Tier 2 City Customers,10.0,"Instagram, YouTube, Google",59282.0,8455.0,4397.0,1409.0,743952.0,205.77,1.57,English,24.06,Tier 2 City Customers,25-07-2024
TI-CMP-53777,Influencer,Premium Shoppers,22.0,"Instagram, Google",59785.0,2925.0,1003.0,755.0,477915.0,203.83,2.11,Tamil,7.83,Youth,04-01-2025
TI-CMP-4940,Influencer,Working Women,7.0,Google,88480.0,5138.0,1273.0,498.0,232566.0,147.49,2.17,Hindi,,College Students,28-12-2024
TI-CMP-6563,SEO,College Students,25.0,"Facebook, YouTube",25618.0,2710.0,698.0,335.0,172860.0,593.35,-0.13,Tamil,14.61,Working Women,09-01-2025
TI-CMP-5918,Email,College Students,25.0,"Instagram, Email, Google",58536.0,8106.0,4539.0,1905.0,421005.0,149.06,0.48,Bengali,24.86,,29-05-2025
TI-CMP-1040,Email,Tier 2 City Customers,19.0,"Email, Facebook",50877.0,2924.0,1385.0,971.0,737960.0,239.24,2.18,Tamil,10.38,College Students,19-08-2024
TI-CMP-46873,Email,Youth,11.0,,81559.0,11474.0,3377.0,1444.0,456304.0,,2.07,Hindi,19.98,Youth,20-04-2025
TI-CMP-40444,SEO,Youth,29.0,Google,19680.0,1489.0,414.0,,86140.0,396.1,-0.08,Tamil,10.87,Premium Shoppers,12-05-2025
TI-CMP-8339,Influencer,Premium Shoppers,27.0,,75503.0,1790.0,659.0,387.0,82431.0,577.7,-0.63,English,3.76,College Students,05-02-2025
TI-CMP-18162,Paid Ads,Premium Shoppers,18.0,"WhatsApp, Email, YouTube",20822.0,1947.0,515.0,205.0,114800.0,693.4,-0.19,English,12.81,Youth,01-11-2024
TI-CMP-37936,Influencer,Premium Shoppers,25.0,"Instagram, Facebook, YouTube",60062.0,,992.0,704.0,325952.0,382.56,0.21,English,10.24,Tier 2 City Customers,07-08-2024
TI-CMP-5948,Social Media,Tier 2 City Customers,17.0,"Google, Instagram, WhatsApp",25996.0,1287.0,751.0,575.0,244375.0,,-0.06,Bengali,10.05,Premium Shoppers,
TI-CMP-53530,Paid Ads,Tier 2 City Customers,6.0,WhatsApp,75204.0,5276.0,1304.0,954.0,405450.0,,0.83,Tamil,10.02,,20-11-2024
TI-CMP-52884,Social Media,Tier 2 City Customers,12.0,"Email, WhatsApp",10771.0,955.0,364.0,110.0,69080.0,1877.09,-0.67,Tamil,13.27,Youth,18-01-2025
TI-CMP-23051,Social Media,Working Women,16.0,Email,83597.0,4487.0,1531.0,477.0,268551.0,473.03,0.19,Bengali,7.77,Working Women,03-06-2025
TI-CMP-49705,Influencer,Working Women,27.0,"WhatsApp, Instagram, Email",12647.0,1030.0,394.0,274.0,138096.0,523.91,-0.04,Hindi,13.43,Tier 2 City Customers,03-07-2024
TI-CMP-49755,Paid Ads,Working Women,18.0,"Instagram, WhatsApp",71984.0,8750.0,4534.0,3494.0,1401094.0,37.15,9.8,Hindi,23.31,Youth,30-08-2024
TI-CMP-51977,Influencer,College Students,10.0,"Email, WhatsApp, Instagram",48267.0,4995.0,1621.0,940.0,507600.0,219.13,1.46,Tamil,15.65,College Students,
TI-CMP-26572,Social Media,Premium Shoppers,15.0,Google,79947.0,11836.0,3199.0,973.0,339577.0,217.48,0.6,Bengali,20.02,College Students,05-04-2025
TI-CMP-32861,SEO,Premium Shoppers,12.0,"WhatsApp, YouTube, Google",10260.0,970.0,455.0,178.0,81880.0,968.21,-0.52,Hindi,15.62,Premium Shoppers,19-09-2024
TI-CMP-27608,Influencer,Tier 2 City Customers,5.0,"Instagram, Facebook, Google",,957.0,426.0,261.0,104661.0,758.09,-0.47,Tamil,5.51,Tier 2 City Customers,20-04-2025
TI-CMP-41743,Influencer,Working Women,15.0,WhatsApp,52200.0,3052.0,670.0,325.0,260000.0,720.86,0.11,Tamil,7.75,Youth,07-01-2025
TI-CMP-4467,Paid Ads,Premium Shoppers,21.0,,88036.0,,2852.0,1691.0,1138043.0,68.47,8.83,Hindi,12.15,Tier 2 City Customers,14-07-2024
TI-CMP-15657,Email,Tier 2 City Customers,,"Facebook, Email",75552.0,7625.0,3030.0,1809.0,369036.0,53.07,2.84,Tamil,16.5,Youth,19-08-2024
TI-CMP-10073,Social Media,Working Women,9.0,"Email, Facebook, WhatsApp",71648.0,9764.0,3272.0,1641.0,790962.0,,3.15,Tamil,20.48,Premium Shoppers,11-07-2024
TI-CMP-48022,Paid Ads,Working Women,13.0,"YouTube, Email, WhatsApp",30805.0,3572.0,1137.0,902.0,660264.0,282.95,1.59,Bengali,18.21,College Students,24-01-2025
TI-CMP-54462,Paid Ads,College Students,17.0,,66045.0,5479.0,3047.0,1796.0,869264.0,89.47,4.41,English,15.63,Working Women,24-03-2025
TI-CMP-15403,Paid Ads,College Students,19.0,"Email, Facebook, Google",75656.0,10023.0,5849.0,3284.0,1349724.0,65.38,5.29,English,25.32,Tier 2 City Customers,12-11-2024
TI-CMP-23664,Influencer,Youth,10.0,"Email, Google",,4105.0,2247.0,826.0,635194.0,60.77,11.65,Tamil,22.37,College Students,20-01-2025
TI-CMP-14641,Social Media,College Students,23.0,"Email, WhatsApp",35643.0,4536.0,2522.0,905.0,500465.0,253.5,1.18,Bengali,22.34,,12-08-2024
TI-CMP-19684,Paid Ads,,21.0,WhatsApp,69341.0,9173.0,4736.0,2721.0,2160474.0,72.35,9.97,Bengali,23.98,College Students,27-04-2025
TI-CMP-14033,Social Media,Working Women,24.0,"WhatsApp, Email, Instagram",94498.0,12705.0,7094.0,5099.0,1560294.0,54.7,4.59,Bengali,26.35,Premium Shoppers,21-07-2024
TI-CMP-1199,SEO,Youth,7.0,"YouTube, Instagram",78834.0,4398.0,1787.0,853.0,242252.0,328.38,-0.14,Bengali,8.93,Youth,10-02-2025
TI-CMP-52485,,Working Women,30.0,"Google, Email, Facebook",31261.0,,2571.0,1468.0,904288.0,114.18,4.39,Tamil,27.84,,25-12-2024
TI-CMP-4025,Paid Ads,Premium Shoppers,14.0,"Facebook, WhatsApp, YouTube",87855.0,8120.0,3958.0,2835.0,1652805.0,48.48,11.03,Hindi,16.97,Tier 2 City Customers,18-09-2024
TI-CMP-32974,Paid Ads,Youth,8.0,"Facebook, Email",35624.0,,1026.0,774.0,184212.0,103.82,1.29,Tamil,17.88,,26-11-2024
TI-CMP-56242,Social Media,Premium Shoppers,28.0,"Facebook, Google",18359.0,1141.0,442.0,353.0,213565.0,533.1,0.13,English,10.55,Working Women,28-02-2025
TI-CMP-32868,SEO,College Students,30.0,Google,59408.0,3146.0,1634.0,1030.0,383160.0,228.61,0.63,Bengali,9.78,Working Women,12-07-2024
TI-CMP-17869,Social Media,Youth,28.0,"Google, Facebook",42353.0,991.0,221.0,170.0,41820.0,1014.01,-0.76,English,3.26,College Students,30-05-2025
TI-CMP-24967,Email,Tier 2 City Customers,10.0,"WhatsApp, YouTube",17566.0,2334.0,1323.0,446.0,337176.0,583.12,0.3,English,23.36,Youth,20-03-2025
TI-CMP-41107,Paid Ads,Youth,28.0,Email,97139.0,7971.0,1743.0,,584865.0,293.43,1.1,Tamil,10.98,Youth,09-08-2024
TI-CMP-6918,Paid Ads,Working Women,7.0,Email,64587.0,8428.0,4482.0,3328.0,945152.0,62.69,3.53,Tamil,25.14,Tier 2 City Customers,17-09-2024
TI-CMP-25834,Influencer,Premium Shoppers,25.0,"Email, Facebook, WhatsApp",29159.0,1627.0,793.0,466.0,247446.0,303.61,0.75,English,9.9,Working Women,13-10-2024
TI-CMP-56259,Email,Premium Shoppers,10.0,YouTube,57587.0,7797.0,3778.0,1666.0,608090.0,135.01,1.7,Hindi,22.99,Premium Shoppers,04-02-2025
TI-CMP-49499,Influencer,College Students,10.0,"WhatsApp, Google",76547.0,6854.0,3704.0,1252.0,,238.76,1.18,,15.43,Youth,22-04-2025
TI-CMP-46530,SEO,Tier 2 City Customers,23.0,"Email, WhatsApp, Facebook",76635.0,3517.0,1160.0,754.0,408668.0,160.99,2.37,Hindi,7.09,Youth,03-12-2024
TI-CMP-22916,Email,Premium Shoppers,29.0,"Google, Facebook",31764.0,,655.0,414.0,306360.0,320.16,1.31,Tamil,12.77,Youth,03-04-2025
TI-CMP-15526,Social Media,Premium Shoppers,20.0,"Email, Facebook",51730.0,3523.0,1761.0,1282.0,828172.0,86.9,6.43,English,12.69,Tier 2 City Customers,
TI-CMP-26856,SEO,College Students,27.0,"YouTube, Email",42883.0,1479.0,327.0,181.0,112582.0,394.45,0.58,English,4.63,College Students,01-01-2025
TI-CMP-7545,Social Media,,26.0,"Email, WhatsApp",79059.0,10379.0,3324.0,1076.0,634840.0,266.02,1.22,,18.69,Premium Shoppers,22-08-2024
TI-CMP-44507,Influencer,Premium Shoppers,30.0,"Google, Instagram",,3123.0,1428.0,488.0,275232.0,267.77,1.11,Bengali,5.48,Premium Shoppers,02-05-2025
TI-CMP-22114,SEO,Youth,10.0,Google,77223.0,10466.0,3314.0,1861.0,904446.0,31.17,14.59,English,20.25,Premium Shoppers,14-01-2025
TI-CMP-1780,Social Media,College Students,28.0,"Email, WhatsApp, Facebook",,7224.0,3213.0,1181.0,857406.0,120.84,5.01,English,12.72,,21-04-2025
TI-CMP-36048,Email,Premium Shoppers,23.0,Facebook,43082.0,2168.0,,475.0,,347.25,-0.33,English,8.22,Youth,09-07-2024
TI-CMP-29777,Paid Ads,Tier 2 City Customers,,"Facebook, Email",,8613.0,3539.0,1130.0,,240.49,0.94,Hindi,22.59,Working Women,13-03-2025
TI-CMP-37846,SEO,Working Women,13.0,"Email, YouTube, Facebook",49309.0,3787.0,,546.0,226044.0,409.7,0.01,English,,Youth,10-12-2024
TI-CMP-44620,Email,Working Women,23.0,"Facebook, YouTube",56042.0,6693.0,3489.0,1933.0,1144336.0,109.42,4.41,English,21.62,College Students,04-06-2025
TI-CMP-12632,Email,Youth,10.0,"Google, Instagram, YouTube",14807.0,992.0,503.0,325.0,216125.0,677.87,-0.02,Bengali,12.29,College Students,06-12-2024
,SEO,,17.0,Email,64727.0,9704.0,4117.0,2461.0,516810.0,84.05,1.5,Tamil,25.15,,03-12-2024
TI-CMP-16081,,Youth,14.0,"Google, Instagram",70859.0,,740.0,225.0,47025.0,1091.58,-0.81,,5.23,Working Women,12-05-2025
TI-CMP-43580,Paid Ads,Tier 2 City Customers,20.0,"WhatsApp, Facebook, Email",13536.0,288.0,,67.0,30351.0,3544.55,-0.87,English,3.28,College Students,28-09-2024
TI-CMP-37217,Social Media,Working Women,29.0,"Instagram, YouTube, WhatsApp",,1892.0,734.0,520.0,292760.0,260.06,1.16,English,4.87,Youth,15-12-2024
TI-CMP-55780,,Tier 2 City Customers,10.0,Email,,4107.0,1432.0,960.0,550080.0,295.36,0.94,Tamil,7.41,Youth,17-08-2024
TI-CMP-50369,Influencer,Premium Shoppers,21.0,"Email, Instagram, Google",35322.0,3643.0,1232.0,459.0,222156.0,438.89,0.1,English,15.1,Tier 2 City Customers,23-07-2024
TI-CMP-6785,Paid Ads,Working Women,20.0,Google,,10031.0,4726.0,2892.0,864708.0,41.75,6.16,,19.05,Youth,25-09-2024
TI-CMP-39223,SEO,Tier 2 City Customers,25.0,"YouTube, WhatsApp, Instagram",92144.0,11325.0,6228.0,3626.0,1642578.0,55.98,7.09,Tamil,22.98,Premium Shoppers,25-11-2024
TI-CMP-24518,Email,Working Women,19.0,"Google, YouTube, WhatsApp",66081.0,6118.0,3020.0,2074.0,869006.0,58.16,6.2,Tamil,16.97,Working Women,07-04-2025
TI-CMP-47462,Paid Ads,Premium Shoppers,15.0,"Email, Facebook",99919.0,,3238.0,1528.0,1190312.0,,3.7,Hindi,16.22,College Students,24-05-2025
TI-CMP-54760,,Youth,25.0,"YouTube, Email, Instagram",89658.0,4077.0,1629.0,537.0,277629.0,139.9,2.7,Bengali,6.96,Youth,15-12-2024
TI-CMP-41273,SEO,Working Women,26.0,"Email, YouTube, Google",15328.0,840.0,491.0,357.0,227766.0,563.89,0.13,English,11.01,Premium Shoppers,22-08-2024
TI-CMP-52349,Influencer,Premium Shoppers,6.0,"YouTube, Instagram, Google",71608.0,3079.0,1203.0,882.0,269010.0,107.24,,Hindi,7.21,Tier 2 City Customers,18-08-2024
TI-CMP-9510,Paid Ads,Tier 2 City Customers,11.0,"Instagram, Google, WhatsApp",52516.0,,2346.0,1778.0,1361948.0,92.77,7.26,Tamil,17.01,Working Women,07-07-2024
TI-CMP-20042,Social Media,Working Women,7.0,"Google, YouTube, Instagram",59876.0,2650.0,1574.0,1103.0,622092.0,160.44,2.52,English,8.9,Youth,31-03-2025
TI-CMP-12024,Paid Ads,Working Women,24.0,"Email, Instagram",,3382.0,1825.0,1050.0,752850.0,60.48,10.86,Bengali,,Premium Shoppers,20-09-2024
TI-CMP-21909,Paid Ads,Premium Shoppers,18.0,"YouTube, Facebook",50925.0,5633.0,1382.0,1047.0,506748.0,,0.88,Bengali,15.83,Youth,05-04-2025
TI-CMP-36594,Paid Ads,College Students,9.0,"YouTube, Facebook, Email",79010.0,3251.0,1448.0,920.0,372600.0,255.09,0.59,Tamil,7.11,College Students,23-09-2024
TI-CMP-23535,Social Media,Premium Shoppers,13.0,YouTube,94406.0,7478.0,1599.0,936.0,456768.0,113.64,3.29,Hindi,10.61,Tier 2 City Customers,08-09-2024
TI-CMP-23753,Influencer,Tier 2 City Customers,28.0,YouTube,67327.0,5562.0,,846.0,525366.0,212.27,1.93,Bengali,12.38,Premium Shoppers,18-12-2024
,Email,Premium Shoppers,23.0,"Instagram, Google",75361.0,3748.0,753.0,356.0,226060.0,360.2,0.76,Bengali,6.44,Tier 2 City Customers,25-08-2024
TI-CMP-2975,Email,,25.0,"Google, WhatsApp",66041.0,6762.0,1592.0,874.0,262200.0,139.16,1.16,English,13.97,Working Women,02-11-2024
TI-CMP-51477,Email,Youth,13.0,"YouTube, Facebook",66458.0,8455.0,2497.0,1760.0,1344640.0,129.98,4.88,Bengali,19.13,Tier 2 City Customers,08-08-2024
,,Tier 2 City Customers,5.0,"WhatsApp, Google",96878.0,11727.0,6961.0,3587.0,911098.0,80.1,2.17,Hindi,22.99,Premium Shoppers,30-07-2024
TI-CMP-51282,SEO,College Students,15.0,"WhatsApp, Instagram, YouTube",79533.0,3726.0,1616.0,809.0,580053.0,262.27,1.73,English,7.73,Youth,24-10-2024
TI-CMP-14949,SEO,Youth,12.0,"YouTube, Email, Facebook",49408.0,1922.0,616.0,265.0,84270.0,680.6,-0.53,Hindi,5.67,Youth,10-03-2025
TI-CMP-38413,Paid Ads,Tier 2 City Customers,23.0,Instagram,,3050.0,1126.0,,364870.0,221.13,2.08,English,11.21,Youth,12-04-2025
TI-CMP-23701,Social Media,College Students,22.0,"Facebook, Google",59017.0,,1714.0,828.0,302220.0,341.18,0.07,Tamil,12.17,Tier 2 City Customers,07-10-2024
TI-CMP-17355,,Tier 2 City Customers,18.0,"Instagram, Facebook, Email",74644.0,8816.0,2284.0,1571.0,331481.0,75.48,1.8,Bengali,16.98,Tier 2 City Customers,17-03-2025
TI-CMP-2164,Paid Ads,Working Women,8.0,"Instagram, YouTube",38394.0,2854.0,,768.0,529920.0,250.67,1.75,Bengali,12.64,,02-10-2024
TI-CMP-33836,SEO,Working Women,27.0,"WhatsApp, Google, Email",81592.0,2893.0,1360.0,998.0,726544.0,93.62,6.78,Hindi,6.44,Premium Shoppers,09-08-2024
TI-CMP-16917,Influencer,Tier 2 City Customers,10.0,YouTube,,9660.0,2753.0,,436450.0,143.91,1.99,English,14.69,Premium Shoppers,06-09-2024
TI-CMP-5859,Email,College Students,15.0,Facebook,14804.0,,175.0,87.0,36801.0,,-0.86,Bengali,3.82,Youth,24-01-2025
TI-CMP-34127,Influencer,Tier 2 City Customers,30.0,YouTube,58520.0,7950.0,3364.0,,470517.0,66.19,2.22,Bengali,23.11,Premium Shoppers,05-10-2024
TI-CMP-42545,SEO,Premium Shoppers,18.0,"YouTube, Instagram",13050.0,1856.0,565.0,272.0,195840.0,565.45,0.27,Hindi,20.64,Tier 2 City Customers,23-12-2024
TI-CMP-6089,Social Media,Premium Shoppers,30.0,"Google, WhatsApp",64229.0,8297.0,3914.0,2200.0,,26.44,7.51,Bengali,22.44,Youth,09-09-2024
TI-CMP-16742,Email,College Students,21.0,"YouTube, Facebook, WhatsApp",87147.0,11805.0,4966.0,3015.0,1175850.0,54.81,6.12,English,22.7,Tier 2 City Customers,07-01-2025
TI-CMP-2180,,Working Women,7.0,"Google, Instagram, YouTube",74003.0,4681.0,2409.0,1662.0,978918.0,71.33,7.26,English,11.83,Youth,14-03-2025
TI-CMP-7994,SEO,Youth,22.0,Email,10912.0,1334.0,546.0,167.0,82665.0,1646.66,-0.7,,18.76,College Students,02-06-2025
TI-CMP-31287,Paid Ads,Premium Shoppers,16.0,"Email, WhatsApp",91932.0,8186.0,4418.0,2445.0,679710.0,69.35,,Tamil,16.37,Working Women,11-01-2025
TI-CMP-18835,Email,Youth,15.0,"YouTube, WhatsApp",22241.0,3145.0,,596.0,371904.0,144.45,3.32,Hindi,21.17,Working Women,02-04-2025
TI-CMP-17169,Social Media,Youth,6.0,"Google, Facebook",26488.0,2858.0,1157.0,876.0,423984.0,137.57,2.52,Tamil,18.46,Working Women,03-12-2024
TI-CMP-8040,SEO,Premium Shoppers,24.0,"WhatsApp, Google",48399.0,2112.0,977.0,721.0,323008.0,286.58,0.56,Hindi,7.87,Youth,06-05-2025
TI-CMP-42195,Email,Tier 2 City Customers,24.0,"YouTube, WhatsApp",23007.0,1873.0,954.0,711.0,265914.0,201.13,0.86,Tamil,15.38,Working Women,19-02-2025
TI-CMP-22018,Paid Ads,Premium Shoppers,12.0,"Instagram, WhatsApp",63836.0,2375.0,916.0,573.0,,199.08,2.77,English,6.05,College Students,17-12-2024
TI-CMP-42375,Email,Youth,5.0,Google,59292.0,7241.0,2963.0,1341.0,1019160.0,187.36,3.06,Tamil,19.47,College Students,25-11-2024
TI-CMP-19878,SEO,Tier 2 City Customers,25.0,"Google, YouTube, Facebook",,7185.0,2798.0,1502.0,,149.31,2.17,Tamil,18.68,College Students,02-04-2025
TI-CMP-42705,Email,Working Women,7.0,Google,69119.0,8758.0,3099.0,2300.0,483000.0,47.45,3.43,English,20.48,Working Women,02-04-2025
TI-CMP-20492,Influencer,Youth,16.0,"Email, Instagram, YouTube",50313.0,6062.0,2183.0,1118.0,584714.0,259.62,,Hindi,18.61,College Students,03-12-2024
TI-CMP-30914,SEO,Youth,14.0,WhatsApp,50181.0,6350.0,3002.0,2393.0,1431014.0,33.15,17.04,Bengali,23.41,Youth,25-03-2025
TI-CMP-8217,Paid Ads,Tier 2 City Customers,5.0,"YouTube, Instagram",18186.0,1675.0,445.0,325.0,215150.0,891.3,,Hindi,,Tier 2 City Customers,02-11-2024
TI-CMP-11276,SEO,,7.0,"WhatsApp, Google, YouTube",74859.0,7698.0,3573.0,1545.0,309000.0,182.53,0.1,English,17.12,College Students,10-08-2024
TI-CMP-50566,Email,Tier 2 City Customers,15.0,"Facebook, Instagram, Google",37906.0,3760.0,1601.0,919.0,674546.0,234.57,2.13,Bengali,,College Students,02-01-2025
TI-CMP-43442,Influencer,Tier 2 City Customers,8.0,"WhatsApp, Google, YouTube",70672.0,8553.0,4423.0,2380.0,628320.0,56.94,,Tamil,21.73,Working Women,09-02-2025
TI-CMP-22718,Email,Youth,19.0,"Instagram, WhatsApp",14187.0,665.0,266.0,174.0,135546.0,1573.83,-0.51,Hindi,7.79,Tier 2 City Customers,
TI-CMP-38754,SEO,Youth,30.0,"Email, YouTube, Instagram",40191.0,2438.0,588.0,224.0,153888.0,1325.49,-0.48,Tamil,8.09,Tier 2 City Customers,27-03-2025
TI-CMP-40176,Influencer,Youth,19.0,"Google, Instagram",45749.0,2247.0,1182.0,621.0,235980.0,242.91,0.56,Hindi,8.85,Tier 2 City Customers,06-10-2024
TI-CMP-53338,SEO,College Students,30.0,"Facebook, Google, YouTube",74274.0,2414.0,640.0,341.0,,785.49,-0.51,Hindi,4.57,Tier 2 City Customers,14-10-2024
TI-CMP-17584,SEO,Premium Shoppers,8.0,"YouTube, WhatsApp, Email",68161.0,6035.0,2622.0,2066.0,452454.0,60.18,2.64,Hindi,15.73,College Students,03-06-2025
,Paid Ads,Tier 2 City Customers,24.0,"Instagram, Email, Facebook",67167.0,3677.0,,893.0,709935.0,206.06,2.86,Bengali,9.99,College Students,18-03-2025
TI-CMP-39436,Paid Ads,Premium Shoppers,23.0,Instagram,56517.0,2570.0,780.0,547.0,398763.0,488.33,0.49,Bengali,6.9,Premium Shoppers,12-07-2024
TI-CMP-54155,Influencer,Tier 2 City Customers,18.0,YouTube,37591.0,3884.0,2062.0,972.0,571536.0,105.58,4.57,Tamil,18.4,College Students,06-09-2024
TI-CMP-36441,Social Media,Tier 2 City Customers,30.0,"Email, WhatsApp",76172.0,4535.0,1969.0,702.0,541242.0,269.51,1.86,Hindi,9.46,Working Women,05-02-2025
TI-CMP-14132,Influencer,College Students,27.0,"Google, Instagram",52313.0,7029.0,1619.0,651.0,313782.0,276.03,0.75,Tamil,,Premium Shoppers,01-11-2024
TI-CMP-47625,Influencer,Working Women,21.0,WhatsApp,59119.0,5878.0,1259.0,617.0,436836.0,402.88,,Bengali,13.12,Working Women,25-04-2025
TI-CMP-25632,SEO,Working Women,14.0,"Instagram, Google",38470.0,4930.0,2126.0,1296.0,294192.0,180.41,0.26,Tamil,21.71,Youth,21-01-2025
TI-CMP-54747,SEO,Youth,30.0,"Google, Facebook",83679.0,3597.0,1115.0,468.0,143208.0,217.98,0.4,English,,Tier 2 City Customers,04-11-2024
TI-CMP-43343,Influencer,Premium Shoppers,28.0,"Instagram, WhatsApp, Google",20746.0,3037.0,788.0,282.0,144102.0,766.96,-0.33,English,19.8,College Students,10-05-2025
TI-CMP-2118,Email,Premium Shoppers,17.0,"Email, WhatsApp",50382.0,1623.0,408.0,239.0,92015.0,1217.31,-0.68,English,4.51,Premium Shoppers,10-11-2024
TI-CMP-33570,Paid Ads,College Students,28.0,Email,29773.0,4089.0,1961.0,742.0,515690.0,313.54,1.22,,22.81,Youth,15-04-2025
TI-CMP-22719,Social Media,Tier 2 City Customers,16.0,"Instagram, Facebook, WhatsApp",67709.0,5628.0,3222.0,1957.0,1191813.0,139.19,3.38,Hindi,15.96,College Students,23-07-2024
TI-CMP-17883,Influencer,Tier 2 City Customers,21.0,"YouTube, WhatsApp, Instagram",57055.0,7289.0,2252.0,1555.0,539585.0,48.5,6.15,Bengali,19.45,Premium Shoppers,18-12-2024
TI-CMP-14203,Email,Tier 2 City Customers,8.0,Instagram,,1358.0,578.0,278.0,190152.0,940.23,-0.27,Bengali,7.01,Tier 2 City Customers,14-10-2024
TI-CMP-20955,Influencer,Premium Shoppers,6.0,"Instagram, YouTube",89165.0,10777.0,6079.0,4185.0,3239190.0,66.32,10.67,Hindi,23.6,College Students,09-11-2024
TI-CMP-15711,Influencer,Youth,5.0,"WhatsApp, Google, Facebook",63569.0,3726.0,1264.0,496.0,278752.0,152.73,2.68,English,8.63,Working Women,28-12-2024
TI-CMP-31524,Paid Ads,Premium Shoppers,9.0,,44581.0,4171.0,1218.0,387.0,77787.0,675.41,-0.7,English,12.96,Premium Shoppers,28-03-2025
TI-CMP-20670,Email,Premium Shoppers,22.0,"Google, YouTube, Instagram",12315.0,327.0,174.0,125.0,70000.0,1116.14,-0.5,Tamil,5.08,Youth,
TI-CMP-45042,Email,Tier 2 City Customers,10.0,"Email, Instagram, YouTube",97386.0,5306.0,1733.0,737.0,222574.0,262.71,0.15,Bengali,7.98,Youth,11-03-2025
TI-CMP-53730,SEO,Youth,18.0,Instagram,89219.0,6445.0,3364.0,1450.0,363950.0,157.37,0.59,Hindi,12.62,,13-10-2024
TI-CMP-12562,Email,Working Women,5.0,"YouTube, Instagram",98796.0,11508.0,5346.0,1836.0,541620.0,150.0,0.97,English,18.92,Working Women,19-09-2024
TI-CMP-55398,Influencer,College Students,13.0,"Google, Facebook, YouTube",49972.0,3878.0,1156.0,651.0,352842.0,373.5,0.45,Hindi,11.38,Youth,19-12-2024
TI-CMP-38954,SEO,Premium Shoppers,15.0,"YouTube, Email",54128.0,4432.0,2628.0,888.0,662448.0,169.27,3.41,Hindi,14.68,Working Women,27-03-2025
TI-CMP-19486,Influencer,College Students,23.0,"Email, Facebook",52512.0,4179.0,1741.0,983.0,747080.0,165.5,3.59,English,13.15,Youth,31-01-2025
TI-CMP-41416,Influencer,Premium Shoppers,16.0,"Facebook, YouTube",74491.0,6568.0,1557.0,1010.0,407030.0,,0.36,Bengali,,Working Women,11-03-2025
TI-CMP-3476,SEO,Youth,8.0,"Google, Instagram",40144.0,2354.0,672.0,429.0,223509.0,341.36,0.53,English,8.61,Tier 2 City Customers,06-05-2025
TI-CMP-3777,Influencer,Working Women,17.0,WhatsApp,72731.0,7336.0,3451.0,,627228.0,65.14,2.5,English,18.61,Premium Shoppers,01-01-2025
TI-CMP-38166,SEO,Premium Shoppers,5.0,"Instagram, Email",15236.0,2131.0,1067.0,330.0,138600.0,292.58,0.44,Hindi,23.16,Working Women,04-02-2025
TI-CMP-7528,Influencer,College Students,13.0,"Instagram, WhatsApp, Facebook",13941.0,981.0,196.0,116.0,65424.0,1801.37,-0.69,Bengali,9.27,Tier 2 City Customers,14-03-2025
TI-CMP-18115,Influencer,Tier 2 City Customers,28.0,"Email, Google",43971.0,2850.0,1552.0,1000.0,486000.0,131.27,2.7,English,12.29,Youth,20-09-2024
TI-CMP-26578,Social Media,Premium Shoppers,8.0,Email,25119.0,588.0,242.0,142.0,,1610.96,-0.58,Bengali,3.87,Youth,07-04-2025
TI-CMP-43697,Paid Ads,Youth,12.0,"Email, YouTube",52455.0,5925.0,1923.0,1254.0,598158.0,,3.99,Bengali,17.35,Youth,26-08-2024
TI-CMP-30590,Social Media,Youth,24.0,"YouTube, WhatsApp, Facebook",64923.0,,1719.0,1270.0,908050.0,188.36,2.8,Hindi,13.98,Premium Shoppers,02-01-2025
TI-CMP-24878,SEO,College Students,30.0,"Facebook, Email",35478.0,2994.0,920.0,590.0,167560.0,506.35,,Bengali,12.7,College Students,14-07-2024
TI-CMP-1385,Influencer,Premium Shoppers,22.0,"WhatsApp, YouTube, Instagram",99833.0,7716.0,3658.0,1502.0,340954.0,146.89,0.55,Tamil,12.9,College Students,12-11-2024
TI-CMP-40021,Influencer,Working Women,26.0,"Instagram, Google, Email",88705.0,12682.0,7212.0,4447.0,2952808.0,35.75,17.57,Tamil,27.44,Youth,03-11-2024
TI-CMP-28046,Paid Ads,Tier 2 City Customers,27.0,Email,75222.0,6667.0,3866.0,1517.0,858622.0,153.98,2.68,Hindi,16.02,Premium Shoppers,03-01-2025
TI-CMP-37995,Email,Youth,29.0,"Google, Facebook, Instagram",84304.0,12166.0,4118.0,3283.0,2166780.0,20.25,31.59,Tamil,23.21,Tier 2 City Customers,10-01-2025
TI-CMP-48918,Social Media,Youth,21.0,"Google, Facebook",55421.0,,2461.0,1329.0,663171.0,162.36,2.07,Bengali,16.02,College Students,25-05-2025
TI-CMP-6476,Paid Ads,Tier 2 City Customers,5.0,Instagram,47300.0,2990.0,1166.0,638.0,348986.0,452.42,0.21,Tamil,10.14,Tier 2 City Customers,24-01-2025
TI-CMP-33197,Social Media,Premium Shoppers,19.0,"Facebook, Email",,5828.0,3299.0,1993.0,1405065.0,78.51,7.98,Hindi,15.88,College Students,
TI-CMP-9375,Social Media,,5.0,"Google, Instagram, YouTube",,3728.0,1617.0,635.0,154305.0,97.88,1.48,,10.45,Tier 2 City Customers,18-10-2024
TI-CMP-20573,,Premium Shoppers,14.0,"Email, YouTube",16295.0,789.0,373.0,255.0,119340.0,1051.01,-0.55,English,8.7,Tier 2 City Customers,16-07-2024
TI-CMP-28613,Paid Ads,Tier 2 City Customers,11.0,Facebook,14257.0,1796.0,957.0,519.0,253272.0,219.01,1.23,Bengali,22.95,College Students,28-07-2024
TI-CMP-34738,Email,Working Women,16.0,Email,91767.0,9918.0,2986.0,1072.0,779344.0,78.88,8.22,English,15.23,Youth,05-09-2024
TI-CMP-30977,Social Media,Premium Shoppers,8.0,"WhatsApp, Facebook",97850.0,13263.0,2921.0,2206.0,1147120.0,124.95,3.16,English,18.79,Youth,16-06-2025
TI-CMP-52140,Influencer,,11.0,"Email, Facebook",59072.0,3262.0,1833.0,1210.0,620730.0,242.93,1.11,Tamil,10.67,Working Women,30-12-2024
TI-CMP-12810,Social Media,Working Women,6.0,"WhatsApp, Email, Google",78306.0,3956.0,1414.0,597.0,129549.0,318.29,-0.32,English,7.62,Tier 2 City Customers,
TI-CMP-40929,Paid Ads,Premium Shoppers,30.0,"Instagram, Email, Google",11826.0,,574.0,283.0,77542.0,253.55,0.08,Tamil,20.75,Premium Shoppers,13-10-2024
TI-CMP-50000,Email,College Students,25.0,Email,17462.0,2046.0,662.0,220.0,,1191.7,-0.7,English,16.77,Working Women,09-11-2024
TI-CMP-49727,Email,College Students,13.0,"Email, Facebook, Instagram",16042.0,1843.0,859.0,336.0,126000.0,852.88,-0.56,Bengali,18.94,Youth,28-09-2024
TI-CMP-50059,SEO,Premium Shoppers,8.0,YouTube,22187.0,829.0,252.0,195.0,148980.0,958.95,-0.2,Bengali,5.75,Youth,01-07-2024
TI-CMP-6564,SEO,Tier 2 City Customers,16.0,"Instagram, YouTube, Email",43266.0,5489.0,2754.0,1746.0,769986.0,28.81,14.31,Bengali,23.09,Tier 2 City Customers,07-02-2025
TI-CMP-29579,Social Media,Youth,7.0,"Facebook, YouTube",13707.0,507.0,240.0,157.0,36895.0,841.46,-0.72,Hindi,6.6,Tier 2 City Customers,20-08-2024
TI-CMP-37624,Email,Working Women,25.0,"Email, WhatsApp",33411.0,3396.0,824.0,388.0,293716.0,425.97,0.78,Hindi,13.79,Tier 2 City Customers,09-05-2025
TI-CMP-55164,Paid Ads,Working Women,26.0,"Email, WhatsApp, Google",39124.0,5491.0,1283.0,387.0,246906.0,153.01,,Bengali,18.3,Working Women,24-09-2024
TI-CMP-39511,Influencer,Tier 2 City Customers,8.0,"Google, Email, Facebook",97303.0,8336.0,3250.0,1363.0,301223.0,170.37,0.3,Tamil,13.31,Tier 2 City Customers,19-10-2024
TI-CMP-31342,Paid Ads,Premium Shoppers,16.0,"YouTube, Google, Email",90886.0,10378.0,5562.0,4366.0,2082582.0,20.34,22.45,Bengali,22.34,Working Women,29-07-2024
TI-CMP-49097,Social Media,College Students,18.0,Facebook,64487.0,4881.0,1732.0,629.0,450993.0,114.15,5.28,Tamil,11.23,Working Women,13-01-2025
TI-CMP-43843,Influencer,College Students,25.0,"Google, Facebook, Instagram",75207.0,6196.0,3439.0,2553.0,615273.0,,8.75,Hindi,16.21,Tier 2 City Customers,23-10-2024
TI-CMP-46252,SEO,Tier 2 City Customers,16.0,"Instagram, Email",,1029.0,523.0,314.0,165478.0,233.42,1.26,Tamil,14.66,Youth,04-10-2024
TI-CMP-17213,Influencer,College Students,29.0,"Instagram, Email",79047.0,2135.0,546.0,409.0,315748.0,680.68,0.13,Bengali,3.91,Tier 2 City Customers,14-11-2024
TI-CMP-51409,Email,Youth,13.0,Email,45494.0,2290.0,1355.0,986.0,273122.0,145.43,,Tamil,10.18,College Students,06-06-2025
TI-CMP-55996,SEO,Premium Shoppers,24.0,"Facebook, Google",74526.0,2186.0,1292.0,473.0,162712.0,522.88,-0.34,Hindi,5.3,Working Women,01-12-2024
TI-CMP-22594,Influencer,Premium Shoppers,21.0,"YouTube, Google",47205.0,3387.0,1962.0,844.0,604304.0,234.1,2.06,Hindi,,College Students,08-05-2025
TI-CMP-42385,Influencer,Working Women,15.0,"Google, Email",,3313.0,1146.0,859.0,341882.0,277.01,0.44,English,10.99,College Students,30-10-2024
TI-CMP-9739,Influencer,College Students,18.0,YouTube,61408.0,1793.0,,424.0,221752.0,434.54,0.2,Hindi,5.12,College Students,16-11-2024
TI-CMP-43484,Influencer,Youth,22.0,"WhatsApp, Google, YouTube",83050.0,9353.0,,2166.0,493848.0,37.07,5.15,Tamil,18.49,Premium Shoppers,25-07-2024
TI-CMP-50036,SEO,College Students,,YouTube,57595.0,2328.0,864.0,367.0,226072.0,595.52,0.03,Bengali,6.18,Tier 2 City Customers,11-09-2024
TI-CMP-20771,Influencer,Premium Shoppers,18.0,"YouTube, WhatsApp, Facebook",84120.0,11366.0,5288.0,2120.0,917960.0,24.39,16.76,English,22.32,Youth,26-08-2024
TI-CMP-9893,Influencer,Premium Shoppers,26.0,"Instagram, Facebook",92658.0,3944.0,2059.0,634.0,259940.0,203.05,1.02,Bengali,7.16,Premium Shoppers,30-05-2025
TI-CMP-36138,Social Media,Tier 2 City Customers,26.0,"WhatsApp, YouTube, Google",29993.0,751.0,202.0,136.0,65280.0,1642.61,-0.71,Bengali,3.63,Premium Shoppers,14-08-2024
TI-CMP-39060,Email,Premium Shoppers,21.0,,37194.0,1413.0,750.0,311.0,217389.0,649.69,0.08,Bengali,,Tier 2 City Customers,03-11-2024
TI-CMP-53004,,Premium Shoppers,25.0,"WhatsApp, YouTube",65371.0,1699.0,380.0,168.0,118608.0,1694.75,-0.58,Bengali,3.44,College Students,20-07-2024
TI-CMP-39378,SEO,Premium Shoppers,7.0,"Google, WhatsApp, YouTube",66636.0,4858.0,2521.0,1729.0,693329.0,95.89,3.18,Hindi,13.67,Tier 2 City Customers,10-07-2024
TI-CMP-8478,Email,Working Women,7.0,WhatsApp,71965.0,6938.0,2560.0,1167.0,360603.0,188.89,0.64,Tamil,14.82,Premium Shoppers,11-02-2025
TI-CMP-5243,Paid Ads,,16.0,Facebook,29162.0,2831.0,615.0,311.0,154567.0,587.61,-0.15,Bengali,12.88,College Students,04-04-2025
TI-CMP-11279,Email,Premium Shoppers,11.0,Facebook,42972.0,5053.0,1167.0,459.0,341496.0,446.03,0.67,English,15.54,Working Women,26-09-2024
TI-CMP-6896,Email,Premium Shoppers,7.0,Email,18014.0,1033.0,266.0,136.0,50048.0,1955.9,-0.81,Bengali,7.97,College Students,24-11-2024
TI-CMP-29203,Paid Ads,Tier 2 City Customers,11.0,"Facebook, WhatsApp, Instagram",63607.0,9499.0,3474.0,1287.0,486486.0,146.69,1.58,Tamil,22.42,Tier 2 City Customers,25-05-2025
TI-CMP-40163,Influencer,Tier 2 City Customers,30.0,"Email, Facebook",17446.0,722.0,145.0,108.0,51624.0,2025.17,-0.76,Bengali,5.59,Premium Shoppers,14-03-2025
TI-CMP-10452,Email,Youth,30.0,Google,78138.0,1619.0,801.0,511.0,245280.0,121.61,2.95,Bengali,3.75,Tier 2 City Customers,15-12-2024
TI-CMP-25787,Influencer,Youth,10.0,"Email, WhatsApp",42667.0,1302.0,510.0,369.0,220293.0,728.96,-0.18,Tamil,5.11,Premium Shoppers,29-01-2025
TI-CMP-43884,Email,Premium Shoppers,22.0,"YouTube, Instagram, WhatsApp",25865.0,3313.0,1564.0,533.0,208936.0,556.8,-0.3,Bengali,20.92,Tier 2 City Customers,28-07-2024
,Paid Ads,Youth,22.0,"WhatsApp, Instagram, Google",73831.0,6460.0,3533.0,2772.0,906444.0,22.29,13.67,English,17.29,Youth,23-03-2025
TI-CMP-40061,Paid Ads,Working Women,,"Google, Email",27962.0,1042.0,525.0,299.0,130065.0,250.14,0.74,,6.67,Youth,18-02-2025
TI-CMP-11689,Paid Ads,Youth,29.0,YouTube,83680.0,11638.0,5374.0,1627.0,1127511.0,61.54,,Hindi,22.27,Youth,
TI-CMP-35376,SEO,Working Women,27.0,"YouTube, WhatsApp, Google",25335.0,3032.0,1459.0,454.0,317800.0,436.23,0.6,English,19.52,Working Women,21-11-2024
,SEO,Working Women,30.0,,34643.0,5089.0,1990.0,,254402.0,102.45,1.56,Hindi,23.24,College Students,
TI-CMP-56244,Influencer,Tier 2 City Customers,26.0,"YouTube, WhatsApp, Instagram",26292.0,3388.0,1883.0,1162.0,335818.0,213.17,0.36,English,24.47,Working Women,14-11-2024
TI-CMP-47682,Influencer,College Students,28.0,"Email, Google",69922.0,8163.0,4401.0,2740.0,1934440.0,106.19,5.65,,21.89,Tier 2 City Customers,06-10-2024
TI-CMP-47769,SEO,College Students,8.0,,48244.0,1678.0,831.0,343.0,128968.0,153.7,1.45,English,5.91,College Students,16-01-2025
TI-CMP-44324,Paid Ads,Premium Shoppers,9.0,"WhatsApp, Instagram, Email",97089.0,3236.0,1626.0,1093.0,619731.0,187.63,,Tamil,6.13,Working Women,16-06-2025
TI-CMP-43975,SEO,Tier 2 City Customers,,"WhatsApp, Email, Instagram",95755.0,6616.0,2696.0,1274.0,355446.0,193.99,0.44,Hindi,11.06,Working Women,11-09-2024
TI-CMP-5128,Influencer,Working Women,22.0,WhatsApp,40934.0,5255.0,2204.0,1409.0,376203.0,50.08,4.33,Tamil,21.66,Tier 2 City Customers,10-04-2025
TI-CMP-10806,Influencer,College Students,30.0,Facebook,44136.0,2444.0,551.0,343.0,205114.0,844.0,-0.29,English,7.56,Tier 2 City Customers,
TI-CMP-29813,Paid Ads,College Students,16.0,"YouTube, Google",12250.0,753.0,154.0,85.0,27795.0,3039.26,-0.89,Tamil,,College Students,13-01-2025
TI-CMP-43990,Paid Ads,Youth,12.0,"Email, WhatsApp, Instagram",87496.0,6764.0,3267.0,1680.0,643440.0,48.59,6.88,Bengali,13.38,Premium Shoppers,07-09-2024
TI-CMP-6712,Email,Youth,20.0,"WhatsApp, Facebook",10197.0,328.0,172.0,120.0,74040.0,2484.11,-0.75,English,6.08,Tier 2 City Customers,09-12-2024
TI-CMP-4914,Social Media,Premium Shoppers,21.0,Email,38360.0,1208.0,331.0,156.0,37440.0,1612.48,-0.85,Tamil,4.42,Working Women,10-04-2025
TI-CMP-31959,SEO,Tier 2 City Customers,6.0,"Google, Email, YouTube",24042.0,2256.0,1131.0,881.0,198225.0,294.9,-0.24,Hindi,17.75,Tier 2 City Customers,31-08-2024
TI-CMP-53822,Social Media,College Students,21.0,"Google, YouTube, Facebook",48235.0,7006.0,3390.0,2702.0,1550948.0,60.09,8.55,Tamil,27.15,Tier 2 City Customers,02-05-2025
TI-CMP-32671,SEO,,23.0,"Google, Instagram, Email",19213.0,1268.0,680.0,385.0,306845.0,766.55,0.04,Hindi,12.14,Premium Shoppers,13-11-2024
TI-CMP-36350,SEO,Working Women,27.0,"Email, Facebook",95864.0,8997.0,5292.0,3735.0,1176525.0,16.41,18.2,English,18.8,Premium Shoppers,14-05-2025
TI-CMP-7348,Social Media,Premium Shoppers,5.0,Facebook,,1086.0,373.0,143.0,107965.0,,-0.56,Tamil,4.66,Premium Shoppers,27-08-2024
TI-CMP-45268,Email,Working Women,28.0,Email,89704.0,4265.0,2494.0,1230.0,809340.0,48.16,12.66,Tamil,8.91,College Students,19-08-2024
TI-CMP-33104,Social Media,Tier 2 City Customers,27.0,"YouTube, Google",,5795.0,2110.0,1207.0,490042.0,88.53,3.59,Bengali,16.2,Premium Shoppers,11-07-2024
TI-CMP-23328,Email,College Students,20.0,"Facebook, Email, WhatsApp",99292.0,,2286.0,1502.0,938750.0,74.63,7.37,English,11.47,Youth,12-03-2025
TI-CMP-54154,Paid Ads,Youth,27.0,"WhatsApp, Email",71725.0,1794.0,1071.0,711.0,379674.0,,0.54,Tamil,4.99,Working Women,16-03-2025
TI-CMP-3463,Paid Ads,Working Women,22.0,Email,74164.0,6594.0,3440.0,2605.0,922170.0,37.68,8.39,Bengali,17.04,Youth,16-05-2025
TI-CMP-20482,Paid Ads,College Students,29.0,"Facebook, YouTube",99631.0,11536.0,6187.0,3594.0,1103358.0,82.74,2.71,English,21.4,Working Women,19-09-2024
TI-CMP-10314,,Premium Shoppers,18.0,"Email, Instagram, Google",36943.0,5503.0,1236.0,666.0,399600.0,107.27,4.59,Tamil,,College Students,06-11-2024
TI-CMP-50095,SEO,Tier 2 City Customers,24.0,"WhatsApp, Google",34090.0,3356.0,827.0,305.0,92110.0,775.01,-0.61,Hindi,13.17,College Students,25-02-2025
TI-CMP-28576,Influencer,Tier 2 City Customers,29.0,"YouTube, Instagram",80390.0,7227.0,,2651.0,1426238.0,50.75,,Hindi,16.92,College Students,14-11-2024
TI-CMP-38046,Influencer,,7.0,"WhatsApp, YouTube, Google",10450.0,926.0,261.0,138.0,36018.0,1260.18,-0.79,Hindi,12.68,Youth,22-06-2025
TI-CMP-37699,Paid Ads,Tier 2 City Customers,18.0,"Google, YouTube, WhatsApp",51077.0,,1703.0,670.0,159460.0,198.14,0.2,Hindi,19.13,Youth,26-10-2024
TI-CMP-1004,Paid Ads,Premium Shoppers,15.0,"Facebook, Email, WhatsApp",61441.0,7277.0,3615.0,2602.0,1477936.0,82.07,,Tamil,21.96,College Students,19-12-2024
TI-CMP-48302,Paid Ads,Premium Shoppers,,"Facebook, WhatsApp",82631.0,12239.0,7318.0,5109.0,1093326.0,,12.1,Hindi,29.85,Tier 2 City Customers,04-11-2024
TI-CMP-27670,Email,Tier 2 City Customers,21.0,WhatsApp,82899.0,7413.0,1549.0,970.0,776000.0,116.72,5.85,English,11.98,Youth,11-05-2025
TI-CMP-39925,Email,Working Women,25.0,"Instagram, Email",14159.0,1223.0,717.0,366.0,234972.0,318.78,1.01,Bengali,16.29,,19-01-2025
TI-CMP-4751,Influencer,Premium Shoppers,23.0,Google,35390.0,3873.0,1673.0,1300.0,863200.0,152.7,3.35,Hindi,19.34,College Students,19-04-2025
TI-CMP-28271,Paid Ads,Youth,15.0,"WhatsApp, Email",41070.0,5057.0,1693.0,1222.0,481468.0,155.45,,Bengali,19.41,Premium Shoppers,29-03-2025
TI-CMP-15478,SEO,Premium Shoppers,26.0,"Facebook, WhatsApp",70649.0,6589.0,2523.0,1844.0,1032640.0,84.06,5.66,English,15.51,College Students,30-10-2024
TI-CMP-21146,Influencer,College Students,21.0,Google,25901.0,3550.0,1224.0,529.0,155526.0,371.97,-0.21,Bengali,20.47,Youth,18-01-2025
,Social Media,Working Women,14.0,"YouTube, Email",81233.0,11214.0,3571.0,2253.0,687165.0,47.44,5.43,Hindi,20.97,College Students,27-05-2025
TI-CMP-53467,Social Media,Tier 2 City Customers,11.0,"WhatsApp, Facebook, Email",94325.0,12654.0,6507.0,2711.0,1032891.0,106.47,2.58,Tamil,23.19,Tier 2 City Customers,14-02-2025
,Email,Youth,15.0,Facebook,19438.0,1835.0,602.0,235.0,77080.0,1085.37,-0.7,English,13.75,Youth,20-02-2025
TI-CMP-38003,Email,Tier 2 City Customers,5.0,YouTube,91047.0,7035.0,3256.0,1769.0,1363899.0,157.27,3.9,Bengali,,Working Women,12-12-2024
TI-CMP-54872,Paid Ads,Tier 2 City Customers,10.0,YouTube,27531.0,2573.0,1039.0,427.0,145180.0,462.72,-0.27,Bengali,14.67,Tier 2 City Customers,14-12-2024
TI-CMP-44944,Email,Youth,18.0,,97627.0,7284.0,2277.0,1509.0,499479.0,139.18,1.38,Hindi,11.34,Premium Shoppers,08-12-2024
TI-CMP-42738,SEO,College Students,15.0,"Email, Facebook, Instagram",25423.0,2693.0,1376.0,1029.0,566979.0,121.16,3.55,English,20.05,Premium Shoppers,24-11-2024
TI-CMP-18004,Social Media,Tier 2 City Customers,19.0,"Facebook, Email, Google",93225.0,5119.0,2187.0,1566.0,1091502.0,146.96,3.74,Hindi,9.52,College Students,14-07-2024
TI-CMP-30830,Paid Ads,Working Women,23.0,"Email, Instagram",,2536.0,868.0,354.0,276120.0,616.78,0.26,,7.35,Working Women,04-06-2025
TI-CMP-34316,Email,Premium Shoppers,6.0,,67407.0,2923.0,920.0,543.0,129234.0,180.48,0.32,Bengali,6.51,Youth,24-09-2024
TI-CMP-40528,Email,Premium Shoppers,12.0,Google,59846.0,2579.0,1530.0,860.0,508260.0,117.6,4.03,Hindi,8.3,College Students,25-02-2025
TI-CMP-55710,Social Media,Youth,29.0,"YouTube, Instagram",65717.0,5367.0,2255.0,1437.0,1027455.0,173.08,3.13,English,13.78,Tier 2 City Customers,28-09-2024
TI-CMP-48810,SEO,Premium Shoppers,17.0,"Facebook, Instagram, Email",83478.0,5647.0,2097.0,717.0,318348.0,80.14,4.54,Bengali,10.14,College Students,10-04-2025
TI-CMP-18161,SEO,Working Women,12.0,"WhatsApp, YouTube",82925.0,10939.0,3187.0,2161.0,1663970.0,77.5,8.94,Hindi,19.64,Working Women,21-11-2024
TI-CMP-50777,Email,College Students,10.0,"Instagram, Facebook, Google",58154.0,7786.0,2061.0,,794572.0,90.25,5.01,Bengali,19.45,Youth,31-01-2025
,SEO,Working Women,28.0,"Email, Facebook, Instagram",39512.0,3609.0,1888.0,864.0,654048.0,212.48,2.56,English,16.1,Tier 2 City Customers,10-12-2024
TI-CMP-20246,Influencer,Premium Shoppers,8.0,Facebook,64718.0,8073.0,1687.0,1114.0,411066.0,126.97,1.91,Hindi,16.8,Youth,20-10-2024
TI-CMP-41377,Social Media,Youth,28.0,Email,22546.0,3138.0,1114.0,388.0,301476.0,758.57,0.02,Hindi,20.58,Tier 2 City Customers,22-03-2025
TI-CMP-55565,Email,,8.0,"Google, WhatsApp, Email",,1452.0,538.0,167.0,108216.0,1528.46,-0.58,English,12.85,Premium Shoppers,08-09-2024
TI-CMP-20474,SEO,College Students,14.0,"Facebook, YouTube, WhatsApp",15162.0,1355.0,658.0,360.0,208440.0,533.54,0.09,Bengali,15.65,Youth,21-12-2024
TI-CMP-10506,Email,College Students,16.0,"YouTube, Facebook, Google",17672.0,827.0,481.0,367.0,238550.0,573.65,0.13,Tamil,9.48,College Students,21-05-2025
TI-CMP-47272,Paid Ads,Youth,14.0,"Email, WhatsApp, Instagram",41685.0,3478.0,1688.0,1008.0,398160.0,132.23,1.99,Tamil,14.81,Premium Shoppers,01-01-2025
TI-CMP-23577,Paid Ads,College Students,,Google,87297.0,7406.0,3841.0,2203.0,865779.0,49.06,7.01,English,15.41,,05-02-2025
TI-CMP-6763,Paid Ads,Working Women,6.0,,86975.0,10131.0,2092.0,1446.0,510438.0,119.17,1.96,Tamil,15.72,College Students,13-12-2024
TI-CMP-28884,,Tier 2 City Customers,17.0,"Email, YouTube",17242.0,403.0,164.0,75.0,26400.0,2298.85,-0.85,Tamil,3.72,College Students,11-10-2024
TI-CMP-42870,Email,Youth,26.0,YouTube,32559.0,781.0,440.0,243.0,135594.0,406.88,0.37,Hindi,4.5,Tier 2 City Customers,27-01-2025
TI-CMP-44218,Social Media,Premium Shoppers,19.0,"WhatsApp, Google",71678.0,4292.0,2054.0,680.0,304640.0,77.1,4.81,Tamil,9.8,Youth,03-08-2024
TI-CMP-51994,Social Media,Premium Shoppers,9.0,"Google, Facebook, Email",48744.0,6527.0,3070.0,1648.0,700400.0,60.28,6.05,Tamil,23.07,Youth,20-02-2025
TI-CMP-40158,Paid Ads,Youth,25.0,Email,19083.0,1428.0,567.0,177.0,71862.0,916.3,,English,11.38,Tier 2 City Customers,14-01-2025
TI-CMP-49806,Paid Ads,Working Women,6.0,"Email, WhatsApp",21325.0,,781.0,467.0,99471.0,190.98,0.12,Bengali,17.19,Working Women,09-06-2025
TI-CMP-11434,SEO,Tier 2 City Customers,19.0,"YouTube, Instagram",46253.0,2538.0,687.0,,155241.0,443.35,-0.17,,7.89,Working Women,14-03-2025
TI-CMP-15064,Social Media,Premium Shoppers,30.0,Instagram,49169.0,6333.0,2081.0,665.0,230090.0,267.34,0.29,English,18.46,Tier 2 City Customers,04-12-2024
TI-CMP-37511,Influencer,Tier 2 City Customers,15.0,Email,,,423.0,169.0,84331.0,874.38,-0.43,Tamil,2.98,Premium Shoppers,02-05-2025
TI-CMP-38501,Influencer,,8.0,"YouTube, Facebook, Instagram",74358.0,3406.0,1808.0,1073.0,371258.0,85.67,3.04,Bengali,8.46,Working Women,01-06-2025
,Paid Ads,Premium Shoppers,20.0,Email,14041.0,1191.0,,169.0,94471.0,883.62,-0.37,English,12.99,,12-09-2024
TI-CMP-52615,SEO,Working Women,21.0,"YouTube, WhatsApp, Google",47789.0,5169.0,2698.0,1646.0,544826.0,66.82,3.95,Tamil,19.91,College Students,15-05-2025
TI-CMP-11675,Email,Tier 2 City Customers,6.0,"Email, WhatsApp",50070.0,5614.0,2789.0,1606.0,759638.0,66.67,6.09,Bengali,19.99,Working Women,19-03-2025
TI-CMP-23613,SEO,Youth,12.0,YouTube,87265.0,9658.0,,1676.0,631852.0,146.64,,Tamil,17.01,Premium Shoppers,21-05-2025
TI-CMP-16443,Email,College Students,25.0,"Google, WhatsApp",18932.0,1447.0,758.0,565.0,362165.0,214.22,1.99,Bengali,14.63,Youth,18-10-2024
TI-CMP-43306,SEO,Working Women,23.0,Google,11105.0,629.0,234.0,153.0,113526.0,1018.78,-0.27,English,9.15,Tier 2 City Customers,24-08-2024
TI-CMP-53755,SEO,,26.0,"Email, Google, Instagram",33444.0,973.0,472.0,143.0,97955.0,1543.34,-0.56,Tamil,4.75,,09-07-2024
,,Youth,29.0,"Email, Google",45515.0,3746.0,1160.0,499.0,132734.0,440.1,-0.4,English,11.88,Youth,04-10-2024
TI-CMP-19303,Email,Working Women,11.0,"YouTube, Instagram",54790.0,7827.0,3241.0,2057.0,1441957.0,89.17,,Tamil,23.96,Premium Shoppers,06-05-2025
TI-CMP-51771,Social Media,Working Women,30.0,"Instagram, Facebook, Email",60706.0,5379.0,2518.0,1901.0,1125392.0,115.67,4.12,Hindi,16.14,Working Women,28-09-2024
TI-CMP-35616,SEO,Tier 2 City Customers,25.0,"WhatsApp, Instagram",56546.0,7743.0,3218.0,989.0,547906.0,249.54,1.22,English,21.13,Tier 2 City Customers,14-02-2025
TI-CMP-19633,Social Media,College Students,8.0,"YouTube, Facebook",,3645.0,2043.0,896.0,429184.0,175.89,1.72,Tamil,7.46,Working Women,11-02-2025
TI-CMP-35935,Paid Ads,Working Women,6.0,"Email, WhatsApp",51855.0,7705.0,4024.0,1207.0,630054.0,51.84,9.07,English,24.95,Working Women,18-09-2024
TI-CMP-54507,SEO,Tier 2 City Customers,28.0,"Google, Instagram, Facebook",50776.0,1847.0,627.0,388.0,197104.0,342.23,0.48,Hindi,5.64,,14-08-2024
TI-CMP-24656,Email,Premium Shoppers,13.0,"Google, WhatsApp",71977.0,8276.0,4703.0,1658.0,835632.0,47.17,9.68,English,20.34,,28-01-2025
TI-CMP-55363,SEO,Working Women,10.0,"YouTube, Email",99739.0,6875.0,1639.0,570.0,243390.0,482.07,-0.11,Tamil,9.11,Youth,21-04-2025
TI-CMP-4120,Social Media,Working Women,28.0,Email,18595.0,1221.0,632.0,206.0,139050.0,800.46,-0.16,Tamil,11.07,College Students,07-07-2024
TI-CMP-40150,Influencer,Working Women,11.0,"Instagram, Facebook, WhatsApp",72144.0,5046.0,2087.0,712.0,479888.0,,2.08,English,10.87,Youth,23-11-2024
TI-CMP-7434,Paid Ads,Working Women,11.0,"Instagram, Email",13563.0,338.0,186.0,113.0,45426.0,2336.95,-0.83,Hindi,4.7,College Students,10-06-2025
TI-CMP-33931,Influencer,College Students,10.0,,87380.0,5455.0,1629.0,1016.0,421640.0,218.7,0.9,Bengali,9.27,College Students,23-09-2024
TI-CMP-12212,Influencer,Youth,30.0,Instagram,64107.0,3403.0,1689.0,1244.0,872044.0,195.35,2.59,Hindi,,Premium Shoppers,31-12-2024
TI-CMP-45969,Paid Ads,,28.0,"Email, WhatsApp, Facebook",14785.0,2026.0,719.0,292.0,185420.0,272.46,1.33,Tamil,20.54,Tier 2 City Customers,
TI-CMP-42353,Social Media,College Students,9.0,"Facebook, Instagram",93360.0,5543.0,1961.0,607.0,168139.0,230.67,0.2,Bengali,8.69,Youth,16-03-2025
TI-CMP-42181,Paid Ads,Tier 2 City Customers,24.0,"Google, Email",71896.0,9238.0,1941.0,800.0,541600.0,210.29,2.22,English,16.66,College Students,30-07-2024
TI-CMP-29131,Influencer,College Students,17.0,Google,35535.0,4712.0,2367.0,1560.0,798720.0,114.33,3.48,Hindi,24.31,Youth,14-01-2025
TI-CMP-9035,Paid Ads,Youth,9.0,WhatsApp,89995.0,5892.0,3280.0,2330.0,,35.85,20.95,Tamil,12.78,Working Women,18-11-2024
TI-CMP-53153,Influencer,Working Women,5.0,"Instagram, YouTube",35819.0,5136.0,2242.0,1120.0,338240.0,132.63,1.28,English,23.72,Premium Shoppers,09-05-2025
TI-CMP-53141,Email,Youth,18.0,"YouTube, Email, Instagram",69828.0,4565.0,1421.0,877.0,198202.0,,1.3,Hindi,9.83,Tier 2 City Customers,24-09-2024
TI-CMP-7752,Paid Ads,Working Women,6.0,WhatsApp,53037.0,4087.0,1763.0,953.0,502231.0,124.86,3.22,Bengali,12.83,Youth,19-09-2024
TI-CMP-20537,Influencer,Tier 2 City Customers,26.0,"YouTube, Email, WhatsApp",52988.0,4113.0,1978.0,989.0,640872.0,71.63,8.05,Hindi,13.36,Youth,02-05-2025
,Influencer,Premium Shoppers,24.0,Email,29278.0,3746.0,1286.0,791.0,236509.0,357.42,-0.16,Tamil,19.89,Premium Shoppers,23-03-2025
TI-CMP-54746,Email,College Students,15.0,"YouTube, Email, Facebook",15613.0,1264.0,433.0,137.0,71240.0,1137.26,-0.54,Bengali,11.75,Tier 2 City Customers,09-05-2025
TI-CMP-5229,,Youth,12.0,Instagram,96272.0,11327.0,5714.0,2598.0,1527624.0,49.03,10.99,Bengali,20.4,College Students,
TI-CMP-54015,SEO,Working Women,7.0,"YouTube, Facebook",74062.0,7897.0,2308.0,1640.0,924960.0,180.99,2.12,Bengali,15.99,Youth,23-11-2024
TI-CMP-7917,,College Students,17.0,"Google, YouTube, Email",,3670.0,1501.0,899.0,341620.0,195.52,0.94,Bengali,11.89,Tier 2 City Customers,25-08-2024
TI-CMP-33212,SEO,Youth,10.0,"WhatsApp, YouTube, Email",68417.0,7756.0,3630.0,2360.0,1604800.0,84.82,7.02,English,20.09,Youth,16-08-2024
TI-CMP-47138,SEO,Tier 2 City Customers,28.0,,98790.0,11476.0,,1873.0,717359.0,102.94,,Tamil,17.64,Youth,01-07-2024
TI-CMP-52373,Social Media,Tier 2 City Customers,23.0,"YouTube, Instagram",45830.0,6330.0,1329.0,871.0,208169.0,334.0,-0.28,Hindi,18.61,Tier 2 City Customers,30-09-2024
TI-CMP-55382,Influencer,Youth,19.0,Facebook,41760.0,2105.0,432.0,,139992.0,419.09,0.47,English,6.62,College Students,19-07-2024
TI-CMP-16119,SEO,Tier 2 City Customers,23.0,Google,90021.0,5967.0,1204.0,,190452.0,140.12,0.68,Tamil,,Working Women,13-03-2025
TI-CMP-16269,Social Media,Premium Shoppers,18.0,"Google, Instagram",12750.0,1121.0,585.0,398.0,97908.0,,-0.4,English,16.5,Premium Shoppers,15-09-2024
TI-CMP-17754,Email,College Students,21.0,Facebook,60736.0,6888.0,2894.0,1152.0,247680.0,213.41,0.01,Bengali,18.0,College Students,09-12-2024
TI-CMP-45026,Social Media,Youth,16.0,"YouTube, Google",86807.0,5295.0,2803.0,969.0,,243.84,,Hindi,10.45,Tier 2 City Customers,07-06-2025
TI-CMP-2174,Email,Premium Shoppers,9.0,Email,57457.0,,1272.0,567.0,115668.0,427.7,-0.52,Tamil,7.46,Working Women,01-03-2025
TI-CMP-26303,Influencer,Youth,5.0,"YouTube, WhatsApp, Instagram",67123.0,4643.0,1902.0,737.0,431882.0,106.5,4.5,Bengali,10.85,College Students,04-01-2025
TI-CMP-32387,Influencer,Premium Shoppers,8.0,Facebook,98884.0,,5056.0,2515.0,1808285.0,46.04,14.62,English,19.22,,20-02-2025
TI-CMP-21870,Email,Tier 2 City Customers,23.0,"Google, YouTube, WhatsApp",81363.0,8507.0,2036.0,1119.0,391650.0,84.16,3.16,Tamil,14.33,Youth,03-11-2024
TI-CMP-35066,Paid Ads,Tier 2 City Customers,8.0,"Facebook, Google",60973.0,,4340.0,2190.0,,135.71,3.03,Tamil,23.84,,22-08-2024
TI-CMP-32211,Email,Working Women,7.0,"Google, Email, Instagram",33927.0,3731.0,1064.0,833.0,498967.0,348.88,0.72,Hindi,16.59,Working Women,07-02-2025
TI-CMP-35356,Influencer,Premium Shoppers,11.0,"Instagram, YouTube, Facebook",16166.0,1189.0,,320.0,121280.0,783.91,-0.52,Tamil,12.64,Working Women,17-11-2024
TI-CMP-33754,Influencer,Tier 2 City Customers,23.0,"Google, Email, Instagram",35309.0,3062.0,1660.0,1079.0,430521.0,272.08,0.47,English,16.43,Working Women,03-10-2024
,Paid Ads,College Students,17.0,,68005.0,8958.0,2598.0,1022.0,343392.0,92.37,2.64,Tamil,18.5,Working Women,15-02-2025
TI-CMP-53873,Social Media,College Students,24.0,"Facebook, Email, Instagram",18955.0,1955.0,836.0,494.0,300846.0,583.69,,Hindi,17.33,Working Women,21-05-2025
TI-CMP-47424,SEO,Premium Shoppers,17.0,"Google, YouTube, Instagram",22520.0,2554.0,851.0,478.0,103248.0,535.76,-0.6,Bengali,17.24,College Students,19-03-2025
TI-CMP-25201,Paid Ads,Working Women,10.0,WhatsApp,24954.0,916.0,531.0,180.0,133560.0,398.86,0.86,Tamil,6.52,Tier 2 City Customers,05-05-2025
TI-CMP-25352,Email,Premium Shoppers,5.0,"Facebook, Instagram, Google",47113.0,2751.0,649.0,389.0,138095.0,627.9,-0.43,Hindi,8.04,Premium Shoppers,06-09-2024
TI-CMP-25645,Paid Ads,Premium Shoppers,7.0,"Email, WhatsApp",22197.0,1282.0,551.0,424.0,291288.0,186.25,2.69,English,10.17,College Students,30-04-2025
TI-CMP-35434,SEO,Working Women,15.0,Facebook,61337.0,8362.0,1844.0,1029.0,587559.0,146.19,2.91,Tamil,18.32,College Students,29-10-2024
TI-CMP-20876,Social Media,Premium Shoppers,26.0,Google,61714.0,,1739.0,1364.0,413292.0,36.79,,Bengali,18.36,College Students,27-10-2024
TI-CMP-47903,Email,College Students,8.0,"WhatsApp, Email",37508.0,3495.0,2035.0,934.0,,277.3,1.87,Bengali,17.23,Working Women,03-03-2025
TI-CMP-31350,SEO,College Students,22.0,"Google, Email, YouTube",58117.0,4822.0,2635.0,1097.0,233661.0,160.76,0.32,Hindi,14.72,Working Women,07-05-2025
TI-CMP-8289,Email,Working Women,13.0,"Facebook, Google",,3170.0,1489.0,668.0,425516.0,173.81,2.66,English,,Premium Shoppers,22-07-2024
TI-CMP-26722,Email,Premium Shoppers,21.0,"Email, Google, Facebook",29932.0,1724.0,840.0,475.0,205675.0,374.95,0.15,Hindi,10.15,Tier 2 City Customers,05-10-2024
TI-CMP-56060,Email,Youth,13.0,"Facebook, Email",33391.0,2687.0,903.0,495.0,376695.0,277.43,1.74,Tamil,12.23,College Students,29-11-2024
TI-CMP-37294,Email,College Students,11.0,"Email, YouTube, Facebook",29425.0,3591.0,733.0,350.0,108850.0,622.68,-0.5,English,15.88,Tier 2 City Customers,20-07-2024
TI-CMP-41326,Social Media,College Students,11.0,"Google, Instagram",10577.0,1247.0,693.0,501.0,267033.0,109.86,3.85,Tamil,23.08,College Students,10-04-2025
TI-CMP-18624,SEO,Working Women,28.0,"WhatsApp, Instagram, YouTube",74674.0,8914.0,2788.0,1391.0,961181.0,142.92,3.83,Tamil,17.53,Working Women,22-08-2024
TI-CMP-12296,Paid Ads,Tier 2 City Customers,14.0,"Email, Facebook, WhatsApp",86954.0,5696.0,2391.0,1575.0,1220625.0,183.62,3.22,Tamil,11.11,Tier 2 City Customers,11-01-2025
TI-CMP-17344,Email,Youth,27.0,"Email, Google",83531.0,7418.0,1832.0,1067.0,285956.0,85.67,2.13,Bengali,12.35,Tier 2 City Customers,30-05-2025
TI-CMP-15673,Influencer,Working Women,22.0,Instagram,26250.0,3108.0,1376.0,773.0,242722.0,100.35,2.13,Tamil,20.03,Working Women,26-01-2025
TI-CMP-20353,Email,Youth,12.0,"YouTube, Email",60244.0,6504.0,3133.0,2446.0,1391774.0,93.14,5.11,Hindi,20.06,Tier 2 City Customers,03-09-2024
TI-CMP-46930,SEO,Youth,24.0,Facebook,61974.0,8300.0,1824.0,577.0,395245.0,458.19,0.5,Tamil,17.27,Premium Shoppers,25-09-2024
TI-CMP-19107,Influencer,Working Women,30.0,"YouTube, Email",73851.0,2423.0,1447.0,948.0,255012.0,198.11,0.36,English,6.52,College Students,20-03-2025
TI-CMP-44047,Paid Ads,College Students,17.0,"YouTube, Google",59003.0,5464.0,2108.0,1074.0,773280.0,,5.55,Hindi,14.65,Premium Shoppers,04-08-2024
TI-CMP-14963,Influencer,,29.0,"Instagram, WhatsApp",59261.0,1429.0,602.0,401.0,210926.0,533.66,-0.01,Bengali,4.1,College Students,16-09-2024
TI-CMP-48017,Paid Ads,Premium Shoppers,26.0,"Facebook, YouTube",17293.0,769.0,217.0,146.0,111398.0,,-0.08,,6.55,Tier 2 City Customers,07-07-2024
TI-CMP-41086,Paid Ads,Working Women,17.0,"Instagram, WhatsApp, Email",99297.0,7260.0,2145.0,1380.0,778320.0,127.79,3.41,Bengali,10.86,Premium Shoppers,27-02-2025
TI-CMP-1182,SEO,Tier 2 City Customers,9.0,Facebook,39378.0,5000.0,1194.0,579.0,162699.0,326.99,-0.14,English,,,04-08-2024
TI-CMP-51261,Influencer,Premium Shoppers,10.0,Instagram,88043.0,9484.0,5083.0,2690.0,2055160.0,,12.03,,19.6,Tier 2 City Customers,14-12-2024
TI-CMP-3097,Paid Ads,Working Women,18.0,Google,54030.0,4177.0,1679.0,1206.0,,233.25,0.81,English,13.07,Tier 2 City Customers,
TI-CMP-39971,Influencer,Youth,24.0,"YouTube, Facebook",12666.0,1570.0,809.0,524.0,276672.0,424.08,0.25,English,22.92,Youth,29-04-2025
TI-CMP-16297,SEO,Working Women,15.0,"YouTube, Facebook",37748.0,2389.0,1300.0,1032.0,209496.0,269.96,-0.25,Tamil,12.51,Premium Shoppers,04-10-2024
TI-CMP-21867,Email,Youth,8.0,"Facebook, WhatsApp",95344.0,4821.0,1579.0,1233.0,966672.0,172.7,3.54,English,8.01,Youth,22-03-2025
TI-CMP-41704,Influencer,Premium Shoppers,25.0,WhatsApp,60088.0,3606.0,1574.0,1194.0,742668.0,,1.81,English,10.61,Working Women,07-11-2024
TI-CMP-39042,Paid Ads,Premium Shoppers,10.0,"Google, WhatsApp",62624.0,2287.0,662.0,498.0,342624.0,260.93,1.64,Tamil,,Tier 2 City Customers,17-05-2025
TI-CMP-43109,Email,Tier 2 City Customers,24.0,,96275.0,14144.0,5010.0,3031.0,875959.0,76.68,2.77,Tamil,23.04,Youth,07-09-2024
TI-CMP-23091,Influencer,Premium Shoppers,21.0,"Instagram, Google, WhatsApp",83218.0,8406.0,3933.0,2123.0,545611.0,34.1,6.54,Hindi,17.38,Premium Shoppers,
TI-CMP-22023,Email,Premium Shoppers,8.0,"Email, Instagram",67122.0,,3070.0,1327.0,930227.0,182.59,2.84,Bengali,20.51,Youth,03-03-2025
TI-CMP-1508,SEO,Premium Shoppers,10.0,Email,26345.0,2441.0,1345.0,503.0,134301.0,526.48,-0.49,Bengali,16.28,Youth,08-11-2024
TI-CMP-50160,Social Media,Youth,17.0,YouTube,96311.0,,1672.0,981.0,345312.0,221.92,0.59,English,,College Students,04-10-2024
TI-CMP-41999,Paid Ads,Premium Shoppers,11.0,"YouTube, WhatsApp, Email",90675.0,13259.0,5514.0,4275.0,2064825.0,60.14,7.03,Tamil,25.42,Youth,19-08-2024
TI-CMP-33053,Social Media,Tier 2 City Customers,25.0,"WhatsApp, YouTube, Email",89662.0,7573.0,1625.0,499.0,150199.0,221.86,0.36,Bengali,10.82,Tier 2 City Customers,27-07-2024
TI-CMP-8284,SEO,Working Women,20.0,"WhatsApp, Facebook",14692.0,1694.0,625.0,484.0,325248.0,473.66,0.42,Tamil,19.08,Premium Shoppers,01-10-2024
TI-CMP-6854,Social Media,Premium Shoppers,12.0,"Facebook, WhatsApp",69041.0,7334.0,4324.0,1644.0,805560.0,54.62,7.97,Hindi,19.27,Premium Shoppers,04-07-2024
,Email,College Students,10.0,"Instagram, Email",72305.0,2035.0,612.0,198.0,67122.0,939.1,-0.64,Hindi,3.93,Tier 2 City Customers,19-11-2024
TI-CMP-36072,Social Media,,29.0,"YouTube, Facebook, WhatsApp",75611.0,10896.0,2470.0,1390.0,632450.0,120.07,2.79,Hindi,19.52,Tier 2 City Customers,13-09-2024
TI-CMP-52602,Paid Ads,Tier 2 City Customers,9.0,"Google, Facebook, Instagram",17675.0,1958.0,1011.0,350.0,278600.0,691.83,0.15,English,18.78,Working Women,16-10-2024
TI-CMP-35580,Paid Ads,Tier 2 City Customers,17.0,"Google, YouTube, Email",74165.0,7046.0,3994.0,1615.0,1062670.0,77.05,7.54,Tamil,17.06,College Students,20-03-2025
TI-CMP-39351,Influencer,Tier 2 City Customers,26.0,"Google, Instagram",88359.0,12369.0,4914.0,2084.0,1371272.0,129.83,4.07,Tamil,21.92,Premium Shoppers,02-02-2025
TI-CMP-30013,SEO,College Students,22.0,"Instagram, Google",23416.0,2603.0,1534.0,618.0,,429.78,-0.52,Bengali,20.31,Premium Shoppers,15-07-2024
TI-CMP-16331,Influencer,Youth,10.0,"Instagram, Google, YouTube",81054.0,9174.0,4189.0,2445.0,1246950.0,104.46,3.88,English,19.5,College Students,17-09-2024
TI-CMP-18894,Email,College Students,14.0,Facebook,71017.0,5570.0,2323.0,1663.0,1233946.0,104.93,,Bengali,13.46,College Students,24-03-2025
TI-CMP-23381,Paid Ads,College Students,30.0,"YouTube, WhatsApp",,6238.0,1384.0,703.0,293151.0,246.17,0.69,English,19.17,Youth,05-01-2025
TI-CMP-52864,Social Media,Tier 2 City Customers,29.0,Google,33683.0,2573.0,601.0,200.0,61800.0,630.05,-0.51,Tamil,10.02,Tier 2 City Customers,13-09-2024
TI-CMP-32291,Paid Ads,College Students,29.0,WhatsApp,,3469.0,,737.0,342705.0,273.43,0.7,Hindi,13.34,,30-07-2024
TI-CMP-40457,Influencer,Working Women,14.0,"Email, Instagram, WhatsApp",14272.0,1669.0,905.0,716.0,394516.0,168.6,,Tamil,23.05,Youth,22-04-2025
TI-CMP-43872,Email,College Students,17.0,"Email, Instagram",27446.0,2609.0,913.0,355.0,88395.0,492.79,-0.49,,14.13,Tier 2 City Customers,01-04-2025
TI-CMP-16714,Social Media,Working Women,21.0,"WhatsApp, Email",77662.0,9692.0,3063.0,2446.0,963724.0,42.65,8.24,Hindi,19.57,,01-12-2024
TI-CMP-27495,Social Media,Youth,23.0,"Email, YouTube, Instagram",91201.0,5042.0,1961.0,1243.0,605341.0,129.88,2.75,Bengali,9.04,Working Women,22-03-2025
TI-CMP-10093,Influencer,Youth,6.0,"YouTube, Google",36047.0,1442.0,761.0,529.0,220064.0,158.86,1.62,Tamil,7.58,Premium Shoppers,07-02-2025
TI-CMP-7976,Paid Ads,College Students,9.0,"YouTube, Email",59405.0,3130.0,1510.0,1091.0,326209.0,138.18,1.16,English,9.65,Working Women,
TI-CMP-48583,Email,Tier 2 City Customers,10.0,Facebook,78030.0,8545.0,3857.0,2439.0,1539009.0,91.57,,Hindi,19.02,Youth,
TI-CMP-47224,Influencer,,28.0,"WhatsApp, YouTube, Google",70104.0,7255.0,2778.0,1247.0,727001.0,124.2,3.69,Bengali,16.09,Premium Shoppers,19-12-2024
TI-CMP-37946,Influencer,Tier 2 City Customers,12.0,Email,82382.0,5754.0,1521.0,471.0,260463.0,437.46,0.26,English,9.4,Working Women,22-02-2025
TI-CMP-25999,Paid Ads,Working Women,26.0,"Google, Facebook, YouTube",11683.0,550.0,328.0,126.0,37674.0,982.42,-0.7,Bengali,8.59,Premium Shoppers,01-03-2025
TI-CMP-6803,Influencer,Tier 2 City Customers,22.0,"Instagram, Google, YouTube",21495.0,2547.0,,273.0,146874.0,723.29,-0.26,Bengali,15.62,Working Women,27-08-2024
TI-CMP-26109,Influencer,Tier 2 City Customers,8.0,"WhatsApp, Facebook, Google",29279.0,1295.0,571.0,355.0,161170.0,364.92,0.24,Tamil,7.59,Tier 2 City Customers,02-03-2025
TI-CMP-48595,SEO,Youth,25.0,Google,87479.0,8921.0,3646.0,1245.0,291330.0,236.63,-0.01,English,15.79,Tier 2 City Customers,01-01-2025
TI-CMP-23493,Email,Working Women,11.0,Email,15615.0,1470.0,371.0,287.0,217546.0,359.42,1.11,English,13.63,Youth,09-07-2024
TI-CMP-24141,Social Media,College Students,10.0,"Instagram, Email, WhatsApp",91024.0,10259.0,6082.0,1839.0,496530.0,31.52,7.56,Hindi,19.97,Premium Shoppers,13-04-2025
TI-CMP-42331,Email,College Students,7.0,"YouTube, Google, WhatsApp",59720.0,7639.0,2784.0,1034.0,665896.0,79.26,7.13,Hindi,19.18,College Students,07-12-2024
TI-CMP-48956,SEO,Premium Shoppers,,"Instagram, Email",53687.0,2306.0,1317.0,702.0,538434.0,159.44,3.81,Bengali,8.06,Working Women,15-02-2025
TI-CMP-31643,Paid Ads,College Students,21.0,"YouTube, Email, Google",63896.0,2770.0,1445.0,871.0,294398.0,326.33,0.04,Tamil,7.96,Premium Shoppers,03-08-2024
TI-CMP-16521,Influencer,Premium Shoppers,,"Email, YouTube",20960.0,546.0,265.0,87.0,29232.0,,-0.51,English,4.28,Premium Shoppers,19-03-2025
TI-CMP-49446,Influencer,Tier 2 City Customers,30.0,WhatsApp,,2168.0,1039.0,814.0,379324.0,217.99,1.14,Tamil,,Premium Shoppers,04-02-2025
TI-CMP-19856,SEO,Youth,19.0,"Google, WhatsApp",22682.0,2015.0,844.0,322.0,140070.0,310.18,0.4,English,14.02,Tier 2 City Customers,15-05-2025
TI-CMP-35939,Paid Ads,Premium Shoppers,11.0,,96321.0,,6414.0,4242.0,1098678.0,16.9,14.32,Tamil,22.96,Working Women,23-08-2024
TI-CMP-41488,Email,Working Women,15.0,"Facebook, YouTube",47732.0,2999.0,817.0,619.0,411016.0,192.67,2.45,Tamil,9.29,Tier 2 City Customers,
TI-CMP-14458,Social Media,Youth,22.0,"Google, WhatsApp",29480.0,1859.0,755.0,294.0,177870.0,226.07,1.68,Hindi,9.86,Youth,11-01-2025
TI-CMP-12028,Email,Tier 2 City Customers,,"Google, WhatsApp, Instagram",92108.0,11928.0,5465.0,3744.0,2444832.0,64.88,9.07,Tamil,,College Students,03-02-2025
,Paid Ads,Youth,20.0,"YouTube, WhatsApp, Facebook",37000.0,942.0,556.0,176.0,51568.0,1566.21,-0.81,Hindi,4.52,Tier 2 City Customers,20-12-2024
TI-CMP-34502,Influencer,Youth,28.0,"Instagram, Email, YouTube",44995.0,4424.0,1016.0,533.0,224926.0,330.75,0.28,English,13.27,Premium Shoppers,01-11-2024
TI-CMP-17790,Social Media,Working Women,6.0,"WhatsApp, Instagram",78271.0,2651.0,1434.0,830.0,264770.0,140.5,1.27,English,6.28,College Students,20-01-2025
TI-CMP-16145,Influencer,Working Women,29.0,WhatsApp,10007.0,850.0,410.0,180.0,40680.0,1087.61,-0.79,English,14.39,Working Women,10-08-2024
TI-CMP-15518,Influencer,Youth,27.0,"Email, WhatsApp",77676.0,5981.0,2990.0,1792.0,740096.0,94.78,3.36,Bengali,13.86,College Students,02-11-2024
TI-CMP-26694,Influencer,Premium Shoppers,12.0,"Google, Facebook",35085.0,3282.0,1843.0,996.0,332664.0,76.16,3.39,Hindi,17.45,,19-11-2024
TI-CMP-22011,Influencer,,25.0,YouTube,73058.0,3088.0,765.0,344.0,72584.0,800.1,-0.74,Bengali,5.74,Youth,29-08-2024
TI-CMP-48608,Paid Ads,Working Women,20.0,"Email, Facebook, WhatsApp",61895.0,8091.0,4743.0,2302.0,976048.0,56.77,6.47,Bengali,24.45,College Students,14-01-2025
TI-CMP-47626,Social Media,Youth,29.0,WhatsApp,24454.0,,485.0,159.0,84429.0,972.48,-0.45,Tamil,11.55,Tier 2 City Customers,25-10-2024
,Email,Working Women,23.0,WhatsApp,92721.0,7355.0,2493.0,,932672.0,146.68,4.23,Tamil,11.93,Working Women,25-08-2024
TI-CMP-26477,SEO,Working Women,15.0,"Email, Instagram",20963.0,2754.0,1085.0,852.0,485640.0,251.35,1.27,Tamil,22.38,College Students,12-08-2024
TI-CMP-40539,SEO,Youth,15.0,"Facebook, YouTube, Email",80042.0,4890.0,1238.0,458.0,247778.0,267.63,1.02,Hindi,8.23,Working Women,16-02-2025
TI-CMP-41693,Email,Tier 2 City Customers,23.0,WhatsApp,,6525.0,2117.0,1195.0,396740.0,193.39,0.72,Hindi,10.84,College Students,20-05-2025
TI-CMP-17399,SEO,College Students,30.0,YouTube,38384.0,2295.0,625.0,466.0,125354.0,546.98,-0.51,Bengali,8.82,Youth,
,Paid Ads,Youth,12.0,Email,,9805.0,2977.0,1059.0,315582.0,127.85,1.33,English,20.23,College Students,08-02-2025
TI-CMP-1332,SEO,,27.0,"Instagram, YouTube, Email",72051.0,6001.0,3174.0,2092.0,1115036.0,26.53,19.09,Tamil,15.64,Youth,27-11-2024
TI-CMP-43423,Email,Premium Shoppers,9.0,,43599.0,3832.0,1714.0,900.0,716400.0,319.4,1.49,Bengali,14.78,College Students,26-12-2024
TI-CMP-3349,Email,Youth,27.0,,,7571.0,2038.0,673.0,191132.0,259.57,0.09,Hindi,16.19,Premium Shoppers,17-04-2025
TI-CMP-7653,Social Media,College Students,10.0,WhatsApp,,1008.0,375.0,252.0,120204.0,1112.25,-0.57,Tamil,3.44,Premium Shoppers,22-01-2025
TI-CMP-34415,Email,Premium Shoppers,23.0,WhatsApp,15700.0,1021.0,261.0,156.0,96408.0,644.25,-0.04,Hindi,9.16,Premium Shoppers,01-05-2025
TI-CMP-34259,Influencer,College Students,15.0,"Email, WhatsApp, Google",49874.0,5950.0,2344.0,1539.0,1129626.0,153.21,3.79,Hindi,19.72,Working Women,02-03-2025
TI-CMP-10044,SEO,Premium Shoppers,17.0,"Facebook, Instagram, Google",,8176.0,3299.0,2141.0,909925.0,69.12,5.15,Bengali,13.88,Premium Shoppers,18-01-2025
TI-CMP-1274,Social Media,Working Women,11.0,,55572.0,4657.0,2182.0,1365.0,,65.04,7.93,Tamil,14.76,Working Women,
TI-CMP-16010,SEO,Working Women,18.0,"Instagram, Facebook, WhatsApp",11710.0,1349.0,363.0,257.0,189152.0,,-0.31,,16.81,Tier 2 City Customers,12-03-2025
TI-CMP-49923,Email,College Students,,"Google, Facebook",22612.0,1121.0,644.0,216.0,44064.0,284.02,-0.28,Bengali,8.76,Premium Shoppers,16-09-2024
TI-CMP-4638,,College Students,26.0,"Instagram, Email",91499.0,13622.0,4913.0,2453.0,1000824.0,98.3,3.15,Tamil,22.94,Youth,13-02-2025
TI-CMP-53891,SEO,Working Women,22.0,"Email, YouTube",15566.0,1877.0,395.0,210.0,57120.0,242.02,0.12,Tamil,15.95,Youth,23-04-2025
TI-CMP-40525,Influencer,Youth,26.0,Google,47885.0,1125.0,393.0,276.0,143244.0,362.68,0.43,Tamil,3.75,College Students,11-12-2024
TI-CMP-26776,SEO,College Students,8.0,"WhatsApp, Instagram",10768.0,1487.0,775.0,391.0,234991.0,524.66,0.15,Tamil,,Working Women,08-06-2025
TI-CMP-17386,Email,Premium Shoppers,15.0,Email,40983.0,4376.0,2312.0,899.0,233740.0,132.19,0.97,Tamil,18.51,Tier 2 City Customers,25-07-2024
TI-CMP-15097,Social Media,College Students,20.0,"Google, Instagram",55032.0,1300.0,662.0,,115776.0,268.24,,English,4.35,Premium Shoppers,29-11-2024
TI-CMP-23411,Social Media,Working Women,26.0,"Facebook, Google, WhatsApp",54992.0,2917.0,1470.0,995.0,408945.0,175.91,1.34,Hindi,9.79,College Students,23-02-2025
TI-CMP-13257,Social Media,Premium Shoppers,9.0,"Google, Email",62656.0,6001.0,2629.0,1474.0,793012.0,68.68,6.83,Hindi,16.13,Tier 2 City Customers,25-12-2024
TI-CMP-39061,Influencer,Tier 2 City Customers,5.0,"Facebook, Email",24744.0,1819.0,1055.0,377.0,215267.0,775.65,-0.26,Bengali,13.14,Tier 2 City Customers,20-04-2025
TI-CMP-51974,Email,Premium Shoppers,29.0,"YouTube, Facebook, WhatsApp",41088.0,3687.0,1991.0,893.0,395599.0,228.83,0.94,Tamil,15.99,Working Women,29-12-2024
TI-CMP-45664,Influencer,Premium Shoppers,6.0,"Instagram, Email, WhatsApp",73890.0,6547.0,3101.0,1909.0,517339.0,87.7,2.09,Bengali,15.64,Youth,14-10-2024
TI-CMP-52315,SEO,Working Women,5.0,"Google, Email",57859.0,3388.0,862.0,520.0,277160.0,310.67,0.72,Hindi,8.24,Premium Shoppers,11-09-2024
TI-CMP-2317,Social Media,Tier 2 City Customers,19.0,"Instagram, WhatsApp",14795.0,1013.0,508.0,202.0,53126.0,1211.02,-0.78,English,11.65,Working Women,21-01-2025
TI-CMP-45360,Social Media,College Students,27.0,"WhatsApp, YouTube",88752.0,3409.0,1906.0,1101.0,530682.0,187.9,1.57,Hindi,7.23,College Students,09-07-2024
TI-CMP-9620,Influencer,College Students,22.0,Instagram,47633.0,2422.0,871.0,670.0,434830.0,118.14,,Bengali,8.32,Premium Shoppers,13-12-2024
TI-CMP-15019,,Tier 2 City Customers,26.0,Instagram,12821.0,428.0,222.0,89.0,30260.0,638.53,-0.47,Bengali,5.76,Premium Shoppers,
TI-CMP-26206,Paid Ads,College Students,16.0,Facebook,11020.0,1474.0,649.0,473.0,160820.0,417.78,-0.19,English,23.56,Tier 2 City Customers,19-11-2024
TI-CMP-29764,Email,Premium Shoppers,9.0,Email,22262.0,2010.0,810.0,438.0,,364.01,-0.12,English,14.63,Tier 2 City Customers,01-08-2024
TI-CMP-39685,Influencer,Tier 2 City Customers,24.0,"YouTube, Email, Google",21686.0,2924.0,1639.0,509.0,318634.0,320.69,0.95,English,23.39,Tier 2 City Customers,23-05-2025
TI-CMP-1906,SEO,Tier 2 City Customers,18.0,Google,90858.0,3457.0,1111.0,595.0,433755.0,450.03,0.62,English,5.68,Tier 2 City Customers,09-10-2024
TI-CMP-47673,Influencer,Premium Shoppers,17.0,"Facebook, Email",41232.0,5408.0,1129.0,542.0,,262.98,0.37,Hindi,17.17,,11-10-2024
TI-CMP-41435,Social Media,College Students,27.0,YouTube,83151.0,2738.0,1158.0,771.0,181185.0,68.53,2.43,Bengali,5.61,Working Women,16-05-2025
TI-CMP-47406,Social Media,Premium Shoppers,24.0,Instagram,25902.0,1544.0,420.0,282.0,96726.0,489.08,-0.3,Hindi,8.67,Premium Shoppers,05-08-2024
TI-CMP-6223,Social Media,College Students,28.0,,80109.0,8068.0,3502.0,2016.0,417312.0,31.96,5.48,Tamil,16.96,Youth,19-03-2025
TI-CMP-50143,Social Media,Working Women,29.0,"WhatsApp, Instagram, Facebook",41654.0,2909.0,,999.0,548451.0,282.91,0.94,Hindi,,Tier 2 City Customers,12-12-2024
TI-CMP-11085,SEO,College Students,9.0,Google,75905.0,5796.0,3399.0,2297.0,,47.65,9.77,Bengali,15.14,Tier 2 City Customers,19-06-2025
TI-CMP-4288,Email,Premium Shoppers,25.0,"Email, YouTube",69182.0,3529.0,2061.0,877.0,267485.0,128.92,1.37,Bengali,9.35,College Students,21-02-2025
TI-CMP-48748,SEO,,19.0,"WhatsApp, Instagram, Facebook",,8206.0,2958.0,1486.0,728140.0,83.9,4.84,English,17.28,Youth,17-10-2024
TI-CMP-16832,Email,Tier 2 City Customers,21.0,"WhatsApp, Email, Google",73125.0,7185.0,3146.0,1878.0,1222578.0,83.44,6.8,English,16.7,Youth,12-05-2025
TI-CMP-51590,SEO,College Students,18.0,"Facebook, Google",91312.0,10331.0,5663.0,3817.0,2400893.0,19.04,32.04,English,21.7,College Students,04-02-2025
TI-CMP-6115,Influencer,Youth,14.0,WhatsApp,11979.0,618.0,185.0,77.0,24563.0,2398.08,-0.87,Tamil,7.35,Youth,10-08-2024
TI-CMP-30471,Paid Ads,Premium Shoppers,11.0,"Instagram, Email, YouTube",59452.0,2625.0,1051.0,335.0,,837.22,-0.74,Hindi,6.75,Premium Shoppers,09-07-2024
TI-CMP-53156,SEO,Tier 2 City Customers,5.0,,31589.0,4043.0,1878.0,734.0,148268.0,181.16,0.12,Hindi,21.07,Youth,08-12-2024
TI-CMP-45620,SEO,College Students,22.0,"Instagram, YouTube",83698.0,3629.0,2020.0,610.0,418460.0,107.4,5.39,English,7.48,College Students,06-12-2024
TI-CMP-32264,Email,Youth,6.0,"Google, Instagram",87096.0,4867.0,2079.0,1078.0,666204.0,94.15,5.56,Bengali,9.21,Working Women,18-04-2025
TI-CMP-25097,SEO,Tier 2 City Customers,29.0,"Google, Email, YouTube",86458.0,4105.0,,593.0,355207.0,391.84,0.53,Tamil,6.67,College Students,03-03-2025
TI-CMP-42380,SEO,Premium Shoppers,12.0,YouTube,35603.0,2357.0,1403.0,779.0,355224.0,,2.58,English,12.75,,28-02-2025
TI-CMP-31487,Social Media,,24.0,"Google, WhatsApp, Facebook",89912.0,,1230.0,907.0,220401.0,91.95,1.64,Hindi,5.61,Youth,30-01-2025
TI-CMP-13347,SEO,College Students,20.0,Google,52302.0,4733.0,2161.0,1061.0,761798.0,242.7,1.96,Hindi,15.21,Premium Shoppers,27-11-2024
TI-CMP-24900,Paid Ads,Youth,21.0,YouTube,41143.0,5945.0,3207.0,,583596.0,88.76,4.81,Hindi,24.99,Tier 2 City Customers,25-10-2024
TI-CMP-5264,Influencer,College Students,12.0,Email,23145.0,848.0,191.0,116.0,78416.0,1093.28,-0.38,English,4.99,Working Women,09-01-2025
TI-CMP-42393,Paid Ads,Tier 2 City Customers,10.0,"Facebook, Google",59445.0,8440.0,4612.0,1543.0,600227.0,61.4,5.34,Bengali,24.55,Tier 2 City Customers,20-09-2024
TI-CMP-28833,Paid Ads,Youth,21.0,"YouTube, Google, Email",87172.0,10559.0,3757.0,1334.0,912456.0,120.67,4.67,English,17.95,Working Women,14-09-2024
TI-CMP-55258,Paid Ads,College Students,16.0,"Instagram, WhatsApp",66135.0,2321.0,578.0,268.0,113364.0,824.5,-0.49,English,4.79,College Students,10-04-2025
TI-CMP-23816,Paid Ads,Tier 2 City Customers,15.0,"Facebook, Email",34178.0,4038.0,1991.0,700.0,383600.0,218.44,,English,19.69,,18-02-2025
TI-CMP-49963,Email,Youth,10.0,"Google, Facebook, YouTube",28160.0,2147.0,548.0,239.0,112091.0,846.67,-0.45,Tamil,10.42,Premium Shoppers,
TI-CMP-8892,Paid Ads,Working Women,7.0,"YouTube, Email, Instagram",19865.0,,195.0,102.0,66912.0,2880.62,-0.77,Tamil,6.05,Tier 2 City Customers,20-05-2025
TI-CMP-33538,SEO,Premium Shoppers,9.0,WhatsApp,,5021.0,2183.0,1605.0,972630.0,101.93,4.95,Bengali,14.56,Working Women,31-08-2024
TI-CMP-21731,SEO,Tier 2 City Customers,15.0,"Instagram, YouTube, Email",16485.0,390.0,83.0,31.0,18631.0,9339.48,-0.94,Bengali,3.06,Youth,02-09-2024
TI-CMP-16217,,Working Women,12.0,"Instagram, Email",53598.0,,473.0,206.0,96614.0,444.54,,Bengali,4.01,Working Women,05-06-2025
TI-CMP-7366,Email,Premium Shoppers,16.0,Google,97341.0,3519.0,,1517.0,1209049.0,143.38,4.56,Tamil,7.2,Tier 2 City Customers,17-11-2024
TI-CMP-3549,Social Media,College Students,30.0,Instagram,58071.0,6615.0,2577.0,1186.0,887128.0,185.29,3.04,Tamil,17.87,Working Women,28-07-2024
TI-CMP-36530,SEO,College Students,10.0,"WhatsApp, YouTube",15535.0,626.0,226.0,90.0,34920.0,1069.06,-0.64,Bengali,6.06,College Students,27-08-2024
TI-CMP-26728,Email,Tier 2 City Customers,,"YouTube, Google, Email",27982.0,1565.0,501.0,306.0,204408.0,389.99,0.71,Hindi,8.48,College Students,25-05-2025
TI-CMP-19326,Paid Ads,College Students,5.0,"Facebook, WhatsApp, Google",56168.0,4883.0,2801.0,1369.0,655751.0,162.09,1.96,Tamil,16.12,Youth,09-05-2025
TI-CMP-10829,Social Media,Youth,10.0,"Instagram, WhatsApp, YouTube",72872.0,2571.0,575.0,439.0,196233.0,681.85,-0.34,Hindi,4.92,Youth,12-06-2025
TI-CMP-20321,Paid Ads,Premium Shoppers,10.0,"YouTube, Instagram",20794.0,2467.0,1018.0,780.0,,262.64,1.24,Hindi,20.51,Premium Shoppers,
TI-CMP-49591,SEO,Working Women,29.0,"YouTube, Facebook, Email",50517.0,4505.0,1067.0,500.0,251500.0,363.31,0.38,Bengali,12.02,Youth,13-02-2025
TI-CMP-35000,Paid Ads,Premium Shoppers,20.0,"WhatsApp, Instagram",37998.0,792.0,466.0,206.0,77044.0,574.15,-0.35,Bengali,3.85,Premium Shoppers,10-04-2025
TI-CMP-55977,SEO,Working Women,5.0,Email,63170.0,3506.0,1709.0,999.0,408591.0,210.1,0.95,English,9.84,Working Women,04-03-2025
TI-CMP-12836,Influencer,Tier 2 City Customers,22.0,"Facebook, Email",15564.0,2065.0,432.0,216.0,154440.0,540.15,0.32,English,17.43,College Students,06-02-2025
TI-CMP-27642,SEO,College Students,21.0,Google,54985.0,1218.0,551.0,275.0,180400.0,503.13,0.3,Bengali,3.72,,28-04-2025
TI-CMP-1114,Influencer,Premium Shoppers,17.0,WhatsApp,74999.0,11155.0,3593.0,2436.0,613872.0,29.02,7.68,Bengali,22.91,Youth,03-02-2025
TI-CMP-29193,Influencer,Youth,26.0,Email,44957.0,5157.0,1248.0,745.0,268200.0,248.13,0.45,English,15.9,College Students,03-10-2024
TI-CMP-38444,Email,Working Women,21.0,Email,48711.0,5220.0,1652.0,1307.0,575080.0,180.97,1.43,English,16.79,Premium Shoppers,13-12-2024
TI-CMP-28142,Paid Ads,College Students,11.0,"Email, WhatsApp, Facebook",33655.0,1234.0,283.0,143.0,56199.0,385.78,0.02,Bengali,4.93,Youth,19-11-2024
TI-CMP-43467,Paid Ads,Premium Shoppers,19.0,Instagram,60984.0,2185.0,600.0,374.0,105468.0,382.01,-0.26,Hindi,5.18,Youth,02-05-2025
TI-CMP-12380,Influencer,Youth,23.0,"Google, YouTube, Facebook",14720.0,1148.0,315.0,131.0,89735.0,1739.07,-0.61,Hindi,10.83,Tier 2 City Customers,06-02-2025
TI-CMP-5095,Influencer,Premium Shoppers,19.0,"YouTube, Google, WhatsApp",33064.0,3620.0,1452.0,784.0,590352.0,344.55,1.19,Tamil,17.71,Tier 2 City Customers,07-09-2024
TI-CMP-33801,Influencer,Working Women,21.0,"WhatsApp, Facebook",,6688.0,2873.0,1470.0,1174530.0,203.36,,Hindi,20.21,Tier 2 City Customers,09-04-2025
TI-CMP-46690,Influencer,Youth,6.0,Email,16806.0,2459.0,971.0,734.0,336906.0,281.94,0.63,English,24.78,Youth,05-01-2025
TI-CMP-2710,Influencer,College Students,,Email,88009.0,2721.0,1361.0,580.0,314940.0,137.62,,English,5.3,College Students,01-08-2024
TI-CMP-48747,Social Media,College Students,15.0,"Google, Instagram",86460.0,9562.0,2507.0,1641.0,1078137.0,83.61,6.86,English,15.86,Working Women,23-02-2025
TI-CMP-13955,Influencer,Tier 2 City Customers,16.0,"Google, WhatsApp",59900.0,7620.0,4497.0,1542.0,638388.0,134.0,2.09,Bengali,22.8,Youth,05-04-2025
TI-CMP-13053,,Working Women,23.0,"Email, Google",23333.0,2291.0,841.0,,253726.0,,0.32,Bengali,15.21,Youth,09-04-2025
TI-CMP-25985,SEO,College Students,7.0,Instagram,29675.0,759.0,324.0,217.0,83979.0,343.79,0.13,Hindi,4.38,College Students,04-05-2025
TI-CMP-49186,Email,Youth,16.0,"YouTube, Google",58564.0,3369.0,1526.0,534.0,388752.0,215.4,2.38,Bengali,9.27,Tier 2 City Customers,07-03-2025
TI-CMP-47855,,Youth,16.0,"Google, Facebook, Email",86373.0,5102.0,2322.0,981.0,351198.0,104.22,2.43,Hindi,9.73,Premium Shoppers,
TI-CMP-20412,Email,Premium Shoppers,22.0,"YouTube, Facebook",73876.0,8433.0,4834.0,3420.0,1073880.0,66.74,3.71,Bengali,22.59,Tier 2 City Customers,09-08-2024
TI-CMP-26841,Email,,25.0,Google,98799.0,14408.0,6259.0,4087.0,1642974.0,,7.09,Hindi,25.05,Working Women,14-03-2025
TI-CMP-27156,SEO,Working Women,28.0,Email,17222.0,2099.0,1197.0,857.0,461066.0,129.09,3.17,Bengali,24.11,Youth,14-08-2024
TI-CMP-19210,SEO,Tier 2 City Customers,29.0,Email,27223.0,3568.0,1947.0,620.0,496000.0,329.19,1.43,Tamil,22.54,Tier 2 City Customers,03-08-2024
TI-CMP-7232,Paid Ads,,15.0,YouTube,59079.0,4570.0,955.0,730.0,151110.0,225.11,-0.08,English,10.59,Youth,08-05-2025
TI-CMP-33932,SEO,Tier 2 City Customers,10.0,"WhatsApp, Email, Facebook",,9331.0,4936.0,3328.0,775424.0,70.97,2.28,Tamil,19.33,,19-08-2024
TI-CMP-38109,SEO,Tier 2 City Customers,8.0,"WhatsApp, Facebook, Email",63838.0,4647.0,2380.0,1180.0,828360.0,89.48,6.84,English,12.86,Premium Shoppers,09-04-2025
TI-CMP-17313,Social Media,Working Women,25.0,"Instagram, Facebook",39329.0,3405.0,1482.0,759.0,395439.0,,,Bengali,14.36,Working Women,03-05-2025
TI-CMP-47378,Social Media,Tier 2 City Customers,8.0,"Email, YouTube",91894.0,5598.0,1144.0,537.0,233595.0,251.48,0.73,,7.92,Youth,12-07-2024
TI-CMP-34014,Social Media,College Students,10.0,WhatsApp,85075.0,1906.0,517.0,256.0,96512.0,245.79,0.53,Bengali,3.15,College Students,10-10-2024
TI-CMP-38590,Paid Ads,Tier 2 City Customers,,YouTube,90477.0,13114.0,6720.0,3275.0,1182275.0,61.62,4.86,Tamil,25.54,College Students,04-04-2025
TI-CMP-50394,SEO,Tier 2 City Customers,6.0,"YouTube, Instagram",71557.0,1992.0,883.0,559.0,234780.0,,0.77,Tamil,4.8,Youth,14-06-2025
TI-CMP-2793,Influencer,Youth,17.0,"Email, Google",,4873.0,,941.0,201374.0,127.11,0.68,,11.99,Tier 2 City Customers,23-03-2025
TI-CMP-16539,Paid Ads,Tier 2 City Customers,17.0,"YouTube, Email, Facebook",28728.0,2246.0,1062.0,801.0,516645.0,158.02,3.08,English,14.3,College Students,28-01-2025
TI-CMP-50992,Social Media,Working Women,29.0,"Email, Google, WhatsApp",49116.0,7263.0,3891.0,1915.0,476835.0,,1.85,Tamil,26.61,Premium Shoppers,24-04-2025
TI-CMP-51631,Paid Ads,Youth,28.0,"Google, WhatsApp",77969.0,5172.0,2133.0,1640.0,1234920.0,44.78,15.82,Tamil,11.47,Tier 2 City Customers,12-11-2024
TI-CMP-25358,Social Media,Premium Shoppers,18.0,YouTube,98646.0,7566.0,2101.0,1580.0,955900.0,51.03,10.86,Bengali,11.4,Youth,06-06-2025
TI-CMP-24975,SEO,Premium Shoppers,9.0,"Email, YouTube, WhatsApp",63294.0,8042.0,3920.0,1698.0,,151.44,2.06,Bengali,21.58,Premium Shoppers,14-10-2024
TI-CMP-15142,Email,Premium Shoppers,23.0,,10080.0,325.0,115.0,47.0,26320.0,1235.51,-0.55,English,4.83,Working Women,08-08-2024
TI-CMP-32737,Influencer,Youth,7.0,Facebook,57276.0,2426.0,1085.0,,212264.0,484.01,0.3,Bengali,6.72,Tier 2 City Customers,05-01-2025
TI-CMP-11347,Influencer,Working Women,21.0,"Facebook, Email",53073.0,4724.0,2074.0,627.0,188100.0,334.19,-0.1,Bengali,,Youth,16-02-2025
TI-CMP-2498,Influencer,,,"Email, WhatsApp, Google",,1612.0,937.0,350.0,156100.0,304.7,0.46,Hindi,4.09,Tier 2 City Customers,17-11-2024
TI-CMP-39616,Email,Tier 2 City Customers,6.0,"Email, Facebook",66335.0,6881.0,1391.0,1051.0,705221.0,239.67,1.8,Bengali,14.05,College Students,22-07-2024
TI-CMP-31044,Social Media,Tier 2 City Customers,15.0,Google,11064.0,1250.0,544.0,349.0,258260.0,237.58,2.11,English,19.37,College Students,27-09-2024
TI-CMP-38347,Email,Youth,14.0,WhatsApp,45813.0,5609.0,3280.0,1919.0,690840.0,105.77,2.4,Bengali,23.59,Youth,13-01-2025
TI-CMP-39957,Influencer,College Students,8.0,"Instagram, Email, Facebook",35589.0,743.0,400.0,285.0,204915.0,237.13,2.03,Tamil,4.01,Youth,30-04-2025
,Social Media,Youth,6.0,"Instagram, YouTube, Email",46028.0,3563.0,1583.0,868.0,460908.0,342.75,0.55,Bengali,13.07,Working Women,09-07-2024
TI-CMP-43394,Paid Ads,College Students,24.0,Google,65036.0,8525.0,4968.0,1613.0,733915.0,166.72,1.73,English,23.23,Working Women,31-01-2025
TI-CMP-17853,SEO,Working Women,11.0,"WhatsApp, Google",10246.0,1258.0,688.0,494.0,291460.0,,0.11,Tamil,23.81,Youth,29-01-2025
TI-CMP-3980,Social Media,Youth,13.0,Google,55939.0,5407.0,2991.0,1469.0,517088.0,63.35,4.56,Tamil,17.64,Tier 2 City Customers,23-05-2025
TI-CMP-16022,Influencer,Tier 2 City Customers,14.0,"Facebook, Instagram",51375.0,2856.0,1607.0,1138.0,423336.0,206.56,0.8,English,10.9,Youth,16-01-2025
TI-CMP-4928,Paid Ads,Youth,13.0,"WhatsApp, Instagram, YouTube",49174.0,4447.0,2501.0,1877.0,596886.0,76.33,3.17,Tamil,17.95,Youth,
TI-CMP-6537,Paid Ads,,,"YouTube, Google",45746.0,2572.0,1065.0,801.0,414918.0,111.54,3.64,Tamil,9.7,Tier 2 City Customers,24-12-2024
TI-CMP-1466,Paid Ads,Premium Shoppers,6.0,"Facebook, Email, Instagram",41766.0,5064.0,2016.0,984.0,219432.0,68.42,2.26,English,19.31,Premium Shoppers,19-08-2024
TI-CMP-3965,Paid Ads,College Students,27.0,Facebook,83487.0,,1432.0,448.0,166208.0,481.33,-0.23,Tamil,8.32,Tier 2 City Customers,02-07-2024
TI-CMP-5060,Influencer,Youth,,"WhatsApp, Google, Facebook",64760.0,7661.0,3687.0,1322.0,397922.0,117.21,1.57,English,19.56,Premium Shoppers,24-01-2025
TI-CMP-56528,SEO,Youth,13.0,"WhatsApp, YouTube, Facebook",78658.0,4217.0,1321.0,957.0,,241.03,,Bengali,8.26,College Students,27-10-2024
,SEO,Tier 2 City Customers,21.0,WhatsApp,78173.0,4736.0,1543.0,1166.0,326480.0,194.88,0.44,Tamil,9.52,Tier 2 City Customers,12-12-2024
TI-CMP-32638,Influencer,Tier 2 City Customers,25.0,Facebook,71646.0,3663.0,1614.0,923.0,613795.0,235.61,,Hindi,8.65,Working Women,30-01-2025
TI-CMP-26526,,,24.0,"Instagram, Facebook, WhatsApp",55412.0,6306.0,3760.0,2904.0,1945680.0,69.06,8.7,Bengali,23.41,College Students,07-09-2024
TI-CMP-6522,Paid Ads,Premium Shoppers,30.0,"Facebook, YouTube, Google",76302.0,4947.0,2270.0,1323.0,1057077.0,107.72,6.42,English,11.19,Tier 2 City Customers,27-04-2025
TI-CMP-35078,Paid Ads,Premium Shoppers,7.0,"Facebook, Google",57743.0,5608.0,2032.0,1307.0,560703.0,195.94,1.19,Hindi,15.49,Premium Shoppers,14-07-2024
TI-CMP-11012,Paid Ads,Working Women,18.0,"Instagram, Google, Email",,4775.0,1295.0,687.0,458229.0,167.69,2.98,Bengali,15.65,Youth,17-01-2025
TI-CMP-42887,Influencer,,7.0,"WhatsApp, Google, Facebook",90021.0,4815.0,2204.0,1711.0,720331.0,48.6,7.66,Bengali,9.7,Premium Shoppers,08-11-2024
TI-CMP-43602,SEO,Working Women,7.0,"Instagram, Facebook, Google",76166.0,4387.0,1345.0,864.0,195264.0,115.5,0.96,Bengali,8.66,Tier 2 City Customers,16-01-2025
TI-CMP-46321,SEO,Premium Shoppers,26.0,"Instagram, WhatsApp",32428.0,1006.0,553.0,351.0,173745.0,284.85,0.74,Tamil,5.89,Youth,09-07-2024
TI-CMP-43414,Paid Ads,Youth,14.0,"Instagram, Facebook, WhatsApp",20843.0,2422.0,700.0,451.0,242187.0,115.47,3.65,Bengali,17.14,Youth,24-08-2024
TI-CMP-19534,Paid Ads,Working Women,11.0,YouTube,22223.0,1630.0,364.0,243.0,190026.0,285.76,1.74,Tamil,10.07,Premium Shoppers,17-06-2025
TI-CMP-48599,Paid Ads,Youth,,,85766.0,7462.0,2777.0,2031.0,1238910.0,79.79,6.65,Tamil,14.31,Premium Shoppers,06-03-2025
TI-CMP-2053,Social Media,College Students,8.0,Email,,5790.0,1229.0,387.0,183051.0,278.71,0.7,Tamil,8.74,College Students,28-09-2024
,Paid Ads,Tier 2 City Customers,,WhatsApp,39962.0,5083.0,3002.0,2087.0,655318.0,86.62,2.62,English,25.45,Youth,12-08-2024
TI-CMP-12250,SEO,Premium Shoppers,28.0,,79258.0,9685.0,4676.0,1510.0,546620.0,64.11,4.65,Tamil,20.02,Working Women,23-07-2024
TI-CMP-1949,Influencer,Tier 2 City Customers,17.0,WhatsApp,10784.0,747.0,271.0,189.0,120771.0,747.81,-0.15,Tamil,11.19,Working Women,20-05-2025
TI-CMP-9643,SEO,Working Women,25.0,Facebook,70239.0,3442.0,2026.0,821.0,592762.0,84.21,7.57,Tamil,8.95,Youth,19-08-2024
TI-CMP-23609,Social Media,Premium Shoppers,30.0,"Email, Facebook",10214.0,968.0,,,211068.0,693.73,-0.18,English,18.76,Youth,04-08-2024
TI-CMP-32396,Influencer,Premium Shoppers,5.0,,33996.0,2901.0,1587.0,888.0,697968.0,328.88,1.39,Bengali,,Youth,09-05-2025
TI-CMP-48988,Email,Youth,10.0,YouTube,76253.0,7836.0,2826.0,1418.0,,164.38,1.74,Tamil,15.84,Premium Shoppers,26-04-2025
TI-CMP-2590,Influencer,Tier 2 City Customers,6.0,Google,11637.0,1741.0,513.0,,71036.0,241.9,-0.02,English,21.96,Youth,19-12-2024
TI-CMP-6627,Paid Ads,Premium Shoppers,22.0,"YouTube, Google",30872.0,3203.0,1309.0,1038.0,755664.0,128.47,4.67,Hindi,17.98,Premium Shoppers,14-01-2025
TI-CMP-44260,Social Media,Working Women,15.0,"Facebook, Google",33243.0,2319.0,1084.0,769.0,525227.0,271.66,1.51,Bengali,12.55,Working Women,07-07-2024
TI-CMP-29637,Paid Ads,Youth,5.0,Facebook,55878.0,,462.0,157.0,42076.0,1807.83,-0.85,Bengali,4.15,Youth,12-04-2025
,Paid Ads,Youth,7.0,Instagram,52198.0,2252.0,1049.0,343.0,,453.02,-0.45,Tamil,6.98,Tier 2 City Customers,25-03-2025
TI-CMP-9962,SEO,Youth,9.0,"Email, WhatsApp, YouTube",43648.0,1000.0,283.0,218.0,69760.0,400.38,-0.2,English,3.44,College Students,04-11-2024
TI-CMP-24059,Social Media,Youth,29.0,YouTube,57418.0,3622.0,2089.0,796.0,273824.0,235.51,0.46,Tamil,11.33,Youth,14-12-2024
TI-CMP-55244,Paid Ads,College Students,14.0,WhatsApp,66888.0,8469.0,2430.0,1628.0,411884.0,,2.79,Hindi,18.73,College Students,30-05-2025
TI-CMP-48529,Influencer,Working Women,5.0,"Email, WhatsApp, YouTube",23754.0,2498.0,708.0,,95844.0,,-0.6,Bengali,14.73,Tier 2 City Customers,28-10-2024
TI-CMP-50215,Social Media,Tier 2 City Customers,8.0,"Email, YouTube, Google",87119.0,7626.0,1631.0,980.0,480200.0,140.44,2.49,English,11.75,Working Women,18-11-2024
TI-CMP-29459,Social Media,College Students,20.0,"Facebook, Email, YouTube",70590.0,9358.0,3476.0,2319.0,809331.0,62.89,4.55,Hindi,21.47,Youth,04-08-2024
TI-CMP-11604,SEO,Premium Shoppers,18.0,Facebook,72937.0,9814.0,4480.0,1953.0,917910.0,84.87,,Bengali,22.28,Working Women,
,SEO,,11.0,"YouTube, Email, Facebook",95423.0,11726.0,2764.0,1255.0,352655.0,,4.37,English,16.5,College Students,06-07-2024
TI-CMP-23309,Social Media,Working Women,6.0,Instagram,44491.0,3488.0,2062.0,1228.0,875564.0,208.06,2.43,Hindi,15.23,Premium Shoppers,16-01-2025
TI-CMP-52167,Influencer,Working Women,18.0,"Google, Email, Instagram",27540.0,1349.0,727.0,470.0,196460.0,335.5,0.25,Bengali,9.24,College Students,11-01-2025
TI-CMP-45990,Email,Tier 2 City Customers,21.0,"Facebook, Instagram",91194.0,11824.0,6953.0,3297.0,2594739.0,56.33,12.97,Bengali,24.21,Tier 2 City Customers,05-10-2024
,Email,Tier 2 City Customers,5.0,"Google, Email",37304.0,4970.0,2327.0,,543690.0,91.74,2.43,Hindi,24.19,Premium Shoppers,12-12-2024
TI-CMP-12535,Email,Tier 2 City Customers,8.0,"Email, Google, Instagram",56006.0,1933.0,695.0,242.0,61226.0,1192.86,-0.79,Hindi,5.12,Working Women,13-08-2024
TI-CMP-6253,Paid Ads,Premium Shoppers,19.0,"Instagram, Google",22409.0,2241.0,787.0,324.0,90720.0,207.36,0.35,English,14.96,Tier 2 City Customers,18-08-2024
TI-CMP-10572,SEO,Youth,6.0,,32525.0,4433.0,1092.0,561.0,119493.0,286.35,-0.26,Bengali,18.71,Premium Shoppers,30-07-2024
TI-CMP-25330,SEO,Premium Shoppers,26.0,"Facebook, YouTube",63060.0,8526.0,3916.0,1353.0,468138.0,61.96,4.58,Tamil,21.88,Tier 2 City Customers,27-09-2024
TI-CMP-21118,,College Students,17.0,"Google, Instagram",57933.0,7279.0,3752.0,1177.0,,80.96,5.99,English,,Tier 2 City Customers,25-02-2025
TI-CMP-48745,Influencer,Working Women,19.0,Instagram,64256.0,4747.0,1360.0,765.0,474300.0,,0.81,Bengali,10.69,Premium Shoppers,13-09-2024
TI-CMP-19346,Email,Tier 2 City Customers,21.0,"YouTube, Facebook, Instagram",66434.0,6132.0,3520.0,1968.0,1220160.0,92.87,5.68,English,17.49,College Students,29-05-2025
TI-CMP-48397,Paid Ads,Premium Shoppers,20.0,"YouTube, Facebook",24273.0,2383.0,711.0,454.0,130298.0,587.96,-0.51,Tamil,14.62,Premium Shoppers,28-05-2025
TI-CMP-25304,Paid Ads,Youth,26.0,"Instagram, YouTube",69005.0,5059.0,,1579.0,325274.0,60.76,2.39,Hindi,12.77,Tier 2 City Customers,08-07-2024
TI-CMP-6148,Social Media,Youth,21.0,Facebook,99538.0,6718.0,3935.0,2986.0,1346686.0,87.82,4.14,Hindi,13.7,College Students,30-12-2024
,SEO,Tier 2 City Customers,,Email,21487.0,2302.0,565.0,302.0,112948.0,949.03,-0.61,Hindi,14.75,Youth,25-09-2024
TI-CMP-28282,,College Students,25.0,"Google, Email, WhatsApp",66195.0,7819.0,3000.0,1470.0,717360.0,62.54,6.8,,18.56,Working Women,
TI-CMP-3780,SEO,Tier 2 City Customers,16.0,,76520.0,4527.0,2071.0,1462.0,1071646.0,74.79,,Hindi,10.53,Premium Shoppers,12-12-2024
TI-CMP-42633,Social Media,College Students,5.0,"YouTube, Instagram, Facebook",,9762.0,2964.0,2322.0,659448.0,29.62,8.59,Hindi,15.85,Premium Shoppers,13-02-2025
TI-CMP-47933,SEO,College Students,5.0,"YouTube, Instagram",43005.0,4342.0,2604.0,850.0,266050.0,,2.84,Tamil,18.13,College Students,19-03-2025
TI-CMP-44998,Email,College Students,10.0,"Facebook, Instagram, Email",62353.0,6390.0,2143.0,1227.0,411045.0,121.61,1.75,English,15.65,Premium Shoppers,28-02-2025
TI-CMP-48862,,Youth,10.0,"WhatsApp, YouTube, Email",13543.0,1717.0,856.0,,315792.0,374.3,,English,23.52,Premium Shoppers,10-07-2024
TI-CMP-53483,,Premium Shoppers,23.0,,92263.0,5338.0,2927.0,1240.0,710520.0,201.8,1.84,Hindi,10.3,Youth,03-04-2025
,SEO,Youth,23.0,WhatsApp,21951.0,2298.0,835.0,526.0,353998.0,174.45,2.86,Hindi,16.67,Youth,13-05-2025
TI-CMP-7513,Email,College Students,17.0,"Google, Instagram",97540.0,3490.0,1296.0,751.0,180240.0,,0.44,Hindi,5.68,College Students,22-03-2025
TI-CMP-7013,Email,Working Women,17.0,YouTube,27248.0,2573.0,1494.0,449.0,210132.0,300.37,0.56,Hindi,16.57,Working Women,01-11-2024
TI-CMP-30591,Paid Ads,Youth,25.0,YouTube,29289.0,1288.0,351.0,129.0,41280.0,1162.09,-0.72,Tamil,6.04,Working Women,07-09-2024
TI-CMP-2124,SEO,College Students,12.0,"Facebook, WhatsApp",27506.0,837.0,194.0,121.0,77440.0,889.91,-0.28,Tamil,4.19,,22-01-2025
TI-CMP-8893,SEO,Premium Shoppers,26.0,"YouTube, Facebook",,1198.0,716.0,427.0,265167.0,413.73,,Tamil,3.92,College Students,06-08-2024
TI-CMP-31244,Social Media,Premium Shoppers,28.0,"Email, YouTube",58848.0,5257.0,2052.0,1326.0,722670.0,86.92,5.27,English,14.67,Youth,07-10-2024
TI-CMP-9899,Paid Ads,Working Women,15.0,,88322.0,,2524.0,873.0,594513.0,265.46,1.57,Tamil,17.77,Tier 2 City Customers,25-05-2025
TI-CMP-44262,Social Media,Premium Shoppers,21.0,Google,58387.0,4199.0,1451.0,513.0,188784.0,435.92,-0.16,Hindi,10.56,Tier 2 City Customers,17-12-2024
TI-CMP-27438,Paid Ads,Premium Shoppers,25.0,Google,78934.0,2185.0,837.0,526.0,257214.0,169.93,1.88,Bengali,4.49,Tier 2 City Customers,05-12-2024
TI-CMP-15524,,Premium Shoppers,5.0,"Facebook, WhatsApp, YouTube",74102.0,5992.0,2837.0,992.0,546592.0,150.72,2.66,English,13.25,Premium Shoppers,30-01-2025
TI-CMP-51388,Social Media,College Students,30.0,Facebook,57610.0,8358.0,3885.0,1662.0,821028.0,140.44,2.52,,24.14,,15-03-2025
TI-CMP-32642,Paid Ads,Working Women,22.0,Facebook,52237.0,7565.0,3527.0,1892.0,1208988.0,128.31,3.98,Hindi,24.86,Working Women,12-10-2024
TI-CMP-34817,SEO,Working Women,11.0,Instagram,69869.0,,2192.0,1430.0,1026740.0,185.69,2.87,Tamil,16.1,College Students,18-08-2024
TI-CMP-55745,,Premium Shoppers,5.0,YouTube,58754.0,2945.0,1495.0,875.0,315000.0,101.64,2.54,Bengali,9.05,Youth,18-12-2024
TI-CMP-28986,Social Media,Youth,26.0,"YouTube, WhatsApp",36743.0,3003.0,1555.0,1220.0,467260.0,203.52,0.88,Hindi,15.73,College Students,06-11-2024
TI-CMP-51327,Social Media,Premium Shoppers,7.0,Facebook,25351.0,1086.0,486.0,365.0,93075.0,707.33,,Tamil,7.64,Youth,23-02-2025
TI-CMP-4279,Social Media,Premium Shoppers,29.0,,64695.0,9590.0,2467.0,1387.0,529834.0,38.17,9.01,Tamil,20.78,Youth,
TI-CMP-53749,Social Media,Premium Shoppers,14.0,"WhatsApp, Facebook, YouTube",62744.0,4291.0,993.0,485.0,217280.0,390.77,0.15,Hindi,9.19,Premium Shoppers,25-08-2024
TI-CMP-36642,Influencer,Working Women,23.0,Email,65921.0,5610.0,1424.0,1037.0,414800.0,281.84,0.42,Bengali,12.24,Premium Shoppers,05-11-2024
TI-CMP-21928,Paid Ads,College Students,23.0,Facebook,83041.0,7115.0,3158.0,2335.0,611770.0,26.09,9.04,English,15.18,Working Women,02-03-2025
TI-CMP-33498,SEO,College Students,13.0,"Facebook, Email, Google",67133.0,7390.0,3886.0,1762.0,937384.0,69.66,,Tamil,19.42,Youth,26-02-2025
TI-CMP-30107,Paid Ads,College Students,24.0,"Google, YouTube",57580.0,3873.0,1430.0,464.0,305776.0,151.64,3.35,Bengali,10.02,Tier 2 City Customers,14-09-2024
TI-CMP-25179,Social Media,College Students,18.0,"YouTube, Instagram, WhatsApp",37970.0,1755.0,417.0,330.0,199650.0,482.71,0.25,Hindi,6.59,Premium Shoppers,04-06-2025
TI-CMP-15402,SEO,Tier 2 City Customers,13.0,Email,90638.0,8549.0,4960.0,,1582462.0,16.47,24.93,Hindi,18.99,Premium Shoppers,
TI-CMP-38247,Influencer,Tier 2 City Customers,17.0,"WhatsApp, Google",16871.0,1403.0,317.0,191.0,98556.0,975.67,-0.47,,11.33,Youth,20-01-2025
TI-CMP-20617,Social Media,Tier 2 City Customers,7.0,"WhatsApp, YouTube",,3790.0,893.0,374.0,251328.0,562.43,0.19,Bengali,13.6,Youth,22-06-2025
TI-CMP-14524,Influencer,Premium Shoppers,8.0,YouTube,99349.0,,4808.0,2464.0,1384768.0,78.44,,Hindi,17.47,Youth,01-04-2025
TI-CMP-13702,,Youth,5.0,"Facebook, Email",26703.0,2543.0,1177.0,627.0,258324.0,267.74,0.54,English,16.28,Premium Shoppers,14-05-2025
TI-CMP-28193,SEO,College Students,12.0,YouTube,10645.0,393.0,164.0,129.0,101910.0,1740.67,-0.55,Bengali,6.44,College Students,30-03-2025
